дата;точка;источник;заказов;сумма_со_скидкой;сумма_скидки
2024-01-01;Лазарева;Glovo;13;8695.0;0.0
2024-01-01;Лазарева;доставка;20;15358.15;365.85
2024-01-01;Левітана;Glovo;26;20514.0;106.0
2024-01-01;Левітана;доставка;27;24681.1;1067.9
2024-01-01;Левітана;самовывоз;5;3548.0;0.0
2024-01-02;Лазарева;Glovo;5;2608.0;0.0
2024-01-02;Лазарева;доставка;30;27520.87;721.13
2024-01-02;Лазарева;самовывоз;3;1702.5;193.5
2024-01-02;Левітана;Glovo;6;3693.0;0.0
2024-01-02;Левітана;доставка;38;36310.48;1501.52
2024-01-02;Левітана;самовывоз;8;6081.0;106.0
2024-01-03;Лазарева;Glovo;3;977.0;0.0
2024-01-03;Лазарева;доставка;35;28538.46;1460.54
2024-01-03;Лазарева;самовывоз;3;1886.2;5.8
2024-01-03;Левітана;Glovo;9;5911.0;0.0
2024-01-03;Левітана;доставка;30;26886.0;668.0
2024-01-03;Левітана;самовывоз;8;6690.5;422.5
2024-01-04;Лазарева;Glovo;3;1724.0;0.0
2024-01-04;Лазарева;доставка;21;22097.03;927.97
2024-01-04;Лазарева;самовывоз;3;2764.5;144.5
2024-01-04;Левітана;Glovo;10;7210.0;0.0
2024-01-04;Левітана;доставка;32;31534.19;1300.81
2024-01-04;Левітана;самовывоз;3;2112.0;235.0
2024-01-05;Лазарева;Glovo;2;1339.2;0.0
2024-01-05;Лазарева;доставка;49;44586.24;1742.76
2024-01-05;Лазарева;самовывоз;9;4729.75;809.25
2024-01-05;Левітана;Glovo;9;5968.4;0.0
2024-01-05;Левітана;доставка;47;44157.43;1412.57
2024-01-05;Левітана;самовывоз;9;5108.0;487.0
2024-01-06;Лазарева;Glovo;6;3764.2;0.0
2024-01-06;Лазарева;доставка;36;38965.7;935.3
2024-01-06;Лазарева;самовывоз;6;4793.56;499.44
2024-01-06;Левітана;Glovo;9;7749.2;0.0
2024-01-06;Левітана;доставка;36;38246.82;1172.18
2024-01-06;Левітана;самовывоз;8;5062.2;751.8
2024-01-07;Лазарева;Glovo;11;6860.4;0.0
2024-01-07;Лазарева;доставка;40;42527.91;1533.09
2024-01-07;Лазарева;самовывоз;3;1201.0;202.0
2024-01-07;Левітана;Glovo;18;12288.2;0.0
2024-01-07;Левітана;доставка;61;50296.2;1251.8
2024-01-07;Левітана;самовывоз;13;13770.0;168.0
2024-01-08;Лазарева;Glovo;17;9120.0;0.0
2024-01-08;Лазарева;доставка;33;29130.0;726.0
2024-01-08;Лазарева;самовывоз;6;2856.0;417.0
2024-01-08;Левітана;Glovo;28;14297.2;0.0
2024-01-08;Левітана;доставка;38;28776.06;1676.94
2024-01-08;Левітана;самовывоз;5;3282.0;120.0
2024-01-09;Лазарева;Glovo;20;13439.0;0.0
2024-01-09;Лазарева;доставка;29;28468.0;560.0
2024-01-09;Лазарева;самовывоз;2;482.5;147.5
2024-01-09;Левітана;Glovo;34;19841.0;0.0
2024-01-09;Левітана;доставка;29;26106.18;660.82
2024-01-09;Левітана;самовывоз;9;5317.1;681.9
2024-01-10;Лазарева;Glovo;13;7340.0;0.0
2024-01-10;Лазарева;доставка;28;25950.76;1550.24
2024-01-10;Лазарева;самовывоз;3;1817.0;0.0
2024-01-10;Левітана;Glovo;21;13520.0;0.0
2024-01-10;Левітана;доставка;36;38470.98;1692.02
2024-01-10;Левітана;самовывоз;10;6038.5;454.5
2024-01-11;Лазарева;Glovo;15;9709.0;59.0
2024-01-11;Лазарева;доставка;33;27478.67;922.33
2024-01-11;Лазарева;самовывоз;6;1715.5;596.5
2024-01-11;Левітана;Glovo;20;13380.0;0.0
2024-01-11;Левітана;доставка;33;27547.95;1051.05
2024-01-11;Левітана;самовывоз;8;3647.0;613.0
2024-01-12;Лазарева;Glovo;13;9528.0;0.0
2024-01-12;Лазарева;доставка;45;40548.02;990.98
2024-01-12;Лазарева;самовывоз;3;484.0;484.0
2024-01-12;Левітана;Glovo;20;12744.0;0.0
2024-01-12;Левітана;доставка;59;56094.28;995.72
2024-01-12;Левітана;самовывоз;12;7129.5;152.5
2024-01-13;Лазарева;Glovo;23;14702.0;0.0
2024-01-13;Лазарева;доставка;51;48984.87;1814.13
2024-01-13;Лазарева;самовывоз;8;5545.12;311.88
2024-01-13;Левітана;Glovo;16;11288.0;0.0
2024-01-13;Левітана;доставка;74;75670.78;1927.22
2024-01-13;Левітана;самовывоз;7;5671.5;443.5
2024-01-14;Лазарева;Glovo;11;8489.0;0.0
2024-01-14;Лазарева;доставка;39;42074.7;1470.3
2024-01-14;Лазарева;самовывоз;2;1407.0;0.0
2024-01-14;Левітана;Glovo;27;16143.0;0.0
2024-01-14;Левітана;доставка;51;49632.39;1633.61
2024-01-14;Левітана;самовывоз;11;8565.4;352.6
2024-01-15;Лазарева;Glovo;15;16797.0;0.0
2024-01-15;Лазарева;доставка;37;33530.94;1006.06
2024-01-15;Лазарева;самовывоз;2;1917.5;149.5
2024-01-15;Левітана;Glovo;11;6168.0;0.0
2024-01-15;Левітана;доставка;22;25731.27;603.73
2024-01-15;Левітана;самовывоз;6;5007.0;0.0
2024-01-16;Лазарева;Glovo;5;2533.0;0.0
2024-01-16;Лазарева;доставка;40;35977.55;1670.45
2024-01-16;Лазарева;самовывоз;2;1772.0;248.0
2024-01-16;Левітана;Glovo;4;2544.0;0.0
2024-01-16;Левітана;доставка;27;27084.45;1123.55
2024-01-16;Левітана;самовывоз;8;3415.0;159.0
2024-01-17;Лазарева;Glovo;3;2038.0;0.0
2024-01-17;Лазарева;доставка;38;32037.7;1620.3
2024-01-17;Лазарева;самовывоз;3;1339.8;134.2
2024-01-17;Левітана;Glovo;9;4678.0;0.0
2024-01-17;Левітана;доставка;42;40116.35;772.65
2024-01-17;Левітана;самовывоз;7;4315.4;254.6
2024-01-18;Лазарева;Glovo;2;769.0;0.0
2024-01-18;Лазарева;доставка;45;42394.36;987.64
2024-01-18;Лазарева;самовывоз;3;1264.0;308.0
2024-01-18;Левітана;Glovo;7;6552.0;0.0
2024-01-18;Левітана;доставка;38;32431.06;709.94
2024-01-18;Левітана;самовывоз;9;4135.5;829.5
2024-01-19;Лазарева;Glovo;3;1553.0;0.0
2024-01-19;Лазарева;доставка;32;30587.0;1633.0
2024-01-19;Лазарева;самовывоз;5;3607.5;563.5
2024-01-19;Левітана;Glovo;9;6556.0;0.0
2024-01-19;Левітана;доставка;51;51378.32;1858.68
2024-01-19;Левітана;самовывоз;12;8364.0;322.0
2024-01-20;Лазарева;Glovo;2;863.0;0.0
2024-01-20;Лазарева;доставка;62;63975.4;2136.6
2024-01-20;Лазарева;самовывоз;5;1242.63;235.37
2024-01-20;Левітана;Glovo;11;7047.0;0.0
2024-01-20;Левітана;доставка;71;71642.13;3207.87
2024-01-20;Левітана;самовывоз;8;5390.58;352.42
2024-01-21;Лазарева;Glovo;6;3151.0;0.0
2024-01-21;Лазарева;доставка;46;42068.01;1675.99
2024-01-21;Лазарева;самовывоз;5;1928.0;601.0
2024-01-21;Левітана;Glovo;8;4176.0;0.0
2024-01-21;Левітана;доставка;51;44751.0;3662.0
2024-01-21;Левітана;самовывоз;11;6130.5;557.5
2024-01-22;Лазарева;Glovo;6;4246.0;0.0
2024-01-22;Лазарева;доставка;33;29789.23;813.77
2024-01-22;Лазарева;самовывоз;7;5338.2;141.8
2024-01-22;Левітана;Glovo;6;3506.0;0.0
2024-01-22;Левітана;доставка;32;24600.54;1340.46
2024-01-22;Левітана;самовывоз;8;3582.0;417.0
2024-01-23;Лазарева;Glovo;2;1166.0;0.0
2024-01-23;Лазарева;доставка;29;27930.4;1721.6
2024-01-23;Лазарева;самовывоз;3;796.7;169.3
2024-01-23;Левітана;Glovo;4;3815.0;0.0
2024-01-23;Левітана;доставка;34;33628.86;1077.14
2024-01-23;Левітана;самовывоз;6;3666.0;716.0
2024-01-24;Лазарева;Glovo;6;3124.0;0.0
2024-01-24;Лазарева;доставка;26;25348.22;1697.78
2024-01-24;Лазарева;самовывоз;2;1029.5;267.5
2024-01-24;Левітана;Glovo;6;4890.0;0.0
2024-01-24;Левітана;доставка;33;28187.21;1069.79
2024-01-24;Левітана;самовывоз;6;2985.0;93.0
2024-01-25;Лазарева;Glovo;3;1704.0;0.0
2024-01-25;Лазарева;доставка;46;38507.0;1555.0
2024-01-25;Лазарева;самовывоз;4;3614.0;0.0
2024-01-25;Левітана;Glovo;4;3111.0;0.0
2024-01-25;Левітана;доставка;38;30266.94;1243.06
2024-01-25;Левітана;самовывоз;4;1447.7;173.3
2024-01-26;Лазарева;Glovo;8;5711.0;0.0
2024-01-26;Лазарева;доставка;47;39660.34;2112.66
2024-01-26;Лазарева;самовывоз;5;1055.6;149.5
2024-01-26;Левітана;Glovo;5;4115.0;0.0
2024-01-26;Левітана;доставка;58;56464.98;1440.02
2024-01-26;Левітана;самовывоз;12;9147.0;1033.0
2024-01-27;Лазарева;Glovo;4;3920.0;0.0
2024-01-27;Лазарева;доставка;36;35209.08;1135.92
2024-01-27;Лазарева;самовывоз;6;3089.78;466.22
2024-01-27;Левітана;Glovo;8;5565.0;0.0
2024-01-27;Левітана;доставка;61;54227.94;3616.06
2024-01-27;Левітана;самовывоз;14;10865.0;0.0
2024-01-28;Лазарева;Glovo;4;2190.0;0.0
2024-01-28;Лазарева;доставка;51;43908.82;2618.18
2024-01-28;Лазарева;самовывоз;2;1443.0;0.0
2024-01-28;Левітана;Glovo;7;3297.0;0.0
2024-01-28;Левітана;доставка;43;45632.0;1266.0
2024-01-28;Левітана;самовывоз;7;3396.0;353.0
2024-01-29;Лазарева;Glovo;4;2505.0;0.0
2024-01-29;Лазарева;доставка;31;24634.34;1054.66
2024-01-29;Лазарева;самовывоз;6;1102.7;800.3
2024-01-29;Левітана;Glovo;3;1791.0;0.0
2024-01-29;Левітана;доставка;27;28492.35;645.65
2024-01-29;Левітана;самовывоз;8;3914.5;219.5
2024-01-30;Лазарева;Glovo;8;7200.4;119.6
2024-01-30;Лазарева;доставка;33;25393.71;1650.29
2024-01-30;Лазарева;самовывоз;3;1023.0;180.0
2024-01-30;Левітана;Glovo;2;1343.0;0.0
2024-01-30;Левітана;доставка;28;24272.35;1055.65
2024-01-30;Левітана;самовывоз;4;1905.0;298.0
2024-01-31;Лазарева;Glovo;3;2198.0;0.0
2024-01-31;Лазарева;доставка;28;25817.95;1129.05
2024-01-31;Лазарева;самовывоз;3;2413.0;122.0
2024-01-31;Левітана;Glovo;7;4438.0;0.0
2024-01-31;Левітана;доставка;29;27654.47;1232.53
2024-01-31;Левітана;самовывоз;4;1280.0;193.0
2024-02-01;Лазарева;Glovo;2;911.0;53.0
2024-02-01;Лазарева;доставка;36;34007.41;679.59
2024-02-01;Лазарева;самовывоз;4;1718.2;112.8
2024-02-01;Левітана;Glovo;4;2843.0;0.0
2024-02-01;Левітана;доставка;30;30595.9;748.1
2024-02-01;Левітана;самовывоз;7;3976.0;44.0
2024-02-02;Лазарева;Glovo;6;3919.0;0.0
2024-02-02;Лазарева;доставка;45;49548.91;561.09
2024-02-02;Лазарева;самовывоз;4;1526.5;99.5
2024-02-02;Левітана;Glovo;8;5910.0;0.0
2024-02-02;Левітана;доставка;52;41328.05;1424.95
2024-02-02;Левітана;самовывоз;12;6845.4;724.6
2024-02-03;Лазарева;Glovo;2;1357.0;0.0
2024-02-03;Лазарева;доставка;58;53100.01;1450.99
2024-02-03;Лазарева;самовывоз;3;1055.0;55.0
2024-02-03;Левітана;Glovo;11;10808.0;0.0
2024-02-03;Левітана;доставка;62;63235.63;2329.37
2024-02-03;Левітана;самовывоз;10;6276.0;509.0
2024-02-04;Лазарева;Glovo;1;1617.0;0.0
2024-02-04;Лазарева;доставка;41;37807.26;1746.74
2024-02-04;Лазарева;самовывоз;9;4620.5;623.5
2024-02-04;Левітана;Glovo;8;5845.0;0.0
2024-02-04;Левітана;доставка;48;49252.13;1702.87
2024-02-04;Левітана;самовывоз;15;9547.0;665.0
2024-02-05;Лазарева;Glovo;7;5777.0;0.0
2024-02-05;Лазарева;доставка;24;24626.19;867.81
2024-02-05;Лазарева;самовывоз;2;122.7;105.3
2024-02-05;Левітана;Glovo;4;4199.0;59.0
2024-02-05;Левітана;доставка;30;28574.77;1743.23
2024-02-05;Левітана;самовывоз;4;2601.5;194.5
2024-02-06;Лазарева;Glovo;3;2958.0;0.0
2024-02-06;Лазарева;доставка;34;32343.6;729.4
2024-02-06;Лазарева;самовывоз;2;1264.2;73.8
2024-02-06;Левітана;Glovo;6;3642.4;0.0
2024-02-06;Левітана;доставка;19;14810.33;690.67
2024-02-06;Левітана;самовывоз;7;3979.2;147.8
2024-02-07;Лазарева;Glovo;6;4817.2;0.0
2024-02-07;Лазарева;доставка;29;24456.11;1372.09
2024-02-07;Лазарева;самовывоз;2;306.5;107.5
2024-02-07;Левітана;Glovo;6;3818.6;0.0
2024-02-07;Левітана;доставка;37;32127.0;697.0
2024-02-07;Левітана;самовывоз;2;858.0;0.0
2024-02-08;Лазарева;Glovo;6;4318.4;0.0
2024-02-08;Лазарева;доставка;45;40619.75;721.25
2024-02-08;Лазарева;самовывоз;3;1189.5;149.5
2024-02-08;Левітана;Glovo;8;5251.0;0.0
2024-02-08;Левітана;доставка;33;30693.29;748.71
2024-02-08;Левітана;самовывоз;6;2368.5;203.5
2024-02-09;Лазарева;Glovo;12;9643.0;0.0
2024-02-09;Лазарева;доставка;52;46534.14;1038.86
2024-02-09;Лазарева;самовывоз;5;4296.0;0.0
2024-02-09;Левітана;Glovo;11;7288.0;0.0
2024-02-09;Левітана;доставка;42;39390.31;1242.69
2024-02-09;Левітана;самовывоз;11;4348.5;444.5
2024-02-10;Лазарева;Glovo;6;3693.2;0.0
2024-02-10;Лазарева;доставка;36;36314.0;1456.0
2024-02-10;Лазарева;самовывоз;3;1503.0;0.0
2024-02-10;Левітана;Glovo;13;6788.6;0.0
2024-02-10;Левітана;доставка;48;48629.86;1282.14
2024-02-10;Левітана;самовывоз;12;7741.5;458.5
2024-02-11;Лазарева;Glovo;12;7706.2;0.0
2024-02-11;Лазарева;доставка;37;31651.35;1062.65
2024-02-11;Лазарева;самовывоз;4;1851.2;74.8
2024-02-11;Левітана;Glovo;12;8747.8;0.0
2024-02-11;Левітана;доставка;49;47706.38;1063.62
2024-02-11;Левітана;самовывоз;11;7311.0;385.0
2024-02-12;Лазарева;Glovo;4;2962.0;0.0
2024-02-12;Лазарева;доставка;31;28343.0;478.0
2024-02-12;Лазарева;самовывоз;2;1181.0;0.0
2024-02-12;Левітана;Glovo;7;5187.2;0.0
2024-02-12;Левітана;доставка;24;21382.0;472.0
2024-02-12;Левітана;самовывоз;6;3638.03;246.97
2024-02-13;Лазарева;Glovo;3;2561.0;0.0
2024-02-13;Лазарева;доставка;34;32099.0;537.0
2024-02-13;Лазарева;самовывоз;2;477.0;53.0
2024-02-13;Левітана;Glovo;5;3646.0;0.0
2024-02-13;Левітана;доставка;34;25161.44;815.56
2024-02-13;Левітана;самовывоз;3;1851.0;0.0
2024-02-14;Лазарева;Glovo;5;5639.6;0.0
2024-02-14;Лазарева;доставка;129;140081.81;2474.19
2024-02-14;Лазарева;самовывоз;14;12264.7;216.3
2024-02-14;Левітана;Glovo;7;6421.4;0.0
2024-02-14;Левітана;доставка;134;141062.45;2914.55
2024-02-14;Левітана;самовывоз;34;26531.32;1062.68
2024-02-15;Лазарева;Glovo;2;836.0;0.0
2024-02-15;Лазарева;доставка;43;41754.91;1217.09
2024-02-15;Лазарева;самовывоз;4;2628.5;183.5
2024-02-15;Левітана;Glovo;5;2807.0;0.0
2024-02-15;Левітана;доставка;26;21021.87;609.13
2024-02-15;Левітана;самовывоз;7;4359.22;566.78
2024-02-16;Лазарева;Glovo;3;1361.6;0.0
2024-02-16;Лазарева;доставка;53;53696.5;1792.5
2024-02-16;Лазарева;самовывоз;4;612.75;225.25
2024-02-16;Левітана;Glovo;10;5977.6;0.0
2024-02-16;Левітана;доставка;50;40364.56;607.44
2024-02-16;Левітана;самовывоз;14;9257.75;481.25
2024-02-17;Лазарева;Glovo;3;1263.0;0.0
2024-02-17;Лазарева;доставка;63;65303.45;1324.55
2024-02-17;Лазарева;самовывоз;4;681.0;380.0
2024-02-17;Левітана;Glovo;11;7616.6;0.0
2024-02-17;Левітана;доставка;55;49342.2;1709.8
2024-02-17;Левітана;самовывоз;7;4145.0;342.0
2024-02-18;Лазарева;Glovo;4;2955.0;0.0
2024-02-18;Лазарева;доставка;48;44391.06;1399.94
2024-02-18;Лазарева;самовывоз;5;1559.65;267.35
2024-02-18;Левітана;Glovo;14;10128.0;0.0
2024-02-18;Левітана;доставка;54;49133.28;1609.72
2024-02-18;Левітана;самовывоз;6;3080.5;329.5
2024-02-19;Лазарева;Glovo;2;937.2;0.0
2024-02-19;Лазарева;доставка;36;28986.54;831.46
2024-02-19;Лазарева;самовывоз;5;2153.0;355.0
2024-02-19;Левітана;Glovo;7;4250.6;0.0
2024-02-19;Левітана;доставка;22;19898.0;171.0
2024-02-19;Левітана;самовывоз;3;1670.0;0.0
2024-02-20;Лазарева;Glovo;5;4184.0;0.0
2024-02-20;Лазарева;доставка;27;23905.38;720.62
2024-02-20;Лазарева;самовывоз;5;2342.9;456.1
2024-02-20;Левітана;Glovo;5;3321.0;0.0
2024-02-20;Левітана;доставка;23;16474.03;437.97
2024-02-20;Левітана;самовывоз;4;1755.5;132.5
2024-02-21;Лазарева;Glovo;8;5745.4;0.0
2024-02-21;Лазарева;доставка;32;25863.2;967.8
2024-02-21;Лазарева;самовывоз;4;1287.4;424.6
2024-02-21;Левітана;Glovo;10;7236.8;0.0
2024-02-21;Левітана;доставка;34;31978.66;575.34
2024-02-21;Левітана;самовывоз;9;5832.4;234.6
2024-02-22;Лазарева;Glovo;6;4287.4;0.0
2024-02-22;Лазарева;доставка;44;37002.28;2447.72
2024-02-22;Лазарева;самовывоз;3;2329.0;0.0
2024-02-22;Левітана;Glovo;12;8028.2;0.0
2024-02-22;Левітана;доставка;42;37538.69;1417.31
2024-02-22;Левітана;самовывоз;3;1684.0;0.0
2024-02-23;Лазарева;Glovo;12;9445.8;0.0
2024-02-23;Лазарева;доставка;47;44003.9;2628.1
2024-02-23;Лазарева;самовывоз;7;2674.15;533.85
2024-02-23;Левітана;Glovo;13;10606.4;0.0
2024-02-23;Левітана;доставка;68;71602.31;4038.69
2024-02-23;Левітана;самовывоз;12;7776.0;455.0
2024-02-24;Лазарева;Glovo;5;1949.0;0.0
2024-02-24;Лазарева;доставка;59;54790.37;2974.63
2024-02-24;Лазарева;самовывоз;5;3531.0;624.0
2024-02-24;Левітана;Glovo;12;9756.6;0.0
2024-02-24;Левітана;доставка;65;59008.03;4721.97
2024-02-24;Левітана;самовывоз;11;7704.0;698.0
2024-02-25;Лазарева;Glovo;9;6464.0;0.0
2024-02-25;Лазарева;доставка;53;49992.48;2938.52
2024-02-25;Лазарева;самовывоз;3;1470.15;226.85
2024-02-25;Левітана;Glovo;6;3816.2;0.0
2024-02-25;Левітана;доставка;39;32708.47;3164.53
2024-02-25;Левітана;самовывоз;14;8828.96;623.04
2024-02-26;Лазарева;Glovo;7;3596.0;0.0
2024-02-26;Лазарева;доставка;25;23519.26;900.74
2024-02-26;Лазарева;самовывоз;6;3859.0;146.0
2024-02-26;Левітана;Glovo;11;6746.4;0.0
2024-02-26;Левітана;доставка;34;26984.0;1542.0
2024-02-26;Левітана;самовывоз;5;2978.2;256.8
2024-02-27;Лазарева;Glovo;11;8953.4;0.0
2024-02-27;Лазарева;доставка;23;30089.16;757.84
2024-02-27;Лазарева;самовывоз;5;1615.94;238.06
2024-02-27;Левітана;Glovo;13;8104.6;0.0
2024-02-27;Левітана;доставка;21;19785.02;1190.98
2024-02-27;Левітана;самовывоз;6;2596.66;657.34
2024-02-28;Лазарева;Glovo;5;2717.6;0.0
2024-02-28;Лазарева;доставка;31;27923.92;1189.08
2024-02-28;Лазарева;самовывоз;5;5766.0;0.0
2024-02-28;Левітана;Glovo;8;7523.4;0.0
2024-02-28;Левітана;доставка;36;34648.8;1488.2
2024-02-28;Левітана;самовывоз;6;4304.4;119.6
2024-02-29;Лазарева;Glovo;4;2212.0;0.0
2024-02-29;Лазарева;доставка;31;25232.87;1275.13
2024-02-29;Лазарева;самовывоз;6;2910.3;659.7
2024-02-29;Левітана;Glovo;8;6707.4;0.0
2024-02-29;Левітана;доставка;34;31535.81;1964.19
2024-02-29;Левітана;самовывоз;9;6149.5;394.5
2024-03-01;Лазарева;Glovo;6;5315.0;0.0
2024-03-01;Лазарева;доставка;35;39829.39;903.61
2024-03-01;Лазарева;самовывоз;2;1297.0;86.0
2024-03-01;Левітана;Glovo;8;5403.2;0.0
2024-03-01;Левітана;доставка;58;51557.88;3250.12
2024-03-01;Левітана;самовывоз;11;7444.62;373.38
2024-03-02;Лазарева;Glovo;5;4937.2;0.0
2024-03-02;Лазарева;доставка;41;36647.08;1713.92
2024-03-02;Лазарева;самовывоз;8;3314.0;960.0
2024-03-02;Левітана;Glovo;6;4552.0;0.0
2024-03-02;Левітана;доставка;49;58948.0;2250.0
2024-03-02;Левітана;самовывоз;12;9750.51;669.49
2024-03-03;Лазарева;Glovo;7;5690.0;0.0
2024-03-03;Лазарева;доставка;34;33520.97;2231.03
2024-03-03;Лазарева;самовывоз;5;1402.5;404.5
2024-03-03;Левітана;Glovo;4;3463.0;0.0
2024-03-03;Левітана;доставка;43;33736.94;1650.06
2024-03-03;Левітана;самовывоз;7;3580.2;238.8
2024-03-04;Лазарева;Glovo;6;4382.2;0.0
2024-03-04;Лазарева;доставка;30;23812.59;617.41
2024-03-04;Лазарева;самовывоз;1;490.0;185.0
2024-03-04;Левітана;Glovo;8;4011.0;0.0
2024-03-04;Левітана;доставка;29;24580.95;1597.05
2024-03-04;Левітана;самовывоз;1;275.0;0.0
2024-03-05;Лазарева;Glovo;2;574.0;0.0
2024-03-05;Лазарева;доставка;38;30977.31;1867.69
2024-03-05;Лазарева;самовывоз;4;2488.0;203.0
2024-03-05;Левітана;Glovo;5;2451.0;0.0
2024-03-05;Левітана;доставка;34;29385.83;1323.17
2024-03-05;Левітана;самовывоз;11;3872.5;185.5
2024-03-06;Лазарева;доставка;32;33764.47;1077.53
2024-03-06;Лазарева;самовывоз;3;2708.0;44.0
2024-03-06;Левітана;Glovo;10;6567.0;0.0
2024-03-06;Левітана;доставка;45;34290.39;1780.61
2024-03-06;Левітана;самовывоз;9;5538.0;576.0
2024-03-07;Лазарева;Glovo;8;5988.0;0.0
2024-03-07;Лазарева;доставка;35;36316.88;1165.12
2024-03-07;Лазарева;самовывоз;4;3970.5;166.5
2024-03-07;Левітана;Glovo;8;6420.0;0.0
2024-03-07;Левітана;доставка;35;35917.85;856.15
2024-03-07;Левітана;самовывоз;4;4093.0;0.0
2024-03-08;Лазарева;доставка;164;204242.36;3399.64
2024-03-08;Лазарева;самовывоз;20;20119.04;994.96
2024-03-08;Левітана;Glovo;10;11979.0;0.0
2024-03-08;Левітана;доставка;154;184626.67;3721.33
2024-03-08;Левітана;самовывоз;36;34145.0;239.0
2024-03-09;Лазарева;Glovo;7;5315.2;0.0
2024-03-09;Лазарева;доставка;61;60051.05;683.95
2024-03-09;Лазарева;самовывоз;7;4878.15;396.85
2024-03-09;Левітана;доставка;71;70704.27;1160.73
2024-03-09;Левітана;самовывоз;17;13530.0;298.0
2024-03-10;Лазарева;Glovo;3;1477.0;0.0
2024-03-10;Лазарева;доставка;34;39608.24;1324.76
2024-03-10;Лазарева;самовывоз;3;1098.0;299.0
2024-03-10;Левітана;Glovo;13;8653.0;0.0
2024-03-10;Левітана;доставка;40;34585.78;1100.22
2024-03-10;Левітана;самовывоз;5;2451.0;0.0
2024-03-11;Лазарева;Glovo;4;2623.0;0.0
2024-03-11;Лазарева;доставка;21;22047.2;365.8
2024-03-11;Лазарева;самовывоз;2;724.0;0.0
2024-03-11;Левітана;Glovo;3;1793.0;0.0
2024-03-11;Левітана;доставка;25;25834.65;586.35
2024-03-11;Левітана;самовывоз;6;4681.5;331.5
2024-03-12;Лазарева;Glovo;4;3275.0;0.0
2024-03-12;Лазарева;доставка;36;33064.3;461.7
2024-03-12;Лазарева;самовывоз;5;1607.5;274.5
2024-03-12;Левітана;Glovo;3;4030.0;0.0
2024-03-12;Левітана;доставка;27;24571.08;426.92
2024-03-12;Левітана;самовывоз;5;1825.5;191.5
2024-03-13;Лазарева;Glovo;8;5325.0;0.0
2024-03-13;Лазарева;доставка;26;21510.49;887.51
2024-03-13;Лазарева;самовывоз;4;2027.5;149.5
2024-03-13;Левітана;Glovo;6;5293.0;0.0
2024-03-13;Левітана;доставка;25;23632.47;1048.53
2024-03-13;Левітана;самовывоз;11;5994.19;1116.81
2024-03-14;Лазарева;Glovo;5;4813.0;0.0
2024-03-14;Лазарева;доставка;35;31566.07;290.93
2024-03-14;Лазарева;самовывоз;3;885.0;0.0
2024-03-14;Левітана;Glovo;9;5188.0;0.0
2024-03-14;Левітана;доставка;32;27208.3;320.7
2024-03-14;Левітана;самовывоз;3;3296.0;0.0
2024-03-15;Лазарева;Glovo;4;1441.0;0.0
2024-03-15;Лазарева;доставка;53;51868.75;1687.25
2024-03-15;Лазарева;самовывоз;4;861.5;411.5
2024-03-15;Левітана;Glovo;11;8541.0;0.0
2024-03-15;Левітана;доставка;64;58493.7;2135.3
2024-03-15;Левітана;самовывоз;14;6763.8;373.2
2024-03-16;Лазарева;Glovo;8;7545.0;0.0
2024-03-16;Лазарева;доставка;41;40262.3;1036.7
2024-03-16;Лазарева;самовывоз;3;984.19;379.81
2024-03-16;Левітана;Glovo;8;4889.0;0.0
2024-03-16;Левітана;доставка;53;52389.72;1277.28
2024-03-16;Левітана;самовывоз;10;8295.0;1052.0
2024-03-17;Лазарева;Glovo;5;3961.0;0.0
2024-03-17;Лазарева;доставка;38;34723.25;1009.75
2024-03-17;Лазарева;самовывоз;4;1301.0;434.0
2024-03-17;Левітана;Glovo;11;10741.0;0.0
2024-03-17;Левітана;доставка;46;42766.52;1363.48
2024-03-17;Левітана;самовывоз;12;7975.5;367.5
2024-03-18;Лазарева;Glovo;4;4372.0;0.0
2024-03-18;Лазарева;доставка;24;21031.94;777.06
2024-03-18;Лазарева;самовывоз;5;2010.0;348.0
2024-03-18;Левітана;Glovo;2;1138.0;0.0
2024-03-18;Левітана;доставка;36;32606.57;791.43
2024-03-18;Левітана;самовывоз;4;1790.2;181.8
2024-03-19;Лазарева;Glovo;3;1423.0;0.0
2024-03-19;Лазарева;доставка;33;27887.62;1098.38
2024-03-19;Лазарева;самовывоз;2;1654.2;242.8
2024-03-19;Левітана;Glovo;5;4077.0;0.0
2024-03-19;Левітана;доставка;30;26243.67;929.33
2024-03-19;Левітана;самовывоз;6;3903.0;0.0
2024-03-20;Лазарева;Glovo;4;2614.0;0.0
2024-03-20;Лазарева;доставка;29;23549.0;1540.0
2024-03-20;Лазарева;самовывоз;4;3361.75;339.25
2024-03-20;Левітана;Glovo;4;2773.0;0.0
2024-03-20;Левітана;доставка;33;31023.73;792.27
2024-03-20;Левітана;самовывоз;12;6760.2;1645.8
2024-03-21;Лазарева;Glovo;3;1328.0;0.0
2024-03-21;Лазарева;доставка;41;34939.03;1127.97
2024-03-21;Лазарева;самовывоз;6;4250.77;183.23
2024-03-21;Левітана;Glovo;7;6337.0;0.0
2024-03-21;Левітана;доставка;30;24927.22;1241.78
2024-03-21;Левітана;самовывоз;4;1385.0;0.0
2024-03-22;Лазарева;Glovo;8;6087.0;0.0
2024-03-22;Лазарева;доставка;49;42072.39;1644.61
2024-03-22;Лазарева;самовывоз;3;2087.5;137.5
2024-03-22;Левітана;Glovo;14;10485.0;0.0
2024-03-22;Левітана;доставка;53;49881.58;1767.42
2024-03-22;Левітана;самовывоз;12;7928.5;475.5
2024-03-23;Лазарева;Glovo;2;1222.0;0.0
2024-03-23;Лазарева;доставка;49;41555.53;1044.47
2024-03-23;Лазарева;самовывоз;7;4001.0;165.0
2024-03-23;Левітана;Glovo;8;5038.2;0.0
2024-03-23;Левітана;доставка;58;53860.06;1531.94
2024-03-23;Левітана;самовывоз;14;9037.2;818.8
2024-03-24;Лазарева;Glovo;3;1686.0;0.0
2024-03-24;Лазарева;доставка;43;36931.84;1237.16
2024-03-24;Лазарева;самовывоз;3;1749.5;217.5
2024-03-24;Левітана;Glovo;6;3342.2;0.0
2024-03-24;Левітана;доставка;46;38815.08;1576.92
2024-03-24;Левітана;самовывоз;12;6650.0;418.0
2024-03-25;Лазарева;Glovo;4;4357.0;0.0
2024-03-25;Лазарева;доставка;48;43347.23;1106.77
2024-03-25;Лазарева;самовывоз;6;3931.9;233.1
2024-03-25;Левітана;Glovo;12;7822.0;0.0
2024-03-25;Левітана;доставка;46;33453.91;822.09
2024-03-25;Левітана;самовывоз;6;7099.5;39.5
2024-03-26;Лазарева;Glovo;7;4519.0;0.0
2024-03-26;Лазарева;доставка;27;22046.39;1216.61
2024-03-26;Лазарева;самовывоз;2;966.44;36.56
2024-03-26;Левітана;Glovo;7;7188.0;0.0
2024-03-26;Левітана;доставка;32;26806.95;900.05
2024-03-26;Левітана;самовывоз;8;4148.7;209.3
2024-03-27;Лазарева;Glovo;1;564.0;0.0
2024-03-27;Лазарева;доставка;37;28646.19;1801.81
2024-03-27;Лазарева;самовывоз;6;4347.4;11.6
2024-03-27;Левітана;Glovo;4;4031.0;0.0
2024-03-27;Левітана;доставка;29;24443.76;833.24
2024-03-27;Левітана;самовывоз;7;4547.5;470.5
2024-03-28;Лазарева;Glovo;7;4987.0;0.0
2024-03-28;Лазарева;доставка;39;33110.03;1820.97
2024-03-28;Лазарева;самовывоз;3;1111.5;137.5
2024-03-28;Левітана;Glovo;8;5927.0;0.0
2024-03-28;Левітана;доставка;42;41251.66;1055.34
2024-03-28;Левітана;самовывоз;14;13000.2;693.8
2024-03-29;Лазарева;Glovo;5;4494.0;0.0
2024-03-29;Лазарева;доставка;56;54968.01;1603.99
2024-03-29;Лазарева;самовывоз;2;519.5;139.5
2024-03-29;Левітана;Glovo;11;6688.0;0.0
2024-03-29;Левітана;доставка;62;55307.73;1993.27
2024-03-29;Левітана;самовывоз;9;6018.0;297.0
2024-03-30;Лазарева;Glovo;6;5418.0;0.0
2024-03-30;Лазарева;доставка;45;51595.67;1518.33
2024-03-30;Лазарева;самовывоз;8;5356.5;317.5
2024-03-30;Левітана;Glovo;5;5563.0;0.0
2024-03-30;Левітана;доставка;59;63131.64;1995.36
2024-03-30;Левітана;самовывоз;10;10050.0;405.0
2024-03-31;Лазарева;Glovo;2;2590.0;0.0
2024-03-31;Лазарева;доставка;32;32958.63;906.37
2024-03-31;Лазарева;самовывоз;2;1333.0;281.0
2024-03-31;Левітана;Glovo;8;5055.0;0.0
2024-03-31;Левітана;доставка;50;42985.63;969.37
2024-03-31;Левітана;самовывоз;8;5427.5;327.5
2024-04-01;Лазарева;Glovo;3;2158.0;0.0
2024-04-01;Лазарева;доставка;42;42091.03;790.97
2024-04-01;Лазарева;самовывоз;2;519.0;0.0
2024-04-01;Левітана;Glovo;5;3624.0;0.0
2024-04-01;Левітана;доставка;26;18587.4;770.6
2024-04-01;Левітана;самовывоз;6;4266.0;76.0
2024-04-02;Лазарева;Glovo;6;4136.2;0.0
2024-04-02;Лазарева;доставка;27;21837.39;662.61
2024-04-02;Лазарева;самовывоз;2;527.0;53.0
2024-04-02;Левітана;Glovo;10;6702.0;0.0
2024-04-02;Левітана;доставка;31;26100.01;751.99
2024-04-02;Левітана;самовывоз;11;7852.7;422.3
2024-04-03;Лазарева;Glovo;5;2841.0;0.0
2024-04-03;Лазарева;доставка;30;32196.79;1255.21
2024-04-03;Лазарева;самовывоз;5;3944.0;9.0
2024-04-03;Левітана;Glovo;4;2430.0;0.0
2024-04-03;Левітана;доставка;39;35060.81;1271.19
2024-04-03;Левітана;самовывоз;8;5119.0;422.0
2024-04-04;Лазарева;Glovo;4;3294.0;0.0
2024-04-04;Лазарева;доставка;32;29716.23;1328.77
2024-04-04;Лазарева;самовывоз;9;3036.0;771.0
2024-04-04;Левітана;Glovo;5;4768.0;0.0
2024-04-04;Левітана;доставка;41;38672.25;833.75
2024-04-04;Левітана;самовывоз;6;3376.2;162.8
2024-04-05;Лазарева;Glovo;5;2398.0;0.0
2024-04-05;Лазарева;доставка;45;40818.89;2127.11
2024-04-05;Лазарева;самовывоз;10;7957.9;511.1
2024-04-05;Левітана;Glovo;8;5710.0;0.0
2024-04-05;Левітана;доставка;41;37835.91;1630.09
2024-04-05;Левітана;самовывоз;15;10343.5;929.5
2024-04-06;Лазарева;Glovo;4;2714.0;0.0
2024-04-06;Лазарева;доставка;45;39177.54;1084.46
2024-04-06;Лазарева;самовывоз;5;2370.0;443.0
2024-04-06;Левітана;Glovo;8;4807.4;0.0
2024-04-06;Левітана;доставка;38;38624.77;1135.23
2024-04-06;Левітана;самовывоз;9;5938.2;300.8
2024-04-07;Лазарева;Glovo;4;3200.0;0.0
2024-04-07;Лазарева;доставка;31;32279.93;1346.07
2024-04-07;Лазарева;самовывоз;3;2168.0;154.0
2024-04-07;Левітана;Glovo;4;3601.0;0.0
2024-04-07;Левітана;доставка;35;33149.25;2179.75
2024-04-07;Левітана;самовывоз;8;4629.0;170.0
2024-04-08;Лазарева;Glovo;2;1214.0;0.0
2024-04-08;Лазарева;доставка;20;18962.89;230.11
2024-04-08;Лазарева;самовывоз;3;2248.0;0.0
2024-04-08;Левітана;Glovo;2;845.0;0.0
2024-04-08;Левітана;доставка;18;15018.65;694.35
2024-04-08;Левітана;самовывоз;5;4341.41;319.59
2024-04-09;Лазарева;Glovo;3;1833.0;0.0
2024-04-09;Лазарева;доставка;37;29897.3;1439.7
2024-04-09;Лазарева;самовывоз;7;6886.0;0.0
2024-04-09;Левітана;Glovo;4;1720.0;0.0
2024-04-09;Левітана;доставка;24;21037.91;1466.09
2024-04-09;Левітана;самовывоз;10;5632.5;563.5
2024-04-10;Лазарева;Glovo;3;1327.0;0.0
2024-04-10;Лазарева;доставка;24;23438.85;376.15
2024-04-10;Лазарева;самовывоз;4;3206.2;100.8
2024-04-10;Левітана;Glovo;7;4059.0;0.0
2024-04-10;Левітана;доставка;38;28114.65;1756.35
2024-04-10;Левітана;самовывоз;6;3746.0;13.0
2024-04-11;Лазарева;Glovo;4;2929.0;0.0
2024-04-11;Лазарева;доставка;28;25724.69;741.31
2024-04-11;Лазарева;самовывоз;4;2646.0;239.0
2024-04-11;Левітана;Glovo;5;3371.0;0.0
2024-04-11;Левітана;доставка;32;29761.07;767.93
2024-04-11;Левітана;самовывоз;6;3695.0;438.0
2024-04-12;Лазарева;Glovo;9;7702.0;0.0
2024-04-12;Лазарева;доставка;42;49320.32;1171.68
2024-04-12;Лазарева;самовывоз;3;2880.0;0.0
2024-04-12;Левітана;Glovo;7;4781.0;0.0
2024-04-12;Левітана;доставка;60;57969.1;1646.9
2024-04-12;Левітана;самовывоз;8;4732.2;381.8
2024-04-13;Лазарева;Glovo;5;3424.0;0.0
2024-04-13;Лазарева;доставка;41;39105.71;485.29
2024-04-13;Лазарева;самовывоз;1;604.0;26.0
2024-04-13;Левітана;Glovo;9;6299.0;0.0
2024-04-13;Левітана;доставка;46;45843.19;1404.81
2024-04-13;Левітана;самовывоз;6;4119.57;658.43
2024-04-14;Лазарева;Glovo;5;3892.0;0.0
2024-04-14;Лазарева;доставка;31;26533.83;341.17
2024-04-14;Лазарева;самовывоз;4;2957.5;137.5
2024-04-14;Левітана;Glovo;8;5546.0;0.0
2024-04-14;Левітана;доставка;45;45400.88;1188.12
2024-04-14;Левітана;самовывоз;11;6453.0;534.0
2024-04-15;Лазарева;Glovo;5;2834.0;0.0
2024-04-15;Лазарева;доставка;39;34976.08;755.92
2024-04-15;Лазарева;самовывоз;1;662.0;0.0
2024-04-15;Левітана;Glovo;4;2784.0;0.0
2024-04-15;Левітана;доставка;33;27266.2;1248.8
2024-04-15;Левітана;самовывоз;9;8460.5;193.5
2024-04-16;Лазарева;Glovo;3;2187.0;0.0
2024-04-16;Лазарева;доставка;33;28984.16;554.84
2024-04-16;Лазарева;самовывоз;6;2239.92;273.08
2024-04-16;Левітана;Glovo;2;1330.0;0.0
2024-04-16;Левітана;доставка;36;33071.07;1434.93
2024-04-16;Левітана;самовывоз;10;6472.0;454.0
2024-04-17;Лазарева;Glovo;2;1465.0;0.0
2024-04-17;Лазарева;доставка;37;34436.73;562.27
2024-04-17;Лазарева;самовывоз;5;2874.5;435.5
2024-04-17;Левітана;Glovo;4;1233.0;0.0
2024-04-17;Левітана;доставка;32;31190.6;909.4
2024-04-17;Левітана;самовывоз;5;2314.99;403.01
2024-04-18;Лазарева;Glovo;6;4114.0;0.0
2024-04-18;Лазарева;доставка;35;28086.35;1834.65
2024-04-18;Лазарева;самовывоз;2;723.0;0.0
2024-04-18;Левітана;Glovo;8;6211.0;0.0
2024-04-18;Левітана;доставка;36;30555.3;997.7
2024-04-18;Левітана;самовывоз;3;1004.5;204.5
2024-04-19;Лазарева;Glovo;4;2680.0;0.0
2024-04-19;Лазарева;доставка;44;43480.71;2131.29
2024-04-19;Лазарева;самовывоз;3;2444.5;144.5
2024-04-19;Левітана;Glovo;10;8811.0;0.0
2024-04-19;Левітана;доставка;53;53435.31;1433.69
2024-04-19;Левітана;самовывоз;22;18871.5;1050.5
2024-04-20;Лазарева;Glovo;17;10811.0;0.0
2024-04-20;Лазарева;доставка;58;47762.63;2471.37
2024-04-20;Лазарева;самовывоз;5;4136.0;0.0
2024-04-20;Левітана;Glovo;16;13074.0;0.0
2024-04-20;Левітана;доставка;62;60390.53;2044.47
2024-04-20;Левітана;самовывоз;14;9196.0;594.0
2024-04-21;Лазарева;Glovo;8;5313.67;187.33
2024-04-21;Лазарева;доставка;51;51483.08;1070.92
2024-04-21;Лазарева;самовывоз;4;1637.0;377.0
2024-04-21;Левітана;Glovo;9;6919.0;0.0
2024-04-21;Левітана;доставка;44;39828.31;1069.69
2024-04-21;Левітана;самовывоз;10;7500.2;503.8
2024-04-22;Лазарева;Glovo;8;4895.0;0.0
2024-04-22;Лазарева;доставка;28;30294.83;810.17
2024-04-22;Лазарева;самовывоз;3;1699.0;0.0
2024-04-22;Левітана;Glovo;16;10535.0;0.0
2024-04-22;Левітана;доставка;48;46273.3;1675.7
2024-04-22;Левітана;самовывоз;10;5667.2;605.8
2024-04-23;Лазарева;Glovo;3;1925.0;0.0
2024-04-23;Лазарева;доставка;29;29150.84;1973.16
2024-04-23;Лазарева;самовывоз;4;1230.0;75.0
2024-04-23;Левітана;Glovo;3;3503.0;0.0
2024-04-23;Левітана;доставка;30;23310.04;493.96
2024-04-23;Левітана;самовывоз;7;8132.0;0.0
2024-04-24;Лазарева;доставка;26;24486.86;1312.14
2024-04-24;Лазарева;самовывоз;3;854.0;0.0
2024-04-24;Левітана;Glovo;4;3887.0;0.0
2024-04-24;Левітана;доставка;40;39673.84;1024.16
2024-04-24;Левітана;самовывоз;9;4973.5;162.5
2024-04-25;Лазарева;Glovo;4;3927.0;0.0
2024-04-25;Лазарева;доставка;27;23668.93;501.07
2024-04-25;Лазарева;самовывоз;4;2011.5;548.5
2024-04-25;Левітана;Glovo;2;574.0;0.0
2024-04-25;Левітана;доставка;28;21447.74;937.26
2024-04-25;Левітана;самовывоз;10;8670.0;279.0
2024-04-26;Лазарева;Glovo;5;3257.0;0.0
2024-04-26;Лазарева;доставка;48;49114.34;1703.66
2024-04-26;Лазарева;самовывоз;9;3492.19;258.81
2024-04-26;Левітана;Glovo;7;7397.0;0.0
2024-04-26;Левітана;доставка;40;37824.6;1402.4
2024-04-26;Левітана;самовывоз;9;8096.5;207.5
2024-04-27;Лазарева;Glovo;2;1350.0;0.0
2024-04-27;Лазарева;доставка;49;47867.95;1937.05
2024-04-27;Лазарева;самовывоз;1;580.0;0.0
2024-04-27;Левітана;Glovo;6;5448.0;0.0
2024-04-27;Левітана;доставка;65;66920.93;1824.07
2024-04-27;Левітана;самовывоз;8;6662.0;804.0
2024-04-28;Лазарева;Glovo;4;3973.0;0.0
2024-04-28;Лазарева;доставка;39;35958.52;975.48
2024-04-28;Лазарева;самовывоз;5;2067.0;32.0
2024-04-28;Левітана;Glovo;4;3827.0;0.0
2024-04-28;Левітана;доставка;33;32742.41;681.59
2024-04-28;Левітана;самовывоз;9;7851.16;1011.84
2024-04-29;Лазарева;Glovo;1;740.0;0.0
2024-04-29;Лазарева;доставка;27;26681.57;777.43
2024-04-29;Лазарева;самовывоз;4;2004.4;11.6
2024-04-29;Левітана;Glovo;5;4555.0;0.0
2024-04-29;Левітана;доставка;28;29010.2;647.8
2024-04-29;Левітана;самовывоз;6;3832.5;232.5
2024-04-30;Лазарева;Glovo;2;915.0;0.0
2024-04-30;Лазарева;доставка;33;29591.62;1442.38
2024-04-30;Лазарева;самовывоз;5;2905.0;44.0
2024-04-30;Левітана;Glovo;2;1229.0;0.0
2024-04-30;Левітана;доставка;27;20149.68;346.32
2024-04-30;Левітана;самовывоз;8;7043.5;481.5
2024-05-01;Лазарева;Glovo;1;674.0;0.0
2024-05-01;Лазарева;доставка;29;29032.57;422.43
2024-05-01;Лазарева;самовывоз;5;4969.5;252.5
2024-05-01;Левітана;Glovo;3;1575.0;0.0
2024-05-01;Левітана;доставка;31;29870.87;1829.13
2024-05-01;Левітана;самовывоз;7;5464.0;211.0
2024-05-02;Лазарева;Glovo;4;3042.0;0.0
2024-05-02;Лазарева;доставка;45;44984.38;2857.62
2024-05-02;Лазарева;самовывоз;4;3157.2;240.8
2024-05-02;Левітана;доставка;24;21444.88;262.12
2024-05-02;Левітана;самовывоз;9;7115.0;54.0
2024-05-03;Лазарева;Glovo;4;2870.0;0.0
2024-05-03;Лазарева;доставка;41;39990.12;1929.88
2024-05-03;Лазарева;самовывоз;10;7966.0;307.0
2024-05-03;Левітана;Glovo;4;4272.0;0.0
2024-05-03;Левітана;доставка;42;42667.27;1260.73
2024-05-03;Левітана;самовывоз;7;2962.0;505.0
2024-05-04;Лазарева;Glovo;5;3373.0;0.0
2024-05-04;Лазарева;доставка;43;40749.43;1342.57
2024-05-04;Лазарева;самовывоз;2;735.0;0.0
2024-05-04;Левітана;Glovo;6;5802.0;0.0
2024-05-04;Левітана;доставка;41;41593.78;2132.22
2024-05-04;Левітана;самовывоз;13;9686.0;862.0
2024-05-05;Лазарева;Glovo;2;1289.0;0.0
2024-05-05;Лазарева;доставка;24;21443.03;1007.97
2024-05-05;Лазарева;самовывоз;4;2305.0;357.0
2024-05-05;Левітана;Glovo;8;8203.0;0.0
2024-05-05;Левітана;доставка;38;35253.15;1440.85
2024-05-05;Левітана;самовывоз;6;3032.5;261.5
2024-05-06;Лазарева;Glovo;4;2677.0;0.0
2024-05-06;Лазарева;доставка;28;24248.66;873.34
2024-05-06;Лазарева;самовывоз;7;2723.0;769.0
2024-05-06;Левітана;Glovo;6;4152.0;0.0
2024-05-06;Левітана;доставка;20;22837.07;792.93
2024-05-06;Левітана;самовывоз;3;1685.0;0.0
2024-05-07;Лазарева;Glovo;4;2242.0;0.0
2024-05-07;Лазарева;доставка;37;39985.15;1499.85
2024-05-07;Лазарева;самовывоз;6;3907.63;498.37
2024-05-07;Левітана;Glovo;1;239.0;0.0
2024-05-07;Левітана;доставка;20;14736.94;196.06
2024-05-07;Левітана;самовывоз;7;2850.2;440.8
2024-05-08;Лазарева;Glovo;1;879.0;0.0
2024-05-08;Лазарева;доставка;37;35542.35;753.65
2024-05-08;Лазарева;самовывоз;7;2194.25;257.75
2024-05-08;Левітана;Glovo;8;4403.0;0.0
2024-05-08;Левітана;доставка;33;30697.42;1400.58
2024-05-08;Левітана;самовывоз;7;5696.0;109.0
2024-05-09;Лазарева;Glovo;1;594.0;0.0
2024-05-09;Лазарева;доставка;22;19030.24;563.76
2024-05-09;Лазарева;самовывоз;4;2540.5;152.5
2024-05-09;Левітана;Glovo;8;6551.0;0.0
2024-05-09;Левітана;доставка;33;32672.37;814.63
2024-05-09;Левітана;самовывоз;9;6618.5;157.5
2024-05-10;Лазарева;Glovo;4;3014.0;0.0
2024-05-10;Лазарева;доставка;33;32110.96;2269.04
2024-05-10;Лазарева;самовывоз;4;2016.0;437.0
2024-05-10;Левітана;Glovo;13;12143.0;0.0
2024-05-10;Левітана;доставка;56;52538.95;2638.05
2024-05-10;Левітана;самовывоз;11;6571.0;728.0
2024-05-11;Лазарева;Glovo;7;7554.0;0.0
2024-05-11;Лазарева;доставка;37;33825.69;1292.31
2024-05-11;Лазарева;самовывоз;1;689.0;51.0
2024-05-11;Левітана;Glovo;7;5606.0;0.0
2024-05-11;Левітана;доставка;63;59868.05;2623.95
2024-05-11;Левітана;самовывоз;5;5067.0;47.0
2024-05-12;Лазарева;Glovo;6;2602.0;0.0
2024-05-12;Лазарева;доставка;48;44514.7;1727.3
2024-05-12;Лазарева;самовывоз;3;557.0;322.0
2024-05-12;Левітана;Glovo;6;5860.0;0.0
2024-05-12;Левітана;доставка;58;59125.95;2489.05
2024-05-12;Левітана;самовывоз;6;5520.0;403.0
2024-05-13;Лазарева;Glovo;4;2049.0;0.0
2024-05-13;Лазарева;доставка;32;29254.37;1124.63
2024-05-13;Лазарева;самовывоз;6;2414.88;484.12
2024-05-13;Левітана;Glovo;6;5243.0;0.0
2024-05-13;Левітана;доставка;30;33842.42;758.58
2024-05-13;Левітана;самовывоз;5;3898.0;60.0
2024-05-14;Лазарева;Glovo;2;1679.0;0.0
2024-05-14;Лазарева;доставка;24;20390.6;1356.4
2024-05-14;Лазарева;самовывоз;3;2589.0;94.0
2024-05-14;Левітана;Glovo;6;6610.0;0.0
2024-05-14;Левітана;доставка;33;28178.96;2110.04
2024-05-14;Левітана;самовывоз;3;3319.7;471.3
2024-05-15;Лазарева;Glovo;2;1794.0;0.0
2024-05-15;Лазарева;доставка;34;29989.24;1738.76
2024-05-15;Лазарева;самовывоз;6;4202.75;571.25
2024-05-15;Левітана;Glovo;7;5774.0;0.0
2024-05-15;Левітана;доставка;37;36801.59;920.41
2024-05-15;Левітана;самовывоз;12;6518.0;289.0
2024-05-16;Лазарева;доставка;26;30776.84;801.16
2024-05-16;Лазарева;самовывоз;9;3540.25;193.75
2024-05-16;Левітана;Glovo;5;2775.0;0.0
2024-05-16;Левітана;доставка;37;33940.44;1414.56
2024-05-16;Левітана;самовывоз;7;4035.0;97.0
2024-05-17;Лазарева;Glovo;2;1455.0;0.0
2024-05-17;Лазарева;доставка;60;60455.33;4224.67
2024-05-17;Лазарева;самовывоз;5;2317.25;623.75
2024-05-17;Левітана;Glovo;10;7919.0;0.0
2024-05-17;Левітана;доставка;63;55214.4;6219.6
2024-05-17;Левітана;самовывоз;9;7540.0;781.0
2024-05-18;Лазарева;Glovo;6;5445.0;0.0
2024-05-18;Лазарева;доставка;41;39780.5;2358.5
2024-05-18;Лазарева;самовывоз;6;3461.75;276.25
2024-05-18;Левітана;Glovo;12;12638.0;0.0
2024-05-18;Левітана;доставка;69;66299.16;3140.84
2024-05-18;Левітана;самовывоз;14;10391.36;947.64
2024-05-19;Лазарева;Glovo;6;6413.0;0.0
2024-05-19;Лазарева;доставка;60;61148.3;2829.7
2024-05-19;Лазарева;самовывоз;5;4307.0;310.0
2024-05-19;Левітана;Glovo;7;6968.0;0.0
2024-05-19;Левітана;доставка;57;59632.9;3356.1
2024-05-19;Левітана;самовывоз;7;3972.5;848.5
2024-05-20;Лазарева;доставка;31;27032.1;2069.9
2024-05-20;Лазарева;самовывоз;2;1148.0;0.0
2024-05-20;Левітана;Glovo;6;4691.0;0.0
2024-05-20;Левітана;доставка;32;27646.3;1591.7
2024-05-20;Левітана;самовывоз;10;4827.0;508.0
2024-05-21;Лазарева;Glovo;1;1254.0;0.0
2024-05-21;Лазарева;доставка;20;15674.9;766.1
2024-05-21;Лазарева;самовывоз;6;981.0;511.0
2024-05-21;Левітана;Glovo;7;4271.0;0.0
2024-05-21;Левітана;доставка;29;28781.9;1071.1
2024-05-21;Левітана;самовывоз;8;4198.0;405.0
2024-05-22;Лазарева;Glovo;6;3983.0;0.0
2024-05-22;Лазарева;доставка;23;28635.8;1466.2
2024-05-22;Лазарева;самовывоз;5;5905.4;4.6
2024-05-22;Левітана;Glovo;5;2775.2;0.0
2024-05-22;Левітана;доставка;40;34236.3;1140.7
2024-05-22;Левітана;самовывоз;8;8780.0;0.0
2024-05-23;Лазарева;Glovo;1;829.0;0.0
2024-05-23;Лазарева;доставка;24;22599.9;1278.1
2024-05-23;Лазарева;самовывоз;3;2622.0;59.0
2024-05-23;Левітана;Glovo;5;2628.2;0.0
2024-05-23;Левітана;доставка;27;22953.7;1653.3
2024-05-23;Левітана;самовывоз;4;5391.0;265.0
2024-05-24;Лазарева;Glovo;2;789.0;0.0
2024-05-24;Лазарева;доставка;37;32280.8;3171.2
2024-05-24;Лазарева;самовывоз;4;2525.5;208.5
2024-05-24;Левітана;Glovo;6;6213.8;0.0
2024-05-24;Левітана;доставка;48;53871.7;1643.3
2024-05-24;Левітана;самовывоз;12;7597.0;675.0
2024-05-25;Лазарева;Glovo;3;3058.0;0.0
2024-05-25;Лазарева;доставка;42;43529.7;1939.3
2024-05-25;Лазарева;самовывоз;7;5194.0;564.0
2024-05-25;Левітана;Glovo;5;5361.7;0.0
2024-05-25;Левітана;доставка;48;45415.2;2609.8
2024-05-25;Левітана;самовывоз;17;14198.0;635.0
2024-05-26;Лазарева;Glovo;10;7625.3;151.7
2024-05-26;Лазарева;доставка;41;41443.8;2476.2
2024-05-26;Лазарева;самовывоз;2;706.2;143.8
2024-05-26;Левітана;Glovo;9;6659.7;0.0
2024-05-26;Левітана;доставка;58;59637.6;3762.4
2024-05-26;Левітана;самовывоз;8;8645.2;556.8
2024-05-27;Лазарева;Glovo;11;8354.0;0.0
2024-05-27;Лазарева;доставка;23;24063.2;694.8
2024-05-27;Лазарева;самовывоз;5;2842.6;694.4
2024-05-27;Левітана;Glovo;2;1228.0;0.0
2024-05-27;Левітана;доставка;25;28499.5;929.5
2024-05-27;Левітана;самовывоз;6;1790.5;229.5
2024-05-28;Лазарева;Glovo;5;5462.0;0.0
2024-05-28;Лазарева;доставка;32;27639.3;1248.7
2024-05-28;Лазарева;самовывоз;3;1471.5;331.5
2024-05-28;Левітана;Glovo;2;1539.0;0.0
2024-05-28;Левітана;доставка;36;44226.1;2687.9
2024-05-28;Левітана;самовывоз;5;1375.0;368.0
2024-05-29;Лазарева;Glovo;3;1680.0;0.0
2024-05-29;Лазарева;доставка;33;28789.0;1254.0
2024-05-29;Лазарева;самовывоз;8;3802.5;192.5
2024-05-29;Левітана;Glovo;4;3200.2;0.0
2024-05-29;Левітана;доставка;18;15045.6;570.4
2024-05-29;Левітана;самовывоз;5;4393.2;124.8
2024-05-30;Лазарева;Glovo;5;2899.0;0.0
2024-05-30;Лазарева;доставка;44;43433.3;2373.7
2024-05-30;Лазарева;самовывоз;9;4878.5;442.5
2024-05-30;Левітана;Glovo;9;6029.0;0.0
2024-05-30;Левітана;доставка;35;37085.5;1320.5
2024-05-30;Левітана;самовывоз;8;7870.5;454.5
2024-05-31;Лазарева;Glovo;4;4474.0;0.0
2024-05-31;Лазарева;доставка;56;49332.4;3375.6
2024-05-31;Лазарева;самовывоз;5;1898.5;162.5
2024-05-31;Левітана;Glovo;5;3212.7;0.0
2024-05-31;Левітана;доставка;58;55935.0;2101.0
2024-05-31;Левітана;самовывоз;7;5586.5;77.5
2024-06-01;Лазарева;Glovo;5;3849.0;0.0
2024-06-01;Лазарева;доставка;65;67093.5;3159.5
2024-06-01;Лазарева;самовывоз;2;1839.0;0.0
2024-06-01;Левітана;Glovo;7;6211.0;0.0
2024-06-01;Левітана;доставка;56;53563.5;2471.5
2024-06-01;Левітана;самовывоз;10;8337.5;112.5
2024-06-02;Лазарева;Glovo;2;1622.0;0.0
2024-06-02;Лазарева;доставка;50;41896.7;1344.3
2024-06-02;Лазарева;самовывоз;6;2136.5;522.5
2024-06-02;Левітана;Glovo;6;3123.0;0.0
2024-06-02;Левітана;доставка;38;37097.4;1796.6
2024-06-02;Левітана;самовывоз;13;9674.2;479.8
2024-06-03;Лазарева;Glovo;5;2129.0;0.0
2024-06-03;Лазарева;доставка;38;32255.6;1184.4
2024-06-03;Лазарева;самовывоз;6;2328.0;276.0
2024-06-03;Левітана;Glovo;7;8063.0;0.0
2024-06-03;Левітана;доставка;24;24192.7;642.3
2024-06-03;Левітана;самовывоз;5;3366.4;188.6
2024-06-04;Лазарева;Glovo;3;2250.0;0.0
2024-06-04;Лазарева;доставка;31;27588.2;812.8
2024-06-04;Лазарева;самовывоз;11;2856.7;1031.3
2024-06-04;Левітана;Glovo;8;4958.0;0.0
2024-06-04;Левітана;доставка;31;33515.3;1201.7
2024-06-04;Левітана;самовывоз;8;6585.5;137.5
2024-06-05;Лазарева;Glovo;4;1839.0;0.0
2024-06-05;Лазарева;доставка;27;26167.1;1234.9
2024-06-05;Лазарева;самовывоз;4;3935.0;230.0
2024-06-05;Левітана;Glovo;5;4504.0;0.0
2024-06-05;Левітана;доставка;32;28803.6;1467.4
2024-06-05;Левітана;самовывоз;10;5187.0;365.0
2024-06-06;Лазарева;Glovo;5;3569.0;0.0
2024-06-06;Лазарева;доставка;36;33559.6;911.4
2024-06-06;Лазарева;самовывоз;3;800.0;0.0
2024-06-06;Левітана;Glovo;2;1315.0;0.0
2024-06-06;Левітана;доставка;30;33856.5;397.5
2024-06-06;Левітана;самовывоз;5;3667.0;261.0
2024-06-07;Лазарева;Glovo;5;2315.0;0.0
2024-06-07;Лазарева;доставка;52;57303.6;1485.4
2024-06-07;Лазарева;самовывоз;10;5013.5;682.5
2024-06-07;Левітана;Glovo;13;9940.0;0.0
2024-06-07;Левітана;доставка;45;45531.5;1848.5
2024-06-07;Левітана;самовывоз;7;5215.2;100.8
2024-06-08;Лазарева;Glovo;9;9235.1;95.9
2024-06-08;Лазарева;доставка;47;45794.9;1433.1
2024-06-08;Лазарева;самовывоз;4;2715.0;105.0
2024-06-08;Левітана;Glovo;9;7180.0;0.0
2024-06-08;Левітана;доставка;55;50480.3;1849.7
2024-06-08;Левітана;самовывоз;12;7618.5;336.5
2024-06-09;Лазарева;Glovo;4;4334.0;0.0
2024-06-09;Лазарева;доставка;38;39027.7;709.3
2024-06-09;Лазарева;самовывоз;8;3586.5;452.5
2024-06-09;Левітана;Glovo;7;5307.0;0.0
2024-06-09;Левітана;доставка;36;32438.9;1343.1
2024-06-09;Левітана;самовывоз;4;1306.5;112.5
2024-06-10;Лазарева;Glovo;4;2458.0;0.0
2024-06-10;Лазарева;доставка;37;39464.7;1233.3
2024-06-10;Лазарева;самовывоз;5;1918.0;0.0
2024-06-10;Левітана;Glovo;8;7321.0;0.0
2024-06-10;Левітана;доставка;34;34146.3;1025.7
2024-06-10;Левітана;самовывоз;7;3948.5;443.5
2024-06-11;Лазарева;Glovo;4;2464.0;0.0
2024-06-11;Лазарева;доставка;27;28710.3;587.7
2024-06-11;Лазарева;самовывоз;6;3844.9;210.1
2024-06-11;Левітана;Glovo;9;9146.0;0.0
2024-06-11;Левітана;доставка;22;22674.0;606.0
2024-06-11;Левітана;самовывоз;4;3475.5;122.5
2024-06-12;Лазарева;Glovo;8;6647.0;0.0
2024-06-12;Лазарева;доставка;26;23591.3;681.7
2024-06-12;Лазарева;самовывоз;5;1345.8;694.2
2024-06-12;Левітана;Glovo;10;7278.0;0.0
2024-06-12;Левітана;доставка;40;32193.9;1277.1
2024-06-12;Левітана;самовывоз;3;1025.0;0.0
2024-06-13;Лазарева;Glovo;16;13030.0;0.0
2024-06-13;Лазарева;доставка;39;34516.4;2618.6
2024-06-13;Лазарева;самовывоз;12;6218.0;757.0
2024-06-13;Левітана;Glovo;23;13048.0;0.0
2024-06-13;Левітана;доставка;43;50054.4;1153.6
2024-06-13;Левітана;самовывоз;10;11552.2;641.8
2024-06-14;Лазарева;Glovo;10;6224.0;0.0
2024-06-14;Лазарева;доставка;52;52780.9;1861.1
2024-06-14;Лазарева;самовывоз;2;2178.0;27.0
2024-06-14;Левітана;Glovo;7;5747.0;0.0
2024-06-14;Левітана;доставка;56;62823.5;1697.5
2024-06-14;Левітана;самовывоз;7;7047.0;334.0
2024-06-15;Лазарева;Glovo;11;8481.0;0.0
2024-06-15;Лазарева;доставка;62;63497.0;1711.0
2024-06-15;Лазарева;самовывоз;5;1089.2;504.8
2024-06-15;Левітана;Glovo;11;9391.0;0.0
2024-06-15;Левітана;доставка;69;61244.1;1980.9
2024-06-15;Левітана;самовывоз;8;8684.5;562.5
2024-06-16;Лазарева;Glovo;4;3012.0;0.0
2024-06-16;Лазарева;доставка;29;27857.4;649.6
2024-06-16;Лазарева;самовывоз;3;783.5;324.5
2024-06-16;Левітана;Glovo;11;8686.0;0.0
2024-06-16;Левітана;доставка;48;44666.0;1782.0
2024-06-16;Левітана;самовывоз;11;6847.5;1027.5
2024-06-17;Лазарева;Glovo;4;3120.0;0.0
2024-06-17;Лазарева;доставка;28;27398.4;941.6
2024-06-17;Лазарева;самовывоз;8;4847.5;170.5
2024-06-17;Левітана;Glovo;2;1375.0;0.0
2024-06-17;Левітана;доставка;28;27425.3;1061.7
2024-06-17;Левітана;самовывоз;5;2759.0;36.0
2024-06-18;Лазарева;Glovo;3;2765.0;0.0
2024-06-18;Лазарева;доставка;32;35229.3;1070.7
2024-06-18;Лазарева;самовывоз;7;2656.0;628.0
2024-06-18;Левітана;Glovo;10;9741.0;0.0
2024-06-18;Левітана;доставка;43;39685.0;1009.0
2024-06-18;Левітана;самовывоз;7;4587.0;519.0
2024-06-19;Лазарева;Glovo;6;4790.0;0.0
2024-06-19;Лазарева;доставка;33;32487.7;1241.3
2024-06-19;Лазарева;самовывоз;3;845.5;298.5
2024-06-19;Левітана;Glovo;4;3804.0;0.0
2024-06-19;Левітана;доставка;39;40621.5;436.5
2024-06-19;Левітана;самовывоз;8;6982.0;55.0
2024-06-20;Лазарева;Glovo;5;4037.0;0.0
2024-06-20;Лазарева;доставка;34;35951.5;800.5
2024-06-20;Лазарева;самовывоз;6;3406.4;344.6
2024-06-20;Левітана;Glovo;7;5929.0;0.0
2024-06-20;Левітана;доставка;36;34921.4;602.6
2024-06-20;Левітана;самовывоз;6;1805.0;225.0
2024-06-21;Лазарева;Glovo;8;6953.0;0.0
2024-06-21;Лазарева;доставка;42;43787.8;966.2
2024-06-21;Лазарева;самовывоз;11;3608.5;1217.5
2024-06-21;Левітана;Glovo;3;3808.0;0.0
2024-06-21;Левітана;доставка;30;29455.3;1291.7
2024-06-21;Левітана;самовывоз;10;7328.0;239.0
2024-06-22;Лазарева;Glovo;1;634.0;0.0
2024-06-22;Лазарева;доставка;30;27887.1;246.9
2024-06-22;Лазарева;самовывоз;5;2067.5;539.5
2024-06-22;Левітана;Glovo;9;9440.0;0.0
2024-06-22;Левітана;доставка;52;50890.3;2378.7
2024-06-22;Левітана;самовывоз;13;8321.0;428.0
2024-06-23;Лазарева;Glovo;6;5941.0;0.0
2024-06-23;Лазарева;доставка;39;35653.7;631.3
2024-06-23;Лазарева;самовывоз;7;5803.7;268.3
2024-06-23;Левітана;Glovo;10;7323.0;0.0
2024-06-23;Левітана;доставка;39;36635.5;789.5
2024-06-23;Левітана;самовывоз;10;6190.5;439.5
2024-06-24;Лазарева;Glovo;3;2409.0;0.0
2024-06-24;Лазарева;доставка;27;30702.3;438.7
2024-06-24;Лазарева;самовывоз;2;563.2;150.8
2024-06-24;Левітана;Glovo;5;4539.0;0.0
2024-06-24;Левітана;доставка;32;32380.2;550.8
2024-06-24;Левітана;самовывоз;6;5154.5;282.5
2024-06-25;Лазарева;Glovo;7;4149.0;0.0
2024-06-25;Лазарева;доставка;29;30905.4;819.6
2024-06-25;Лазарева;самовывоз;6;3157.2;525.8
2024-06-25;Левітана;Glovo;6;5100.0;0.0
2024-06-25;Левітана;доставка;24;23545.0;575.0
2024-06-25;Левітана;самовывоз;12;4582.5;474.5
2024-06-26;Лазарева;Glovo;8;2740.0;0.0
2024-06-26;Лазарева;доставка;25;23147.1;1033.9
2024-06-26;Лазарева;самовывоз;10;6291.6;1075.4
2024-06-26;Левітана;Glovo;5;4187.0;0.0
2024-06-26;Левітана;доставка;37;38683.7;1590.3
2024-06-26;Левітана;самовывоз;5;4389.4;297.6
2024-06-27;Лазарева;Glovo;3;2427.0;0.0
2024-06-27;Лазарева;доставка;24;19456.1;1075.9
2024-06-27;Лазарева;самовывоз;8;2695.5;454.5
2024-06-27;Левітана;Glovo;4;4578.0;0.0
2024-06-27;Левітана;доставка;34;26595.5;611.5
2024-06-27;Левітана;самовывоз;11;8035.1;1252.9
2024-06-28;Лазарева;Glovo;5;3137.0;0.0
2024-06-28;Лазарева;доставка;58;69260.4;1215.6
2024-06-28;Лазарева;самовывоз;10;2969.2;1233.8
2024-06-28;Левітана;Glovo;11;9450.0;0.0
2024-06-28;Левітана;доставка;58;57932.8;1071.2
2024-06-28;Левітана;самовывоз;6;5203.5;151.5
2024-06-29;Лазарева;Glovo;3;1754.0;0.0
2024-06-29;Лазарева;доставка;33;37225.5;819.5
2024-06-29;Лазарева;самовывоз;10;5609.1;656.9
2024-06-29;Левітана;Glovo;8;6266.0;123.0
2024-06-29;Левітана;доставка;45;48261.3;1490.7
2024-06-29;Левітана;самовывоз;9;5893.2;159.8
2024-06-30;Лазарева;Glovo;3;2054.0;0.0
2024-06-30;Лазарева;доставка;34;36089.1;1068.9
2024-06-30;Лазарева;самовывоз;6;1270.0;723.0
2024-06-30;Левітана;Glovo;10;7751.0;0.0
2024-06-30;Левітана;доставка;45;47200.4;1508.6
2024-06-30;Левітана;самовывоз;6;4250.5;149.5
2024-07-01;Лазарева;Glovo;4;2424.0;0.0
2024-07-01;Лазарева;доставка;21;19862.4;232.6
2024-07-01;Лазарева;самовывоз;5;2636.3;152.7
2024-07-01;Левітана;Glovo;5;3197.0;0.0
2024-07-01;Левітана;доставка;25;24924.9;498.1
2024-07-01;Левітана;самовывоз;5;3488.0;42.0
2024-07-02;Лазарева;Glovo;4;3803.0;0.0
2024-07-02;Лазарева;доставка;34;35204.7;1091.3
2024-07-02;Лазарева;самовывоз;4;1052.5;396.5
2024-07-02;Левітана;Glovo;6;6974.0;0.0
2024-07-02;Левітана;доставка;30;23945.3;905.7
2024-07-02;Левітана;самовывоз;4;3180.0;41.0
2024-07-03;Лазарева;доставка;27;24360.6;869.4
2024-07-03;Лазарева;самовывоз;4;782.7;311.3
2024-07-03;Левітана;Glovo;10;6824.0;0.0
2024-07-03;Левітана;доставка;40;35023.9;1306.1
2024-07-03;Левітана;самовывоз;6;5320.0;54.0
2024-07-04;Лазарева;Glovo;5;4245.0;0.0
2024-07-04;Лазарева;доставка;30;24937.3;1164.7
2024-07-04;Лазарева;самовывоз;4;1559.0;170.0
2024-07-04;Левітана;Glovo;11;8969.0;0.0
2024-07-04;Левітана;доставка;40;36972.3;1570.7
2024-07-04;Левітана;самовывоз;9;7386.0;355.0
2024-07-05;Лазарева;Glovo;5;2809.0;0.0
2024-07-05;Лазарева;доставка;37;33795.0;1715.0
2024-07-05;Лазарева;самовывоз;6;2153.5;1003.5
2024-07-05;Левітана;Glovo;7;5933.0;0.0
2024-07-05;Левітана;доставка;43;38341.1;1973.9
2024-07-05;Левітана;самовывоз;12;10181.2;177.8
2024-07-06;Лазарева;Glovo;5;4042.0;0.0
2024-07-06;Лазарева;доставка;51;51842.5;746.5
2024-07-06;Лазарева;самовывоз;4;2098.2;683.8
2024-07-06;Левітана;Glovo;11;7801.0;0.0
2024-07-06;Левітана;доставка;47;49920.9;1500.1
2024-07-06;Левітана;самовывоз;12;5545.2;456.8
2024-07-07;Лазарева;Glovo;4;2820.0;0.0
2024-07-07;Лазарева;доставка;42;42251.9;904.1
2024-07-07;Лазарева;самовывоз;6;3921.2;306.8
2024-07-07;Левітана;Glovo;6;6538.0;0.0
2024-07-07;Левітана;доставка;37;38585.2;1080.8
2024-07-07;Левітана;самовывоз;9;4679.5;178.5
2024-07-08;Лазарева;Glovo;7;3560.0;0.0
2024-07-08;Лазарева;доставка;32;32165.4;945.6
2024-07-08;Лазарева;самовывоз;2;2248.0;0.0
2024-07-08;Левітана;Glovo;5;4399.0;0.0
2024-07-08;Левітана;доставка;37;30814.2;1973.8
2024-07-08;Левітана;самовывоз;10;4338.0;611.0
2024-07-09;Лазарева;Glovo;2;1869.0;0.0
2024-07-09;Лазарева;доставка;26;24917.6;966.4
2024-07-09;Лазарева;самовывоз;12;5461.2;700.8
2024-07-09;Левітана;Glovo;9;7383.0;0.0
2024-07-09;Левітана;доставка;43;34809.2;644.8
2024-07-09;Левітана;самовывоз;6;4937.0;0.0
2024-07-10;Лазарева;Glovo;4;2352.0;0.0
2024-07-10;Лазарева;доставка;30;26285.2;475.8
2024-07-10;Лазарева;самовывоз;5;3821.0;62.0
2024-07-10;Левітана;Glovo;3;2390.0;0.0
2024-07-10;Левітана;доставка;34;32978.3;780.7
2024-07-10;Левітана;самовывоз;11;8165.1;640.9
2024-07-11;Лазарева;Glovo;4;3814.0;0.0
2024-07-11;Лазарева;доставка;28;27829.1;519.9
2024-07-11;Лазарева;самовывоз;5;3050.5;217.5
2024-07-11;Левітана;Glovo;9;6987.0;0.0
2024-07-11;Левітана;доставка;41;45606.2;936.8
2024-07-11;Левітана;самовывоз;7;4081.0;392.0
2024-07-12;Лазарева;Glovo;3;3329.0;0.0
2024-07-12;Лазарева;доставка;24;25556.9;973.1
2024-07-12;Лазарева;самовывоз;9;7500.3;837.7
2024-07-12;Левітана;Glovo;8;6247.0;0.0
2024-07-12;Левітана;доставка;49;44405.7;1553.3
2024-07-12;Левітана;самовывоз;9;8496.3;503.7
2024-07-13;Лазарева;Glovo;9;6209.0;0.0
2024-07-13;Лазарева;доставка;46;48053.5;2227.5
2024-07-13;Лазарева;самовывоз;5;2591.0;326.0
2024-07-13;Левітана;Glovo;14;8719.6;63.4
2024-07-13;Левітана;доставка;43;44323.0;1804.0
2024-07-13;Левітана;самовывоз;9;8235.5;1067.5
2024-07-14;Лазарева;Glovo;12;7568.0;0.0
2024-07-14;Лазарева;доставка;40;41222.0;2174.0
2024-07-14;Лазарева;самовывоз;8;6414.1;208.9
2024-07-14;Левітана;Glovo;16;12348.0;0.0
2024-07-14;Левітана;доставка;40;40362.7;2269.3
2024-07-14;Левітана;самовывоз;8;8354.2;201.8
2024-07-15;Лазарева;Glovo;11;8098.0;0.0
2024-07-15;Лазарева;доставка;34;30683.5;2224.5
2024-07-15;Лазарева;самовывоз;5;890.3;617.7
2024-07-15;Левітана;Glovo;14;8212.0;0.0
2024-07-15;Левітана;доставка;27;24430.8;1046.2
2024-07-15;Левітана;самовывоз;3;1619.0;85.0
2024-07-16;Лазарева;Glovo;15;8949.0;0.0
2024-07-16;Лазарева;доставка;41;37207.3;1374.7
2024-07-16;Лазарева;самовывоз;7;3364.3;383.7
2024-07-16;Левітана;Glovo;9;6773.0;0.0
2024-07-16;Левітана;доставка;26;21018.5;822.5
2024-07-16;Левітана;самовывоз;6;4568.7;279.3
2024-07-17;Лазарева;Glovo;13;9380.0;0.0
2024-07-17;Лазарева;доставка;34;31163.3;970.7
2024-07-17;Лазарева;самовывоз;5;3270.5;251.5
2024-07-17;Левітана;Glovo;24;16830.0;0.0
2024-07-17;Левітана;доставка;35;32152.6;1624.4
2024-07-17;Левітана;самовывоз;6;4005.2;71.8
2024-07-18;Лазарева;Glovo;7;4744.0;0.0
2024-07-18;Лазарева;доставка;29;28261.0;502.0
2024-07-18;Лазарева;самовывоз;5;3256.5;152.5
2024-07-18;Левітана;Glovo;13;7113.0;0.0
2024-07-18;Левітана;доставка;40;35195.2;1740.8
2024-07-18;Левітана;самовывоз;4;2645.0;138.0
2024-07-19;Лазарева;Glovo;9;6832.0;0.0
2024-07-19;Лазарева;доставка;40;35955.2;1636.8
2024-07-19;Лазарева;самовывоз;8;3602.2;363.8
2024-07-19;Левітана;Glovo;7;4798.0;0.0
2024-07-19;Левітана;доставка;49;52543.3;1909.7
2024-07-19;Левітана;самовывоз;11;9960.8;435.2
2024-07-20;Лазарева;Glovo;5;3693.0;0.0
2024-07-20;Лазарева;доставка;42;43888.5;1509.5
2024-07-20;Лазарева;самовывоз;4;1701.0;228.0
2024-07-20;Левітана;Glovo;10;9734.0;0.0
2024-07-20;Левітана;доставка;59;57574.6;2641.4
2024-07-20;Левітана;самовывоз;7;4378.5;154.5
2024-07-21;Лазарева;Glovo;11;7139.0;0.0
2024-07-21;Лазарева;доставка;41;37036.0;1077.0
2024-07-21;Лазарева;самовывоз;6;3270.3;886.7
2024-07-21;Левітана;Glovo;14;6973.0;0.0
2024-07-21;Левітана;доставка;37;34124.8;1855.2
2024-07-21;Левітана;самовывоз;15;11651.0;349.0
2024-07-22;Лазарева;Glovo;25;17099.0;0.0
2024-07-22;Лазарева;доставка;29;29532.1;784.9
2024-07-22;Лазарева;самовывоз;2;382.5;127.5
2024-07-22;Левітана;Glovo;29;17715.0;0.0
2024-07-22;Левітана;доставка;34;35283.2;865.8
2024-07-22;Левітана;самовывоз;5;3592.0;233.0
2024-07-23;Лазарева;Glovo;7;3296.0;0.0
2024-07-23;Лазарева;доставка;34;30242.2;1605.8
2024-07-23;Лазарева;самовывоз;5;1597.5;435.5
2024-07-23;Левітана;Glovo;7;5623.0;0.0
2024-07-23;Левітана;доставка;45;48537.7;1165.3
2024-07-23;Левітана;самовывоз;4;2839.7;268.3
2024-07-24;Лазарева;Glovo;6;3122.0;0.0
2024-07-24;Лазарева;доставка;35;36628.1;2085.9
2024-07-24;Лазарева;самовывоз;4;2771.0;0.0
2024-07-24;Левітана;Glovo;2;640.0;0.0
2024-07-24;Левітана;доставка;43;38924.6;1188.4
2024-07-24;Левітана;самовывоз;13;6542.5;638.5
2024-07-25;Лазарева;Glovo;17;11737.0;0.0
2024-07-25;Лазарева;доставка;43;51957.3;3312.7
2024-07-25;Лазарева;самовывоз;3;1881.5;545.5
2024-07-25;Левітана;Glovo;8;4697.0;0.0
2024-07-25;Левітана;доставка;50;45177.6;2434.4
2024-07-25;Левітана;самовывоз;8;4889.2;112.8
2024-07-26;Лазарева;Glovo;14;9063.0;0.0
2024-07-26;Лазарева;доставка;60;59220.6;3227.4
2024-07-26;Лазарева;самовывоз;6;3669.5;627.5
2024-07-26;Левітана;Glovo;22;14906.0;0.0
2024-07-26;Левітана;доставка;57;68447.0;2635.0
2024-07-26;Левітана;самовывоз;16;11228.7;993.3
2024-07-27;Лазарева;Glovo;4;3440.0;0.0
2024-07-27;Лазарева;доставка;42;42326.6;1044.4
2024-07-27;Лазарева;самовывоз;8;2853.1;748.9
2024-07-27;Левітана;Glovo;10;6838.0;0.0
2024-07-27;Левітана;доставка;51;53379.0;3393.0
2024-07-27;Левітана;самовывоз;10;8063.9;356.1
2024-07-28;Лазарева;Glovo;5;5245.0;0.0
2024-07-28;Лазарева;доставка;35;40540.2;2819.8
2024-07-28;Левітана;Glovo;13;8232.0;0.0
2024-07-28;Левітана;доставка;34;30422.0;810.0
2024-07-28;Левітана;самовывоз;14;7783.5;740.5
2024-07-29;Лазарева;Glovo;7;6688.0;0.0
2024-07-29;Лазарева;доставка;30;34090.7;1606.3
2024-07-29;Лазарева;самовывоз;6;2142.0;181.0
2024-07-29;Левітана;Glovo;7;4606.0;0.0
2024-07-29;Левітана;доставка;35;35342.4;2762.6
2024-07-29;Левітана;самовывоз;8;3147.0;23.0
2024-07-30;Лазарева;Glovo;2;1495.0;0.0
2024-07-30;Лазарева;доставка;34;34723.9;1622.1
2024-07-30;Лазарева;самовывоз;7;5860.0;117.0
2024-07-30;Левітана;Glovo;7;4102.0;0.0
2024-07-30;Левітана;доставка;37;39236.6;2645.4
2024-07-30;Левітана;самовывоз;10;7800.7;436.3
2024-07-31;Лазарева;Glovo;4;2304.0;0.0
2024-07-31;Лазарева;доставка;23;21505.6;1130.4
2024-07-31;Лазарева;самовывоз;7;2442.0;489.0
2024-07-31;Левітана;Glovo;5;4145.0;0.0
2024-07-31;Левітана;доставка;40;38602.2;1474.8
2024-07-31;Левітана;самовывоз;4;1922.0;187.0
2024-08-01;Лазарева;Glovo;4;2225.0;0.0
2024-08-01;Лазарева;доставка;44;44550.3;4193.7
2024-08-01;Лазарева;самовывоз;5;4722.0;0.0
2024-08-01;Левітана;Glovo;8;5859.0;0.0
2024-08-01;Левітана;доставка;30;33554.8;733.2
2024-08-01;Левітана;самовывоз;8;5684.0;649.0
2024-08-02;Лазарева;Glovo;7;5484.0;0.0
2024-08-02;Лазарева;доставка;43;42338.2;3034.8
2024-08-02;Лазарева;самовывоз;5;2316.0;116.0
2024-08-02;Левітана;Glovo;12;9728.0;0.0
2024-08-02;Левітана;доставка;46;43809.9;1552.1
2024-08-02;Левітана;самовывоз;9;3743.6;338.4
2024-08-03;Лазарева;Glovo;6;4854.0;0.0
2024-08-03;Лазарева;доставка;31;34490.1;1239.9
2024-08-03;Лазарева;самовывоз;7;5869.5;338.5
2024-08-03;Левітана;Glovo;13;12344.0;0.0
2024-08-03;Левітана;доставка;47;49463.8;2675.2
2024-08-03;Левітана;самовывоз;6;3931.7;765.3
2024-08-04;Лазарева;Glovo;1;898.0;0.0
2024-08-04;Лазарева;доставка;34;37832.6;2415.4
2024-08-04;Лазарева;самовывоз;2;1097.0;187.0
2024-08-04;Левітана;Glovo;7;5086.0;0.0
2024-08-04;Левітана;доставка;53;53533.2;3463.8
2024-08-04;Левітана;самовывоз;14;6350.0;682.0
2024-08-05;Лазарева;Glovo;5;4036.0;0.0
2024-08-05;Лазарева;доставка;19;22632.8;917.2
2024-08-05;Лазарева;самовывоз;3;1615.0;135.0
2024-08-05;Левітана;Glovo;11;7359.0;0.0
2024-08-05;Левітана;доставка;30;28507.4;1466.6
2024-08-05;Левітана;самовывоз;7;2497.0;610.0
2024-08-06;Лазарева;Glovo;7;4818.0;0.0
2024-08-06;Лазарева;доставка;31;33680.1;844.9
2024-08-06;Лазарева;самовывоз;6;2287.0;302.0
2024-08-06;Левітана;Glovo;8;6487.0;0.0
2024-08-06;Левітана;доставка;22;19865.3;1275.7
2024-08-06;Левітана;самовывоз;7;3837.0;30.0
2024-08-07;Лазарева;Glovo;2;1579.0;0.0
2024-08-07;Лазарева;доставка;37;37190.9;1845.1
2024-08-07;Лазарева;самовывоз;1;897.0;0.0
2024-08-07;Левітана;Glovo;6;6333.0;0.0
2024-08-07;Левітана;доставка;34;32037.0;1018.0
2024-08-07;Левітана;самовывоз;7;3161.5;264.5
2024-08-08;Лазарева;Glovo;8;8579.0;0.0
2024-08-08;Лазарева;доставка;42;46756.7;2011.3
2024-08-08;Лазарева;самовывоз;11;5562.5;1062.5
2024-08-08;Левітана;Glovo;6;4326.0;0.0
2024-08-08;Левітана;доставка;43;46512.1;4172.9
2024-08-08;Левітана;самовывоз;6;4022.5;976.5
2024-08-09;Лазарева;Glovo;9;7183.0;0.0
2024-08-09;Лазарева;доставка;35;33477.5;2122.5
2024-08-09;Лазарева;самовывоз;8;3972.2;981.8
2024-08-09;Левітана;Glovo;10;8967.0;0.0
2024-08-09;Левітана;доставка;45;42139.2;2573.8
2024-08-09;Левітана;самовывоз;13;11822.5;341.5
2024-08-10;Лазарева;Glovo;8;7837.0;0.0
2024-08-10;Лазарева;доставка;41;39957.9;2225.1
2024-08-10;Лазарева;самовывоз;2;391.0;142.0
2024-08-10;Левітана;Glovo;10;5622.0;0.0
2024-08-10;Левітана;доставка;35;29862.4;1699.6
2024-08-10;Левітана;самовывоз;11;10766.0;346.0
2024-08-11;Лазарева;Glovo;4;2904.0;0.0
2024-08-11;Лазарева;доставка;38;38041.8;1317.2
2024-08-11;Лазарева;самовывоз;7;4945.5;182.5
2024-08-11;Левітана;Glovo;11;10149.0;0.0
2024-08-11;Левітана;доставка;48;43967.6;1353.4
2024-08-11;Левітана;самовывоз;13;12519.5;534.5
2024-08-12;Лазарева;Glovo;9;6605.0;0.0
2024-08-12;Лазарева;доставка;29;27644.1;1337.9
2024-08-12;Лазарева;самовывоз;7;1810.0;14.0
2024-08-12;Левітана;Glovo;10;7269.0;0.0
2024-08-12;Левітана;доставка;26;26679.0;865.0
2024-08-12;Левітана;самовывоз;10;6553.5;376.5
2024-08-13;Лазарева;Glovo;8;5779.0;0.0
2024-08-13;Лазарева;доставка;22;24197.9;726.1
2024-08-13;Лазарева;самовывоз;5;3109.0;537.0
2024-08-13;Левітана;Glovo;11;8224.0;0.0
2024-08-13;Левітана;доставка;36;37043.2;940.8
2024-08-13;Левітана;самовывоз;6;3994.5;162.5
2024-08-14;Лазарева;Glovo;6;4934.0;0.0
2024-08-14;Лазарева;доставка;34;34126.2;1856.8
2024-08-14;Лазарева;самовывоз;4;993.0;286.0
2024-08-14;Левітана;Glovo;9;6513.0;0.0
2024-08-14;Левітана;доставка;29;29351.8;1857.2
2024-08-14;Левітана;самовывоз;11;7664.5;147.5
2024-08-15;Лазарева;Glovo;10;7328.0;0.0
2024-08-15;Лазарева;доставка;37;32755.6;1321.4
2024-08-15;Лазарева;самовывоз;8;7023.0;449.0
2024-08-15;Левітана;Glovo;14;9824.0;0.0
2024-08-15;Левітана;доставка;42;39643.8;2629.2
2024-08-15;Левітана;самовывоз;10;8765.5;172.5
2024-08-16;Лазарева;Glovo;14;10580.0;0.0
2024-08-16;Лазарева;доставка;29;25959.8;847.2
2024-08-16;Лазарева;самовывоз;6;2989.0;167.0
2024-08-16;Левітана;Glovo;7;4120.0;0.0
2024-08-16;Левітана;доставка;49;51118.5;2252.5
2024-08-16;Левітана;самовывоз;16;10416.7;424.3
2024-08-17;Лазарева;Glovo;9;5859.0;0.0
2024-08-17;Лазарева;доставка;44;45082.5;1441.5
2024-08-17;Лазарева;самовывоз;5;3459.0;0.0
2024-08-17;Левітана;Glovo;11;9217.0;0.0
2024-08-17;Левітана;доставка;51;52386.3;1934.7
2024-08-17;Левітана;самовывоз;11;8889.0;106.0
2024-08-18;Лазарева;Glovo;13;12907.0;0.0
2024-08-18;Лазарева;доставка;27;27550.6;1226.4
2024-08-18;Лазарева;самовывоз;2;2057.0;186.0
2024-08-18;Левітана;Glovo;19;13134.0;0.0
2024-08-18;Левітана;доставка;37;37106.3;2092.7
2024-08-18;Левітана;самовывоз;10;6362.5;688.5
2024-08-19;Лазарева;Glovo;10;7153.0;0.0
2024-08-19;Лазарева;доставка;25;25264.1;442.9
2024-08-19;Лазарева;самовывоз;3;2818.0;128.0
2024-08-19;Левітана;Glovo;12;8964.0;0.0
2024-08-19;Левітана;доставка;32;30447.8;573.2
2024-08-19;Левітана;самовывоз;2;1690.0;0.0
2024-08-20;Лазарева;Glovo;9;6238.0;0.0
2024-08-20;Лазарева;доставка;33;34447.1;2006.9
2024-08-20;Левітана;Glovo;8;9796.0;0.0
2024-08-20;Левітана;доставка;31;35984.6;887.4
2024-08-20;Левітана;самовывоз;10;7656.0;623.0
2024-08-21;Лазарева;Glovo;2;1075.0;0.0
2024-08-21;Лазарева;доставка;23;21973.5;925.5
2024-08-21;Лазарева;самовывоз;6;4777.5;147.5
2024-08-21;Левітана;Glovo;3;2855.0;0.0
2024-08-21;Левітана;доставка;28;29748.2;687.8
2024-08-21;Левітана;самовывоз;7;5018.5;207.5
2024-08-22;Лазарева;Glovo;11;10497.0;0.0
2024-08-22;Лазарева;доставка;31;37419.1;1839.9
2024-08-22;Лазарева;самовывоз;5;3747.0;150.0
2024-08-22;Левітана;Glovo;10;8648.0;0.0
2024-08-22;Левітана;доставка;37;40089.3;1765.7
2024-08-22;Левітана;самовывоз;8;5574.7;587.3
2024-08-23;Лазарева;Glovo;8;5063.0;0.0
2024-08-23;Лазарева;доставка;44;45178.6;1282.4
2024-08-23;Лазарева;самовывоз;7;3580.5;583.5
2024-08-23;Левітана;Glovo;15;8467.0;0.0
2024-08-23;Левітана;доставка;40;40930.8;909.2
2024-08-23;Левітана;самовывоз;9;7176.9;398.1
2024-08-24;Лазарева;Glovo;5;3925.0;0.0
2024-08-24;Лазарева;доставка;35;36804.6;1292.4
2024-08-24;Лазарева;самовывоз;1;225.0;0.0
2024-08-24;Левітана;Glovo;12;11729.0;0.0
2024-08-24;Левітана;доставка;52;59952.5;1776.5
2024-08-24;Левітана;самовывоз;10;8688.0;69.0
2024-08-25;Лазарева;Glovo;15;10611.0;0.0
2024-08-25;Лазарева;доставка;47;50389.8;1768.2
2024-08-25;Лазарева;самовывоз;1;21.0;0.0
2024-08-25;Левітана;Glovo;18;12169.0;0.0
2024-08-25;Левітана;доставка;44;48488.9;2493.1
2024-08-25;Левітана;самовывоз;12;11597.0;231.0
2024-08-26;Лазарева;Glovo;23;16512.0;0.0
2024-08-26;Лазарева;доставка;27;29210.9;1374.1
2024-08-26;Лазарева;самовывоз;4;1295.0;114.0
2024-08-26;Левітана;Glovo;22;14788.0;0.0
2024-08-26;Левітана;доставка;32;28423.8;1307.2
2024-08-26;Левітана;самовывоз;9;7577.5;256.5
2024-08-27;Лазарева;Glovo;21;12600.0;0.0
2024-08-27;Лазарева;доставка;25;20597.4;777.6
2024-08-27;Лазарева;самовывоз;7;4950.0;179.0
2024-08-27;Левітана;Glovo;29;21039.0;0.0
2024-08-27;Левітана;доставка;36;35727.3;1378.7
2024-08-27;Левітана;самовывоз;8;5622.5;202.5
2024-08-28;Лазарева;Glovo;4;5423.0;0.0
2024-08-28;Лазарева;доставка;34;35372.2;1131.8
2024-08-28;Лазарева;самовывоз;3;2421.0;326.0
2024-08-28;Левітана;Glovo;5;3649.0;0.0
2024-08-28;Левітана;доставка;38;37100.7;1474.3
2024-08-28;Левітана;самовывоз;7;3958.5;142.5
2024-08-29;Лазарева;Glovo;7;4407.0;0.0
2024-08-29;Лазарева;доставка;21;21471.5;1008.5
2024-08-29;Лазарева;самовывоз;3;1420.5;122.5
2024-08-29;Левітана;Glovo;11;8140.0;0.0
2024-08-29;Левітана;доставка;40;38226.9;1143.1
2024-08-29;Левітана;самовывоз;8;6164.0;400.0
2024-08-30;Лазарева;Glovo;8;5567.0;0.0
2024-08-30;Лазарева;доставка;48;52378.6;1014.4
2024-08-30;Лазарева;самовывоз;6;3350.0;135.0
2024-08-30;Левітана;Glovo;9;6570.6;40.4
2024-08-30;Левітана;доставка;37;36185.5;1442.5
2024-08-30;Левітана;самовывоз;10;9321.0;435.0
2024-08-31;Лазарева;Glovo;12;10294.0;0.0
2024-08-31;Лазарева;доставка;42;49206.0;2112.0
2024-08-31;Лазарева;самовывоз;5;1796.0;252.0
2024-08-31;Левітана;Glovo;15;12254.9;49.1
2024-08-31;Левітана;доставка;41;43623.4;1969.6
2024-08-31;Левітана;самовывоз;13;11645.5;256.5
2024-09-01;Лазарева;Glovo;6;6065.0;0.0
2024-09-01;Лазарева;доставка;34;38124.4;1129.6
2024-09-01;Лазарева;самовывоз;2;1335.5;255.5
2024-09-01;Левітана;Glovo;4;3255.0;0.0
2024-09-01;Левітана;доставка;32;35897.3;200.7
2024-09-01;Левітана;самовывоз;11;7499.5;490.5
2024-09-02;Лазарева;Glovo;11;10372.0;0.0
2024-09-02;Лазарева;доставка;43;42544.8;1853.2
2024-09-02;Лазарева;самовывоз;5;3269.0;69.0
2024-09-02;Левітана;Glovo;10;9619.0;0.0
2024-09-02;Левітана;доставка;35;34097.5;1552.5
2024-09-02;Левітана;самовывоз;10;9002.0;294.0
2024-09-03;Лазарева;Glovo;2;899.0;0.0
2024-09-03;Лазарева;доставка;30;27680.0;2434.0
2024-09-03;Лазарева;самовывоз;2;2197.5;411.5
2024-09-03;Левітана;Glovo;7;6333.0;0.0
2024-09-03;Левітана;доставка;27;24272.6;1462.4
2024-09-03;Левітана;самовывоз;5;2344.0;30.0
2024-09-04;Лазарева;Glovo;23;14581.0;0.0
2024-09-04;Лазарева;доставка;38;36715.9;1773.1
2024-09-04;Лазарева;самовывоз;5;2454.8;563.2
2024-09-04;Левітана;Glovo;25;23233.0;0.0
2024-09-04;Левітана;доставка;34;33894.0;1355.0
2024-09-04;Левітана;самовывоз;10;9133.1;392.9
2024-09-05;Лазарева;Glovo;12;8664.0;0.0
2024-09-05;Лазарева;доставка;40;39769.8;1517.2
2024-09-05;Лазарева;самовывоз;6;3796.0;403.0
2024-09-05;Левітана;Glovo;7;5872.0;0.0
2024-09-05;Левітана;доставка;32;31603.5;2336.5
2024-09-05;Левітана;самовывоз;11;3898.0;854.0
2024-09-06;Лазарева;Glovo;8;4859.0;0.0
2024-09-06;Лазарева;доставка;40;43995.5;1720.5
2024-09-06;Лазарева;самовывоз;4;2390.0;229.0
2024-09-06;Левітана;Glovo;7;3313.0;0.0
2024-09-06;Левітана;доставка;50;48925.7;2521.3
2024-09-06;Левітана;самовывоз;9;5886.0;71.0
2024-09-07;Лазарева;Glovo;16;16457.0;0.0
2024-09-07;Лазарева;доставка;43;40923.6;1386.4
2024-09-07;Лазарева;самовывоз;10;7689.5;738.5
2024-09-07;Левітана;Glovo;6;5588.0;0.0
2024-09-07;Левітана;доставка;38;40802.1;1679.9
2024-09-07;Левітана;самовывоз;11;10833.5;739.5
2024-09-08;Лазарева;Glovo;4;3469.0;0.0
2024-09-08;Лазарева;доставка;25;26809.4;1108.6
2024-09-08;Лазарева;самовывоз;6;4738.0;278.0
2024-09-08;Левітана;Glovo;11;7173.0;0.0
2024-09-08;Левітана;доставка;38;33036.1;1093.9
2024-09-08;Левітана;самовывоз;18;15823.0;1439.0
2024-09-09;Лазарева;Glovo;3;2125.0;0.0
2024-09-09;Лазарева;доставка;26;28396.6;1352.4
2024-09-09;Лазарева;самовывоз;5;2335.5;147.5
2024-09-09;Левітана;Glovo;9;6575.0;0.0
2024-09-09;Левітана;доставка;33;23834.7;1781.3
2024-09-09;Левітана;самовывоз;5;4573.5;157.5
2024-09-10;Лазарева;Glovo;4;4079.0;0.0
2024-09-10;Лазарева;доставка;30;28477.5;1188.5
2024-09-10;Лазарева;самовывоз;5;3463.0;67.0
2024-09-10;Левітана;Glovo;9;5994.0;0.0
2024-09-10;Левітана;доставка;35;29860.5;1156.5
2024-09-10;Левітана;самовывоз;4;2412.0;402.0
2024-09-11;Лазарева;Glovo;6;3839.0;0.0
2024-09-11;Лазарева;доставка;28;32451.7;1486.3
2024-09-11;Лазарева;самовывоз;2;1150.0;175.0
2024-09-11;Левітана;Glovo;8;4274.0;0.0
2024-09-11;Левітана;доставка;32;34821.5;2887.5
2024-09-11;Левітана;самовывоз;8;4403.9;140.1
2024-09-12;Лазарева;Glovo;11;9703.0;0.0
2024-09-12;Лазарева;доставка;38;41615.1;1156.9
2024-09-12;Лазарева;самовывоз;2;520.0;0.0
2024-09-12;Левітана;Glovo;6;5576.0;0.0
2024-09-12;Левітана;доставка;35;32306.2;2053.8
2024-09-12;Левітана;самовывоз;7;5010.0;162.0
2024-09-13;Лазарева;Glovo;7;6785.0;0.0
2024-09-13;Лазарева;доставка;46;50249.5;1858.5
2024-09-13;Лазарева;самовывоз;6;4597.0;611.0
2024-09-13;Левітана;Glovo;9;5282.0;0.0
2024-09-13;Левітана;доставка;48;47599.9;2638.1
2024-09-13;Левітана;самовывоз;10;6272.5;248.5
2024-09-14;Лазарева;Glovo;12;8019.0;0.0
2024-09-14;Лазарева;доставка;36;42741.3;2702.7
2024-09-14;Лазарева;самовывоз;1;410.0;0.0
2024-09-14;Левітана;Glovo;5;4390.0;0.0
2024-09-14;Левітана;доставка;36;37876.2;1170.8
2024-09-14;Левітана;самовывоз;15;20616.5;405.5
2024-09-15;Лазарева;Glovo;32;24247.0;0.0
2024-09-15;Лазарева;доставка;44;46596.8;1773.2
2024-09-15;Лазарева;самовывоз;9;5725.4;477.6
2024-09-15;Левітана;Glovo;24;18588.0;0.0
2024-09-15;Левітана;доставка;53;59285.0;2955.0
2024-09-15;Левітана;самовывоз;10;6963.5;579.5
2024-09-16;Лазарева;Glovo;4;5120.0;0.0
2024-09-16;Лазарева;доставка;32;30501.4;1499.6
2024-09-16;Лазарева;самовывоз;4;3585.5;183.5
2024-09-16;Левітана;Glovo;7;4645.0;0.0
2024-09-16;Левітана;доставка;39;41977.9;1813.1
2024-09-16;Левітана;самовывоз;3;2714.0;0.0
2024-09-17;Лазарева;Glovo;5;4412.0;0.0
2024-09-17;Лазарева;доставка;30;28449.2;1966.8
2024-09-17;Лазарева;самовывоз;3;2335.0;399.0
2024-09-17;Левітана;Glovo;2;2125.0;0.0
2024-09-17;Левітана;доставка;20;22928.3;586.7
2024-09-17;Левітана;самовывоз;9;6564.0;128.0
2024-09-18;Лазарева;Glovo;7;6864.0;0.0
2024-09-18;Лазарева;доставка;27;34576.0;753.0
2024-09-18;Лазарева;самовывоз;5;2686.5;212.5
2024-09-18;Левітана;Glovo;13;7243.0;0.0
2024-09-18;Левітана;доставка;32;27890.6;2275.4
2024-09-18;Левітана;самовывоз;16;9819.5;437.5
2024-09-19;Лазарева;Glovo;8;6469.0;0.0
2024-09-19;Лазарева;доставка;30;37152.3;1361.7
2024-09-19;Лазарева;самовывоз;4;1916.5;462.5
2024-09-19;Левітана;Glovo;8;4214.0;0.0
2024-09-19;Левітана;доставка;31;23235.8;1958.2
2024-09-19;Левітана;самовывоз;6;3773.0;141.0
2024-09-20;Лазарева;Glovo;7;5672.0;0.0
2024-09-20;Лазарева;доставка;41;45781.2;2914.8
2024-09-20;Лазарева;самовывоз;5;996.0;290.0
2024-09-20;Левітана;Glovo;8;8619.0;0.0
2024-09-20;Левітана;доставка;61;57725.4;2161.6
2024-09-20;Левітана;самовывоз;13;9370.5;401.5
2024-09-21;Лазарева;Glovo;5;4515.0;0.0
2024-09-21;Лазарева;доставка;32;32330.9;1427.1
2024-09-21;Лазарева;самовывоз;5;3857.5;112.5
2024-09-21;Левітана;Glovo;12;10487.0;0.0
2024-09-21;Левітана;доставка;37;50090.1;2469.9
2024-09-21;Левітана;самовывоз;10;8442.0;783.0
2024-09-22;Лазарева;Glovo;6;4858.0;0.0
2024-09-22;Лазарева;доставка;49;57061.5;2818.5
2024-09-22;Лазарева;самовывоз;2;206.3;333.7
2024-09-22;Левітана;Glovo;9;4780.0;0.0
2024-09-22;Левітана;доставка;43;44961.4;2134.6
2024-09-22;Левітана;самовывоз;10;6170.0;214.0
2024-09-23;Лазарева;Glovo;1;385.0;0.0
2024-09-23;Лазарева;доставка;25;26198.5;891.5
2024-09-23;Левітана;Glovo;8;4889.0;0.0
2024-09-23;Левітана;доставка;33;32119.2;750.8
2024-09-23;Левітана;самовывоз;9;6200.0;644.0
2024-09-24;Лазарева;Glovo;4;4450.0;0.0
2024-09-24;Лазарева;доставка;32;32747.4;686.6
2024-09-24;Лазарева;самовывоз;2;1062.5;147.5
2024-09-24;Левітана;Glovo;4;2294.0;0.0
2024-09-24;Левітана;доставка;19;18299.7;892.3
2024-09-24;Левітана;самовывоз;4;4294.0;71.0
2024-09-25;Лазарева;Glovo;6;2880.0;0.0
2024-09-25;Лазарева;доставка;31;27454.4;2350.6
2024-09-25;Лазарева;самовывоз;3;917.0;249.0
2024-09-25;Левітана;Glovo;3;1949.0;0.0
2024-09-25;Левітана;доставка;27;23692.5;1928.5
2024-09-25;Левітана;самовывоз;8;5616.5;172.5
2024-09-26;Лазарева;Glovo;2;2296.0;0.0
2024-09-26;Лазарева;доставка;35;40085.8;1834.2
2024-09-26;Лазарева;самовывоз;9;4606.5;423.5
2024-09-26;Левітана;Glovo;5;3487.0;0.0
2024-09-26;Левітана;доставка;40;32371.5;1557.5
2024-09-26;Левітана;самовывоз;10;5124.5;211.5
2024-09-27;Лазарева;Glovo;9;7110.0;0.0
2024-09-27;Лазарева;доставка;53;56060.7;2563.3
2024-09-27;Лазарева;самовывоз;8;4459.3;346.7
2024-09-27;Левітана;Glovo;11;9123.0;0.0
2024-09-27;Левітана;доставка;46;40289.3;1965.7
2024-09-27;Левітана;самовывоз;9;4706.0;132.0
2024-09-28;Лазарева;Glovo;4;2598.0;0.0
2024-09-28;Лазарева;доставка;39;36050.0;1487.0
2024-09-28;Лазарева;самовывоз;3;2819.0;32.0
2024-09-28;Левітана;Glovo;9;7179.0;0.0
2024-09-28;Левітана;доставка;41;42300.6;1971.4
2024-09-28;Левітана;самовывоз;20;13320.5;738.5
2024-09-29;Лазарева;Glovo;7;6527.0;0.0
2024-09-29;Лазарева;доставка;39;36615.5;1892.5
2024-09-29;Лазарева;самовывоз;2;1290.8;234.2
2024-09-29;Левітана;Glovo;5;3814.0;0.0
2024-09-29;Левітана;доставка;33;34291.5;1859.5
2024-09-29;Левітана;самовывоз;12;10391.0;452.0
2024-09-30;Лазарева;Glovo;3;2259.0;0.0
2024-09-30;Лазарева;доставка;31;24910.9;1087.1
2024-09-30;Левітана;Glovo;6;5185.0;0.0
2024-09-30;Левітана;доставка;34;33626.1;1449.9
2024-09-30;Левітана;самовывоз;3;2009.0;0.0
2024-10-01;Лазарева;Glovo;4;4073.0;0.0
2024-10-01;Лазарева;доставка;25;24761.5;1120.5
2024-10-01;Лазарева;самовывоз;2;1761.0;23.0
2024-10-01;Левітана;Glovo;15;12417.0;0.0
2024-10-01;Левітана;доставка;35;31346.7;1578.3
2024-10-01;Левітана;самовывоз;8;7293.0;0.0
2024-10-02;Лазарева;Glovo;6;5154.0;0.0
2024-10-02;Лазарева;доставка;38;38104.8;1140.2
2024-10-02;Лазарева;самовывоз;4;3481.0;115.0
2024-10-02;Левітана;Glovo;9;5984.0;0.0
2024-10-02;Левітана;доставка;33;26188.7;2145.3
2024-10-02;Левітана;самовывоз;3;1468.0;0.0
2024-10-03;Лазарева;Glovo;7;5226.0;0.0
2024-10-03;Лазарева;доставка;55;47905.2;3012.8
2024-10-03;Лазарева;самовывоз;8;6954.0;438.0
2024-10-03;Левітана;Glovo;14;7857.2;83.8
2024-10-03;Левітана;доставка;36;31175.0;2482.0
2024-10-03;Левітана;самовывоз;8;5800.5;320.5
2024-10-04;Лазарева;Glovo;9;9181.0;0.0
2024-10-04;Лазарева;доставка;49;51545.3;1616.7
2024-10-04;Лазарева;самовывоз;12;5962.1;939.9
2024-10-04;Левітана;Glovo;6;3681.0;0.0
2024-10-04;Левітана;доставка;52;57180.0;1502.0
2024-10-04;Левітана;самовывоз;14;7597.0;861.0
2024-10-05;Лазарева;Glovo;9;5843.0;0.0
2024-10-05;Лазарева;доставка;63;57038.4;2986.6
2024-10-05;Лазарева;самовывоз;7;4605.3;303.7
2024-10-05;Левітана;Glovo;12;13144.0;0.0
2024-10-05;Левітана;доставка;57;58196.1;2821.9
2024-10-05;Левітана;самовывоз;15;15474.0;350.0
2024-10-06;Лазарева;Glovo;15;10653.0;0.0
2024-10-06;Лазарева;доставка;64;75746.5;2988.5
2024-10-06;Лазарева;самовывоз;1;1144.0;125.0
2024-10-06;Левітана;Glovo;12;9552.0;0.0
2024-10-06;Левітана;доставка;52;52688.8;2736.2
2024-10-06;Левітана;самовывоз;16;10884.0;466.0
2024-10-07;Лазарева;Glovo;7;4069.0;0.0
2024-10-07;Лазарева;доставка;36;32510.9;1458.1
2024-10-07;Лазарева;самовывоз;4;1872.0;302.0
2024-10-07;Левітана;Glovo;4;4505.0;0.0
2024-10-07;Левітана;доставка;24;27884.5;993.5
2024-10-07;Левітана;самовывоз;7;5691.5;253.5
2024-10-08;Лазарева;Glovo;1;1049.0;0.0
2024-10-08;Лазарева;доставка;33;34677.6;1027.4
2024-10-08;Лазарева;самовывоз;3;1119.7;252.3
2024-10-08;Левітана;Glovo;8;5999.0;0.0
2024-10-08;Левітана;доставка;35;42282.1;1289.9
2024-10-08;Левітана;самовывоз;16;8760.5;1293.5
2024-10-09;Лазарева;Glovo;6;6427.0;0.0
2024-10-09;Лазарева;доставка;40;35617.8;3352.2
2024-10-09;Лазарева;самовывоз;4;2224.0;0.0
2024-10-09;Левітана;Glovo;9;4501.0;285.0
2024-10-09;Левітана;доставка;40;31906.3;2080.7
2024-10-09;Левітана;самовывоз;4;1499.0;0.0
2024-10-10;Лазарева;Glovo;5;3747.0;0.0
2024-10-10;Лазарева;доставка;39;32840.2;1414.8
2024-10-10;Лазарева;самовывоз;2;1025.0;50.0
2024-10-10;Левітана;Glovo;8;4775.0;0.0
2024-10-10;Левітана;доставка;35;34655.5;989.5
2024-10-10;Левітана;самовывоз;5;5024.2;909.8
2024-10-11;Лазарева;Glovo;4;4392.0;0.0
2024-10-11;Лазарева;доставка;41;48330.5;2386.5
2024-10-11;Лазарева;самовывоз;3;1659.5;142.5
2024-10-11;Левітана;Glovo;13;10105.0;0.0
2024-10-11;Левітана;доставка;38;39698.9;1554.1
2024-10-11;Левітана;самовывоз;10;8675.5;687.5
2024-10-12;Лазарева;Glovo;34;23624.0;0.0
2024-10-12;Лазарева;доставка;62;61518.0;3865.0
2024-10-12;Лазарева;самовывоз;9;2991.9;1244.1
2024-10-12;Левітана;Glovo;19;16476.0;0.0
2024-10-12;Левітана;доставка;75;69014.7;1913.3
2024-10-12;Левітана;самовывоз;11;8833.0;524.0
2024-10-13;Лазарева;Glovo;8;6889.0;0.0
2024-10-13;Лазарева;доставка;55;56414.6;3544.4
2024-10-13;Лазарева;самовывоз;5;3733.0;197.0
2024-10-13;Левітана;Glovo;14;11531.0;0.0
2024-10-13;Левітана;доставка;38;40507.7;2153.3
2024-10-13;Левітана;самовывоз;10;6947.4;140.6
2024-10-14;Лазарева;Glovo;7;6124.0;0.0
2024-10-14;Лазарева;доставка;32;30539.0;1628.0
2024-10-14;Лазарева;самовывоз;1;142.5;142.5
2024-10-14;Левітана;Glovo;6;5272.0;0.0
2024-10-14;Левітана;доставка;27;20095.8;1561.2
2024-10-14;Левітана;самовывоз;4;906.5;171.5
2024-10-15;Лазарева;Glovo;21;18246.0;0.0
2024-10-15;Лазарева;доставка;36;35973.2;1981.8
2024-10-15;Лазарева;самовывоз;5;1827.0;333.0
2024-10-15;Левітана;Glovo;8;6637.4;24.6
2024-10-15;Левітана;доставка;37;34177.4;1881.6
2024-10-15;Левітана;самовывоз;6;5719.7;27.3
2024-10-16;Лазарева;Glovo;4;2593.0;0.0
2024-10-16;Лазарева;доставка;24;24168.7;771.3
2024-10-16;Лазарева;самовывоз;3;1677.5;172.5
2024-10-16;Левітана;Glovo;7;8691.0;0.0
2024-10-16;Левітана;доставка;37;34756.9;1558.1
2024-10-16;Левітана;самовывоз;9;9240.0;101.0
2024-10-17;Лазарева;Glovo;6;6388.0;0.0
2024-10-17;Лазарева;доставка;37;43793.0;2996.0
2024-10-17;Лазарева;самовывоз;2;502.5;127.5
2024-10-17;Левітана;Glovo;7;5813.0;0.0
2024-10-17;Левітана;доставка;35;34940.3;943.7
2024-10-17;Левітана;самовывоз;9;7437.5;199.5
2024-10-18;Лазарева;Glovo;7;3479.0;0.0
2024-10-18;Лазарева;доставка;42;39361.8;3178.2
2024-10-18;Лазарева;самовывоз;9;3003.8;656.2
2024-10-18;Левітана;Glovo;9;9581.0;0.0
2024-10-18;Левітана;доставка;48;47531.9;2198.1
2024-10-18;Левітана;самовывоз;12;10411.0;1418.0
2024-10-19;Лазарева;Glovo;12;9671.0;0.0
2024-10-19;Лазарева;доставка;46;47020.8;1803.2
2024-10-19;Лазарева;самовывоз;6;3629.0;618.0
2024-10-19;Левітана;Glovo;16;14216.0;0.0
2024-10-19;Левітана;доставка;53;52532.5;2917.5
2024-10-19;Левітана;самовывоз;16;13935.5;291.5
2024-10-20;Лазарева;Glovo;8;5984.0;0.0
2024-10-20;Лазарева;доставка;45;44552.9;4074.1
2024-10-20;Лазарева;самовывоз;5;3235.8;382.2
2024-10-20;Левітана;Glovo;12;11874.0;0.0
2024-10-20;Левітана;доставка;45;42770.4;2418.6
2024-10-20;Левітана;самовывоз;13;17394.0;513.0
2024-10-21;Лазарева;Glovo;5;3612.0;0.0
2024-10-21;Лазарева;доставка;32;32697.0;1194.0
2024-10-21;Лазарева;самовывоз;5;1920.0;235.0
2024-10-21;Левітана;Glovo;12;8833.0;0.0
2024-10-21;Левітана;доставка;32;26016.4;1808.6
2024-10-21;Левітана;самовывоз;6;4479.5;231.5
2024-10-22;Лазарева;Glovo;2;1089.3;50.7
2024-10-22;Лазарева;доставка;26;23194.6;1838.4
2024-10-22;Лазарева;самовывоз;3;279.0;230.0
2024-10-22;Левітана;Glovo;2;2293.0;0.0
2024-10-22;Левітана;доставка;24;26079.4;863.6
2024-10-22;Левітана;самовывоз;6;1889.0;329.0
2024-10-23;Лазарева;Glovo;14;13548.0;0.0
2024-10-23;Лазарева;доставка;37;34286.9;1432.1
2024-10-23;Лазарева;самовывоз;8;6305.1;213.9
2024-10-23;Левітана;Glovo;3;1136.0;0.0
2024-10-23;Левітана;доставка;39;35717.2;2038.8
2024-10-23;Левітана;самовывоз;15;11793.7;444.3
2024-10-24;Лазарева;Glovo;8;6660.0;0.0
2024-10-24;Лазарева;доставка;44;42559.9;2233.1
2024-10-24;Лазарева;самовывоз;4;5259.0;0.0
2024-10-24;Левітана;Glovo;8;5855.0;0.0
2024-10-24;Левітана;доставка;39;32342.5;1078.5
2024-10-24;Левітана;самовывоз;6;1938.0;149.0
2024-10-25;Лазарева;Glovo;6;5020.8;171.2
2024-10-25;Лазарева;доставка;50;45375.9;1997.1
2024-10-25;Лазарева;самовывоз;2;2378.0;0.0
2024-10-25;Левітана;Glovo;10;6767.0;65.0
2024-10-25;Левітана;доставка;61;65160.0;2711.0
2024-10-25;Левітана;самовывоз;11;11623.5;388.5
2024-10-26;Лазарева;Glovo;15;11865.0;0.0
2024-10-26;Лазарева;доставка;39;38686.8;3003.2
2024-10-26;Лазарева;самовывоз;6;6838.0;301.0
2024-10-26;Левітана;Glovo;11;6540.0;0.0
2024-10-26;Левітана;доставка;58;60501.9;3235.1
2024-10-26;Левітана;самовывоз;11;7170.0;991.0
2024-10-27;Лазарева;Glovo;8;4361.0;0.0
2024-10-27;Лазарева;доставка;48;42888.2;1545.8
2024-10-27;Лазарева;самовывоз;3;1474.6;395.4
2024-10-27;Левітана;Glovo;15;11198.0;228.0
2024-10-27;Левітана;доставка;41;40986.0;2851.0
2024-10-27;Левітана;самовывоз;4;1960.3;597.7
2024-10-28;Лазарева;Glovo;8;6311.0;0.0
2024-10-28;Лазарева;доставка;34;40437.9;2967.1
2024-10-28;Лазарева;самовывоз;3;1027.5;232.5
2024-10-28;Левітана;Glovo;6;3029.0;0.0
2024-10-28;Левітана;доставка;28;27507.6;1581.4
2024-10-28;Левітана;самовывоз;2;837.5;352.5
2024-10-29;Лазарева;Glovo;5;2098.0;0.0
2024-10-29;Лазарева;доставка;29;31290.0;1409.0
2024-10-29;Лазарева;самовывоз;4;1675.5;512.5
2024-10-29;Левітана;Glovo;4;1579.0;0.0
2024-10-29;Левітана;доставка;30;25668.5;2145.5
2024-10-29;Левітана;самовывоз;5;2794.0;350.0
2024-10-30;Лазарева;Glovo;7;4593.0;0.0
2024-10-30;Лазарева;доставка;34;33772.8;1409.2
2024-10-30;Лазарева;самовывоз;4;4358.0;514.0
2024-10-30;Левітана;Glovo;5;4680.0;0.0
2024-10-30;Левітана;доставка;44;43840.6;2443.4
2024-10-30;Левітана;самовывоз;2;1320.0;229.0
2024-10-31;Лазарева;Glovo;4;1970.0;0.0
2024-10-31;Лазарева;доставка;53;60630.6;2409.4
2024-10-31;Лазарева;самовывоз;5;5096.0;175.0
2024-10-31;Левітана;Glovo;9;5801.2;52.8
2024-10-31;Левітана;доставка;48;49655.8;3601.2
2024-10-31;Левітана;самовывоз;9;4902.0;923.0
2024-11-01;Лазарева;Glovo;3;1533.0;0.0
2024-11-01;Лазарева;доставка;57;70031.6;3569.4
2024-11-01;Лазарева;самовывоз;5;3483.0;150.0
2024-11-01;Левітана;Glovo;11;7616.0;0.0
2024-11-01;Левітана;доставка;44;55900.3;2629.7
2024-11-01;Левітана;самовывоз;7;5640.0;336.0
2024-11-02;Лазарева;Glovo;7;5813.0;0.0
2024-11-02;Лазарева;доставка;48;52883.6;3086.4
2024-11-02;Лазарева;самовывоз;4;3277.5;142.5
2024-11-02;Левітана;Glovo;14;11181.0;0.0
2024-11-02;Левітана;доставка;30;39315.8;3568.2
2024-11-02;Левітана;самовывоз;15;14102.0;995.0
2024-11-03;Лазарева;Glovo;9;7547.5;269.3
2024-11-03;Лазарева;доставка;45;49993.7;1683.3
2024-11-03;Лазарева;самовывоз;5;922.5;602.5
2024-11-03;Левітана;Glovo;11;12148.0;0.0
2024-11-03;Левітана;доставка;37;41703.2;2217.8
2024-11-03;Левітана;самовывоз;9;7054.7;335.3
2024-11-04;Лазарева;Glovo;5;5022.0;0.0
2024-11-04;Лазарева;доставка;24;25097.4;1322.6
2024-11-04;Лазарева;самовывоз;3;1558.5;149.5
2024-11-04;Левітана;Glovo;8;4253.0;0.0
2024-11-04;Левітана;доставка;29;28685.1;2638.9
2024-11-04;Левітана;самовывоз;4;2873.5;171.5
2024-11-05;Лазарева;Glovo;5;2147.0;0.0
2024-11-05;Лазарева;доставка;40;39480.5;2287.5
2024-11-05;Лазарева;самовывоз;6;5629.5;226.5
2024-11-05;Левітана;Glovo;5;4777.0;0.0
2024-11-05;Левітана;доставка;36;35608.0;1773.0
2024-11-05;Левітана;самовывоз;4;2074.0;415.0
2024-11-06;Лазарева;Glovo;7;5789.0;0.0
2024-11-06;Лазарева;доставка;33;29441.8;1560.2
2024-11-06;Лазарева;самовывоз;7;5295.5;597.5
2024-11-06;Левітана;Glovo;11;12774.0;0.0
2024-11-06;Левітана;доставка;25;21778.5;892.5
2024-11-06;Левітана;самовывоз;10;5211.5;587.5
2024-11-07;Лазарева;Glovo;8;9617.1;657.9
2024-11-07;Лазарева;доставка;37;34071.1;1417.9
2024-11-07;Лазарева;самовывоз;3;995.0;0.0
2024-11-07;Левітана;Glovo;10;8297.0;0.0
2024-11-07;Левітана;доставка;45;48054.7;1834.3
2024-11-07;Левітана;самовывоз;5;4731.5;157.5
2024-11-08;Лазарева;Glovo;8;6166.0;0.0
2024-11-08;Лазарева;доставка;44;59416.6;3317.4
2024-11-08;Лазарева;самовывоз;4;1645.0;160.0
2024-11-08;Левітана;Glovo;10;9319.0;0.0
2024-11-08;Левітана;доставка;59;62909.9;3710.1
2024-11-08;Левітана;самовывоз;9;6467.0;850.0
2024-11-09;Лазарева;Glovo;11;8416.0;0.0
2024-11-09;Лазарева;доставка;50;52799.6;3113.4
2024-11-09;Лазарева;самовывоз;4;2112.5;184.5
2024-11-09;Левітана;Glovo;3;1380.0;0.0
2024-11-09;Левітана;доставка;65;74440.7;3715.3
2024-11-09;Левітана;самовывоз;16;13352.5;259.5
2024-11-10;Лазарева;Glovo;15;9817.0;0.0
2024-11-10;Лазарева;доставка;43;44907.5;2490.5
2024-11-10;Лазарева;самовывоз;7;5605.2;144.8
2024-11-10;Левітана;Glovo;14;11189.0;0.0
2024-11-10;Левітана;доставка;42;39667.9;1666.1
2024-11-10;Левітана;самовывоз;16;13644.3;922.7
2024-11-11;Лазарева;Glovo;9;6781.0;0.0
2024-11-11;Лазарева;доставка;31;33535.8;1287.2
2024-11-11;Лазарева;самовывоз;8;5865.3;192.7
2024-11-11;Левітана;Glovo;5;2696.0;0.0
2024-11-11;Левітана;доставка;28;22582.3;1256.7
2024-11-11;Левітана;самовывоз;5;3517.0;485.0
2024-11-12;Лазарева;Glovo;13;13287.0;0.0
2024-11-12;Лазарева;доставка;31;31752.2;691.8
2024-11-12;Левітана;Glovo;10;9926.0;0.0
2024-11-12;Левітана;доставка;37;30643.1;1239.9
2024-11-12;Левітана;самовывоз;7;5005.7;304.3
2024-11-13;Лазарева;Glovo;10;9913.0;0.0
2024-11-13;Лазарева;доставка;31;35892.3;2274.7
2024-11-13;Лазарева;самовывоз;5;3766.5;147.5
2024-11-13;Левітана;Glovo;6;4899.0;0.0
2024-11-13;Левітана;доставка;22;16162.9;1786.1
2024-11-13;Левітана;самовывоз;7;3079.0;517.0
2024-11-14;Лазарева;Glovo;7;4210.0;0.0
2024-11-14;Лазарева;доставка;29;33148.6;1339.4
2024-11-14;Лазарева;самовывоз;4;2892.0;18.0
2024-11-14;Левітана;Glovo;9;9993.0;0.0
2024-11-14;Левітана;доставка;31;33963.4;941.6
2024-11-14;Левітана;самовывоз;6;6037.5;1268.5
2024-11-15;Лазарева;Glovo;12;10644.0;0.0
2024-11-15;Лазарева;доставка;46;53161.7;3390.3
2024-11-15;Лазарева;самовывоз;3;1840.5;157.5
2024-11-15;Левітана;Glovo;15;11506.0;0.0
2024-11-15;Левітана;доставка;47;44666.0;2684.0
2024-11-15;Левітана;самовывоз;19;12571.8;2037.2
2024-11-16;Лазарева;Glovo;11;9609.0;0.0
2024-11-16;Лазарева;доставка;62;70805.3;2483.7
2024-11-16;Лазарева;самовывоз;6;5236.0;0.0
2024-11-16;Левітана;Glovo;18;15746.0;0.0
2024-11-16;Левітана;доставка;59;55862.3;3727.7
2024-11-16;Левітана;самовывоз;14;8015.3;578.7
2024-11-17;Лазарева;Glovo;1;490.0;0.0
2024-11-17;Лазарева;доставка;14;19202.1;455.9
2024-11-17;Лазарева;самовывоз;2;2254.0;0.0
2024-11-17;Левітана;Glovo;23;24904.3;295.7
2024-11-17;Левітана;доставка;53;49273.2;2202.8
2024-11-17;Левітана;самовывоз;11;5891.0;671.0
2024-11-18;Лазарева;Glovo;16;19916.0;0.0
2024-11-18;Лазарева;доставка;28;27680.4;913.6
2024-11-18;Лазарева;самовывоз;3;1392.5;157.5
2024-11-18;Левітана;Glovo;15;10229.0;0.0
2024-11-18;Левітана;доставка;20;17280.8;400.2
2024-11-18;Левітана;самовывоз;9;4254.0;699.0
2024-11-19;Лазарева;Glovo;6;4351.0;0.0
2024-11-19;Лазарева;доставка;36;34534.9;2522.1
2024-11-19;Лазарева;самовывоз;5;5491.5;147.5
2024-11-19;Левітана;Glovo;8;7666.0;0.0
2024-11-19;Левітана;доставка;31;27932.6;1296.4
2024-11-19;Левітана;самовывоз;12;8397.7;1316.3
2024-11-20;Лазарева;Glovo;10;11067.0;0.0
2024-11-20;Лазарева;доставка;25;29108.1;1559.9
2024-11-20;Лазарева;самовывоз;3;737.5;147.5
2024-11-20;Левітана;Glovo;11;7162.0;0.0
2024-11-20;Левітана;доставка;24;22131.9;1366.1
2024-11-20;Левітана;самовывоз;4;1694.5;235.5
2024-11-21;Лазарева;Glovo;14;9194.0;0.0
2024-11-21;Лазарева;доставка;28;32951.0;1217.0
2024-11-21;Лазарева;самовывоз;3;1007.2;222.8
2024-11-21;Левітана;Glovo;16;11466.0;0.0
2024-11-21;Левітана;доставка;35;32169.3;2229.7
2024-11-21;Левітана;самовывоз;6;3743.0;137.0
2024-11-22;Лазарева;Glovo;8;7667.0;0.0
2024-11-22;Лазарева;доставка;64;66885.2;5013.8
2024-11-22;Лазарева;самовывоз;8;6861.2;861.8
2024-11-22;Левітана;Glovo;16;13650.0;0.0
2024-11-22;Левітана;доставка;51;48300.0;3492.0
2024-11-22;Левітана;самовывоз;22;14760.2;1373.8
2024-11-23;Лазарева;Glovo;20;18367.0;0.0
2024-11-23;Лазарева;доставка;49;53185.0;3737.0
2024-11-23;Лазарева;самовывоз;5;5607.8;465.2
2024-11-23;Левітана;Glovo;14;8775.0;0.0
2024-11-23;Левітана;доставка;64;62972.0;2770.0
2024-11-23;Левітана;самовывоз;9;8205.0;712.0
2024-11-24;Лазарева;Glovo;18;15817.0;0.0
2024-11-24;Лазарева;доставка;39;41350.1;1996.9
2024-11-24;Лазарева;самовывоз;3;2354.3;375.7
2024-11-24;Левітана;Glovo;9;7800.0;0.0
2024-11-24;Левітана;доставка;46;42082.6;3357.4
2024-11-24;Левітана;самовывоз;6;3027.0;358.0
2024-11-25;Лазарева;Glovo;13;9127.0;0.0
2024-11-25;Лазарева;доставка;26;28980.9;1395.1
2024-11-25;Лазарева;самовывоз;10;4020.9;1133.1
2024-11-25;Левітана;Glovo;16;9163.0;0.0
2024-11-25;Левітана;доставка;30;29853.6;1688.4
2024-11-25;Левітана;самовывоз;3;560.5;404.5
2024-11-26;Лазарева;Glovo;24;18455.0;0.0
2024-11-26;Лазарева;доставка;31;30067.7;1662.3
2024-11-26;Лазарева;самовывоз;3;1545.0;0.0
2024-11-26;Левітана;Glovo;16;13410.0;0.0
2024-11-26;Левітана;доставка;32;26387.9;1516.1
2024-11-26;Левітана;самовывоз;11;5695.0;587.0
2024-11-27;Лазарева;Glovo;11;5980.0;0.0
2024-11-27;Лазарева;доставка;27;32064.7;1414.3
2024-11-27;Лазарева;самовывоз;5;2927.5;424.5
2024-11-27;Левітана;Glovo;8;7508.0;0.0
2024-11-27;Левітана;доставка;40;36217.4;953.6
2024-11-27;Левітана;самовывоз;6;2581.0;267.0
2024-11-28;Лазарева;Glovo;10;7976.0;0.0
2024-11-28;Лазарева;доставка;37;39396.8;1344.2
2024-11-28;Лазарева;самовывоз;1;488.0;0.0
2024-11-28;Левітана;Glovo;10;10058.0;0.0
2024-11-28;Левітана;доставка;41;38927.0;2560.0
2024-11-28;Левітана;самовывоз;9;3269.6;550.4
2024-11-29;Лазарева;Glovo;18;14845.0;0.0
2024-11-29;Лазарева;доставка;47;45964.9;2083.1
2024-11-29;Лазарева;самовывоз;5;3360.5;209.5
2024-11-29;Левітана;Glovo;17;16000.0;0.0
2024-11-29;Левітана;доставка;61;61023.5;2711.5
2024-11-29;Левітана;самовывоз;12;10079.5;394.5
2024-11-30;Лазарева;Glovo;12;9501.0;0.0
2024-11-30;Лазарева;доставка;43;42763.7;2617.3
2024-11-30;Лазарева;самовывоз;3;731.5;132.5
2024-11-30;Левітана;Glovo;14;10334.0;0.0
2024-11-30;Левітана;доставка;64;65831.1;3819.9
2024-11-30;Левітана;самовывоз;11;11567.4;1184.6
2024-12-01;Лазарева;Glovo;13;8946.0;0.0
2024-12-01;Лазарева;доставка;44;48873.6;3341.4
2024-12-01;Лазарева;самовывоз;4;2804.0;336.0
2024-12-01;Левітана;Glovo;18;13224.0;0.0
2024-12-01;Левітана;доставка;37;41130.2;1850.8
2024-12-01;Левітана;самовывоз;12;12093.0;302.0
2024-12-02;Лазарева;Glovo;12;11678.0;0.0
2024-12-02;Лазарева;доставка;24;21300.3;831.7
2024-12-02;Левітана;Glovo;4;2576.0;0.0
2024-12-02;Левітана;доставка;30;28175.5;1582.5
2024-12-02;Левітана;самовывоз;13;6908.5;1339.5
2024-12-03;Лазарева;Glovo;6;4416.0;0.0
2024-12-03;Лазарева;доставка;30;29965.9;2109.1
2024-12-03;Лазарева;самовывоз;3;2313.0;42.0
2024-12-03;Левітана;Glovo;9;4909.0;0.0
2024-12-03;Левітана;доставка;33;35116.2;1179.8
2024-12-03;Левітана;самовывоз;7;3919.3;612.7
2024-12-04;Лазарева;Glovo;7;4904.0;0.0
2024-12-04;Лазарева;доставка;25;27240.9;1586.1
2024-12-04;Лазарева;самовывоз;2;387.1;506.9
2024-12-04;Левітана;Glovo;7;6961.0;0.0
2024-12-04;Левітана;доставка;31;31976.0;1761.0
2024-12-04;Левітана;самовывоз;6;2710.0;0.0
2024-12-05;Лазарева;Glovo;5;5504.0;0.0
2024-12-05;Лазарева;доставка;41;43815.9;723.1
2024-12-05;Лазарева;самовывоз;4;2877.0;297.0
2024-12-05;Левітана;Glovo;8;6917.0;0.0
2024-12-05;Левітана;доставка;37;31867.4;1948.6
2024-12-05;Левітана;самовывоз;8;2600.5;476.5
2024-12-06;Лазарева;Glovo;28;18565.0;0.0
2024-12-06;Лазарева;доставка;52;57009.8;5370.2
2024-12-06;Лазарева;самовывоз;7;3478.9;790.1
2024-12-06;Левітана;Glovo;27;24206.0;0.0
2024-12-06;Левітана;доставка;64;69536.5;3556.5
2024-12-06;Левітана;самовывоз;10;8563.0;339.0
2024-12-07;Лазарева;Glovo;25;20752.0;0.0
2024-12-07;Лазарева;доставка;42;45804.8;2612.2
2024-12-07;Лазарева;самовывоз;4;2155.0;0.0
2024-12-07;Левітана;Glovo;12;6781.0;0.0
2024-12-07;Левітана;доставка;57;67440.2;3088.8
2024-12-07;Левітана;самовывоз;10;9740.0;628.0
2024-12-08;Лазарева;Glovo;12;10020.0;0.0
2024-12-08;Лазарева;доставка;42;42640.1;4237.9
2024-12-08;Лазарева;самовывоз;3;959.0;0.0
2024-12-08;Левітана;Glovo;9;6621.2;91.8
2024-12-08;Левітана;доставка;44;48750.2;2802.8
2024-12-08;Левітана;самовывоз;12;8769.5;226.5
2024-12-09;Лазарева;Glovo;34;19043.0;0.0
2024-12-09;Лазарева;доставка;29;32830.9;595.1
2024-12-09;Лазарева;самовывоз;1;325.0;0.0
2024-12-09;Левітана;Glovo;44;31029.0;0.0
2024-12-09;Левітана;доставка;34;28947.5;1456.5
2024-12-09;Левітана;самовывоз;9;4751.5;875.5
2024-12-10;Лазарева;Glovo;42;24370.0;0.0
2024-12-10;Лазарева;доставка;21;22885.8;826.2
2024-12-10;Лазарева;самовывоз;2;2270.0;458.0
2024-12-10;Левітана;Glovo;44;27285.2;27.8
2024-12-10;Левітана;доставка;24;23762.8;2000.2
2024-12-10;Левітана;самовывоз;10;7354.2;423.8
2024-12-11;Лазарева;Glovo;8;5355.0;0.0
2024-12-11;Лазарева;доставка;36;35300.8;2467.2
2024-12-11;Лазарева;самовывоз;2;273.8;266.2
2024-12-11;Левітана;Glovo;14;11985.0;0.0
2024-12-11;Левітана;доставка;38;36086.8;1558.2
2024-12-11;Левітана;самовывоз;13;8933.2;787.8
2024-12-12;Лазарева;Glovo;8;5819.0;0.0
2024-12-12;Лазарева;доставка;35;44906.6;2173.4
2024-12-12;Лазарева;самовывоз;5;3171.0;68.0
2024-12-12;Левітана;Glovo;16;10805.0;0.0
2024-12-12;Левітана;доставка;32;27236.3;1767.7
2024-12-12;Левітана;самовывоз;9;6103.5;650.5
2024-12-13;Лазарева;Glovo;18;12480.0;0.0
2024-12-13;Лазарева;доставка;54;53305.6;4278.4
2024-12-13;Лазарева;самовывоз;11;9121.8;1001.2
2024-12-13;Левітана;Glovo;31;23245.7;55.3
2024-12-13;Левітана;доставка;50;54030.9;3680.1
2024-12-13;Левітана;самовывоз;17;10704.5;908.5
2024-12-14;Лазарева;Glovo;13;11482.0;0.0
2024-12-14;Лазарева;доставка;53;58578.0;3300.0
2024-12-14;Лазарева;самовывоз;4;2476.3;367.7
2024-12-14;Левітана;Glovo;8;5207.8;26.8
2024-12-14;Левітана;доставка;55;55534.9;2943.1
2024-12-14;Левітана;самовывоз;11;7936.3;696.7
2024-12-15;Лазарева;Glovo;15;12500.0;0.0
2024-12-15;Лазарева;доставка;47;45608.7;2024.3
2024-12-15;Лазарева;самовывоз;8;2853.8;380.2
2024-12-15;Левітана;Glovo;16;9995.8;0.0
2024-12-15;Левітана;доставка;51;42961.4;2394.6
2024-12-15;Левітана;самовывоз;15;9724.1;695.9
2024-12-16;Лазарева;Glovo;9;6148.0;0.0
2024-12-16;Лазарева;доставка;30;32510.4;1787.6
2024-12-16;Лазарева;самовывоз;3;2039.0;39.0
2024-12-16;Левітана;Glovo;10;8238.0;0.0
2024-12-16;Левітана;доставка;28;27714.4;1206.6
2024-12-16;Левітана;самовывоз;1;520.0;0.0
2024-12-17;Лазарева;Glovo;6;3903.0;0.0
2024-12-17;Лазарева;доставка;25;24843.3;1523.7
2024-12-17;Лазарева;самовывоз;3;1190.0;295.0
2024-12-17;Левітана;Glovo;9;7196.6;0.0
2024-12-17;Левітана;доставка;22;25457.5;1225.5
2024-12-17;Левітана;самовывоз;10;4443.5;799.5
2024-12-18;Лазарева;Glovo;9;7206.0;0.0
2024-12-18;Лазарева;доставка;39;39237.6;2923.4
2024-12-18;Лазарева;самовывоз;3;3007.0;250.0
2024-12-18;Левітана;Glovo;9;7231.0;0.0
2024-12-18;Левітана;доставка;34;26876.3;1286.7
2024-12-18;Левітана;самовывоз;14;9809.5;725.5
2024-12-19;Лазарева;Glovo;8;10221.0;0.0
2024-12-19;Лазарева;доставка;40;43810.2;3374.8
2024-12-19;Лазарева;самовывоз;2;1515.0;0.0
2024-12-19;Левітана;Glovo;12;10457.0;0.0
2024-12-19;Левітана;доставка;34;35051.3;1511.7
2024-12-19;Левітана;самовывоз;2;2575.0;0.0
2024-12-20;Лазарева;Glovo;12;9030.8;35.0
2024-12-20;Лазарева;доставка;43;49310.9;1525.1
2024-12-20;Лазарева;самовывоз;8;6928.3;564.7
2024-12-20;Левітана;Glovo;13;12684.0;0.0
2024-12-20;Левітана;доставка;58;60329.3;3823.7
2024-12-20;Левітана;самовывоз;14;5812.5;1128.5
2024-12-21;Лазарева;Glovo;13;9644.0;0.0
2024-12-21;Лазарева;доставка;52;61036.5;2153.5
2024-12-21;Лазарева;самовывоз;5;2738.0;499.0
2024-12-21;Левітана;Glovo;25;23879.0;0.0
2024-12-21;Левітана;доставка;61;65894.5;4172.5
2024-12-21;Левітана;самовывоз;9;8706.5;470.5
2024-12-22;Лазарева;Glovo;30;24511.0;27.8
2024-12-22;Лазарева;доставка;47;44650.9;1710.1
2024-12-22;Лазарева;самовывоз;1;157.5;157.5
2024-12-22;Левітана;Glovo;21;17870.0;0.0
2024-12-22;Левітана;доставка;36;40945.1;1296.9
2024-12-22;Левітана;самовывоз;8;6433.1;98.9
2024-12-23;Лазарева;Glovo;4;2798.8;0.0
2024-12-23;Лазарева;доставка;15;14419.2;1376.8
2024-12-23;Лазарева;самовывоз;1;149.5;149.5
2024-12-23;Левітана;Glovo;4;3029.0;0.0
2024-12-23;Левітана;доставка;7;7657.8;99.2
2024-12-23;Левітана;самовывоз;2;1126.0;28.0
2024-12-24;Лазарева;Glovo;14;12797.8;0.0
2024-12-24;Лазарева;доставка;30;34788.4;2720.6
2024-12-24;Лазарева;самовывоз;2;1950.0;0.0
2024-12-24;Левітана;Glovo;16;13107.0;0.0
2024-12-24;Левітана;доставка;43;36982.0;1920.0
2024-12-24;Левітана;самовывоз;9;9060.0;563.0
2024-12-25;Лазарева;Glovo;25;18460.0;0.0
2024-12-25;Лазарева;доставка;37;44650.2;2359.8
2024-12-25;Лазарева;самовывоз;4;3793.0;0.0
2024-12-25;Левітана;Glovo;15;13242.0;0.0
2024-12-25;Левітана;доставка;55;54345.7;3578.3
2024-12-25;Левітана;самовывоз;12;10601.5;737.5
2024-12-26;Лазарева;Glovo;8;7401.0;0.0
2024-12-26;Лазарева;доставка;32;38231.2;1777.8
2024-12-26;Лазарева;самовывоз;3;2627.0;100.0
2024-12-26;Левітана;Glovo;15;11953.0;0.0
2024-12-26;Левітана;доставка;47;50641.5;2142.5
2024-12-26;Левітана;самовывоз;14;9021.5;556.5
2024-12-27;Лазарева;Glovo;10;6235.0;0.0
2024-12-27;Лазарева;доставка;54;60206.0;2514.0
2024-12-27;Лазарева;самовывоз;2;1160.0;124.0
2024-12-27;Левітана;Glovo;19;13347.0;0.0
2024-12-27;Левітана;доставка;56;58071.7;3020.3
2024-12-27;Левітана;самовывоз;9;7838.5;620.5
2024-12-28;Лазарева;Glovo;15;10876.0;0.0
2024-12-28;Лазарева;доставка;44;43287.4;2857.6
2024-12-28;Лазарева;самовывоз;1;592.0;98.0
2024-12-28;Левітана;Glovo;13;9031.0;0.0
2024-12-28;Левітана;доставка;42;39871.2;2453.8
2024-12-28;Левітана;самовывоз;11;6981.5;765.5
2024-12-29;Лазарева;Glovo;5;4368.5;106.5
2024-12-29;Лазарева;доставка;40;37331.3;2509.7
2024-12-29;Лазарева;самовывоз;3;1047.5;132.5
2024-12-29;Левітана;Glovo;13;9408.0;0.0
2024-12-29;Левітана;доставка;57;59693.8;1970.2
2024-12-29;Левітана;самовывоз;11;10325.2;120.8
2024-12-30;Лазарева;Glovo;45;32484.0;0.0
2024-12-30;Лазарева;доставка;34;55595.0;890.0
2024-12-30;Лазарева;самовывоз;3;924.0;81.0
2024-12-30;Левітана;Glovo;38;28579.0;0.0
2024-12-30;Левітана;доставка;37;38696.7;1887.3
2024-12-30;Левітана;самовывоз;8;3912.5;147.5
2024-12-31;Лазарева;Glovo;22;18143.6;578.4
2024-12-31;Лазарева;доставка;74;108721.2;2733.8
2024-12-31;Лазарева;самовывоз;12;9791.8;1040.2
2024-12-31;Левітана;Glovo;20;19781.0;29.0
2024-12-31;Левітана;доставка;79;125706.2;3073.8
2024-12-31;Левітана;самовывоз;27;27278.7;662.3
2025-01-01;Лазарева;Glovo;25;20253.0;0.0
2025-01-01;Лазарева;доставка;22;22050.8;258.2
2025-01-01;Лазарева;самовывоз;2;6195.0;0.0
2025-01-01;Левітана;Glovo;27;20284.5;584.5
2025-01-01;Левітана;доставка;35;40097.9;773.1
2025-01-01;Левітана;самовывоз;7;5458.4;186.6
2025-01-02;Лазарева;Glovo;7;5802.0;0.0
2025-01-02;Лазарева;доставка;20;22770.2;383.8
2025-01-02;Лазарева;самовывоз;3;1512.5;192.5
2025-01-02;Левітана;Glovo;15;11122.3;24.7
2025-01-02;Левітана;доставка;27;28273.7;677.3
2025-01-02;Левітана;самовывоз;14;12726.0;676.0
2025-01-03;Лазарева;Glovo;9;6243.0;0.0
2025-01-03;Лазарева;доставка;31;34573.3;1523.7
2025-01-03;Лазарева;самовывоз;4;1533.0;335.0
2025-01-03;Левітана;Glovo;10;7509.0;0.0
2025-01-03;Левітана;доставка;30;34796.0;1720.0
2025-01-03;Левітана;самовывоз;7;8331.0;683.0
2025-01-04;Лазарева;Glovo;9;6834.0;0.0
2025-01-04;Лазарева;доставка;33;33173.2;1721.8
2025-01-04;Лазарева;самовывоз;4;3794.0;0.0
2025-01-04;Левітана;Glovo;6;3691.5;792.5
2025-01-04;Левітана;доставка;45;45359.7;1559.3
2025-01-04;Левітана;самовывоз;9;10649.5;549.5
2025-01-05;Лазарева;Glovo;12;7355.0;0.0
2025-01-05;Лазарева;доставка;24;27982.2;1597.8
2025-01-05;Лазарева;самовывоз;3;1837.5;147.5
2025-01-05;Левітана;Glovo;8;7534.0;0.0
2025-01-05;Левітана;доставка;35;27735.1;2496.9
2025-01-05;Левітана;самовывоз;2;1421.0;166.0
2025-01-06;Лазарева;Glovo;7;5173.0;0.0
2025-01-06;Лазарева;доставка;15;13524.1;357.9
2025-01-06;Лазарева;самовывоз;6;2880.3;208.7
2025-01-06;Левітана;Glovo;10;10029.0;0.0
2025-01-06;Левітана;доставка;39;35578.0;2092.0
2025-01-06;Левітана;самовывоз;9;3493.0;802.0
2025-01-07;Лазарева;Glovo;9;8032.0;0.0
2025-01-07;Лазарева;доставка;27;24943.6;2198.4
2025-01-07;Лазарева;самовывоз;3;2070.5;149.5
2025-01-07;Левітана;Glovo;12;9343.0;0.0
2025-01-07;Левітана;доставка;29;27335.2;607.8
2025-01-07;Левітана;самовывоз;9;4856.0;954.0
2025-01-08;Лазарева;Glovo;9;10413.0;0.0
2025-01-08;Лазарева;доставка;26;26405.7;1257.3
2025-01-08;Лазарева;самовывоз;5;3055.5;359.5
2025-01-08;Левітана;Glovo;9;6453.0;0.0
2025-01-08;Левітана;доставка;34;33879.6;1284.4
2025-01-08;Левітана;самовывоз;5;2463.5;459.5
2025-01-09;Лазарева;Glovo;4;2959.0;0.0
2025-01-09;Лазарева;доставка;25;31154.2;1373.8
2025-01-09;Лазарева;самовывоз;4;2880.0;64.0
2025-01-09;Левітана;Glovo;7;6110.0;0.0
2025-01-09;Левітана;доставка;25;26413.3;1406.7
2025-01-09;Левітана;самовывоз;9;4953.0;410.0
2025-01-10;Лазарева;Glovo;4;2188.0;0.0
2025-01-10;Лазарева;доставка;39;44259.6;1049.1
2025-01-10;Лазарева;самовывоз;2;951.0;69.0
2025-01-10;Левітана;Glovo;14;13377.0;0.0
2025-01-10;Левітана;доставка;43;39562.8;1121.2
2025-01-10;Левітана;самовывоз;9;9667.0;126.0
2025-01-11;Лазарева;Glovo;8;5448.0;0.0
2025-01-11;Лазарева;доставка;42;42420.3;3115.7
2025-01-11;Лазарева;самовывоз;5;1889.0;37.0
2025-01-11;Левітана;Glovo;12;9963.0;0.0
2025-01-11;Левітана;доставка;45;53696.4;2489.6
2025-01-11;Левітана;самовывоз;5;4411.0;0.0
2025-01-12;Лазарева;Glovo;9;6270.0;0.0
2025-01-12;Лазарева;доставка;40;40511.3;1287.7
2025-01-12;Лазарева;самовывоз;1;820.0;0.0
2025-01-12;Левітана;Glovo;7;6039.0;0.0
2025-01-12;Левітана;доставка;44;47763.1;1351.9
2025-01-12;Левітана;самовывоз;8;8131.0;119.0
2025-01-13;Лазарева;Glovo;10;8644.0;0.0
2025-01-13;Лазарева;доставка;25;26029.9;1282.1
2025-01-13;Лазарева;самовывоз;3;1856.5;149.5
2025-01-13;Левітана;Glovo;9;7462.0;0.0
2025-01-13;Левітана;доставка;27;23772.0;556.0
2025-01-13;Левітана;самовывоз;9;3585.4;832.6
2025-01-14;Лазарева;Glovo;12;8226.0;0.0
2025-01-14;Лазарева;доставка;25;30762.3;1915.7
2025-01-14;Лазарева;самовывоз;3;700.5;188.5
2025-01-14;Левітана;Glovo;10;6339.0;0.0
2025-01-14;Левітана;доставка;25;26302.7;1465.3
2025-01-14;Левітана;самовывоз;6;4003.1;656.9
2025-01-15;Лазарева;Glovo;10;8929.6;200.4
2025-01-15;Лазарева;доставка;23;24185.1;1096.9
2025-01-15;Лазарева;самовывоз;1;295.0;0.0
2025-01-15;Левітана;Glovo;7;4400.0;0.0
2025-01-15;Левітана;доставка;28;30294.4;1576.6
2025-01-15;Левітана;самовывоз;9;5992.5;936.5
2025-01-16;Лазарева;Glovo;12;10903.0;0.0
2025-01-16;Лазарева;доставка;27;28171.5;1123.5
2025-01-16;Лазарева;самовывоз;2;1681.0;136.0
2025-01-16;Левітана;Glovo;19;13793.0;0.0
2025-01-16;Левітана;доставка;28;28577.4;1285.6
2025-01-16;Левітана;самовывоз;7;5286.6;273.4
2025-01-17;Лазарева;Glovo;21;22244.0;0.0
2025-01-17;Лазарева;доставка;47;49068.8;1179.2
2025-01-17;Лазарева;самовывоз;6;3978.0;317.0
2025-01-17;Левітана;Glovo;10;7176.2;52.8
2025-01-17;Левітана;доставка;56;56326.3;3380.7
2025-01-17;Левітана;самовывоз;18;12954.5;573.5
2025-01-18;Лазарева;Glovo;14;11733.7;86.3
2025-01-18;Лазарева;доставка;60;60258.3;3753.7
2025-01-18;Лазарева;самовывоз;4;2923.0;0.0
2025-01-18;Левітана;Glovo;14;13486.0;0.0
2025-01-18;Левітана;доставка;57;57795.7;3619.3
2025-01-18;Левітана;самовывоз;14;9612.0;708.0
2025-01-19;Лазарева;Glovo;18;16297.0;0.0
2025-01-19;Лазарева;доставка;50;51801.4;2235.6
2025-01-19;Лазарева;самовывоз;5;5706.0;375.0
2025-01-19;Левітана;Glovo;13;10189.0;0.0
2025-01-19;Левітана;доставка;48;51827.9;2029.1
2025-01-19;Левітана;самовывоз;7;7215.0;29.0
2025-01-20;Лазарева;Glovo;9;5592.0;0.0
2025-01-20;Лазарева;доставка;22;21352.2;1271.8
2025-01-20;Лазарева;самовывоз;2;1122.5;282.5
2025-01-20;Левітана;Glovo;12;10161.0;0.0
2025-01-20;Левітана;доставка;20;23060.6;783.4
2025-01-20;Левітана;самовывоз;7;3221.5;379.5
2025-01-21;Лазарева;Glovo;11;8184.0;0.0
2025-01-21;Лазарева;доставка;22;20037.1;366.9
2025-01-21;Лазарева;самовывоз;2;216.5;147.5
2025-01-21;Левітана;Glovo;10;7626.1;278.9
2025-01-21;Левітана;доставка;32;29699.5;2652.5
2025-01-21;Левітана;самовывоз;6;4267.5;192.5
2025-01-22;Лазарева;Glovo;8;5196.0;0.0
2025-01-22;Лазарева;доставка;27;27902.7;2396.3
2025-01-22;Лазарева;самовывоз;2;2191.0;0.0
2025-01-22;Левітана;Glovo;14;12845.0;0.0
2025-01-22;Левітана;доставка;35;28872.6;2424.4
2025-01-22;Левітана;самовывоз;5;2754.5;548.5
2025-01-23;Лазарева;Glovo;6;4866.0;0.0
2025-01-23;Лазарева;доставка;38;43670.2;4167.8
2025-01-23;Лазарева;самовывоз;9;5561.7;895.3
2025-01-23;Левітана;Glovo;13;6856.0;0.0
2025-01-23;Левітана;доставка;22;27666.7;762.3
2025-01-23;Левітана;самовывоз;4;3624.0;0.0
2025-01-24;Лазарева;Glovo;13;12342.0;0.0
2025-01-24;Лазарева;доставка;53;55736.0;5667.0
2025-01-24;Лазарева;самовывоз;3;2009.5;365.5
2025-01-24;Левітана;Glovo;21;14648.0;0.0
2025-01-24;Левітана;доставка;45;44560.7;4729.3
2025-01-24;Левітана;самовывоз;8;5055.0;464.0
2025-01-25;Лазарева;Glovo;15;13140.0;0.0
2025-01-25;Лазарева;доставка;44;52672.0;3768.0
2025-01-25;Лазарева;самовывоз;6;2900.0;307.0
2025-01-25;Левітана;Glovo;14;12979.0;0.0
2025-01-25;Левітана;доставка;65;67416.6;2409.4
2025-01-25;Левітана;самовывоз;12;9187.0;586.0
2025-01-26;Лазарева;Glovo;15;12680.0;0.0
2025-01-26;Лазарева;доставка;38;42816.8;2409.2
2025-01-26;Лазарева;самовывоз;2;1221.0;64.0
2025-01-26;Левітана;Glovo;14;11570.0;0.0
2025-01-26;Левітана;доставка;41;44378.3;2657.7
2025-01-26;Левітана;самовывоз;10;6941.0;1383.0
2025-01-27;Лазарева;Glovo;11;6083.0;0.0
2025-01-27;Лазарева;доставка;27;30667.7;561.3
2025-01-27;Лазарева;самовывоз;4;2348.8;86.2
2025-01-27;Левітана;Glovo;10;7578.0;30.0
2025-01-27;Левітана;доставка;27;27371.6;723.4
2025-01-27;Левітана;самовывоз;9;3382.7;229.3
2025-01-28;Лазарева;Glovo;10;6323.0;0.0
2025-01-28;Лазарева;доставка;38;35849.5;1409.5
2025-01-28;Лазарева;самовывоз;2;1339.0;26.0
2025-01-28;Левітана;Glovo;9;6459.0;0.0
2025-01-28;Левітана;доставка;36;30030.2;1143.8
2025-01-28;Левітана;самовывоз;6;3301.8;990.2
2025-01-29;Лазарева;Glovo;10;6696.0;0.0
2025-01-29;Лазарева;доставка;35;39598.5;1669.5
2025-01-29;Лазарева;самовывоз;2;1915.8;28.2
2025-01-29;Левітана;Glovo;13;8758.0;0.0
2025-01-29;Левітана;доставка;25;22294.4;1434.6
2025-01-29;Левітана;самовывоз;7;6811.2;165.8
2025-01-30;Лазарева;Glovo;4;3227.0;0.0
2025-01-30;Лазарева;доставка;35;31795.1;698.9
2025-01-30;Лазарева;самовывоз;7;5864.5;264.5
2025-01-30;Левітана;Glovo;14;11521.0;0.0
2025-01-30;Левітана;доставка;34;32881.2;1939.8
2025-01-30;Левітана;самовывоз;5;4157.2;47.8
2025-01-31;Лазарева;Glovo;15;12377.0;0.0
2025-01-31;Лазарева;доставка;37;36170.8;1469.2
2025-01-31;Лазарева;самовывоз;4;3990.0;0.0
2025-01-31;Левітана;Glovo;7;3411.1;816.9
2025-01-31;Левітана;доставка;54;54725.7;2568.3
2025-01-31;Левітана;самовывоз;12;8017.0;85.0
2025-02-01;Лазарева;Glovo;12;8835.0;0.0
2025-02-01;Лазарева;доставка;54;54963.1;2405.9
2025-02-01;Лазарева;самовывоз;8;7671.5;498.5
2025-02-01;Левітана;Glovo;17;12826.0;0.0
2025-02-01;Левітана;доставка;49;52636.2;1997.8
2025-02-01;Левітана;самовывоз;9;8387.8;671.2
2025-02-02;Лазарева;Glovo;14;12371.6;76.4
2025-02-02;Лазарева;доставка;36;49812.4;2172.6
2025-02-02;Лазарева;самовывоз;5;5240.2;649.8
2025-02-02;Левітана;Glovo;22;18822.5;294.5
2025-02-02;Левітана;доставка;37;37381.6;1548.4
2025-02-02;Левітана;самовывоз;13;8354.7;572.3
2025-02-03;Лазарева;Glovo;8;6423.0;0.0
2025-02-03;Лазарева;доставка;21;22178.2;449.8
2025-02-03;Лазарева;самовывоз;2;1319.5;167.5
2025-02-03;Левітана;Glovo;10;9188.0;0.0
2025-02-03;Левітана;доставка;33;30010.6;1313.4
2025-02-03;Левітана;самовывоз;3;1786.0;84.0
2025-02-04;Лазарева;Glovo;5;3499.0;0.0
2025-02-04;Лазарева;доставка;32;32714.5;1169.5
2025-02-04;Лазарева;самовывоз;3;1572.5;242.5
2025-02-04;Левітана;Glovo;9;9042.0;0.0
2025-02-04;Левітана;доставка;26;22043.5;1297.5
2025-02-04;Левітана;самовывоз;8;3672.0;423.0
2025-02-05;Лазарева;Glovo;6;2779.0;0.0
2025-02-05;Лазарева;доставка;31;39414.5;2179.5
2025-02-05;Лазарева;самовывоз;8;6716.0;449.0
2025-02-05;Левітана;Glovo;13;11447.0;0.0
2025-02-05;Левітана;доставка;27;32550.2;1371.8
2025-02-05;Левітана;самовывоз;8;8879.5;873.5
2025-02-06;Лазарева;Glovo;7;7065.0;0.0
2025-02-06;Лазарева;доставка;27;34065.2;1726.8
2025-02-06;Лазарева;самовывоз;2;1526.5;167.5
2025-02-06;Левітана;Glovo;8;7692.0;0.0
2025-02-06;Левітана;доставка;29;26629.0;1547.0
2025-02-06;Левітана;самовывоз;7;6497.4;512.6
2025-02-07;Лазарева;Glovo;11;9093.0;0.0
2025-02-07;Лазарева;доставка;55;55411.8;3496.2
2025-02-07;Лазарева;самовывоз;4;1606.0;505.0
2025-02-07;Левітана;Glovo;7;5151.0;0.0
2025-02-07;Левітана;доставка;54;52141.2;3989.8
2025-02-07;Левітана;самовывоз;8;7966.6;500.4
2025-02-08;Лазарева;Glovo;14;11427.0;0.0
2025-02-08;Лазарева;доставка;41;47832.1;1973.9
2025-02-08;Лазарева;самовывоз;9;4358.0;885.0
2025-02-08;Левітана;Glovo;7;6866.1;57.9
2025-02-08;Левітана;доставка;42;39871.8;2379.2
2025-02-08;Левітана;самовывоз;8;7364.0;245.0
2025-02-09;Лазарева;Glovo;12;10358.0;0.0
2025-02-09;Лазарева;доставка;48;49548.9;1463.1
2025-02-09;Лазарева;самовывоз;3;1655.0;145.0
2025-02-09;Левітана;Glovo;16;12600.0;0.0
2025-02-09;Левітана;доставка;49;53414.1;2102.9
2025-02-09;Левітана;самовывоз;10;7798.8;1030.2
2025-02-10;Лазарева;Glovo;8;4090.0;0.0
2025-02-10;Лазарева;доставка;29;31484.7;598.3
2025-02-10;Лазарева;самовывоз;5;6167.3;224.7
2025-02-10;Левітана;Glovo;10;8111.4;196.6
2025-02-10;Левітана;доставка;32;39291.9;2304.1
2025-02-10;Левітана;самовывоз;7;6210.0;692.0
2025-02-11;Лазарева;Glovo;10;8955.0;0.0
2025-02-11;Лазарева;доставка;16;17294.2;650.8
2025-02-11;Лазарева;самовывоз;4;2334.0;0.0
2025-02-11;Левітана;Glovo;11;7612.0;0.0
2025-02-11;Левітана;доставка;16;13765.3;863.7
2025-02-11;Левітана;самовывоз;5;2849.7;359.3
2025-02-12;Лазарева;Glovo;8;5104.0;0.0
2025-02-12;Лазарева;доставка;27;26741.7;2057.3
2025-02-12;Лазарева;самовывоз;7;4762.3;245.7
2025-02-12;Левітана;Glovo;6;6629.0;0.0
2025-02-12;Левітана;доставка;38;43503.2;1852.8
2025-02-12;Левітана;самовывоз;5;5878.0;235.0
2025-02-13;Лазарева;Glovo;15;14135.0;0.0
2025-02-13;Лазарева;доставка;28;27881.3;855.7
2025-02-13;Лазарева;самовывоз;3;1793.0;400.0
2025-02-13;Левітана;Glovo;9;7269.0;0.0
2025-02-13;Левітана;доставка;23;21349.1;899.9
2025-02-13;Левітана;самовывоз;6;6554.0;806.0
2025-02-14;Лазарева;Glovo;12;8039.0;0.0
2025-02-14;Лазарева;доставка;136;180689.4;7647.6
2025-02-14;Лазарева;самовывоз;19;20035.0;1390.0
2025-02-14;Левітана;Glovo;12;13233.0;0.0
2025-02-14;Левітана;доставка;122;145048.7;5932.3
2025-02-14;Левітана;самовывоз;34;36765.2;1200.8
2025-02-15;Лазарева;Glovo;66;48173.7;428.3
2025-02-15;Лазарева;доставка;47;46438.9;1316.1
2025-02-15;Лазарева;самовывоз;6;6463.0;235.0
2025-02-15;Левітана;Glovo;47;39098.0;0.0
2025-02-15;Левітана;доставка;65;71594.1;3237.9
2025-02-15;Левітана;самовывоз;6;6185.0;0.0
2025-02-16;Лазарева;Glovo;17;13830.0;0.0
2025-02-16;Лазарева;доставка;42;43639.7;2031.3
2025-02-16;Лазарева;самовывоз;5;3087.5;240.5
2025-02-16;Левітана;Glovo;23;16457.0;0.0
2025-02-16;Левітана;доставка;38;37731.8;1623.2
2025-02-16;Левітана;самовывоз;12;13540.5;197.5
2025-02-17;Лазарева;Glovo;12;10546.0;0.0
2025-02-17;Лазарева;доставка;23;28677.5;730.5
2025-02-17;Левітана;Glovo;10;7513.0;0.0
2025-02-17;Левітана;доставка;23;21249.5;803.5
2025-02-17;Левітана;самовывоз;7;2760.0;408.0
2025-02-18;Лазарева;Glovo;8;7023.0;0.0
2025-02-18;Лазарева;доставка;27;29126.0;849.0
2025-02-18;Лазарева;самовывоз;1;147.5;147.5
2025-02-18;Левітана;Glovo;12;9491.0;0.0
2025-02-18;Левітана;доставка;36;34924.0;1362.0
2025-02-18;Левітана;самовывоз;4;1488.7;242.3
2025-02-19;Лазарева;Glovo;6;4399.0;0.0
2025-02-19;Лазарева;доставка;31;29024.9;1785.1
2025-02-19;Лазарева;самовывоз;2;1182.6;209.4
2025-02-19;Левітана;Glovo;15;12613.0;0.0
2025-02-19;Левітана;доставка;26;26348.8;1229.2
2025-02-19;Левітана;самовывоз;8;5048.5;173.5
2025-02-20;Лазарева;Glovo;14;11865.0;0.0
2025-02-20;Лазарева;доставка;34;41219.4;2246.6
2025-02-20;Лазарева;самовывоз;3;2054.0;77.0
2025-02-20;Левітана;Glovo;8;3833.0;0.0
2025-02-20;Левітана;доставка;30;29035.3;1174.7
2025-02-20;Левітана;самовывоз;4;2090.4;749.6
2025-02-21;Лазарева;Glovo;11;8549.0;0.0
2025-02-21;Лазарева;доставка;49;57867.4;1320.6
2025-02-21;Лазарева;самовывоз;4;1811.5;366.5
2025-02-21;Левітана;Glovo;19;13773.0;0.0
2025-02-21;Левітана;доставка;52;51748.9;2322.1
2025-02-21;Левітана;самовывоз;8;7944.0;812.0
2025-02-22;Лазарева;Glovo;16;13995.0;0.0
2025-02-22;Лазарева;доставка;36;33981.8;2533.2
2025-02-22;Лазарева;самовывоз;8;7108.0;328.0
2025-02-22;Левітана;Glovo;22;18983.0;0.0
2025-02-22;Левітана;доставка;44;49062.2;2792.8
2025-02-22;Левітана;самовывоз;11;8967.2;685.8
2025-02-23;Лазарева;Glovo;22;22913.0;0.0
2025-02-23;Лазарева;доставка;39;38654.4;1780.6
2025-02-23;Лазарева;самовывоз;4;557.5;147.5
2025-02-23;Левітана;Glovo;20;18296.0;0.0
2025-02-23;Левітана;доставка;46;53295.1;1696.9
2025-02-23;Левітана;самовывоз;8;4525.7;301.3
2025-02-24;Лазарева;Glovo;14;11116.0;0.0
2025-02-24;Лазарева;доставка;21;35424.3;729.7
2025-02-24;Лазарева;самовывоз;3;2845.0;48.0
2025-02-24;Левітана;Glovo;11;8772.0;0.0
2025-02-24;Левітана;доставка;16;12611.3;480.7
2025-02-24;Левітана;самовывоз;9;5470.5;220.5
2025-02-25;Лазарева;Glovo;11;8125.0;0.0
2025-02-25;Лазарева;доставка;27;28573.2;1697.8
2025-02-25;Лазарева;самовывоз;2;447.5;142.5
2025-02-25;Левітана;Glovo;10;6499.0;0.0
2025-02-25;Левітана;доставка;23;22931.7;1377.3
2025-02-25;Левітана;самовывоз;2;2017.0;0.0
2025-02-26;Лазарева;Glovo;8;6968.0;0.0
2025-02-26;Лазарева;доставка;20;25409.7;316.3
2025-02-26;Лазарева;самовывоз;1;704.0;0.0
2025-02-26;Левітана;Glovo;5;5765.0;0.0
2025-02-26;Левітана;доставка;32;33111.6;1453.4
2025-02-26;Левітана;самовывоз;2;1870.0;0.0
2025-02-27;Лазарева;Glovo;9;6837.0;0.0
2025-02-27;Лазарева;доставка;34;33857.1;935.9
2025-02-27;Лазарева;самовывоз;3;2249.5;215.5
2025-02-27;Левітана;Glovo;9;4529.0;0.0
2025-02-27;Левітана;доставка;26;21818.9;1927.1
2025-02-27;Левітана;самовывоз;8;7175.6;554.4
2025-02-28;Лазарева;Glovo;7;3259.0;0.0
2025-02-28;Лазарева;доставка;47;48277.7;2724.3
2025-02-28;Лазарева;самовывоз;7;3198.0;803.0
2025-02-28;Левітана;Glovo;9;7435.0;0.0
2025-02-28;Левітана;доставка;51;40735.5;2311.5
2025-02-28;Левітана;самовывоз;12;7095.5;1282.5
2025-03-01;Лазарева;Glovo;15;11545.0;0.0
2025-03-01;Лазарева;доставка;51;60213.0;3548.0
2025-03-01;Лазарева;самовывоз;2;1060.5;167.5
2025-03-01;Левітана;Glovo;13;8188.0;0.0
2025-03-01;Левітана;доставка;56;62713.7;3062.3
2025-03-01;Левітана;самовывоз;13;8408.0;435.0
2025-03-02;Лазарева;Glovo;55;38693.0;0.0
2025-03-02;Лазарева;доставка;41;40019.9;1556.1
2025-03-02;Лазарева;самовывоз;4;3296.5;262.5
2025-03-02;Левітана;Glovo;46;33106.0;0.0
2025-03-02;Левітана;доставка;53;54506.0;2532.0
2025-03-02;Левітана;самовывоз;7;6893.0;259.0
2025-03-03;Лазарева;Glovo;7;4092.0;0.0
2025-03-03;Лазарева;доставка;20;26682.9;767.1
2025-03-03;Лазарева;самовывоз;3;1278.0;87.0
2025-03-03;Левітана;Glovo;11;6465.0;0.0
2025-03-03;Левітана;доставка;26;23622.2;1175.8
2025-03-03;Левітана;самовывоз;2;1821.0;532.0
2025-03-04;Лазарева;Glovo;14;8787.0;0.0
2025-03-04;Лазарева;доставка;21;18153.5;1132.5
2025-03-04;Лазарева;самовывоз;2;627.9;269.1
2025-03-04;Левітана;Glovo;13;12666.0;0.0
2025-03-04;Левітана;доставка;39;37203.7;1167.3
2025-03-04;Левітана;самовывоз;8;4988.0;200.0
2025-03-05;Лазарева;Glovo;7;8133.0;0.0
2025-03-05;Лазарева;доставка;32;35150.7;1603.3
2025-03-05;Лазарева;самовывоз;1;172.5;172.5
2025-03-05;Левітана;Glovo;22;14719.0;0.0
2025-03-05;Левітана;доставка;32;27683.9;1587.1
2025-03-05;Левітана;самовывоз;8;6973.2;520.8
2025-03-06;Лазарева;Glovo;8;6385.0;0.0
2025-03-06;Лазарева;доставка;34;38062.1;1854.9
2025-03-06;Лазарева;самовывоз;4;3092.5;102.5
2025-03-06;Левітана;Glovo;9;8133.0;0.0
2025-03-06;Левітана;доставка;32;27865.5;2560.5
2025-03-06;Левітана;самовывоз;6;4177.0;0.0
2025-03-07;Лазарева;Glovo;16;12061.0;0.0
2025-03-07;Лазарева;доставка;54;77836.3;3476.7
2025-03-07;Лазарева;самовывоз;3;1764.5;302.5
2025-03-07;Левітана;Glovo;10;8393.0;0.0
2025-03-07;Левітана;доставка;57;64351.4;3590.6
2025-03-07;Левітана;самовывоз;6;5113.5;215.5
2025-03-08;Лазарева;Glovo;24;21405.0;0.0
2025-03-08;Лазарева;доставка;125;176506.0;6438.0
2025-03-08;Лазарева;самовывоз;22;24931.9;254.1
2025-03-08;Левітана;Glovo;25;24092.0;0.0
2025-03-08;Левітана;доставка;136;171046.5;5566.5
2025-03-08;Левітана;самовывоз;34;38267.4;1203.6
2025-03-09;Лазарева;Glovo;15;12960.0;0.0
2025-03-09;Лазарева;доставка;34;34921.1;1669.9
2025-03-09;Лазарева;самовывоз;2;1485.0;73.0
2025-03-09;Левітана;Glovo;18;17542.0;235.0
2025-03-09;Левітана;доставка;46;50340.7;2518.3
2025-03-09;Левітана;самовывоз;6;4526.0;42.0
2025-03-10;Лазарева;Glovo;15;13902.0;0.0
2025-03-10;Лазарева;доставка;29;29517.9;2216.1
2025-03-10;Лазарева;самовывоз;6;1290.7;489.3
2025-03-10;Левітана;Glovo;12;14173.0;0.0
2025-03-10;Левітана;доставка;31;30433.1;1409.9
2025-03-10;Левітана;самовывоз;3;1285.0;38.0
2025-03-11;Лазарева;Glovo;11;6753.0;0.0
2025-03-11;Лазарева;доставка;22;24652.4;1631.6
2025-03-11;Лазарева;самовывоз;5;3385.0;437.0
2025-03-11;Левітана;Glovo;13;8569.0;0.0
2025-03-11;Левітана;доставка;23;22542.6;1180.4
2025-03-11;Левітана;самовывоз;4;2437.6;512.4
2025-03-12;Лазарева;Glovo;4;2191.0;0.0
2025-03-12;Лазарева;доставка;15;15775.7;931.3
2025-03-12;Лазарева;самовывоз;5;5359.0;0.0
2025-03-12;Левітана;Glovo;6;5690.0;0.0
2025-03-12;Левітана;доставка;25;24264.5;1351.5
2025-03-12;Левітана;самовывоз;3;1713.4;323.6
2025-03-13;Лазарева;Glovo;10;9315.0;0.0
2025-03-13;Лазарева;доставка;25;26245.4;1124.6
2025-03-13;Лазарева;самовывоз;9;3712.8;532.2
2025-03-13;Левітана;Glovo;8;4810.0;0.0
2025-03-13;Левітана;доставка;36;38140.2;1530.8
2025-03-13;Левітана;самовывоз;5;3190.0;0.0
2025-03-14;Лазарева;Glovo;17;15075.0;0.0
2025-03-14;Лазарева;доставка;44;43814.9;1918.8
2025-03-14;Лазарева;самовывоз;8;3927.5;374.5
2025-03-14;Левітана;Glovo;12;8466.0;0.0
2025-03-14;Левітана;доставка;42;43483.3;3464.7
2025-03-14;Левітана;самовывоз;7;5190.0;136.0
2025-03-15;Лазарева;Glovo;8;7909.0;0.0
2025-03-15;Лазарева;доставка;46;43079.8;1096.2
2025-03-15;Лазарева;самовывоз;3;2514.0;0.0
2025-03-15;Левітана;Glovo;17;16873.0;0.0
2025-03-15;Левітана;доставка;45;43917.7;2146.3
2025-03-15;Левітана;самовывоз;9;10180.0;0.0
2025-03-16;Лазарева;Glovo;7;7355.6;46.4
2025-03-16;Лазарева;доставка;42;47653.6;1645.4
2025-03-16;Лазарева;самовывоз;4;1573.5;177.5
2025-03-16;Левітана;Glovo;11;10677.3;165.7
2025-03-16;Левітана;доставка;34;43527.4;2083.6
2025-03-16;Левітана;самовывоз;6;4745.0;108.0
2025-03-17;Лазарева;Glovo;8;6679.0;0.0
2025-03-17;Лазарева;доставка;23;21556.1;371.9
2025-03-17;Лазарева;самовывоз;3;1575.0;185.0
2025-03-17;Левітана;Glovo;14;14065.0;0.0
2025-03-17;Левітана;доставка;28;28145.6;1167.4
2025-03-17;Левітана;самовывоз;6;3378.0;10.0
2025-03-18;Лазарева;Glovo;7;5341.0;0.0
2025-03-18;Лазарева;доставка;26;27591.2;437.8
2025-03-18;Лазарева;самовывоз;4;1272.0;347.0
2025-03-18;Левітана;Glovo;12;8557.0;0.0
2025-03-18;Левітана;доставка;25;25829.7;1631.3
2025-03-18;Левітана;самовывоз;5;3279.5;335.5
2025-03-19;Лазарева;Glovo;5;5517.0;0.0
2025-03-19;Лазарева;доставка;37;43096.4;1756.6
2025-03-19;Лазарева;самовывоз;1;149.5;149.5
2025-03-19;Левітана;Glovo;9;9224.0;0.0
2025-03-19;Левітана;доставка;33;35890.4;1308.6
2025-03-19;Левітана;самовывоз;7;3688.5;417.5
2025-03-20;Лазарева;Glovo;16;11668.2;125.8
2025-03-20;Лазарева;доставка;26;24471.9;1081.1
2025-03-20;Лазарева;самовывоз;3;1861.5;187.5
2025-03-20;Левітана;Glovo;10;4536.0;0.0
2025-03-20;Левітана;доставка;35;37722.7;1177.3
2025-03-20;Левітана;самовывоз;3;1428.2;100.8
2025-03-21;Лазарева;Glovo;31;23559.0;0.0
2025-03-21;Лазарева;доставка;37;44120.5;2007.5
2025-03-21;Лазарева;самовывоз;7;2005.0;730.0
2025-03-21;Левітана;Glovo;12;9860.3;83.7
2025-03-21;Левітана;доставка;32;32077.7;1458.3
2025-03-21;Левітана;самовывоз;8;5880.0;251.0
2025-03-22;Лазарева;Glovo;17;15412.0;0.0
2025-03-22;Лазарева;доставка;40;36470.5;2128.5
2025-03-22;Лазарева;самовывоз;4;3886.0;97.0
2025-03-22;Левітана;Glovo;18;15062.9;127.1
2025-03-22;Левітана;доставка;43;48258.2;2139.8
2025-03-22;Левітана;самовывоз;11;7408.0;112.0
2025-03-23;Лазарева;Glovo;15;11154.0;0.0
2025-03-23;Лазарева;доставка;31;33225.9;2158.1
2025-03-23;Лазарева;самовывоз;3;3109.0;70.0
2025-03-23;Левітана;Glovo;18;16685.1;154.9
2025-03-23;Левітана;доставка;34;32392.1;2486.9
2025-03-23;Левітана;самовывоз;5;4729.0;0.0
2025-03-24;Лазарева;Glovo;12;9793.0;0.0
2025-03-24;Лазарева;доставка;32;34282.1;1539.9
2025-03-24;Лазарева;самовывоз;4;1056.5;606.5
2025-03-24;Левітана;Glovo;8;5220.0;0.0
2025-03-24;Левітана;доставка;29;28107.9;726.1
2025-03-24;Левітана;самовывоз;6;4386.0;290.0
2025-03-25;Лазарева;Glovo;6;4573.0;0.0
2025-03-25;Лазарева;доставка;32;33087.1;1182.9
2025-03-25;Лазарева;самовывоз;1;1360.0;0.0
2025-03-25;Левітана;Glovo;9;6317.8;141.2
2025-03-25;Левітана;доставка;23;24869.4;264.6
2025-03-25;Левітана;самовывоз;2;2279.0;0.0
2025-03-26;Лазарева;Glovo;7;4984.0;0.0
2025-03-26;Лазарева;доставка;28;28319.3;492.7
2025-03-26;Лазарева;самовывоз;4;2236.7;88.3
2025-03-26;Левітана;Glovo;9;5454.0;0.0
2025-03-26;Левітана;доставка;23;25022.8;886.2
2025-03-26;Левітана;самовывоз;4;4344.1;791.9
2025-03-27;Лазарева;Glovo;15;9489.0;0.0
2025-03-27;Лазарева;доставка;25;25458.1;2540.9
2025-03-27;Лазарева;самовывоз;4;2236.5;446.5
2025-03-27;Левітана;Glovo;15;11597.0;0.0
2025-03-27;Левітана;доставка;30;31170.5;1920.5
2025-03-27;Левітана;самовывоз;4;2873.0;29.0
2025-03-28;Лазарева;Glovo;10;9119.0;0.0
2025-03-28;Лазарева;доставка;49;56518.9;1630.1
2025-03-28;Лазарева;самовывоз;1;295.0;0.0
2025-03-28;Левітана;Glovo;18;13185.0;0.0
2025-03-28;Левітана;доставка;48;49288.7;2764.3
2025-03-28;Левітана;самовывоз;11;5232.0;154.0
2025-03-29;Лазарева;Glovo;20;18683.0;0.0
2025-03-29;Лазарева;доставка;51;53848.0;2317.0
2025-03-29;Лазарева;самовывоз;3;2431.5;414.5
2025-03-29;Левітана;Glovo;19;15803.0;129.0
2025-03-29;Левітана;доставка;49;59370.2;2652.8
2025-03-29;Левітана;самовывоз;11;9364.0;377.0
2025-03-30;Лазарева;Glovo;13;10104.0;0.0
2025-03-30;Лазарева;доставка;46;57801.9;2799.1
2025-03-30;Лазарева;самовывоз;5;2785.5;467.5
2025-03-30;Левітана;Glovo;16;11972.0;299.0
2025-03-30;Левітана;доставка;39;40664.5;3470.5
2025-03-30;Левітана;самовывоз;6;5022.0;171.0
2025-03-31;Лазарева;Glovo;12;7149.0;0.0
2025-03-31;Лазарева;доставка;34;40546.2;2042.8
2025-03-31;Лазарева;самовывоз;1;1005.0;0.0
2025-03-31;Левітана;Glovo;9;6613.0;0.0
2025-03-31;Левітана;доставка;25;24600.6;753.4
2025-03-31;Левітана;самовывоз;5;3830.5;108.5
2025-04-01;Лазарева;Glovo;12;8281.9;32.1
2025-04-01;Лазарева;доставка;27;29346.0;1364.0
2025-04-01;Лазарева;самовывоз;5;4885.0;0.0
2025-04-01;Левітана;Glovo;12;10287.9;56.1
2025-04-01;Левітана;доставка;19;13763.9;1463.1
2025-04-01;Левітана;самовывоз;6;7661.0;635.0
2025-04-02;Лазарева;Glovo;7;6238.0;0.0
2025-04-02;Лазарева;доставка;33;32586.2;1774.8
2025-04-02;Лазарева;самовывоз;3;2772.5;199.5
2025-04-02;Левітана;Glovo;8;6019.0;0.0
2025-04-02;Левітана;доставка;24;26150.6;911.4
2025-04-02;Левітана;самовывоз;3;2095.0;0.0
2025-04-03;Лазарева;Glovo;11;6885.0;0.0
2025-04-03;Лазарева;доставка;33;32119.6;1354.4
2025-04-03;Лазарева;самовывоз;5;7421.5;298.5
2025-04-03;Левітана;Glovo;15;10342.0;0.0
2025-04-03;Левітана;доставка;40;37457.9;1651.1
2025-04-03;Левітана;самовывоз;9;7077.0;336.0
2025-04-04;Лазарева;Glovo;15;14677.0;0.0
2025-04-04;Лазарева;доставка;37;40822.2;1517.8
2025-04-04;Лазарева;самовывоз;8;3505.0;959.0
2025-04-04;Левітана;Glovo;18;12262.0;0.0
2025-04-04;Левітана;доставка;46;47059.8;3269.2
2025-04-04;Левітана;самовывоз;13;8872.5;270.5
2025-04-05;Лазарева;Glovo;12;9441.0;0.0
2025-04-05;Лазарева;доставка;39;45106.7;3453.3
2025-04-05;Лазарева;самовывоз;3;719.0;476.0
2025-04-05;Левітана;Glovo;20;14180.0;0.0
2025-04-05;Левітана;доставка;44;45582.1;1757.9
2025-04-05;Левітана;самовывоз;8;8062.0;99.0
2025-04-06;Лазарева;Glovo;17;15142.0;0.0
2025-04-06;Лазарева;доставка;48;53081.2;2420.8
2025-04-06;Лазарева;самовывоз;4;1407.0;238.0
2025-04-06;Левітана;Glovo;23;20620.0;0.0
2025-04-06;Левітана;доставка;55;56214.6;2093.4
2025-04-06;Левітана;самовывоз;7;8072.1;700.9
2025-04-07;Лазарева;Glovo;11;10097.0;0.0
2025-04-07;Лазарева;доставка;23;26695.3;1855.7
2025-04-07;Лазарева;самовывоз;2;901.0;103.0
2025-04-07;Левітана;Glovo;7;4140.0;0.0
2025-04-07;Левітана;доставка;28;27692.2;1142.8
2025-04-07;Левітана;самовывоз;6;3366.0;255.0
2025-04-08;Лазарева;Glovo;14;11113.0;0.0
2025-04-08;Лазарева;доставка;24;20535.6;1535.4
2025-04-08;Лазарева;самовывоз;6;3073.0;458.0
2025-04-08;Левітана;Glovo;8;5757.0;0.0
2025-04-08;Левітана;доставка;34;38117.3;1357.7
2025-04-08;Левітана;самовывоз;5;1307.5;187.5
2025-04-09;Лазарева;Glovo;16;16741.0;0.0
2025-04-09;Лазарева;доставка;29;31969.5;2968.5
2025-04-09;Лазарева;самовывоз;1;914.0;16.0
2025-04-09;Левітана;Glovo;12;9811.0;0.0
2025-04-09;Левітана;доставка;29;29081.0;1139.0
2025-04-09;Левітана;самовывоз;10;5066.7;106.3
2025-04-10;Лазарева;Glovo;23;17289.2;269.8
2025-04-10;Лазарева;доставка;41;51080.4;3532.6
2025-04-10;Лазарева;самовывоз;6;4498.0;0.0
2025-04-10;Левітана;Glovo;14;12079.0;0.0
2025-04-10;Левітана;доставка;49;56634.6;2774.4
2025-04-10;Левітана;самовывоз;10;7889.0;771.0
2025-04-11;Лазарева;Glovo;23;18014.0;0.0
2025-04-11;Лазарева;доставка;58;59531.9;3573.1
2025-04-11;Лазарева;самовывоз;11;7881.4;921.6
2025-04-11;Левітана;Glovo;13;10520.0;0.0
2025-04-11;Левітана;доставка;58;61427.2;3413.8
2025-04-11;Левітана;самовывоз;12;8793.0;967.0
2025-04-12;Лазарева;Glovo;15;13718.0;0.0
2025-04-12;Лазарева;доставка;53;57848.2;2970.8
2025-04-12;Лазарева;самовывоз;6;2860.5;357.5
2025-04-12;Левітана;Glovo;17;13496.0;0.0
2025-04-12;Левітана;доставка;46;45705.4;2499.6
2025-04-12;Левітана;самовывоз;11;10198.0;989.0
2025-04-13;Лазарева;Glovo;12;10719.0;0.0
2025-04-13;Лазарева;доставка;46;50377.8;2504.2
2025-04-13;Лазарева;самовывоз;15;9516.1;314.5
2025-04-13;Левітана;Glovo;14;9754.0;0.0
2025-04-13;Левітана;доставка;42;46030.0;2537.0
2025-04-13;Левітана;самовывоз;6;5414.0;50.0
2025-04-14;Лазарева;Glovo;12;7860.0;0.0
2025-04-14;Лазарева;доставка;18;24261.3;1566.7
2025-04-14;Лазарева;самовывоз;5;2003.1;172.5
2025-04-14;Левітана;Glovo;9;6429.0;0.0
2025-04-14;Левітана;доставка;27;24899.4;1681.6
2025-04-14;Левітана;самовывоз;5;2530.0;22.0
2025-04-15;Лазарева;Glovo;13;7402.3;169.7
2025-04-15;Лазарева;доставка;40;51020.2;2185.8
2025-04-15;Лазарева;самовывоз;7;4005.0;310.0
2025-04-15;Левітана;Glovo;11;6919.0;0.0
2025-04-15;Левітана;доставка;32;27903.7;1983.3
2025-04-15;Левітана;самовывоз;5;4446.5;802.5
2025-04-16;Лазарева;Glovo;18;11920.5;29.9
2025-04-16;Лазарева;доставка;28;27713.9;2671.1
2025-04-16;Лазарева;самовывоз;8;3297.0;1083.0
2025-04-16;Левітана;Glovo;12;7901.0;15.0
2025-04-16;Левітана;доставка;31;29716.1;1912.9
2025-04-16;Левітана;самовывоз;10;5491.5;590.5
2025-04-17;Лазарева;Glovo;13;8355.0;0.0
2025-04-17;Лазарева;доставка;33;31906.2;2176.8
2025-04-17;Лазарева;самовывоз;10;4755.8;497.5
2025-04-17;Левітана;Glovo;19;14545.0;0.0
2025-04-17;Левітана;доставка;24;24613.5;2261.5
2025-04-17;Левітана;самовывоз;13;11300.5;777.5
2025-04-18;Лазарева;Glovo;6;4307.4;0.0
2025-04-18;Лазарева;доставка;40;47013.9;2182.1
2025-04-18;Лазарева;самовывоз;12;7393.2;580.0
2025-04-18;Левітана;Glovo;13;8848.4;74.6
2025-04-18;Левітана;доставка;48;49682.4;5662.6
2025-04-18;Левітана;самовывоз;8;7376.0;420.0
2025-04-19;Лазарева;Glovo;14;10453.0;0.0
2025-04-19;Лазарева;доставка;23;24297.5;2379.5
2025-04-19;Лазарева;самовывоз;5;2766.6;235.0
2025-04-19;Левітана;Glovo;7;5922.0;0.0
2025-04-19;Левітана;доставка;37;43300.6;2726.4
2025-04-19;Левітана;самовывоз;11;10078.0;205.0
2025-04-20;Лазарева;Glovo;14;10275.1;240.9
2025-04-20;Лазарева;доставка;27;30087.0;1702.0
2025-04-20;Лазарева;самовывоз;10;4662.9;315.0
2025-04-20;Левітана;Glovo;13;11877.7;300.3
2025-04-20;Левітана;доставка;19;18829.6;911.4
2025-04-20;Левітана;самовывоз;4;2984.0;180.0
2025-04-21;Лазарева;Glovo;7;4341.0;0.0
2025-04-21;Лазарева;доставка;20;28386.8;1797.2
2025-04-21;Лазарева;самовывоз;9;2824.5;492.5
2025-04-21;Левітана;Glovo;10;7456.0;0.0
2025-04-21;Левітана;доставка;31;25347.9;2071.1
2025-04-21;Левітана;самовывоз;6;3776.2;496.8
2025-04-22;Лазарева;Glovo;13;10636.0;0.0
2025-04-22;Лазарева;доставка;24;27621.7;1043.3
2025-04-22;Лазарева;самовывоз;4;1349.5;497.5
2025-04-22;Левітана;Glovo;12;8881.0;0.0
2025-04-22;Левітана;доставка;15;16218.7;838.3
2025-04-22;Левітана;самовывоз;5;5174.0;93.0
2025-04-23;Лазарева;Glovo;16;11170.0;0.0
2025-04-23;Лазарева;доставка;28;34036.2;1201.8
2025-04-23;Лазарева;самовывоз;12;8036.9;425.0
2025-04-23;Левітана;Glovo;11;8898.0;0.0
2025-04-23;Левітана;доставка;23;22201.7;1391.3
2025-04-23;Левітана;самовывоз;6;5097.0;0.0
2025-04-24;Лазарева;Glovo;16;10424.0;0.0
2025-04-24;Лазарева;доставка;39;42472.7;4158.3
2025-04-24;Лазарева;самовывоз;6;3397.0;0.0
2025-04-24;Левітана;Glovo;12;10030.0;0.0
2025-04-24;Левітана;доставка;28;26342.7;1727.3
2025-04-24;Левітана;самовывоз;5;4766.0;63.0
2025-04-25;Лазарева;Glovo;13;12534.0;0.0
2025-04-25;Лазарева;доставка;61;72448.2;5376.8
2025-04-25;Лазарева;самовывоз;8;9810.5;303.5
2025-04-25;Левітана;Glovo;18;16014.7;125.3
2025-04-25;Левітана;доставка;45;48224.2;2233.8
2025-04-25;Левітана;самовывоз;9;6916.0;141.0
2025-04-26;Лазарева;Glovo;16;12843.0;0.0
2025-04-26;Лазарева;доставка;53;61033.0;2659.0
2025-04-26;Лазарева;самовывоз;17;11609.0;792.0
2025-04-26;Левітана;Glovo;11;7212.0;0.0
2025-04-26;Левітана;доставка;44;44657.3;1264.7
2025-04-26;Левітана;самовывоз;15;11433.9;1040.1
2025-04-27;Лазарева;Glovo;13;12923.0;0.0
2025-04-27;Лазарева;доставка;38;35723.8;1665.2
2025-04-27;Лазарева;самовывоз;11;6677.5;427.5
2025-04-27;Левітана;Glovo;18;15329.0;0.0
2025-04-27;Левітана;доставка;38;43138.7;1689.3
2025-04-27;Левітана;самовывоз;7;6938.0;307.0
2025-04-28;Лазарева;Glovo;16;8596.0;0.0
2025-04-28;Лазарева;доставка;25;27452.0;914.0
2025-04-28;Лазарева;самовывоз;7;3061.5;339.5
2025-04-28;Левітана;Glovo;14;10954.0;0.0
2025-04-28;Левітана;доставка;24;24297.5;1458.5
2025-04-28;Левітана;самовывоз;5;2630.0;55.0
2025-04-29;Лазарева;Glovo;11;11738.0;0.0
2025-04-29;Лазарева;доставка;26;29503.0;2159.0
2025-04-29;Лазарева;самовывоз;8;4657.6;539.4
2025-04-29;Левітана;Glovo;7;5514.0;0.0
2025-04-29;Левітана;доставка;30;34212.0;1440.0
2025-04-29;Левітана;самовывоз;3;2930.0;140.0
2025-04-30;Лазарева;Glovo;20;17296.2;263.8
2025-04-30;Лазарева;доставка;27;29006.8;1159.2
2025-04-30;Лазарева;самовывоз;11;3551.6;243.5
2025-04-30;Левітана;Glovo;18;16396.3;74.7
2025-04-30;Левітана;доставка;26;23681.0;1372.0
2025-04-30;Левітана;самовывоз;7;5404.8;250.2
2025-05-01;Лазарева;Glovo;15;11844.0;0.0
2025-05-01;Лазарева;доставка;45;45959.8;2652.2
2025-05-01;Лазарева;самовывоз;16;10365.3;530.0
2025-05-01;Левітана;Glovo;21;16755.0;0.0
2025-05-01;Левітана;доставка;35;30462.9;1144.1
2025-05-01;Левітана;самовывоз;6;2212.0;730.0
2025-05-02;Лазарева;Glovo;12;9975.0;0.0
2025-05-02;Лазарева;доставка;48;51252.6;2379.4
2025-05-02;Лазарева;самовывоз;14;10095.7;0.0
2025-05-02;Левітана;Glovo;21;15877.0;0.0
2025-05-02;Левітана;доставка;39;36222.9;1451.1
2025-05-02;Левітана;самовывоз;4;2503.0;35.0
2025-05-03;Лазарева;Glovo;18;13293.0;0.0
2025-05-03;Лазарева;доставка;44;42213.6;3028.4
2025-05-03;Лазарева;самовывоз;13;9699.6;420.5
2025-05-03;Левітана;Glovo;14;11268.0;0.0
2025-05-03;Левітана;доставка;32;39219.9;1094.1
2025-05-03;Левітана;самовывоз;9;6552.9;712.1
2025-05-04;Лазарева;Glovo;17;15697.5;0.0
2025-05-04;Лазарева;доставка;40;44310.2;2997.8
2025-05-04;Лазарева;самовывоз;8;4723.5;345.5
2025-05-04;Левітана;Glovo;12;12284.0;0.0
2025-05-04;Левітана;доставка;44;46314.2;1099.8
2025-05-04;Левітана;самовывоз;8;6134.0;65.0
2025-05-05;Лазарева;Glovo;10;7679.0;0.0
2025-05-05;Лазарева;доставка;20;25101.7;529.3
2025-05-05;Лазарева;самовывоз;6;2105.5;501.5
2025-05-05;Левітана;Glovo;13;9039.0;0.0
2025-05-05;Левітана;доставка;27;29314.8;1614.2
2025-05-05;Левітана;самовывоз;9;8950.0;303.0
2025-05-06;Лазарева;Glovo;18;15271.0;0.0
2025-05-06;Лазарева;доставка;30;29957.2;725.8
2025-05-06;Лазарева;самовывоз;4;1002.5;197.5
2025-05-06;Левітана;Glovo;11;11188.0;0.0
2025-05-06;Левітана;доставка;21;20038.7;250.3
2025-05-06;Левітана;самовывоз;5;5138.5;474.5
2025-05-07;Лазарева;Glovo;30;18343.4;14.8
2025-05-07;Лазарева;доставка;39;40074.8;1516.2
2025-05-07;Лазарева;самовывоз;9;6289.5;300.7
2025-05-07;Левітана;Glovo;26;21181.0;0.0
2025-05-07;Левітана;доставка;36;34910.9;2023.1
2025-05-07;Левітана;самовывоз;1;2074.0;0.0
2025-05-08;Лазарева;Glovo;13;13206.1;92.9
2025-05-08;Лазарева;доставка;34;35441.9;2310.1
2025-05-08;Лазарева;самовывоз;4;2782.5;621.5
2025-05-08;Левітана;Glovo;13;10943.0;0.0
2025-05-08;Левітана;доставка;39;47456.2;1972.8
2025-05-08;Левітана;самовывоз;8;8100.8;523.2
2025-05-09;Лазарева;Glovo;15;14200.6;38.4
2025-05-09;Лазарева;доставка;45;55232.4;2445.6
2025-05-09;Лазарева;самовывоз;9;8105.5;307.5
2025-05-09;Левітана;Glovo;19;16430.3;172.7
2025-05-09;Левітана;доставка;55;56506.9;3251.1
2025-05-09;Левітана;самовывоз;13;8124.0;515.0
2025-05-10;Лазарева;Glovo;15;11849.7;177.3
2025-05-10;Лазарева;доставка;55;71964.7;2533.3
2025-05-10;Лазарева;самовывоз;6;5554.0;416.0
2025-05-10;Левітана;Glovo;9;4962.1;90.9
2025-05-10;Левітана;доставка;40;35184.4;1669.6
2025-05-10;Левітана;самовывоз;8;5387.5;337.5
2025-05-11;Лазарева;Glovo;22;17604.0;725.0
2025-05-11;Лазарева;доставка;42;47891.5;3116.5
2025-05-11;Лазарева;самовывоз;4;2388.5;422.5
2025-05-11;Левітана;Glovo;13;12880.0;0.0
2025-05-11;Левітана;доставка;56;60072.9;4115.1
2025-05-11;Левітана;самовывоз;14;13820.0;128.0
2025-05-12;Лазарева;Glovo;7;7078.0;299.0
2025-05-12;Лазарева;доставка;30;32856.6;2186.4
2025-05-12;Лазарева;самовывоз;6;2577.5;537.5
2025-05-12;Левітана;Glovo;10;7419.0;0.0
2025-05-12;Левітана;доставка;22;23744.6;646.4
2025-05-12;Левітана;самовывоз;9;5323.0;350.0
2025-05-13;Лазарева;Glovo;14;14130.0;0.0
2025-05-13;Лазарева;доставка;38;38091.7;3266.3
2025-05-13;Лазарева;самовывоз;6;3365.5;173.5
2025-05-13;Левітана;Glovo;13;12728.0;0.0
2025-05-13;Левітана;доставка;30;28343.2;1527.8
2025-05-13;Левітана;самовывоз;6;3384.0;410.0
2025-05-14;Лазарева;Glovo;16;14824.1;507.9
2025-05-14;Лазарева;доставка;33;29766.5;2249.5
2025-05-14;Лазарева;самовывоз;3;2215.0;0.0
2025-05-14;Левітана;Glovo;10;7482.9;107.1
2025-05-14;Левітана;доставка;28;25582.9;1775.1
2025-05-14;Левітана;самовывоз;6;4446.5;452.5
2025-05-15;Лазарева;Glovo;10;9883.0;59.0
2025-05-15;Лазарева;доставка;35;38400.3;1662.7
2025-05-15;Лазарева;самовывоз;5;4749.0;94.0
2025-05-15;Левітана;Glovo;14;12882.0;0.0
2025-05-15;Левітана;доставка;34;31225.5;1466.5
2025-05-15;Левітана;самовывоз;7;4159.2;299.8
2025-05-16;Лазарева;Glovo;17;13073.0;0.0
2025-05-16;Лазарева;доставка;54;64340.7;3596.3
2025-05-16;Лазарева;самовывоз;16;7540.7;888.3
2025-05-16;Левітана;Glovo;15;13430.0;0.0
2025-05-16;Левітана;доставка;33;38652.0;1731.0
2025-05-16;Левітана;самовывоз;15;13796.0;471.0
2025-05-17;Лазарева;Glovo;20;20935.0;63.0
2025-05-17;Лазарева;доставка;56;59750.3;3634.7
2025-05-17;Лазарева;самовывоз;16;12369.0;340.0
2025-05-17;Левітана;Glovo;22;21905.0;0.0
2025-05-17;Левітана;доставка;65;77506.7;2990.3
2025-05-17;Левітана;самовывоз;6;4031.0;970.0
2025-05-18;Лазарева;Glovo;9;9985.0;0.0
2025-05-18;Лазарева;доставка;38;39939.4;1235.6
2025-05-18;Лазарева;самовывоз;5;3874.0;518.0
2025-05-18;Левітана;Glovo;16;12598.0;0.0
2025-05-18;Левітана;доставка;36;39873.0;1841.0
2025-05-18;Левітана;самовывоз;12;8017.6;338.4
2025-05-19;Лазарева;Glovo;10;7952.0;0.0
2025-05-19;Лазарева;доставка;33;34020.9;1144.1
2025-05-19;Лазарева;самовывоз;17;10899.0;369.0
2025-05-19;Левітана;Glovo;7;5889.0;0.0
2025-05-19;Левітана;доставка;24;20228.8;599.2
2025-05-19;Левітана;самовывоз;3;4104.0;0.0
2025-05-20;Лазарева;Glovo;7;7869.9;415.1
2025-05-20;Лазарева;доставка;30;34814.4;2019.6
2025-05-20;Лазарева;самовывоз;17;7411.3;1179.7
2025-05-20;Левітана;Glovo;7;7075.3;28.7
2025-05-20;Левітана;доставка;21;25601.6;1103.4
2025-05-20;Левітана;самовывоз;6;2997.5;296.5
2025-05-21;Лазарева;Glovo;14;15706.0;0.0
2025-05-21;Лазарева;доставка;27;24177.1;794.9
2025-05-21;Лазарева;самовывоз;13;6542.1;297.5
2025-05-21;Левітана;Glovo;15;15052.1;882.9
2025-05-21;Левітана;доставка;27;33080.5;1224.5
2025-05-21;Левітана;самовывоз;10;7203.0;553.0
2025-05-22;Лазарева;Glovo;14;9388.0;0.0
2025-05-22;Лазарева;доставка;41;50608.1;1864.9
2025-05-22;Лазарева;самовывоз;18;11472.3;888.4
2025-05-22;Левітана;Glovo;11;9514.0;0.0
2025-05-22;Левітана;доставка;35;35141.2;1499.8
2025-05-22;Левітана;самовывоз;5;2755.0;0.0
2025-05-23;Лазарева;Glovo;9;6165.0;0.0
2025-05-23;Лазарева;доставка;41;53141.5;2220.5
2025-05-23;Лазарева;самовывоз;24;11214.3;284.4
2025-05-23;Левітана;Glovo;13;10459.0;0.0
2025-05-23;Левітана;доставка;46;47035.8;1593.2
2025-05-23;Левітана;самовывоз;6;3147.0;477.0
2025-05-24;Лазарева;Glovo;15;13514.7;0.0
2025-05-24;Лазарева;доставка;36;45900.0;1775.0
2025-05-24;Лазарева;самовывоз;11;9328.6;0.0
2025-05-24;Левітана;Glovo;15;12500.0;0.0
2025-05-24;Левітана;доставка;40;44416.3;2369.7
2025-05-24;Левітана;самовывоз;14;14254.5;788.5
2025-05-25;Лазарева;Glovo;16;15779.0;0.0
2025-05-25;Лазарева;доставка;28;26964.7;2000.3
2025-05-25;Лазарева;самовывоз;12;5926.2;314.5
2025-05-25;Левітана;Glovo;16;15125.0;0.0
2025-05-25;Левітана;доставка;44;45506.5;1187.5
2025-05-25;Левітана;самовывоз;15;10023.0;1140.0
2025-05-26;Лазарева;Glovo;12;9707.0;0.0
2025-05-26;Лазарева;доставка;35;37529.9;2110.1
2025-05-26;Лазарева;самовывоз;16;8591.3;262.0
2025-05-26;Левітана;Glovo;9;7203.0;0.0
2025-05-26;Левітана;доставка;32;28753.7;1288.3
2025-05-26;Левітана;самовывоз;2;1649.0;95.0
2025-05-27;Лазарева;Glovo;18;15932.0;0.0
2025-05-27;Лазарева;доставка;36;42174.6;2093.4
2025-05-27;Лазарева;самовывоз;17;6571.6;759.5
2025-05-27;Левітана;Glovo;13;12138.9;205.1
2025-05-27;Левітана;доставка;30;26137.2;1885.8
2025-05-27;Левітана;самовывоз;5;3000.5;332.5
2025-05-28;Лазарева;Glovo;14;12146.0;0.0
2025-05-28;Лазарева;доставка;36;38919.4;1289.6
2025-05-28;Лазарева;самовывоз;8;4157.5;415.5
2025-05-28;Левітана;Glovo;19;14379.0;0.0
2025-05-28;Левітана;доставка;42;41884.5;1419.5
2025-05-28;Левітана;самовывоз;11;7757.0;662.0
2025-05-29;Лазарева;Glovo;8;9681.0;0.0
2025-05-29;Лазарева;доставка;42;45657.6;1352.4
2025-05-29;Лазарева;самовывоз;13;7083.0;242.0
2025-05-29;Левітана;Glovo;8;7353.2;787.8
2025-05-29;Левітана;доставка;46;46040.4;2379.6
2025-05-29;Левітана;самовывоз;10;5641.5;216.5
2025-05-30;Лазарева;Glovo;6;5580.0;0.0
2025-05-30;Лазарева;доставка;64;76564.5;3362.5
2025-05-30;Лазарева;самовывоз;14;10412.0;706.0
2025-05-30;Левітана;Glovo;21;15299.0;0.0
2025-05-30;Левітана;доставка;53;58445.6;1847.4
2025-05-30;Левітана;самовывоз;15;9711.0;485.0
2025-05-31;Лазарева;Glovo;18;13923.0;0.0
2025-05-31;Лазарева;доставка;49;64220.5;2522.5
2025-05-31;Лазарева;самовывоз;7;5193.0;233.0
2025-05-31;Левітана;Glovo;21;18615.0;0.0
2025-05-31;Левітана;доставка;47;53592.3;3239.7
2025-05-31;Левітана;самовывоз;11;12113.0;45.0
2025-06-01;Лазарева;Glovo;21;16524.0;0.0
2025-06-01;Лазарева;доставка;50;58767.7;1704.3
2025-06-01;Лазарева;самовывоз;8;7832.2;409.8
2025-06-01;Левітана;Glovo;10;9965.0;0.0
2025-06-01;Левітана;доставка;45;50531.0;1688.0
2025-06-01;Левітана;самовывоз;7;7880.0;168.0
2025-06-02;Лазарева;Glovo;8;9140.0;0.0
2025-06-02;Лазарева;доставка;27;30090.9;1532.1
2025-06-02;Лазарева;самовывоз;20;11317.7;295.0
2025-06-02;Левітана;Glovo;9;5645.0;0.0
2025-06-02;Левітана;доставка;23;22123.6;2022.4
2025-06-02;Левітана;самовывоз;5;4203.0;318.0
2025-06-03;Лазарева;Glovo;11;12927.0;0.0
2025-06-03;Лазарева;доставка;28;35133.7;2964.3
2025-06-03;Лазарева;самовывоз;16;8098.3;225.0
2025-06-03;Левітана;Glovo;13;12977.0;299.0
2025-06-03;Левітана;доставка;22;20348.1;908.9
2025-06-03;Левітана;самовывоз;6;1956.0;351.0
2025-06-04;Лазарева;Glovo;9;8074.3;92.7
2025-06-04;Лазарева;доставка;39;40216.3;2205.7
2025-06-04;Лазарева;самовывоз;17;11971.5;147.5
2025-06-04;Левітана;Glovo;7;5179.0;235.0
2025-06-04;Левітана;доставка;27;33948.9;1163.1
2025-06-04;Левітана;самовывоз;9;7883.6;324.4
2025-06-05;Лазарева;Glovo;14;13025.0;0.0
2025-06-05;Лазарева;доставка;33;33636.3;2113.7
2025-06-05;Лазарева;самовывоз;6;4078.5;470.0
2025-06-05;Левітана;Glovo;9;8246.0;0.0
2025-06-05;Левітана;доставка;35;29040.3;2299.7
2025-06-05;Левітана;самовывоз;7;4901.5;167.5
2025-06-06;Лазарева;Glovo;14;13753.7;42.3
2025-06-06;Лазарева;доставка;51;50950.0;2516.0
2025-06-06;Лазарева;самовывоз;9;5820.3;0.0
2025-06-06;Левітана;Glovo;13;12457.0;0.0
2025-06-06;Левітана;доставка;46;54836.1;2503.9
2025-06-06;Левітана;самовывоз;15;10653.0;624.0
2025-06-07;Лазарева;Glovo;13;10184.0;0.0
2025-06-07;Лазарева;доставка;39;42026.7;1867.3
2025-06-07;Лазарева;самовывоз;8;3882.4;147.5
2025-06-07;Левітана;Glovo;8;7331.0;0.0
2025-06-07;Левітана;доставка;51;59290.8;2956.2
2025-06-07;Левітана;самовывоз;11;7048.0;60.0
2025-06-08;Лазарева;Glovo;13;13902.0;0.0
2025-06-08;Лазарева;доставка;32;38823.2;1728.8
2025-06-08;Лазарева;самовывоз;12;7613.6;472.5
2025-06-08;Левітана;Glovo;17;12535.0;0.0
2025-06-08;Левітана;доставка;41;47062.3;2208.7
2025-06-08;Левітана;самовывоз;12;9287.5;530.5
2025-06-09;Лазарева;Glovo;19;12959.0;0.0
2025-06-09;Лазарева;доставка;26;31895.2;1416.8
2025-06-09;Лазарева;самовывоз;8;6035.6;542.4
2025-06-09;Левітана;Glovo;9;8093.0;0.0
2025-06-09;Левітана;доставка;27;29651.5;974.5
2025-06-09;Левітана;самовывоз;9;4255.2;144.8
2025-06-10;Лазарева;Glovo;9;10355.0;0.0
2025-06-10;Лазарева;доставка;41;39535.8;1334.2
2025-06-10;Лазарева;самовывоз;11;7541.6;147.5
2025-06-10;Левітана;Glovo;12;12551.0;0.0
2025-06-10;Левітана;доставка;29;32733.7;1412.3
2025-06-10;Левітана;самовывоз;8;4853.0;270.0
2025-06-11;Лазарева;Glovo;13;10365.0;0.0
2025-06-11;Лазарева;доставка;29;33239.6;2080.4
2025-06-11;Лазарева;самовывоз;15;6146.2;169.8
2025-06-11;Левітана;Glovo;6;3619.0;0.0
2025-06-11;Левітана;доставка;39;37671.6;1907.4
2025-06-11;Левітана;самовывоз;8;8188.0;276.0
2025-06-12;Лазарева;Glovo;19;16286.2;599.8
2025-06-12;Лазарева;доставка;43;41320.0;1276.0
2025-06-12;Лазарева;самовывоз;12;5271.1;539.5
2025-06-12;Левітана;Glovo;13;9842.0;0.0
2025-06-12;Левітана;доставка;19;24710.0;608.0
2025-06-12;Левітана;самовывоз;4;1297.9;512.1
2025-06-13;Лазарева;Glovo;26;18116.0;0.0
2025-06-13;Лазарева;доставка;42;43890.0;960.0
2025-06-13;Лазарева;самовывоз;13;7239.8;958.5
2025-06-13;Левітана;Glovo;23;17189.0;0.0
2025-06-13;Левітана;доставка;50;47183.7;2151.3
2025-06-13;Левітана;самовывоз;10;5841.0;345.0
2025-06-14;Лазарева;Glovo;34;26963.0;0.0
2025-06-14;Лазарева;доставка;49;50921.4;1778.6
2025-06-14;Лазарева;самовывоз;13;8615.8;240.5
2025-06-14;Левітана;Glovo;37;30078.0;0.0
2025-06-14;Левітана;доставка;54;55162.5;1419.5
2025-06-14;Левітана;самовывоз;11;8771.0;572.0
2025-06-15;Лазарева;Glovo;20;13976.0;0.0
2025-06-15;Лазарева;доставка;40;42543.8;1496.2
2025-06-15;Лазарева;самовывоз;13;7400.6;355.0
2025-06-15;Левітана;Glovo;22;20702.4;37.6
2025-06-15;Левітана;доставка;40;42443.3;2199.7
2025-06-15;Левітана;самовывоз;4;3054.5;264.5
2025-06-16;Лазарева;Glovo;8;4465.0;0.0
2025-06-16;Лазарева;доставка;23;23065.5;432.5
2025-06-16;Лазарева;самовывоз;18;8507.2;684.0
2025-06-16;Левітана;Glovo;7;5688.0;0.0
2025-06-16;Левітана;доставка;26;21999.2;1718.8
2025-06-16;Левітана;самовывоз;8;4463.0;245.0
2025-06-17;Лазарева;Glovo;10;4707.0;0.0
2025-06-17;Лазарева;доставка;28;26349.8;678.2
2025-06-17;Лазарева;самовывоз;14;8316.8;210.5
2025-06-17;Левітана;Glovo;16;11263.0;0.0
2025-06-17;Левітана;доставка;34;36511.2;2481.8
2025-06-17;Левітана;самовывоз;5;2747.5;207.5
2025-06-18;Лазарева;Glovo;16;12362.9;63.1
2025-06-18;Лазарева;доставка;33;35303.9;531.1
2025-06-18;Лазарева;самовывоз;18;9493.3;227.5
2025-06-18;Левітана;Glovo;14;9811.0;0.0
2025-06-18;Левітана;доставка;29;25997.4;1041.6
2025-06-18;Левітана;самовывоз;11;7652.5;427.5
2025-06-19;Лазарева;Glovo;10;10928.3;0.0
2025-06-19;Лазарева;доставка;34;37325.4;1796.6
2025-06-19;Лазарева;самовывоз;19;10464.1;916.0
2025-06-19;Левітана;Glovo;14;9650.0;0.0
2025-06-19;Левітана;доставка;38;35992.6;1770.4
2025-06-19;Левітана;самовывоз;8;9574.0;737.0
2025-06-20;Лазарева;Glovo;22;17436.0;0.0
2025-06-20;Лазарева;доставка;47;49574.2;2299.8
2025-06-20;Лазарева;самовывоз;23;11832.1;412.9
2025-06-20;Левітана;Glovo;22;18806.0;0.0
2025-06-20;Левітана;доставка;44;47281.1;907.9
2025-06-20;Левітана;самовывоз;10;6939.0;73.0
2025-06-21;Лазарева;Glovo;23;17182.0;0.0
2025-06-21;Лазарева;доставка;47;52713.4;950.6
2025-06-21;Лазарева;самовывоз;16;3996.3;1969.5
2025-06-21;Левітана;Glovo;21;22676.4;56.6
2025-06-21;Левітана;доставка;43;38206.7;2383.3
2025-06-21;Левітана;самовывоз;11;8834.0;291.0
2025-06-22;Лазарева;Glovo;17;14129.4;230.6
2025-06-22;Лазарева;доставка;36;36899.3;1637.7
2025-06-22;Лазарева;самовывоз;19;8625.0;435.0
2025-06-22;Левітана;Glovo;18;16730.0;0.0
2025-06-22;Левітана;доставка;49;49980.5;2056.5
2025-06-22;Левітана;самовывоз;15;9303.5;954.5
2025-06-23;Лазарева;Glovo;12;9456.0;0.0
2025-06-23;Лазарева;доставка;23;30240.0;1495.0
2025-06-23;Лазарева;самовывоз;11;5433.6;314.0
2025-06-23;Левітана;Glovo;9;9241.0;0.0
2025-06-23;Левітана;доставка;36;36756.0;1664.0
2025-06-23;Левітана;самовывоз;5;3985.5;182.5
2025-06-24;Левітана;Glovo;25;21751.0;260.0
2025-06-24;Левітана;доставка;61;64424.5;3628.5
2025-06-24;Левітана;самовывоз;13;7242.5;517.5
2025-06-25;Лазарева;Glovo;10;7638.0;0.0
2025-06-25;Лазарева;доставка;22;27157.0;439.0
2025-06-25;Лазарева;самовывоз;9;8467.6;0.0
2025-06-25;Левітана;Glovo;17;16157.0;0.0
2025-06-25;Левітана;доставка;35;35878.0;1415.0
2025-06-25;Левітана;самовывоз;8;5743.5;211.5
2025-06-26;Лазарева;Glovo;12;10019.0;0.0
2025-06-26;Лазарева;доставка;31;27288.2;1774.8
2025-06-26;Лазарева;самовывоз;15;6302.0;712.0
2025-06-26;Левітана;Glovo;14;10835.0;0.0
2025-06-26;Левітана;доставка;41;44680.9;868.1
2025-06-26;Левітана;самовывоз;7;3552.0;971.0
2025-06-27;Лазарева;Glovo;8;7170.0;0.0
2025-06-27;Лазарева;доставка;46;53638.5;1827.5
2025-06-27;Лазарева;самовывоз;17;6419.8;670.0
2025-06-27;Левітана;Glovo;13;11583.0;0.0
2025-06-27;Левітана;доставка;55;59454.4;2054.6
2025-06-27;Левітана;самовывоз;14;9313.0;393.0
2025-06-28;Лазарева;Glovo;17;15397.0;0.0
2025-06-28;Лазарева;доставка;44;46456.9;1902.1
2025-06-28;Лазарева;самовывоз;11;5612.4;310.0
2025-06-28;Левітана;Glovo;13;12592.0;0.0
2025-06-28;Левітана;доставка;40;38564.2;2878.8
2025-06-28;Левітана;самовывоз;8;6502.0;438.0
2025-06-29;Лазарева;Glovo;7;5558.0;0.0
2025-06-29;Лазарева;доставка;33;36840.7;1440.3
2025-06-29;Лазарева;самовывоз;13;6300.7;186.5
2025-06-29;Левітана;Glovo;10;7285.0;0.0
2025-06-29;Левітана;доставка;52;54604.3;1442.7
2025-06-29;Левітана;самовывоз;10;6004.5;458.5
2025-06-30;Лазарева;Glovo;8;8725.0;0.0
2025-06-30;Лазарева;доставка;34;40560.4;1137.6
2025-06-30;Лазарева;самовывоз;9;6115.5;177.5
2025-06-30;Левітана;Glovo;11;11435.0;0.0
2025-06-30;Левітана;доставка;29;29859.1;1280.9
2025-06-30;Левітана;самовывоз;9;3935.5;1129.5
2025-07-01;Лазарева;Glovo;12;8965.0;0.0
2025-07-01;Лазарева;доставка;40;45601.7;2612.3
2025-07-01;Лазарева;самовывоз;17;10583.7;652.5
2025-07-01;Левітана;Glovo;12;9013.2;29.8
2025-07-01;Левітана;доставка;35;32674.5;2040.5
2025-07-01;Левітана;самовывоз;5;3234.5;281.5
2025-07-02;Лазарева;Glovo;7;6152.0;0.0
2025-07-02;Лазарева;доставка;35;38162.3;1604.7
2025-07-02;Лазарева;самовывоз;9;4819.0;310.5
2025-07-02;Левітана;Glovo;12;10416.7;84.3
2025-07-02;Левітана;доставка;29;31824.8;1400.2
2025-07-02;Левітана;самовывоз;9;6635.5;446.5
2025-07-03;Лазарева;Glovo;5;5812.0;0.0
2025-07-03;Лазарева;доставка;34;38699.6;897.4
2025-07-03;Лазарева;самовывоз;16;7323.4;526.0
2025-07-03;Левітана;Glovo;16;11490.0;0.0
2025-07-03;Левітана;доставка;31;30240.3;957.7
2025-07-03;Левітана;самовывоз;4;3318.5;455.5
2025-07-04;Лазарева;Glovo;18;19499.7;0.0
2025-07-04;Лазарева;доставка;46;56262.5;1862.5
2025-07-04;Лазарева;самовывоз;13;5516.5;458.5
2025-07-04;Левітана;Glovo;22;23305.0;235.0
2025-07-04;Левітана;доставка;60;58849.2;2718.8
2025-07-04;Левітана;самовывоз;12;7345.0;563.0
2025-07-05;Лазарева;Glovo;21;15221.0;0.0
2025-07-05;Лазарева;доставка;40;43044.1;2349.9
2025-07-05;Лазарева;самовывоз;18;7333.8;817.5
2025-07-05;Левітана;Glovo;12;11142.0;0.0
2025-07-05;Левітана;доставка;43;46931.4;719.6
2025-07-05;Левітана;самовывоз;11;3832.5;1440.5
2025-07-06;Лазарева;Glovo;16;14172.0;0.0
2025-07-06;Лазарева;доставка;45;53020.8;2376.2
2025-07-06;Лазарева;самовывоз;10;4252.1;330.0
2025-07-06;Левітана;Glovo;22;16858.0;0.0
2025-07-06;Левітана;доставка;50;54204.8;2665.2
2025-07-06;Левітана;самовывоз;9;5377.7;436.3
2025-07-07;Лазарева;Glovo;9;6745.0;0.0
2025-07-07;Лазарева;доставка;26;27624.0;1116.0
2025-07-07;Лазарева;самовывоз;20;10047.5;197.5
2025-07-07;Левітана;Glovo;17;13538.0;0.0
2025-07-07;Левітана;доставка;37;35514.2;1566.8
2025-07-07;Левітана;самовывоз;9;5290.0;111.0
2025-07-08;Лазарева;Glovo;7;6450.0;0.0
2025-07-08;Лазарева;доставка;45;49518.4;1856.6
2025-07-08;Лазарева;самовывоз;20;13095.5;272.5
2025-07-08;Левітана;Glovo;12;12257.4;14.6
2025-07-08;Левітана;доставка;30;28851.7;639.3
2025-07-08;Левітана;самовывоз;13;8667.3;241.7
2025-07-09;Лазарева;Glovo;18;15863.0;0.0
2025-07-09;Лазарева;доставка;36;40170.5;1537.5
2025-07-09;Лазарева;самовывоз;15;9393.5;1157.5
2025-07-09;Левітана;Glovo;15;11239.0;0.0
2025-07-09;Левітана;доставка;38;35447.8;1582.2
2025-07-09;Левітана;самовывоз;9;10474.5;755.5
2025-07-10;Лазарева;Glovo;14;14147.0;0.0
2025-07-10;Лазарева;доставка;35;46484.0;2620.0
2025-07-10;Лазарева;самовывоз;13;8151.5;578.5
2025-07-10;Левітана;Glovo;21;16074.1;77.9
2025-07-10;Левітана;доставка;41;39340.3;1593.7
2025-07-10;Левітана;самовывоз;8;5130.0;240.0
2025-07-11;Лазарева;Glovo;14;9242.0;0.0
2025-07-11;Лазарева;доставка;50;56236.9;2750.9
2025-07-11;Лазарева;самовывоз;10;7879.0;446.0
2025-07-11;Левітана;Glovo;16;14424.0;0.0
2025-07-11;Левітана;доставка;38;38610.9;1847.1
2025-07-11;Левітана;самовывоз;11;6570.5;712.5
2025-07-12;Лазарева;Glovo;12;10700.0;0.0
2025-07-12;Лазарева;доставка;47;53514.6;2824.4
2025-07-12;Лазарева;самовывоз;16;9527.5;866.5
2025-07-12;Левітана;Glovo;26;18926.0;0.0
2025-07-12;Левітана;доставка;59;61936.6;2928.4
2025-07-12;Левітана;самовывоз;6;3586.5;226.5
2025-07-13;Лазарева;Glovo;18;13014.0;0.0
2025-07-13;Лазарева;доставка;42;39234.2;1744.8
2025-07-13;Лазарева;самовывоз;18;11412.5;92.5
2025-07-13;Левітана;Glovo;13;11785.4;20.6
2025-07-13;Левітана;доставка;46;47144.4;2757.6
2025-07-13;Левітана;самовывоз;7;7049.5;247.5
2025-07-14;Лазарева;Glovo;17;15923.0;0.0
2025-07-14;Лазарева;доставка;18;17119.4;1556.6
2025-07-14;Лазарева;самовывоз;13;7801.0;368.0
2025-07-14;Левітана;Glovo;19;16278.0;0.0
2025-07-14;Левітана;доставка;33;35647.0;1082.0
2025-07-14;Левітана;самовывоз;14;10359.8;309.2
2025-07-15;Лазарева;Glovo;19;12969.0;0.0
2025-07-15;Лазарева;доставка;34;34172.7;1883.3
2025-07-15;Лазарева;самовывоз;8;4211.5;330.0
2025-07-15;Левітана;Glovo;21;16457.0;0.0
2025-07-15;Левітана;доставка;42;46568.0;2126.0
2025-07-15;Левітана;самовывоз;12;7484.5;609.5
2025-07-16;Лазарева;Glovo;16;15639.0;0.0
2025-07-16;Лазарева;доставка;41;53803.9;1467.1
2025-07-16;Лазарева;самовывоз;7;2841.0;356.0
2025-07-16;Левітана;Glovo;19;14535.0;42.0
2025-07-16;Левітана;доставка;38;40828.4;1124.6
2025-07-16;Левітана;самовывоз;13;7948.4;735.6
2025-07-17;Лазарева;Glovo;8;7883.0;0.0
2025-07-17;Лазарева;доставка;33;34572.9;995.1
2025-07-17;Лазарева;самовывоз;18;9199.4;336.0
2025-07-17;Левітана;Glovo;15;12712.0;0.0
2025-07-17;Левітана;доставка;39;48365.9;1936.1
2025-07-17;Левітана;самовывоз;8;4558.5;457.5
2025-07-18;Лазарева;Glovo;14;14066.0;0.0
2025-07-18;Лазарева;доставка;33;35608.8;2338.2
2025-07-18;Лазарева;самовывоз;24;15523.0;307.0
2025-07-18;Левітана;Glovo;20;16717.0;0.0
2025-07-18;Левітана;доставка;48;52472.2;3568.8
2025-07-18;Левітана;самовывоз;7;5803.0;366.0
2025-07-19;Лазарева;Glovo;20;20410.0;0.0
2025-07-19;Лазарева;доставка;41;42830.1;3133.9
2025-07-19;Лазарева;самовывоз;19;10664.0;793.5
2025-07-19;Левітана;Glovo;16;12302.0;0.0
2025-07-19;Левітана;доставка;45;54516.5;2799.5
2025-07-19;Левітана;самовывоз;12;10204.5;570.5
2025-07-20;Лазарева;Glovo;17;15253.0;0.0
2025-07-20;Лазарева;доставка;32;33068.8;1200.2
2025-07-20;Лазарева;самовывоз;9;3252.2;330.0
2025-07-20;Левітана;Glovo;21;14110.0;0.0
2025-07-20;Левітана;доставка;36;39056.9;2766.1
2025-07-20;Левітана;самовывоз;12;11253.0;813.0
2025-07-21;Лазарева;Glovo;25;21737.0;0.0
2025-07-21;Лазарева;доставка;33;35018.9;1920.1
2025-07-21;Лазарева;самовывоз;19;8160.7;949.5
2025-07-21;Левітана;Glovo;16;12956.0;0.0
2025-07-21;Левітана;доставка;44;49186.1;2237.9
2025-07-21;Левітана;самовывоз;6;2749.6;274.4
2025-07-22;Лазарева;Glovo;24;15349.0;0.0
2025-07-22;Лазарева;доставка;36;35853.8;1573.2
2025-07-22;Лазарева;самовывоз;16;8927.5;394.5
2025-07-22;Левітана;Glovo;35;28184.0;0.0
2025-07-22;Левітана;доставка;35;30913.4;1909.6
2025-07-22;Левітана;самовывоз;8;5796.5;212.5
2025-07-23;Лазарева;Glovo;13;11746.0;0.0
2025-07-23;Лазарева;доставка;33;41352.5;2056.5
2025-07-23;Лазарева;самовывоз;13;5599.5;218.5
2025-07-23;Левітана;Glovo;12;8897.0;0.0
2025-07-23;Левітана;доставка;35;39131.4;2157.6
2025-07-23;Левітана;самовывоз;4;1325.8;404.2
2025-07-24;Лазарева;Glovo;13;10879.0;0.0
2025-07-24;Лазарева;доставка;44;51445.8;1155.2
2025-07-24;Лазарева;самовывоз;14;8814.8;118.2
2025-07-24;Левітана;Glovo;21;20562.1;524.9
2025-07-24;Левітана;доставка;34;42501.6;1210.4
2025-07-24;Левітана;самовывоз;8;3831.0;352.0
2025-07-25;Лазарева;Glovo;15;14046.0;0.0
2025-07-25;Лазарева;доставка;43;55905.3;1899.7
2025-07-25;Лазарева;самовывоз;13;7353.5;334.5
2025-07-25;Левітана;Glovo;26;19049.5;170.5
2025-07-25;Левітана;доставка;47;49606.7;1736.3
2025-07-25;Левітана;самовывоз;9;9767.5;406.5
2025-07-26;Лазарева;Glovo;9;7829.0;0.0
2025-07-26;Лазарева;доставка;45;58493.5;2510.5
2025-07-26;Лазарева;самовывоз;7;5532.0;290.0
2025-07-26;Левітана;Glovo;27;21432.0;0.0
2025-07-26;Левітана;доставка;48;55108.5;2546.5
2025-07-26;Левітана;самовывоз;10;12116.7;668.3
2025-07-27;Лазарева;Glovo;30;21580.0;0.0
2025-07-27;Лазарева;доставка;31;29831.9;1048.1
2025-07-27;Лазарева;самовывоз;10;6423.0;215.0
2025-07-27;Левітана;Glovo;56;52001.6;404.4
2025-07-27;Левітана;доставка;52;54671.6;1728.4
2025-07-27;Левітана;самовывоз;12;10172.0;0.0
2025-07-28;Лазарева;Glovo;21;16386.0;0.0
2025-07-28;Лазарева;доставка;33;45060.1;1860.9
2025-07-28;Лазарева;самовывоз;12;6289.5;172.5
2025-07-28;Левітана;Glovo;29;22765.5;215.5
2025-07-28;Левітана;доставка;40;40665.7;2514.3
2025-07-28;Левітана;самовывоз;11;8375.5;490.5
2025-07-29;Лазарева;Glovo;10;6872.0;0.0
2025-07-29;Лазарева;доставка;39;41745.0;1433.0
2025-07-29;Лазарева;самовывоз;17;9896.3;555.0
2025-07-29;Левітана;Glovo;22;17961.0;265.0
2025-07-29;Левітана;доставка;30;35096.7;1232.3
2025-07-29;Левітана;самовывоз;9;4226.0;396.0
2025-07-30;Лазарева;Glovo;16;16999.0;0.0
2025-07-30;Лазарева;доставка;33;35296.9;1940.1
2025-07-30;Лазарева;самовывоз;10;8034.2;345.0
2025-07-30;Левітана;Glovo;16;13342.0;0.0
2025-07-30;Левітана;доставка;37;35801.4;1824.6
2025-07-30;Левітана;самовывоз;8;5560.4;130.6
2025-07-31;Лазарева;Glovo;19;14285.0;0.0
2025-07-31;Лазарева;доставка;22;29790.4;624.6
2025-07-31;Лазарева;самовывоз;13;8036.6;303.5
2025-07-31;Левітана;Glovo;20;14838.0;0.0
2025-07-31;Левітана;доставка;29;30646.1;448.9
2025-07-31;Левітана;самовывоз;7;5405.2;271.8
2025-08-01;Лазарева;Glovo;9;7548.0;0.0
2025-08-01;Лазарева;доставка;43;46382.2;1765.8
2025-08-01;Лазарева;самовывоз;17;10839.9;613.5
2025-08-01;Левітана;Glovo;27;20584.0;0.0
2025-08-01;Левітана;доставка;63;71926.2;1315.8
2025-08-01;Левітана;самовывоз;11;6206.0;607.0
2025-08-02;Лазарева;Glovo;19;16186.0;0.0
2025-08-02;Лазарева;доставка;47;54842.3;1258.7
2025-08-02;Лазарева;самовывоз;14;7683.5;262.5
2025-08-02;Левітана;Glovo;32;30324.0;0.0
2025-08-02;Левітана;доставка;54;58873.6;2478.4
2025-08-02;Левітана;самовывоз;15;10874.5;807.5
2025-08-03;Лазарева;Glovo;25;25735.0;139.0
2025-08-03;Лазарева;доставка;38;37720.4;1180.6
2025-08-03;Лазарева;самовывоз;17;10996.1;437.5
2025-08-03;Левітана;Glovo;13;10879.0;0.0
2025-08-03;Левітана;доставка;43;45409.2;1535.8
2025-08-03;Левітана;самовывоз;6;4360.5;241.5
2025-08-04;Лазарева;Glovo;16;10279.0;0.0
2025-08-04;Лазарева;доставка;35;42935.9;1275.1
2025-08-04;Лазарева;самовывоз;18;10557.2;382.6
2025-08-04;Левітана;Glovo;18;16670.6;34.4
2025-08-04;Левітана;доставка;29;29785.5;1363.5
2025-08-04;Левітана;самовывоз;7;3323.5;441.5
2025-08-05;Лазарева;Glovo;12;9949.0;0.0
2025-08-05;Лазарева;доставка;32;34830.3;1237.7
2025-08-05;Лазарева;самовывоз;14;5404.5;30.0
2025-08-05;Левітана;Glovo;15;12918.0;0.0
2025-08-05;Левітана;доставка;51;53232.3;2913.7
2025-08-05;Левітана;самовывоз;10;5608.0;624.0
2025-08-06;Лазарева;Glovo;13;12224.0;0.0
2025-08-06;Лазарева;доставка;34;34978.5;1590.5
2025-08-06;Лазарева;самовывоз;19;11440.0;348.0
2025-08-06;Левітана;Glovo;24;19275.3;607.7
2025-08-06;Левітана;доставка;42;41087.0;940.0
2025-08-06;Левітана;самовывоз;13;10388.0;227.0
2025-08-07;Лазарева;Glovo;11;5609.7;384.3
2025-08-07;Лазарева;доставка;35;40340.9;1415.1
2025-08-07;Лазарева;самовывоз;9;3816.7;0.0
2025-08-07;Левітана;Glovo;29;29614.0;0.0
2025-08-07;Левітана;доставка;49;54061.6;2330.4
2025-08-07;Левітана;самовывоз;9;6745.0;428.0
2025-08-08;Лазарева;Glovo;29;23839.0;0.0
2025-08-08;Лазарева;доставка;59;66379.8;1741.2
2025-08-08;Лазарева;самовывоз;13;6092.8;0.0
2025-08-08;Левітана;Glovo;23;16701.3;111.7
2025-08-08;Левітана;доставка;51;58468.8;2013.2
2025-08-08;Левітана;самовывоз;9;7326.5;580.5
2025-08-09;Лазарева;Glovo;20;17040.0;0.0
2025-08-09;Лазарева;доставка;45;57110.8;1486.2
2025-08-09;Лазарева;самовывоз;10;3635.5;177.5
2025-08-09;Левітана;Glovo;30;28395.0;0.0
2025-08-09;Левітана;доставка;52;56966.4;1898.6
2025-08-09;Левітана;самовывоз;14;11272.0;770.0
2025-08-10;Лазарева;Glovo;18;9417.0;0.0
2025-08-10;Лазарева;доставка;48;55036.8;2365.2
2025-08-10;Лазарева;самовывоз;9;3798.0;27.0
2025-08-10;Левітана;Glovo;25;23249.0;0.0
2025-08-10;Левітана;доставка;51;57066.8;1502.2
2025-08-10;Левітана;самовывоз;16;10506.0;409.0
2025-08-11;Лазарева;Glovo;13;9282.0;0.0
2025-08-11;Лазарева;доставка;35;37417.8;1828.2
2025-08-11;Лазарева;самовывоз;2;559.4;180.6
2025-08-11;Левітана;Glovo;31;24494.0;0.0
2025-08-11;Левітана;доставка;46;47699.0;1478.0
2025-08-11;Левітана;самовывоз;9;5526.0;782.0
2025-08-12;Лазарева;Glovo;12;9466.0;0.0
2025-08-12;Лазарева;доставка;49;57846.5;1417.5
2025-08-12;Лазарева;самовывоз;7;2483.5;313.5
2025-08-12;Левітана;Glovo;24;20132.0;0.0
2025-08-12;Левітана;доставка;39;42642.8;2428.2
2025-08-12;Левітана;самовывоз;11;8008.0;328.0
2025-08-13;Лазарева;Glovo;15;9137.0;0.0
2025-08-13;Лазарева;доставка;34;39171.1;1380.9
2025-08-13;Лазарева;самовывоз;9;3489.5;142.5
2025-08-13;Левітана;Glovo;17;13073.0;0.0
2025-08-13;Левітана;доставка;39;40406.5;1104.5
2025-08-13;Левітана;самовывоз;8;6399.6;17.4
2025-08-14;Лазарева;Glovo;23;18175.5;228.5
2025-08-14;Лазарева;доставка;35;38861.7;1079.3
2025-08-14;Лазарева;самовывоз;10;5279.0;160.0
2025-08-14;Левітана;Glovo;24;22501.0;0.0
2025-08-14;Левітана;доставка;40;40190.4;2387.6
2025-08-14;Левітана;самовывоз;10;7528.5;512.5
2025-08-15;Лазарева;Glovo;28;19777.0;0.0
2025-08-15;Лазарева;доставка;57;60807.6;1691.4
2025-08-15;Лазарева;самовывоз;19;6326.0;1432.0
2025-08-15;Левітана;Glovo;31;21837.0;79.0
2025-08-15;Левітана;доставка;46;48721.1;1235.9
2025-08-15;Левітана;самовывоз;13;7020.0;517.0
2025-08-16;Лазарева;Glovo;21;20128.0;0.0
2025-08-16;Лазарева;доставка;48;58524.1;2015.9
2025-08-16;Лазарева;самовывоз;9;4773.5;162.5
2025-08-16;Левітана;Glovo;23;19313.0;0.0
2025-08-16;Левітана;доставка;61;61903.6;2900.4
2025-08-16;Левітана;самовывоз;13;8117.0;380.0
2025-08-17;Лазарева;Glovo;34;30455.0;0.0
2025-08-17;Лазарева;доставка;51;60278.6;2035.4
2025-08-17;Лазарева;самовывоз;6;2587.5;382.5
2025-08-17;Левітана;Glovo;49;41740.0;0.0
2025-08-17;Левітана;доставка;48;47296.3;1238.7
2025-08-17;Левітана;самовывоз;5;5349.0;115.0
2025-08-18;Лазарева;Glovo;28;24372.0;0.0
2025-08-18;Лазарева;доставка;35;31276.2;1090.8
2025-08-18;Лазарева;самовывоз;11;2741.8;431.2
2025-08-18;Левітана;Glovo;24;16418.0;0.0
2025-08-18;Левітана;доставка;48;52020.0;1436.0
2025-08-18;Левітана;самовывоз;14;9088.5;187.5
2025-08-19;Лазарева;Glovo;12;12299.0;0.0
2025-08-19;Лазарева;доставка;34;34017.3;1879.7
2025-08-19;Лазарева;самовывоз;8;2485.0;284.0
2025-08-19;Левітана;Glovo;24;19396.0;0.0
2025-08-19;Левітана;доставка;53;52784.0;2576.0
2025-08-19;Левітана;самовывоз;14;9867.5;825.5
2025-08-20;Лазарева;Glovo;18;15140.1;149.9
2025-08-20;Лазарева;доставка;47;60569.7;3070.3
2025-08-20;Лазарева;самовывоз;9;4767.0;190.0
2025-08-20;Левітана;Glovo;31;30935.0;0.0
2025-08-20;Левітана;доставка;38;38777.1;1030.9
2025-08-20;Левітана;самовывоз;3;2131.0;0.0
2025-08-21;Лазарева;Glovo;18;16312.0;0.0
2025-08-21;Лазарева;доставка;27;32904.1;944.9
2025-08-21;Лазарева;самовывоз;9;4203.0;31.0
2025-08-21;Левітана;Glovo;22;18299.0;0.0
2025-08-21;Левітана;доставка;48;47988.7;2043.3
2025-08-21;Левітана;самовывоз;11;6808.5;908.5
2025-08-22;Лазарева;Glovo;17;11276.0;0.0
2025-08-22;Лазарева;доставка;58;66660.9;2467.1
2025-08-22;Лазарева;самовывоз;9;3724.5;92.5
2025-08-22;Левітана;Glovo;40;34872.0;0.0
2025-08-22;Левітана;доставка;53;52925.3;1830.7
2025-08-22;Левітана;самовывоз;9;6599.1;409.9
2025-08-23;Лазарева;Glovo;22;18275.0;0.0
2025-08-23;Лазарева;доставка;45;51889.6;1227.4
2025-08-23;Лазарева;самовывоз;12;6292.5;165.5
2025-08-23;Левітана;Glovo;32;23411.0;0.0
2025-08-23;Левітана;доставка;60;63835.9;2183.1
2025-08-23;Левітана;самовывоз;12;14754.0;440.0
2025-08-24;Лазарева;Glovo;37;37281.0;0.0
2025-08-24;Лазарева;доставка;48;48419.7;1377.3
2025-08-24;Лазарева;самовывоз;13;6212.9;64.0
2025-08-24;Левітана;Glovo;40;34553.0;0.0
2025-08-24;Левітана;доставка;53;53648.0;2106.0
2025-08-24;Левітана;самовывоз;13;11813.5;879.5
2025-08-25;Лазарева;Glovo;17;14973.0;0.0
2025-08-25;Лазарева;доставка;32;39705.4;2818.6
2025-08-25;Лазарева;самовывоз;10;6424.1;950.0
2025-08-25;Левітана;Glovo;32;29411.0;0.0
2025-08-25;Левітана;доставка;45;48314.6;1148.4
2025-08-25;Левітана;самовывоз;6;1708.0;400.0
2025-08-26;Лазарева;Glovo;17;14500.0;0.0
2025-08-26;Лазарева;доставка;24;24044.4;804.6
2025-08-26;Лазарева;самовывоз;15;7032.3;408.0
2025-08-26;Левітана;Glovo;18;16436.0;0.0
2025-08-26;Левітана;доставка;43;52392.1;2211.9
2025-08-26;Левітана;самовывоз;12;9168.5;570.5
2025-08-27;Лазарева;Glovo;12;13082.0;0.0
2025-08-27;Лазарева;доставка;44;57709.4;1288.6
2025-08-27;Лазарева;самовывоз;10;5294.3;326.0
2025-08-27;Левітана;Glovo;19;20150.0;0.0
2025-08-27;Левітана;доставка;32;41445.9;1833.1
2025-08-27;Левітана;самовывоз;11;6681.0;160.0
2025-08-28;Лазарева;Glovo;13;12902.0;0.0
2025-08-28;Лазарева;доставка;38;39826.6;823.4
2025-08-28;Лазарева;самовывоз;14;9030.5;0.0
2025-08-28;Левітана;Glovo;16;12572.0;0.0
2025-08-28;Левітана;доставка;29;34013.6;1532.4
2025-08-28;Левітана;самовывоз;11;6320.5;523.5
2025-08-29;Лазарева;Glovo;28;25186.1;198.9
2025-08-29;Лазарева;доставка;46;52800.8;2664.2
2025-08-29;Лазарева;самовывоз;14;9148.3;366.5
2025-08-29;Левітана;Glovo;28;24362.2;28.8
2025-08-29;Левітана;доставка;67;73183.0;2547.0
2025-08-29;Левітана;самовывоз;10;9560.4;293.6
2025-08-30;Лазарева;Glovo;28;21591.0;0.0
2025-08-30;Лазарева;доставка;50;56708.1;1890.9
2025-08-30;Лазарева;самовывоз;8;4375.0;0.0
2025-08-30;Левітана;Glovo;22;19568.0;0.0
2025-08-30;Левітана;доставка;47;46297.3;1877.7
2025-08-30;Левітана;самовывоз;9;7494.8;777.2
2025-08-31;Лазарева;Glovo;29;28006.0;0.0
2025-08-31;Лазарева;доставка;42;44852.5;2052.5
2025-08-31;Лазарева;самовывоз;9;5142.6;385.0
2025-08-31;Левітана;Glovo;32;22458.0;0.0
2025-08-31;Левітана;доставка;49;42907.4;2117.6
2025-08-31;Левітана;самовывоз;10;5182.2;413.8
2025-09-01;Лазарева;Glovo;36;27452.0;0.0
2025-09-01;Лазарева;доставка;58;71394.7;2290.3
2025-09-01;Лазарева;самовывоз;13;7978.8;72.0
2025-09-01;Левітана;Glovo;29;21169.0;0.0
2025-09-01;Левітана;доставка;38;44214.5;1577.5
2025-09-01;Левітана;самовывоз;17;11754.5;856.5
2025-09-02;Лазарева;Glovo;22;18039.0;0.0
2025-09-02;Лазарева;доставка;21;21463.3;590.7
2025-09-02;Лазарева;самовывоз;9;5023.1;114.0
2025-09-02;Левітана;Glovo;23;14518.8;155.2
2025-09-02;Левітана;доставка;32;29095.0;1138.0
2025-09-02;Левітана;самовывоз;5;5444.0;50.0
2025-09-03;Лазарева;Glovo;18;15765.6;0.0
2025-09-03;Лазарева;доставка;28;27228.9;1752.1
2025-09-03;Лазарева;самовывоз;10;4260.8;55.0
2025-09-03;Левітана;Glovo;11;10174.0;0.0
2025-09-03;Левітана;доставка;28;29888.4;960.6
2025-09-03;Левітана;самовывоз;13;8380.0;508.0
2025-09-04;Лазарева;Glovo;11;8941.0;0.0
2025-09-04;Лазарева;доставка;37;44532.5;548.5
2025-09-04;Лазарева;самовывоз;8;2841.3;0.0
2025-09-04;Левітана;Glovo;34;25969.1;456.9
2025-09-04;Левітана;доставка;30;27212.9;824.1
2025-09-04;Левітана;самовывоз;8;4198.9;613.1
2025-09-05;Лазарева;Glovo;19;14892.0;0.0
2025-09-05;Лазарева;доставка;56;62659.7;2208.3
2025-09-05;Лазарева;самовывоз;10;5909.3;290.0
2025-09-05;Левітана;Glovo;16;13357.0;0.0
2025-09-05;Левітана;доставка;46;51735.7;1919.3
2025-09-05;Левітана;самовывоз;18;20725.0;542.0
2025-09-06;Лазарева;Glovo;24;22981.0;0.0
2025-09-06;Лазарева;доставка;50;54501.6;1456.4
2025-09-06;Лазарева;самовывоз;13;8278.8;214.5
2025-09-06;Левітана;Glovo;22;21446.0;0.0
2025-09-06;Левітана;доставка;58;58631.7;2142.3
2025-09-06;Левітана;самовывоз;12;10765.0;235.0
2025-09-07;Лазарева;Glovo;13;11617.0;0.0
2025-09-07;Лазарева;доставка;46;54803.8;2499.2
2025-09-07;Лазарева;самовывоз;7;7200.0;108.0
2025-09-07;Левітана;Glovo;30;23129.0;0.0
2025-09-07;Левітана;доставка;69;68137.9;2985.1
2025-09-07;Левітана;самовывоз;8;6874.0;50.0
2025-09-08;Лазарева;Glovo;13;10751.0;0.0
2025-09-08;Лазарева;доставка;36;36890.7;1304.3
2025-09-08;Лазарева;самовывоз;17;6179.9;1113.1
2025-09-08;Левітана;Glovo;20;13314.0;0.0
2025-09-08;Левітана;доставка;27;27051.4;611.6
2025-09-08;Левітана;самовывоз;9;5998.0;1048.0
2025-09-09;Лазарева;Glovo;16;12030.0;0.0
2025-09-09;Лазарева;доставка;27;27716.7;1310.3
2025-09-09;Лазарева;самовывоз;12;5737.0;57.0
2025-09-09;Левітана;Glovo;20;16862.0;0.0
2025-09-09;Левітана;доставка;40;43624.0;1274.0
2025-09-09;Левітана;самовывоз;2;1005.0;0.0
2025-09-10;Лазарева;Glovo;18;16912.0;0.0
2025-09-10;Лазарева;доставка;45;49645.0;1455.0
2025-09-10;Лазарева;самовывоз;14;5672.3;162.1
2025-09-10;Левітана;Glovo;20;18098.0;0.0
2025-09-10;Левітана;доставка;27;33796.4;1325.6
2025-09-10;Левітана;самовывоз;10;10031.8;356.2
2025-09-11;Лазарева;Glovo;12;6474.0;0.0
2025-09-11;Лазарева;доставка;36;41313.7;977.3
2025-09-11;Лазарева;самовывоз;20;11989.3;295.0
2025-09-11;Левітана;Glovo;20;16795.0;0.0
2025-09-11;Левітана;доставка;40;40212.0;1636.0
2025-09-11;Левітана;самовывоз;7;4184.3;195.7
2025-09-12;Лазарева;Glovo;14;9774.0;0.0
2025-09-12;Лазарева;доставка;45;52591.9;1270.1
2025-09-12;Лазарева;самовывоз;14;8371.0;701.2
2025-09-12;Левітана;Glovo;22;18120.0;0.0
2025-09-12;Левітана;доставка;46;51875.6;2747.4
2025-09-12;Левітана;самовывоз;7;4637.0;12.0
2025-09-13;Лазарева;Glovo;21;22060.0;0.0
2025-09-13;Лазарева;доставка;34;36969.1;998.9
2025-09-13;Лазарева;самовывоз;10;2796.0;335.0
2025-09-13;Левітана;Glovo;19;15979.0;0.0
2025-09-13;Левітана;доставка;63;72123.6;1759.4
2025-09-13;Левітана;самовывоз;13;7925.5;601.5
2025-09-14;Лазарева;Glovo;21;18566.0;0.0
2025-09-14;Лазарева;доставка;35;37434.0;1086.0
2025-09-14;Лазарева;самовывоз;6;3763.1;267.5
2025-09-14;Левітана;Glovo;17;15401.8;31.2
2025-09-14;Левітана;доставка;49;51952.4;1192.6
2025-09-14;Левітана;самовывоз;12;8161.0;739.0
2025-09-15;Лазарева;Glovo;13;12338.0;0.0
2025-09-15;Лазарева;доставка;26;25547.5;285.5
2025-09-15;Лазарева;самовывоз;15;5573.3;448.5
2025-09-15;Левітана;Glovo;19;14741.7;210.3
2025-09-15;Левітана;доставка;32;37220.2;556.8
2025-09-15;Левітана;самовывоз;4;2730.0;130.0
2025-09-16;Лазарева;Glovo;18;14029.0;0.0
2025-09-16;Лазарева;доставка;25;25435.7;1616.3
2025-09-16;Лазарева;самовывоз;10;5309.0;38.0
2025-09-16;Левітана;Glovo;20;15097.0;0.0
2025-09-16;Левітана;доставка;39;36801.7;944.3
2025-09-16;Левітана;самовывоз;7;7154.5;162.5
2025-09-17;Лазарева;Glovo;31;21490.0;0.0
2025-09-17;Лазарева;доставка;39;43703.8;1406.2
2025-09-17;Лазарева;самовывоз;12;5496.5;303.5
2025-09-17;Левітана;Glovo;17;12416.5;219.5
2025-09-17;Левітана;доставка;47;42403.6;1183.4
2025-09-17;Левітана;самовывоз;10;5818.4;195.6
2025-09-18;Лазарева;Glovo;19;15527.0;0.0
2025-09-18;Лазарева;доставка;32;33469.4;1579.6
2025-09-18;Лазарева;самовывоз;16;7302.1;880.5
2025-09-18;Левітана;Glovo;22;23423.0;0.0
2025-09-18;Левітана;доставка;35;34229.2;1635.8
2025-09-18;Левітана;самовывоз;7;6161.0;226.0
2025-09-19;Лазарева;Glovo;12;11546.0;0.0
2025-09-19;Лазарева;доставка;45;55388.8;2794.2
2025-09-19;Лазарева;самовывоз;15;5580.1;311.5
2025-09-19;Левітана;Glovo;19;17882.0;0.0
2025-09-19;Левітана;доставка;41;41878.7;1825.3
2025-09-19;Левітана;самовывоз;9;5534.5;493.5
2025-09-20;Лазарева;Glovo;12;10591.0;0.0
2025-09-20;Лазарева;доставка;46;49418.3;1119.7
2025-09-20;Лазарева;самовывоз;12;5237.0;0.0
2025-09-20;Левітана;Glovo;13;12940.0;0.0
2025-09-20;Левітана;доставка;48;49305.9;1437.1
2025-09-20;Левітана;самовывоз;12;10105.5;793.5
2025-09-21;Лазарева;Glovo;21;13550.0;0.0
2025-09-21;Лазарева;доставка;40;47377.8;1593.2
2025-09-21;Лазарева;самовывоз;11;8124.1;177.5
2025-09-21;Левітана;Glovo;19;16387.0;0.0
2025-09-21;Левітана;доставка;42;47234.2;893.8
2025-09-21;Левітана;самовывоз;6;3098.5;424.5
2025-09-22;Лазарева;Glovo;16;14277.0;0.0
2025-09-22;Лазарева;доставка;29;37144.4;956.6
2025-09-22;Лазарева;самовывоз;7;4370.7;182.3
2025-09-22;Левітана;Glovo;15;12168.0;0.0
2025-09-22;Левітана;доставка;29;35109.3;1398.7
2025-09-22;Левітана;самовывоз;11;4657.4;941.6
2025-09-23;Лазарева;Glovo;12;12057.0;0.0
2025-09-23;Лазарева;доставка;26;29746.2;907.8
2025-09-23;Лазарева;самовывоз;15;6600.1;897.5
2025-09-23;Левітана;Glovo;15;12151.0;0.0
2025-09-23;Левітана;доставка;28;26221.7;2263.3
2025-09-23;Левітана;самовывоз;5;2543.2;130.8
2025-09-24;Лазарева;Glovo;13;9883.0;0.0
2025-09-24;Лазарева;доставка;28;27224.8;1188.2
2025-09-24;Лазарева;самовывоз;11;4740.0;270.0
2025-09-24;Левітана;Glovo;17;14532.0;0.0
2025-09-24;Левітана;доставка;22;22766.1;1243.9
2025-09-24;Левітана;самовывоз;6;3809.0;15.0
2025-09-25;Лазарева;Glovo;9;7531.0;0.0
2025-09-25;Лазарева;доставка;35;32925.4;2026.6
2025-09-25;Лазарева;самовывоз;10;2649.5;328.5
2025-09-25;Левітана;Glovo;14;14913.0;0.0
2025-09-25;Левітана;доставка;27;28209.6;1509.4
2025-09-25;Левітана;самовывоз;12;12560.9;636.1
2025-09-26;Лазарева;Glovo;14;11725.0;0.0
2025-09-26;Лазарева;доставка;44;50719.0;2525.0
2025-09-26;Лазарева;самовывоз;13;5087.5;182.5
2025-09-26;Левітана;Glovo;19;15447.5;8.5
2025-09-26;Левітана;доставка;47;46726.5;1201.5
2025-09-26;Левітана;самовывоз;17;14644.0;789.0
2025-09-27;Лазарева;Glovo;17;15215.0;0.0
2025-09-27;Лазарева;доставка;48;52126.8;1346.2
2025-09-27;Лазарева;самовывоз;15;8529.0;325.0
2025-09-27;Левітана;Glovo;17;16573.0;0.0
2025-09-27;Левітана;доставка;64;73122.7;4076.3
2025-09-27;Левітана;самовывоз;14;13205.6;421.4
2025-09-28;Лазарева;Glovo;18;13677.0;0.0
2025-09-28;Лазарева;доставка;27;33506.1;1831.9
2025-09-28;Лазарева;самовывоз;17;8215.0;637.0
2025-09-28;Левітана;Glovo;20;16660.0;0.0
2025-09-28;Левітана;доставка;43;42646.7;2078.3
2025-09-28;Левітана;самовывоз;11;8535.0;484.0
2025-09-29;Лазарева;Glovo;12;8132.0;0.0
2025-09-29;Лазарева;доставка;25;26061.9;657.1
2025-09-29;Лазарева;самовывоз;7;3312.5;167.5
2025-09-29;Левітана;Glovo;15;9787.0;0.0
2025-09-29;Левітана;доставка;33;32113.2;1150.8
2025-09-29;Левітана;самовывоз;3;1202.5;187.5
2025-09-30;Лазарева;Glovo;5;5175.0;0.0
2025-09-30;Лазарева;доставка;13;11699.7;530.3
2025-09-30;Лазарева;самовывоз;4;4918.9;619.1
2025-09-30;Левітана;Glovo;1;295.0;0.0
2025-09-30;Левітана;доставка;8;7023.7;380.3
2025-09-30;Левітана;самовывоз;6;7496.2;283.8
2025-10-01;Лазарева;Glovo;22;19621.8;329.2
2025-10-01;Лазарева;доставка;42;54037.9;3369.1
2025-10-01;Лазарева;самовывоз;8;5041.7;276.3
2025-10-01;Левітана;Glovo;7;8838.0;0.0
2025-10-01;Левітана;доставка;55;58505.4;3604.6
2025-10-01;Левітана;самовывоз;15;15531.8;290.2
2025-10-02;Лазарева;Glovo;21;16328.4;16.6
2025-10-02;Лазарева;доставка;33;36539.7;1849.3
2025-10-02;Лазарева;самовывоз;16;11321.0;915.0
2025-10-02;Левітана;Glovo;12;8294.1;132.9
2025-10-02;Левітана;доставка;34;35272.9;1942.1
2025-10-02;Левітана;самовывоз;6;6539.0;156.0
2025-10-03;Лазарева;Glovo;15;10749.0;0.0
2025-10-03;Лазарева;доставка;54;64450.0;4066.0
2025-10-03;Лазарева;самовывоз;22;9867.5;926.5
2025-10-03;Левітана;Glovo;18;15089.0;265.0
2025-10-03;Левітана;доставка;42;49109.0;2319.0
2025-10-03;Левітана;самовывоз;11;7385.0;267.0
2025-10-04;Лазарева;Glovo;22;15892.0;0.0
2025-10-04;Лазарева;доставка;46;47438.5;1734.5
2025-10-04;Лазарева;самовывоз;3;3038.0;302.0
2025-10-04;Левітана;Glovo;25;18662.0;0.0
2025-10-04;Левітана;доставка;54;58408.6;3002.1
2025-10-04;Левітана;самовывоз;17;16486.5;421.5
2025-10-05;Лазарева;Glovo;16;15963.0;0.0
2025-10-05;Лазарева;доставка;44;52752.3;2588.7
2025-10-05;Лазарева;самовывоз;8;6101.0;0.0
2025-10-05;Левітана;Glovo;16;10117.0;0.0
2025-10-05;Левітана;доставка;47;58330.4;2023.6
2025-10-05;Левітана;самовывоз;3;2489.0;55.0
2025-10-06;Лазарева;Glovo;10;9653.0;0.0
2025-10-06;Лазарева;доставка;21;33066.4;526.6
2025-10-06;Лазарева;самовывоз;14;7449.0;466.0
2025-10-06;Левітана;Glovo;10;9882.0;0.0
2025-10-06;Левітана;доставка;28;26061.2;753.8
2025-10-06;Левітана;самовывоз;4;4546.5;494.5
2025-10-07;Лазарева;Glovo;9;9079.0;0.0
2025-10-07;Лазарева;доставка;35;38555.3;2218.7
2025-10-07;Лазарева;самовывоз;10;5981.0;267.0
2025-10-07;Левітана;Glovo;17;13038.2;147.8
2025-10-07;Левітана;доставка;31;33381.2;657.8
2025-10-07;Левітана;самовывоз;3;4078.0;133.0
2025-10-08;Лазарева;Glovo;12;12265.0;16.0
2025-10-08;Лазарева;доставка;36;41870.1;3281.2
2025-10-08;Лазарева;самовывоз;10;5660.0;35.0
2025-10-08;Левітана;Glovo;11;7323.0;0.0
2025-10-08;Левітана;доставка;40;41802.5;1534.5
2025-10-08;Левітана;самовывоз;8;6380.5;589.5
2025-10-09;Лазарева;Glovo;11;9451.0;0.0
2025-10-09;Лазарева;доставка;25;33050.4;1585.6
2025-10-09;Лазарева;самовывоз;17;8571.5;522.5
2025-10-09;Левітана;Glovo;13;8140.0;0.0
2025-10-09;Левітана;доставка;27;34958.3;220.7
2025-10-09;Левітана;самовывоз;3;1230.5;159.5
2025-10-10;Лазарева;Glovo;16;20390.0;0.0
2025-10-10;Лазарева;доставка;56;65861.0;2259.0
2025-10-10;Лазарева;самовывоз;17;11135.0;1129.0
2025-10-10;Левітана;Glovo;15;11340.0;0.0
2025-10-10;Левітана;доставка;45;53675.6;3066.4
2025-10-10;Левітана;самовывоз;10;6135.0;918.0
2025-10-11;Лазарева;Glovo;13;12127.0;0.0
2025-10-11;Лазарева;доставка;48;56916.0;2464.0
2025-10-11;Лазарева;самовывоз;13;8097.5;207.5
2025-10-11;Левітана;Glovo;19;15168.0;0.0
2025-10-11;Левітана;доставка;45;52542.3;2282.7
2025-10-11;Левітана;самовывоз;12;11998.0;1020.0
2025-10-12;Лазарева;Glovo;16;14049.0;0.0
2025-10-12;Лазарева;доставка;31;36531.7;1247.3
2025-10-12;Лазарева;самовывоз;6;2211.5;282.5
2025-10-12;Левітана;Glovo;12;10282.0;0.0
2025-10-12;Левітана;доставка;52;55225.7;1779.3
2025-10-12;Левітана;самовывоз;10;11122.8;378.2
2025-10-13;Лазарева;Glovo;9;7542.3;62.7
2025-10-13;Лазарева;доставка;32;35562.0;1770.0
2025-10-13;Лазарева;самовывоз;18;9556.5;1100.5
2025-10-13;Левітана;Glovo;14;14330.0;0.0
2025-10-13;Левітана;доставка;29;32711.7;888.3
2025-10-13;Левітана;самовывоз;4;1965.0;379.0
2025-10-14;Лазарева;Glovo;13;9870.8;16.2
2025-10-14;Лазарева;доставка;35;35455.4;1165.6
2025-10-14;Лазарева;самовывоз;9;5058.5;387.5
2025-10-14;Левітана;Glovo;12;11278.0;0.0
2025-10-14;Левітана;доставка;24;26848.5;1794.5
2025-10-14;Левітана;самовывоз;7;3175.5;405.5
2025-10-15;Лазарева;Glovo;13;10756.0;0.0
2025-10-15;Лазарева;доставка;37;43743.3;1131.7
2025-10-15;Лазарева;самовывоз;10;3459.0;32.0
2025-10-15;Левітана;Glovo;18;17397.0;0.0
2025-10-15;Левітана;доставка;31;35225.1;801.9
2025-10-15;Левітана;самовывоз;3;1249.5;129.5
2025-10-16;Лазарева;Glovo;15;13439.0;0.0
2025-10-16;Лазарева;доставка;34;40517.5;2225.5
2025-10-16;Лазарева;самовывоз;13;10103.6;702.0
2025-10-16;Левітана;Glovo;15;12138.0;0.0
2025-10-16;Левітана;доставка;31;32244.7;1561.3
2025-10-16;Левітана;самовывоз;6;2303.5;97.5
2025-10-17;Лазарева;Glovo;19;14433.0;0.0
2025-10-17;Лазарева;доставка;45;51466.1;3067.9
2025-10-17;Лазарева;самовывоз;20;13055.8;893.0
2025-10-17;Левітана;Glovo;18;13699.0;0.0
2025-10-17;Левітана;доставка;45;57488.0;3137.0
2025-10-17;Левітана;самовывоз;11;5121.4;302.6
2025-10-18;Лазарева;Glovo;22;20011.0;0.0
2025-10-18;Лазарева;доставка;51;64910.5;1466.5
2025-10-18;Лазарева;самовывоз;6;2876.0;0.0
2025-10-18;Левітана;Glovo;24;19726.0;415.0
2025-10-18;Левітана;доставка;45;56985.1;1870.9
2025-10-18;Левітана;самовывоз;14;11461.5;318.5
2025-10-19;Лазарева;Glovo;11;8562.8;0.0
2025-10-19;Лазарева;доставка;28;29335.8;1272.2
2025-10-19;Лазарева;самовывоз;12;5955.9;305.5
2025-10-19;Левітана;Glovo;14;11542.0;0.0
2025-10-19;Левітана;доставка;54;64105.8;2278.2
2025-10-19;Левітана;самовывоз;8;8196.0;298.0
2025-10-20;Лазарева;Glovo;16;15741.6;15.4
2025-10-20;Лазарева;доставка;25;29974.1;843.9
2025-10-20;Лазарева;самовывоз;14;7556.0;284.5
2025-10-20;Левітана;Glovo;23;19205.3;143.7
2025-10-20;Левітана;доставка;26;26980.2;1150.8
2025-10-20;Левітана;самовывоз;8;8114.5;209.5
2025-10-21;Лазарева;Glovo;8;7140.6;6.4
2025-10-21;Лазарева;доставка;33;31555.2;1614.8
2025-10-21;Лазарева;самовывоз;14;9587.6;452.5
2025-10-21;Левітана;Glovo;14;11054.2;174.8
2025-10-21;Левітана;доставка;24;21437.2;873.8
2025-10-21;Левітана;самовывоз;5;3002.5;345.5
2025-10-22;Лазарева;Glovo;8;7898.0;0.0
2025-10-22;Лазарева;доставка;41;44830.0;4725.0
2025-10-22;Лазарева;самовывоз;10;8846.3;372.5
2025-10-22;Левітана;Glovo;14;14712.6;147.4
2025-10-22;Левітана;доставка;34;30240.5;3894.5
2025-10-22;Левітана;самовывоз;6;3404.7;497.3
2025-10-23;Лазарева;Glovo;20;17232.0;0.0
2025-10-23;Лазарева;доставка;38;44365.4;3541.6
2025-10-23;Лазарева;самовывоз;12;6488.2;197.8
2025-10-23;Левітана;Glovo;16;17719.0;0.0
2025-10-23;Левітана;доставка;37;34240.1;2855.9
2025-10-23;Левітана;самовывоз;11;5337.0;1148.0
2025-10-24;Лазарева;Glovo;13;12121.0;0.0
2025-10-24;Лазарева;доставка;66;68833.9;4775.1
2025-10-24;Лазарева;самовывоз;12;6410.0;1689.0
2025-10-24;Левітана;Glovo;15;15946.0;0.0
2025-10-24;Левітана;доставка;43;46263.3;3969.7
2025-10-24;Левітана;самовывоз;17;11977.0;1219.0
2025-10-25;Лазарева;Glovo;20;20844.0;0.0
2025-10-25;Лазарева;доставка;47;61386.5;4104.5
2025-10-25;Лазарева;самовывоз;9;4716.5;842.5
2025-10-25;Левітана;Glovo;19;15065.0;0.0
2025-10-25;Левітана;доставка;51;52659.1;4997.9
2025-10-25;Левітана;самовывоз;10;7957.0;635.0
2025-10-26;Лазарева;Glovo;6;4469.0;0.0
2025-10-26;Лазарева;доставка;41;52900.6;1773.4
2025-10-26;Лазарева;самовывоз;14;10128.5;1000.5
2025-10-26;Левітана;Glovo;8;6409.0;0.0
2025-10-26;Левітана;доставка;53;56505.1;4405.9
2025-10-26;Левітана;самовывоз;13;11085.7;1600.3
2025-10-27;Лазарева;Glovo;10;8185.0;0.0
2025-10-27;Лазарева;доставка;32;38447.6;1568.4
2025-10-27;Лазарева;самовывоз;10;8030.2;522.8
2025-10-27;Левітана;Glovo;15;12689.0;225.0
2025-10-27;Левітана;доставка;23;19512.2;1877.8
2025-10-27;Левітана;самовывоз;5;4977.2;283.8
2025-10-28;Лазарева;Glovo;9;7321.0;0.0
2025-10-28;Лазарева;доставка;31;28513.0;1768.0
2025-10-28;Лазарева;самовывоз;8;4476.5;207.5
2025-10-28;Левітана;Glovo;15;13446.0;0.0
2025-10-28;Левітана;доставка;36;39286.2;2152.8
2025-10-28;Левітана;самовывоз;6;6130.5;202.5
2025-10-29;Лазарева;Glovo;8;6739.0;0.0
2025-10-29;Лазарева;доставка;25;26413.7;1447.3
2025-10-29;Лазарева;самовывоз;3;1728.5;187.5
2025-10-29;Левітана;Glovo;14;13019.0;0.0
2025-10-29;Левітана;доставка;27;26724.9;1175.1
2025-10-29;Левітана;самовывоз;6;5657.0;261.0
2025-10-30;Лазарева;Glovo;10;8940.0;0.0
2025-10-30;Лазарева;доставка;26;26611.3;1438.7
2025-10-30;Лазарева;самовывоз;7;1592.0;695.0
2025-10-30;Левітана;Glovo;17;11997.0;0.0
2025-10-30;Левітана;доставка;33;33252.0;2217.0
2025-10-30;Левітана;самовывоз;7;5311.8;1282.2
2025-10-31;Лазарева;Glovo;14;14415.0;0.0
2025-10-31;Лазарева;доставка;54;61247.4;4724.6
2025-10-31;Лазарева;самовывоз;8;5823.0;62.0
2025-10-31;Левітана;Glovo;13;13895.0;0.0
2025-10-31;Левітана;доставка;64;74895.2;5500.8
2025-10-31;Левітана;самовывоз;19;14501.6;1110.4
2025-11-01;Лазарева;Glovo;24;21283.9;184.1
2025-11-01;Лазарева;доставка;33;42037.2;1154.8
2025-11-01;Лазарева;самовывоз;8;6484.5;259.5
2025-11-01;Левітана;Glovo;22;21342.0;0.0
2025-11-01;Левітана;доставка;51;49717.4;3564.6
2025-11-01;Левітана;самовывоз;8;5284.0;333.0
2025-11-02;Лазарева;Glovo;13;12523.0;0.0
2025-11-02;Лазарева;доставка;39;47548.9;1751.1
2025-11-02;Лазарева;самовывоз;10;7173.0;0.0
2025-11-02;Левітана;Glovo;16;15495.0;0.0
2025-11-02;Левітана;доставка;35;41481.9;2296.1
2025-11-02;Левітана;самовывоз;10;7142.0;318.0
2025-11-03;Лазарева;Glovo;12;9326.0;0.0
2025-11-03;Лазарева;доставка;35;38612.3;1461.7
2025-11-03;Лазарева;самовывоз;15;9672.0;482.0
2025-11-03;Левітана;Glovo;19;14454.0;35.0
2025-11-03;Левітана;доставка;31;34446.4;2685.3
2025-11-03;Левітана;самовывоз;7;2827.5;375.5
2025-11-04;Лазарева;Glovo;10;6596.0;0.0
2025-11-04;Лазарева;доставка;31;33953.7;1436.3
2025-11-04;Лазарева;самовывоз;10;4268.0;344.0
2025-11-04;Левітана;Glovo;12;9712.0;0.0
2025-11-04;Левітана;доставка;27;22976.1;933.9
2025-11-04;Левітана;самовывоз;13;4484.6;399.4
2025-11-05;Лазарева;Glovo;12;11499.0;0.0
2025-11-05;Лазарева;доставка;37;42938.4;2302.6
2025-11-05;Лазарева;самовывоз;13;4006.0;549.0
2025-11-05;Левітана;Glovo;11;7857.0;0.0
2025-11-05;Левітана;доставка;42;37806.9;1024.1
2025-11-05;Левітана;самовывоз;10;4148.0;1196.0
2025-11-06;Лазарева;Glovo;13;12330.0;0.0
2025-11-06;Лазарева;доставка;28;37396.0;2198.0
2025-11-06;Лазарева;самовывоз;8;5748.5;212.5
2025-11-06;Левітана;Glovo;10;10717.0;0.0
2025-11-06;Левітана;доставка;37;34605.0;2623.0
2025-11-06;Левітана;самовывоз;7;5350.5;440.5
2025-11-07;Лазарева;Glovo;8;7645.0;0.0
2025-11-07;Лазарева;доставка;53;57021.0;3456.0
2025-11-07;Лазарева;самовывоз;15;9521.0;379.0
2025-11-07;Левітана;Glovo;16;13063.0;0.0
2025-11-07;Левітана;доставка;45;54586.0;3760.0
2025-11-07;Левітана;самовывоз;11;7161.0;792.0
2025-11-08;Лазарева;Glovo;18;16282.0;0.0
2025-11-08;Лазарева;доставка;47;61522.2;4098.8
2025-11-08;Лазарева;самовывоз;14;8493.5;339.5
2025-11-08;Левітана;Glovo;24;24004.2;37.8
2025-11-08;Левітана;доставка;61;74767.6;4096.4
2025-11-08;Левітана;самовывоз;14;11994.5;998.5
2025-11-09;Лазарева;Glovo;16;13881.1;303.9
2025-11-09;Лазарева;доставка;42;47400.3;2472.7
2025-11-09;Лазарева;самовывоз;8;5209.5;167.5
2025-11-09;Левітана;Glovo;12;11789.0;0.0
2025-11-09;Левітана;доставка;26;33640.4;2186.6
2025-11-09;Левітана;самовывоз;8;4684.0;284.0
2025-11-10;Лазарева;Glovo;8;8254.0;0.0
2025-11-10;Лазарева;доставка;27;30710.3;952.7
2025-11-10;Лазарева;самовывоз;12;7428.0;346.0
2025-11-10;Левітана;Glovo;11;7598.0;0.0
2025-11-10;Левітана;доставка;27;27722.8;1397.2
2025-11-10;Левітана;самовывоз;5;4964.0;0.0
2025-11-11;Левітана;Glovo;17;13006.0;0.0
2025-11-11;Левітана;доставка;61;64558.1;4661.9
2025-11-11;Левітана;самовывоз;9;6905.0;556.0
2025-11-12;Левітана;Glovo;20;19712.0;0.0
2025-11-12;Левітана;доставка;63;67277.9;4516.1
2025-11-12;Левітана;самовывоз;7;4470.5;272.5
2025-11-13;Левітана;Glovo;37;31827.7;47.3
2025-11-13;Левітана;доставка;53;53964.1;3147.9
2025-11-13;Левітана;самовывоз;7;3260.0;1484.0
2025-11-14;Левітана;Glovo;22;19565.0;0.0
2025-11-14;Левітана;доставка;91;103053.6;6932.4
2025-11-14;Левітана;самовывоз;11;7969.0;361.0
2025-11-15;Левітана;Glovo;16;15522.0;0.0
2025-11-15;Левітана;доставка;82;101925.9;4805.1
2025-11-15;Левітана;самовывоз;10;7959.5;490.5
2025-11-16;Левітана;Glovo;33;26268.0;0.0
2025-11-16;Левітана;доставка;84;99555.5;5775.5
2025-11-16;Левітана;самовывоз;12;10127.5;1288.5
2025-11-17;Левітана;Glovo;19;16326.6;93.4
2025-11-17;Левітана;доставка;46;42649.5;4110.5
2025-11-17;Левітана;самовывоз;3;2694.0;225.0
2025-11-18;Лазарева;Glovo;5;4458.0;0.0
2025-11-18;Лазарева;доставка;19;22138.2;996.8
2025-11-18;Лазарева;самовывоз;5;3497.8;0.0
2025-11-18;Левітана;Glovo;13;12999.0;0.0
2025-11-18;Левітана;доставка;34;37467.4;1760.6
2025-11-18;Левітана;самовывоз;6;3205.0;196.0
2025-11-19;Лазарева;Glovo;17;11960.0;0.0
2025-11-19;Лазарева;доставка;32;38322.0;1268.0
2025-11-19;Лазарева;самовывоз;15;9047.7;1053.0
2025-11-19;Левітана;Glovo;10;8490.5;433.5
2025-11-19;Левітана;доставка;38;36885.0;2929.0
2025-11-19;Левітана;самовывоз;6;4715.5;444.5
2025-11-20;Лазарева;Glovo;21;17764.3;0.0
2025-11-20;Лазарева;доставка;23;21678.5;1823.5
2025-11-20;Лазарева;самовывоз;9;5938.8;174.5
2025-11-20;Левітана;Glovo;13;11410.0;0.0
2025-11-20;Левітана;доставка;22;21828.0;924.0
2025-11-20;Левітана;самовывоз;9;5410.7;433.3
2025-11-21;Лазарева;Glovo;13;11430.0;0.0
2025-11-21;Лазарева;доставка;42;50961.6;2216.4
2025-11-21;Лазарева;самовывоз;14;10724.4;545.5
2025-11-21;Левітана;Glovo;17;21183.0;0.0
2025-11-21;Левітана;доставка;49;53972.2;3007.8
2025-11-21;Левітана;самовывоз;10;8884.0;475.0
2025-11-22;Лазарева;Glovo;24;30365.0;0.0
2025-11-22;Лазарева;доставка;48;55115.5;3690.5
2025-11-22;Лазарева;самовывоз;10;6654.3;250.5
2025-11-22;Левітана;Glovo;17;20261.1;25.9
2025-11-22;Левітана;доставка;47;59642.8;3768.2
2025-11-22;Левітана;самовывоз;17;19196.0;638.0
2025-11-23;Лазарева;Glovo;19;19393.3;0.0
2025-11-23;Лазарева;доставка;38;51104.9;2733.1
2025-11-23;Лазарева;самовывоз;9;4833.6;257.0
2025-11-23;Левітана;Glovo;25;17239.0;0.0
2025-11-23;Левітана;доставка;44;51558.5;2180.5
2025-11-23;Левітана;самовывоз;9;7558.8;213.2
2025-11-24;Лазарева;Glovo;14;10990.0;0.0
2025-11-24;Лазарева;доставка;24;22379.3;307.7
2025-11-24;Лазарева;самовывоз;12;5925.6;640.0
2025-11-24;Левітана;Glovo;10;5580.0;0.0
2025-11-24;Левітана;доставка;28;26347.7;1085.3
2025-11-24;Левітана;самовывоз;10;4210.5;993.5
2025-11-25;Лазарева;Glovo;16;9241.8;0.0
2025-11-25;Лазарева;доставка;39;48777.0;3167.0
2025-11-25;Лазарева;самовывоз;16;10174.8;167.5
2025-11-25;Левітана;Glovo;12;11051.0;0.0
2025-11-25;Левітана;доставка;34;30586.4;2901.1
2025-11-25;Левітана;самовывоз;10;5600.4;675.6
2025-11-26;Лазарева;Glovo;10;7347.0;0.0
2025-11-26;Лазарева;доставка;28;29402.8;1453.2
2025-11-26;Лазарева;самовывоз;20;8620.0;306.0
2025-11-26;Левітана;Glovo;11;13064.0;0.0
2025-11-26;Левітана;доставка;31;31985.3;2013.7
2025-11-26;Левітана;самовывоз;12;6085.5;814.5
2025-11-27;Лазарева;Glovo;13;10167.0;0.0
2025-11-27;Лазарева;доставка;28;33483.2;2135.8
2025-11-27;Лазарева;самовывоз;13;7406.0;375.0
2025-11-27;Левітана;Glovo;12;13303.0;0.0
2025-11-27;Левітана;доставка;35;31470.1;2475.9
2025-11-27;Левітана;самовывоз;10;6493.5;385.5
2025-11-28;Лазарева;Glovo;10;5649.0;0.0
2025-11-28;Лазарева;доставка;62;63883.0;5165.0
2025-11-28;Лазарева;самовывоз;21;15008.5;1600.5
2025-11-28;Левітана;Glovo;18;22607.0;0.0
2025-11-28;Левітана;доставка;75;73750.3;5345.7
2025-11-28;Левітана;самовывоз;16;12830.0;743.0
2025-11-29;Лазарева;Glovo;8;8194.0;0.0
2025-11-29;Лазарева;доставка;55;66903.6;3545.4
2025-11-29;Лазарева;самовывоз;5;3979.0;0.0
2025-11-29;Левітана;Glovo;21;20173.2;301.8
2025-11-29;Левітана;доставка;57;70692.7;3296.3
2025-11-29;Левітана;самовывоз;17;12721.9;1367.1
2025-11-30;Лазарева;Glovo;9;5923.0;0.0
2025-11-30;Лазарева;доставка;44;45631.4;3340.6
2025-11-30;Лазарева;самовывоз;6;4903.0;484.0
2025-11-30;Левітана;Glovo;8;8038.0;0.0
2025-11-30;Левітана;доставка;59;58540.8;3152.2
2025-11-30;Левітана;самовывоз;15;9790.4;576.6
2025-12-01;Лазарева;Glovo;8;10050.0;0.0
2025-12-01;Лазарева;доставка;29;32126.6;940.4
2025-12-01;Лазарева;самовывоз;12;6662.5;648.5
2025-12-01;Левітана;Glovo;1;835.0;0.0
2025-12-01;Левітана;доставка;29;23613.5;3034.5
2025-12-01;Левітана;самовывоз;6;5374.0;97.0
2025-12-02;Лазарева;Glovo;7;4207.0;0.0
2025-12-02;Лазарева;доставка;26;30851.2;2419.8
2025-12-02;Лазарева;самовывоз;12;6275.5;172.5
2025-12-02;Левітана;Glovo;12;11631.5;9.5
2025-12-02;Левітана;доставка;34;38189.4;1736.6
2025-12-02;Левітана;самовывоз;9;4592.5;444.5
2025-12-03;Лазарева;Glovo;7;4128.0;0.0
2025-12-03;Лазарева;доставка;28;32008.8;1988.2
2025-12-03;Лазарева;самовывоз;6;6614.0;100.0
2025-12-03;Левітана;Glovo;6;5111.0;0.0
2025-12-03;Левітана;доставка;36;35487.0;2123.0
2025-12-03;Левітана;самовывоз;6;2475.5;206.5
2025-12-04;Лазарева;Glovo;8;6553.0;0.0
2025-12-04;Лазарева;доставка;29;35585.9;1463.1
2025-12-04;Лазарева;самовывоз;15;7757.0;512.5
2025-12-04;Левітана;Glovo;12;8896.0;0.0
2025-12-04;Левітана;доставка;25;24047.3;611.7
2025-12-04;Левітана;самовывоз;7;5282.9;161.1
2025-12-05;Лазарева;Glovo;13;12722.0;0.0
2025-12-05;Лазарева;доставка;47;60725.0;4874.0
2025-12-05;Лазарева;самовывоз;18;10516.0;691.0
2025-12-05;Левітана;Glovo;14;12951.9;18.1
2025-12-05;Левітана;доставка;69;84682.7;6615.3
2025-12-05;Левітана;самовывоз;10;9254.5;1176.5
2025-12-06;Лазарева;Glovo;12;12145.0;0.0
2025-12-06;Лазарева;доставка;63;70274.4;6451.6
2025-12-06;Лазарева;самовывоз;5;4227.0;0.0
2025-12-06;Левітана;Glovo;25;23370.0;0.0
2025-12-06;Левітана;доставка;75;87425.7;5741.3
2025-12-06;Левітана;самовывоз;15;13113.2;479.8
2025-12-07;Лазарева;Glovo;7;8573.0;0.0
2025-12-07;Лазарева;доставка;38;45114.4;2991.6
2025-12-07;Лазарева;самовывоз;11;5481.5;460.0
2025-12-07;Левітана;Glovo;13;11266.7;9.3
2025-12-07;Левітана;доставка;53;52877.3;3486.7
2025-12-07;Левітана;самовывоз;8;6899.6;168.4
2025-12-08;Лазарева;Glovo;6;4964.0;0.0
2025-12-08;Лазарева;доставка;35;41274.5;1732.5
2025-12-08;Лазарева;самовывоз;10;3882.8;468.2
2025-12-08;Левітана;Glovo;9;6176.0;0.0
2025-12-08;Левітана;доставка;28;31688.0;2114.0
2025-12-08;Левітана;самовывоз;3;2443.0;265.0
2025-12-09;Лазарева;Glovo;9;6872.0;0.0
2025-12-09;Лазарева;доставка;39;46458.9;2481.1
2025-12-09;Лазарева;самовывоз;11;6557.5;182.5
2025-12-09;Левітана;Glovo;9;7426.0;299.0
2025-12-09;Левітана;доставка;29;28938.6;2473.4
2025-12-09;Левітана;самовывоз;9;5841.5;925.5
2025-12-10;Лазарева;Glovo;14;13911.0;0.0
2025-12-10;Лазарева;доставка;37;43877.1;2611.9
2025-12-10;Лазарева;самовывоз;8;4685.0;48.0
2025-12-10;Левітана;Glovo;7;7314.5;55.5
2025-12-10;Левітана;доставка;28;28874.8;1342.2
2025-12-10;Левітана;самовывоз;6;2317.5;421.5
2025-12-11;Лазарева;Glovo;12;10380.0;0.0
2025-12-11;Лазарева;доставка;40;44509.1;2162.9
2025-12-11;Лазарева;самовывоз;6;4505.5;0.0
2025-12-11;Левітана;Glovo;17;12308.0;0.0
2025-12-11;Левітана;доставка;35;29263.8;2140.2
2025-12-11;Левітана;самовывоз;13;8102.8;1421.2
2025-12-12;Лазарева;Glovo;8;8753.0;0.0
2025-12-12;Лазарева;доставка;56;65593.3;3702.7
2025-12-12;Лазарева;самовывоз;12;6597.0;580.5
2025-12-12;Левітана;Glovo;16;12120.0;240.0
2025-12-12;Левітана;доставка;48;58150.2;2488.8
2025-12-12;Левітана;самовывоз;14;13110.5;1196.5
2025-12-13;Лазарева;Glovo;11;11253.0;0.0
2025-12-13;Лазарева;доставка;41;50740.4;2991.6
2025-12-13;Лазарева;самовывоз;10;6910.5;196.5
2025-12-13;Левітана;Glovo;8;5994.0;0.0
2025-12-13;Левітана;доставка;37;45439.9;2324.1
2025-12-13;Левітана;самовывоз;9;9994.0;582.0
2025-12-14;Лазарева;Glovo;10;6866.0;0.0
2025-12-14;Лазарева;доставка;45;51850.3;3379.7
2025-12-14;Лазарева;самовывоз;19;11824.5;482.5
2025-12-14;Левітана;Glovo;13;14587.0;0.0
2025-12-14;Левітана;доставка;38;44123.3;3215.7
2025-12-14;Левітана;самовывоз;10;5076.7;907.3
2025-12-15;Лазарева;Glovo;38;30513.1;26.9
2025-12-15;Лазарева;доставка;32;38624.6;2097.4
2025-12-15;Лазарева;самовывоз;9;5205.4;317.1
2025-12-15;Левітана;Glovo;12;9136.9;49.1
2025-12-15;Левітана;доставка;17;15877.8;1281.2
2025-12-15;Левітана;самовывоз;9;4227.5;635.5
2025-12-16;Лазарева;Glovo;25;21142.0;0.0
2025-12-16;Лазарева;доставка;46;47153.7;2004.3
2025-12-16;Лазарева;самовывоз;17;11334.5;577.5
2025-12-16;Левітана;Glovo;18;13666.0;0.0
2025-12-16;Левітана;доставка;33;31273.6;2252.4
2025-12-16;Левітана;самовывоз;9;5482.5;296.5
2025-12-17;Лазарева;Glovo;19;13446.0;0.0
2025-12-17;Лазарева;доставка;35;42180.0;1642.0
2025-12-17;Лазарева;самовывоз;21;15850.0;95.0
2025-12-17;Левітана;Glovo;8;6611.0;0.0
2025-12-17;Левітана;доставка;49;54897.4;1715.6
2025-12-17;Левітана;самовывоз;12;11344.1;643.9
2025-12-18;Лазарева;Glovo;18;14351.0;0.0
2025-12-18;Лазарева;доставка;32;34688.8;2266.2
2025-12-18;Лазарева;самовывоз;20;15846.0;214.0
2025-12-18;Левітана;Glovo;23;16615.6;163.4
2025-12-18;Левітана;доставка;30;28173.3;1778.7
2025-12-18;Левітана;самовывоз;13;10335.8;1019.2
2025-12-19;Лазарева;Glovo;12;8890.0;0.0
2025-12-19;Лазарева;доставка;58;81742.9;5006.1
2025-12-19;Лазарева;самовывоз;17;12001.5;475.5
2025-12-19;Левітана;Glovo;7;3359.0;0.0
2025-12-19;Левітана;доставка;58;66537.0;4137.0
2025-12-19;Левітана;самовывоз;12;7600.5;337.5
2025-12-20;Лазарева;Glovo;19;15523.0;0.0
2025-12-20;Лазарева;доставка;49;60480.4;4973.6
2025-12-20;Лазарева;самовывоз;13;7169.0;505.0
2025-12-20;Левітана;Glovo;11;8446.0;0.0
2025-12-20;Левітана;доставка;49;57963.7;4504.3
2025-12-20;Левітана;самовывоз;17;14626.0;948.0
2025-12-21;Лазарева;Glovo;7;5083.0;0.0
2025-12-21;Лазарева;доставка;48;66304.5;2413.5
2025-12-21;Лазарева;самовывоз;16;14381.2;209.8
2025-12-21;Левітана;Glovo;18;17788.0;0.0
2025-12-21;Левітана;доставка;51;53141.6;3011.4
2025-12-21;Левітана;самовывоз;15;9461.0;1011.0
2025-12-22;Лазарева;Glovo;11;8111.0;0.0
2025-12-22;Лазарева;доставка;32;35421.6;2342.4
2025-12-22;Лазарева;самовывоз;17;18041.1;93.9
2025-12-22;Левітана;Glovo;11;7527.0;0.0
2025-12-22;Левітана;доставка;32;34254.9;2500.1
2025-12-22;Левітана;самовывоз;5;2526.5;412.5
2025-12-23;Лазарева;Glovo;11;8607.0;0.0
2025-12-23;Лазарева;доставка;26;31838.1;1941.9
2025-12-23;Лазарева;самовывоз;15;11551.5;407.5
2025-12-23;Левітана;Glovo;8;7430.0;0.0
2025-12-23;Левітана;доставка;30;30274.2;1613.8
2025-12-23;Левітана;самовывоз;5;3588.0;469.0
2025-12-24;Лазарева;Glovo;15;15561.0;0.0
2025-12-24;Лазарева;доставка;34;35432.2;1618.8
2025-12-24;Лазарева;самовывоз;8;6667.0;0.0
2025-12-24;Левітана;Glovo;15;12483.0;0.0
2025-12-24;Левітана;доставка;34;34492.1;1577.9
2025-12-24;Левітана;самовывоз;8;9381.9;227.1
2025-12-25;Лазарева;Glovo;13;11168.1;134.9
2025-12-25;Лазарева;доставка;37;48939.0;2480.0
2025-12-25;Лазарева;самовывоз;9;5937.5;194.5
2025-12-25;Левітана;Glovo;16;14707.2;59.8
2025-12-25;Левітана;доставка;37;46880.2;1573.8
2025-12-25;Левітана;самовывоз;15;11411.5;1579.5
2025-12-26;Лазарева;Glovo;22;13195.4;435.6
2025-12-26;Лазарева;доставка;42;59453.7;2087.3
2025-12-26;Лазарева;самовывоз;4;2996.5;248.5
2025-12-26;Левітана;Glovo;12;9659.2;79.8
2025-12-26;Левітана;доставка;51;56349.3;1615.7
2025-12-26;Левітана;самовывоз;14;11264.5;1224.5
2025-12-27;Лазарева;Glovo;18;17504.0;0.0
2025-12-27;Лазарева;доставка;43;57595.2;1963.8
2025-12-27;Лазарева;самовывоз;3;2516.5;132.5
2025-12-27;Левітана;Glovo;28;22372.0;0.0
2025-12-27;Левітана;доставка;40;47490.5;2642.5
2025-12-27;Левітана;самовывоз;10;6463.8;1104.2
2025-12-28;Лазарева;Glovo;11;13142.0;0.0
2025-12-28;Лазарева;доставка;42;44180.8;3117.2
2025-12-28;Лазарева;самовывоз;5;2877.0;550.0
2025-12-28;Левітана;Glovo;20;23634.7;54.3
2025-12-28;Левітана;доставка;39;44688.4;2248.6
2025-12-28;Левітана;самовывоз;11;5100.2;888.8
2025-12-29;Лазарева;Glovo;17;15533.0;0.0
2025-12-29;Лазарева;доставка;36;50809.4;1712.6
2025-12-29;Лазарева;самовывоз;12;7365.0;284.0
2025-12-29;Левітана;Glovo;13;11929.0;284.0
2025-12-29;Левітана;доставка;30;34173.8;2132.2
2025-12-29;Левітана;самовывоз;6;10091.0;44.0
2025-12-30;Лазарева;Glovo;15;12554.7;19.3
2025-12-30;Лазарева;доставка;34;47585.9;1240.1
2025-12-30;Лазарева;самовывоз;10;7286.5;167.5
2025-12-30;Левітана;Glovo;16;12668.0;0.0
2025-12-30;Левітана;доставка;28;37671.2;509.8
2025-12-30;Левітана;самовывоз;12;9216.1;457.9
2025-12-31;Лазарева;Glovo;13;17305.0;0.0
2025-12-31;Лазарева;доставка;126;203137.5;3603.5
2025-12-31;Лазарева;самовывоз;11;12397.5;299.5
2025-12-31;Левітана;Glovo;14;10965.0;0.0
2025-12-31;Левітана;доставка;122;189453.3;4480.7
2025-12-31;Левітана;самовывоз;29;35863.4;1759.6
2026-01-01;Лазарева;Glovo;21;18901.0;0.0
2026-01-01;Лазарева;доставка;30;39545.6;1364.4
2026-01-01;Лазарева;самовывоз;3;2709.0;0.0
2026-01-01;Левітана;Glovo;28;19042.0;0.0
2026-01-01;Левітана;доставка;22;31575.9;261.1
2026-01-01;Левітана;самовывоз;2;3511.0;0.0
2026-01-02;Лазарева;Glovo;13;9337.3;27.7
2026-01-02;Лазарева;доставка;30;34509.9;2666.1
2026-01-02;Лазарева;самовывоз;14;9435.5;1249.5
2026-01-02;Левітана;Glovo;13;9500.9;27.1
2026-01-02;Левітана;доставка;34;36099.4;2501.6
2026-01-02;Левітана;самовывоз;3;1514.9;137.1
2026-01-03;Лазарева;Glovo;12;12677.0;0.0
2026-01-03;Лазарева;доставка;33;40925.4;2627.6
2026-01-03;Лазарева;самовывоз;13;10758.0;386.0
2026-01-03;Левітана;Glovo;9;8588.0;0.0
2026-01-03;Левітана;доставка;45;47820.4;2828.6
2026-01-03;Левітана;самовывоз;5;5372.0;0.0
2026-01-04;Лазарева;Glovo;10;9014.0;0.0
2026-01-04;Лазарева;доставка;66;77450.7;3148.3
2026-01-04;Лазарева;самовывоз;16;10133.5;970.5
2026-01-05;Лазарева;Glovo;7;7604.0;0.0
2026-01-05;Лазарева;доставка;46;54989.9;4360.1
2026-01-05;Лазарева;самовывоз;16;12600.1;606.9
2026-01-06;Лазарева;Glovo;11;13466.0;0.0
2026-01-06;Лазарева;доставка;57;65404.5;2499.5
2026-01-06;Лазарева;самовывоз;5;2624.0;247.0
2026-01-07;Лазарева;Glovo;19;18067.0;0.0
2026-01-07;Лазарева;доставка;39;37390.9;2227.1
2026-01-07;Лазарева;самовывоз;6;3384.0;25.0
2026-01-07;Левітана;Glovo;17;16241.0;0.0
2026-01-07;Левітана;доставка;40;46805.1;2341.9
2026-01-07;Левітана;самовывоз;13;8936.3;1119.7
2026-01-08;Лазарева;Glovo;14;10951.0;0.0
2026-01-08;Лазарева;доставка;39;49130.0;3586.0
2026-01-08;Лазарева;самовывоз;8;4336.5;320.5
2026-01-08;Левітана;Glovo;18;19068.0;0.0
2026-01-08;Левітана;доставка;50;56092.0;2602.0
2026-01-08;Левітана;самовывоз;9;6545.8;440.2
2026-01-09;Лазарева;Glovo;14;12674.0;0.0
2026-01-09;Лазарева;доставка;48;60168.1;2424.9
2026-01-09;Лазарева;самовывоз;11;5957.0;340.0
2026-01-09;Левітана;Glovo;18;16146.0;0.0
2026-01-09;Левітана;доставка;37;40279.6;2241.4
2026-01-09;Левітана;самовывоз;12;6298.0;793.0
2026-01-10;Лазарева;Glovo;15;14800.0;0.0
2026-01-10;Лазарева;доставка;49;66952.9;3344.1
2026-01-10;Лазарева;самовывоз;8;4596.0;585.0
2026-01-10;Левітана;Glovo;24;19591.0;0.0
2026-01-10;Левітана;доставка;45;51654.0;4005.0
2026-01-10;Левітана;самовывоз;9;13884.5;1030.5
2026-01-11;Лазарева;Glovo;9;6606.0;0.0
2026-01-11;Лазарева;доставка;43;48708.2;2133.8
2026-01-11;Лазарева;самовывоз;5;4258.0;401.0
2026-01-11;Левітана;Glovo;15;18048.0;0.0
2026-01-11;Левітана;доставка;38;39651.2;2427.8
2026-01-11;Левітана;самовывоз;7;6333.0;578.0
2026-01-12;Лазарева;Glovo;10;8396.0;0.0
2026-01-12;Лазарева;доставка;31;35766.8;1962.2
2026-01-12;Лазарева;самовывоз;11;6538.9;520.1
2026-01-12;Левітана;Glovo;11;12501.0;0.0
2026-01-12;Левітана;доставка;29;33038.1;797.9
2026-01-12;Левітана;самовывоз;5;2960.7;248.3
2026-01-13;Лазарева;Glovo;8;4784.0;0.0
2026-01-13;Лазарева;доставка;29;42465.7;2146.3
2026-01-13;Лазарева;самовывоз;8;6035.5;1036.5
2026-01-13;Левітана;Glovo;11;10846.0;0.0
2026-01-13;Левітана;доставка;30;36976.9;2142.1
2026-01-13;Левітана;самовывоз;9;5969.5;739.5
2026-01-14;Лазарева;Glovo;8;6376.0;0.0
2026-01-14;Лазарева;доставка;28;27879.5;922.5
2026-01-14;Лазарева;самовывоз;15;10134.5;361.5
2026-01-14;Левітана;Glovo;13;10481.0;0.0
2026-01-14;Левітана;доставка;38;35433.1;2305.9
2026-01-14;Левітана;самовывоз;7;6090.1;457.9
2026-01-15;Лазарева;Glovo;13;9797.0;0.0
2026-01-15;Лазарева;доставка;45;51081.3;4274.7
2026-01-15;Лазарева;самовывоз;9;5528.5;1044.5
2026-01-15;Левітана;Glovo;9;6483.0;0.0
2026-01-15;Левітана;доставка;38;42308.1;2624.9
2026-01-15;Левітана;самовывоз;6;3772.9;684.1
2026-01-16;Лазарева;Glovo;31;22889.0;0.0
2026-01-16;Лазарева;доставка;41;44121.8;1929.2
2026-01-16;Лазарева;самовывоз;7;5734.9;275.5
2026-01-16;Левітана;Glovo;23;22695.5;65.5
2026-01-16;Левітана;доставка;54;61246.4;3700.6
2026-01-16;Левітана;самовывоз;13;11072.0;767.0
2026-01-17;Лазарева;Glovo;19;14695.9;25.1
2026-01-17;Лазарева;доставка;56;69973.8;4216.2
2026-01-17;Лазарева;самовывоз;11;7953.9;1128.0
2026-01-17;Левітана;Glovo;15;15006.1;80.9
2026-01-17;Левітана;доставка;54;68293.9;3010.1
2026-01-17;Левітана;самовывоз;7;4873.2;811.8
2026-01-18;Лазарева;Glovo;17;14576.0;0.0
2026-01-18;Лазарева;доставка;30;45584.9;1275.1
2026-01-18;Лазарева;самовывоз;10;3836.5;833.5
2026-01-18;Левітана;Glovo;19;19440.2;83.8
2026-01-18;Левітана;доставка;56;68524.0;3052.0
2026-01-18;Левітана;самовывоз;7;5082.0;351.0
2026-01-19;Лазарева;Glovo;15;13297.0;0.0
2026-01-19;Лазарева;доставка;31;38353.0;1525.0
2026-01-19;Лазарева;самовывоз;8;4078.2;162.5
2026-01-19;Левітана;Glovo;14;11705.2;19.8
2026-01-19;Левітана;доставка;32;34126.9;2411.1
2026-01-19;Левітана;самовывоз;7;1912.0;748.0
2026-01-20;Лазарева;Glovo;16;13697.0;0.0
2026-01-20;Лазарева;доставка;21;23741.0;2095.0
2026-01-20;Лазарева;самовывоз;10;6374.6;833.0
2026-01-20;Левітана;Glovo;23;18664.0;0.0
2026-01-20;Левітана;доставка;27;25304.5;1551.5
2026-01-20;Левітана;самовывоз;9;2504.4;599.6
2026-01-21;Лазарева;Glovo;10;10904.0;0.0
2026-01-21;Лазарева;доставка;29;33088.4;2018.6
2026-01-21;Лазарева;самовывоз;8;6974.5;162.5
2026-01-21;Левітана;Glovo;14;14497.0;0.0
2026-01-21;Левітана;доставка;33;33859.1;2685.9
2026-01-21;Левітана;самовывоз;10;8199.9;329.1
2026-01-22;Лазарева;Glovo;19;19100.0;0.0
2026-01-22;Лазарева;доставка;33;32261.8;1746.2
2026-01-22;Лазарева;самовывоз;7;4406.6;0.0
2026-01-22;Левітана;Glovo;12;8541.6;100.4
2026-01-22;Левітана;доставка;30;30011.1;1235.9
2026-01-22;Левітана;самовывоз;5;3307.0;305.0
2026-01-23;Лазарева;Glovo;18;17696.0;0.0
2026-01-23;Лазарева;доставка;48;66355.5;6328.5
2026-01-23;Лазарева;самовывоз;5;2868.0;540.0
2026-01-23;Левітана;Glovo;20;19314.0;0.0
2026-01-23;Левітана;доставка;59;75602.3;3027.7
2026-01-23;Левітана;самовывоз;12;14456.0;704.0
2026-01-24;Лазарева;Glovo;15;9343.0;0.0
2026-01-24;Лазарева;доставка;64;91355.6;4346.4
2026-01-24;Лазарева;самовывоз;9;6691.4;299.0
2026-01-24;Левітана;Glovo;21;25378.0;0.0
2026-01-24;Левітана;доставка;47;58215.5;4380.5
2026-01-24;Левітана;самовывоз;11;7942.6;1065.4
2026-01-25;Лазарева;Glovo;16;14953.0;299.0
2026-01-25;Лазарева;доставка;50;59901.3;4310.7
2026-01-25;Лазарева;самовывоз;11;4499.8;1181.0
2026-01-25;Левітана;Glovo;21;20438.0;0.0
2026-01-25;Левітана;доставка;52;64920.3;4471.7
2026-01-25;Левітана;самовывоз;8;6613.1;892.9
2026-01-26;Лазарева;Glovo;16;14136.0;0.0
2026-01-26;Лазарева;доставка;39;37555.9;2019.1
2026-01-26;Лазарева;самовывоз;4;604.0;247.0
2026-01-26;Левітана;Glovo;23;17616.0;0.0
2026-01-26;Левітана;доставка;40;43544.5;2461.5
2026-01-26;Левітана;самовывоз;3;1562.0;197.0
2026-01-27;Лазарева;Glovo;19;11713.0;0.0
2026-01-27;Лазарева;доставка;31;32600.8;1630.2
2026-01-27;Лазарева;самовывоз;8;8756.5;121.5
2026-01-27;Левітана;Glovo;24;20796.0;0.0
2026-01-27;Левітана;доставка;32;30357.8;1116.2
2026-01-27;Левітана;самовывоз;3;995.5;428.5
2026-01-28;Лазарева;Glovo;13;8972.0;0.0
2026-01-28;Лазарева;доставка;37;40527.3;2369.7
2026-01-28;Лазарева;самовывоз;10;5868.5;194.0
2026-01-28;Левітана;Glovo;7;5303.0;12.0
2026-01-28;Левітана;доставка;34;36085.6;1485.4
2026-01-28;Левітана;самовывоз;10;8842.0;908.0
2026-01-29;Лазарева;Glovo;13;12848.0;0.0
2026-01-29;Лазарева;доставка;40;46783.7;2922.3
2026-01-29;Лазарева;самовывоз;8;6398.6;185.0
2026-01-29;Левітана;Glovo;16;13352.0;0.0
2026-01-29;Левітана;доставка;32;30983.1;1400.9
2026-01-29;Левітана;самовывоз;9;5792.0;489.0
2026-01-30;Лазарева;Glovo;7;3179.0;0.0
2026-01-30;Лазарева;доставка;70;75427.2;4269.8
2026-01-30;Лазарева;самовывоз;6;4935.0;0.0
2026-01-30;Левітана;Glovo;21;13898.7;1.3
2026-01-30;Левітана;доставка;56;62626.3;4644.7
2026-01-30;Левітана;самовывоз;16;12914.0;682.0
2026-01-31;Лазарева;Glovo;18;16099.0;0.0
2026-01-31;Лазарева;доставка;58;69198.6;4428.4
2026-01-31;Лазарева;самовывоз;10;6037.0;1027.0
2026-01-31;Левітана;Glovo;27;21378.0;0.0
2026-01-31;Левітана;доставка;46;56454.3;2488.7
2026-01-31;Левітана;самовывоз;11;13664.0;400.0
2026-02-01;Лазарева;Glovo;27;23153.0;0.0
2026-02-01;Лазарева;доставка;51;58694.9;3180.1
2026-02-01;Лазарева;самовывоз;5;4211.5;568.5
2026-02-01;Левітана;Glovo;28;22516.0;0.0
2026-02-01;Левітана;доставка;55;56065.8;4956.2
2026-02-01;Левітана;самовывоз;7;5130.0;100.0
2026-02-02;Лазарева;Glovo;17;16222.0;0.0
2026-02-02;Лазарева;доставка;29;33360.3;1792.7
2026-02-02;Лазарева;самовывоз;8;8410.4;309.5
2026-02-02;Левітана;Glovo;24;20971.0;0.0
2026-02-02;Левітана;доставка;31;34245.4;1528.6
2026-02-02;Левітана;самовывоз;6;3152.3;609.7
2026-02-03;Лазарева;Glovo;18;12984.3;0.0
2026-02-03;Лазарева;доставка;38;50043.5;2679.5
2026-02-03;Лазарева;самовывоз;1;746.0;65.0
2026-02-03;Левітана;Glovo;13;13324.0;0.0
2026-02-03;Левітана;доставка;30;35706.1;2178.7
2026-02-03;Левітана;самовывоз;8;6307.9;910.1
2026-02-04;Лазарева;Glovo;17;13105.0;0.0
2026-02-04;Лазарева;доставка;32;34935.6;1805.4
2026-02-04;Лазарева;самовывоз;9;5114.2;182.0
2026-02-04;Левітана;Glovo;14;11867.0;0.0
2026-02-04;Левітана;доставка;56;64107.6;3158.4
2026-02-04;Левітана;самовывоз;3;3369.0;471.0
2026-02-05;Лазарева;Glovo;17;16370.0;0.0
2026-02-05;Лазарева;доставка;39;35967.3;1588.7
2026-02-05;Лазарева;самовывоз;18;12155.7;829.5
2026-02-05;Левітана;Glovo;8;5145.0;0.0
2026-02-05;Левітана;доставка;47;60893.8;3458.2
2026-02-05;Левітана;самовывоз;10;5437.0;858.0
2026-02-06;Лазарева;Glovo;14;9650.0;0.0
2026-02-06;Лазарева;доставка;74;87303.2;3539.8
2026-02-06;Лазарева;самовывоз;4;2517.5;498.5
2026-02-06;Левітана;Glovo;22;16784.5;25.5
2026-02-06;Левітана;доставка;85;93386.5;4061.5
2026-02-06;Левітана;самовывоз;8;8417.5;483.5
2026-02-07;Лазарева;Glovo;16;15362.0;0.0
2026-02-07;Лазарева;доставка;61;72745.4;4969.6
2026-02-07;Лазарева;самовывоз;9;12047.5;254.5
2026-02-07;Левітана;Glovo;28;24066.0;0.0
2026-02-07;Левітана;доставка;70;82852.0;4895.0
2026-02-07;Левітана;самовывоз;14;16537.0;556.0
2026-02-08;Лазарева;Glovo;11;7578.0;0.0
2026-02-08;Лазарева;доставка;70;81360.5;3935.5
2026-02-08;Лазарева;самовывоз;6;5485.5;399.5
2026-02-08;Левітана;Glovo;20;14611.9;444.1
2026-02-08;Левітана;доставка;51;52037.0;2591.0
2026-02-08;Левітана;самовывоз;9;8216.0;982.0
2026-02-09;Лазарева;Glovo;13;12373.8;18.3
2026-02-09;Лазарева;доставка;29;37949.1;2762.9
2026-02-09;Лазарева;самовывоз;14;7493.6;995.0
2026-02-09;Левітана;Glovo;17;12437.0;0.0
2026-02-09;Левітана;доставка;28;28452.4;2265.6
2026-02-09;Левітана;самовывоз;10;7224.5;336.5
2026-02-10;Лазарева;Glovo;3;3095.0;0.0
2026-02-10;Лазарева;доставка;47;68173.6;3923.4
2026-02-10;Лазарева;самовывоз;4;2744.7;265.0
2026-02-10;Левітана;Glovo;15;14520.0;0.0
2026-02-10;Левітана;доставка;33;32287.4;2133.6
2026-02-10;Левітана;самовывоз;11;7049.0;1186.0
2026-02-11;Лазарева;Glovo;14;9431.0;0.0
2026-02-11;Лазарева;доставка;32;38489.7;2646.3
2026-02-11;Лазарева;самовывоз;14;13759.9;502.0
2026-02-11;Левітана;Glovo;10;9068.0;0.0
2026-02-11;Левітана;доставка;36;35940.3;2397.7
2026-02-11;Левітана;самовывоз;7;3123.9;563.1
2026-02-12;Лазарева;Glovo;20;19682.0;0.0
2026-02-12;Лазарева;доставка;39;43092.9;1961.1
2026-02-12;Лазарева;самовывоз;11;5627.0;666.9
2026-02-12;Левітана;Glovo;11;12164.0;27.0
2026-02-12;Левітана;доставка;35;37454.8;2365.2
2026-02-12;Левітана;самовывоз;6;3726.9;511.1
2026-02-13;Лазарева;Glovo;2;1290.0;0.0
2026-02-13;Лазарева;доставка;47;65293.1;4762.9
2026-02-13;Лазарева;самовывоз;6;6771.3;245.0
2026-02-13;Левітана;Glovo;18;14900.0;0.0
2026-02-13;Левітана;доставка;49;50589.9;4063.1
2026-02-13;Левітана;самовывоз;16;17448.5;1739.5
2026-02-14;Лазарева;Glovo;28;27136.1;36.9
2026-02-14;Лазарева;доставка;148;207244.7;5898.3
2026-02-14;Лазарева;самовывоз;19;22514.7;1212.3
2026-02-14;Левітана;Glovo;13;16181.0;0.0
2026-02-14;Левітана;доставка;132;176749.9;6028.1
2026-02-14;Левітана;самовывоз;25;40338.8;2108.2
2026-02-15;Лазарева;Glovo;11;9563.3;0.0
2026-02-15;Лазарева;доставка;61;80169.1;2889.9
2026-02-15;Лазарева;самовывоз;3;3501.8;187.5
2026-02-15;Левітана;Glovo;21;21708.0;0.0
2026-02-15;Левітана;доставка;71;86619.2;4217.8
2026-02-15;Левітана;самовывоз;10;9162.4;230.6
2026-02-16;Лазарева;Glovo;9;9937.0;0.0
2026-02-16;Лазарева;доставка;31;41530.0;2504.0
2026-02-16;Лазарева;самовывоз;9;5788.1;237.5
2026-02-16;Левітана;Glovo;11;8549.0;0.0
2026-02-16;Левітана;доставка;34;32792.0;3683.0
2026-02-16;Левітана;самовывоз;11;10550.6;1237.4
2026-02-17;Лазарева;Glovo;2;1349.0;0.0
2026-02-17;Лазарева;доставка;30;41576.8;1657.2
2026-02-17;Лазарева;самовывоз;5;3626.9;0.0
2026-02-17;Левітана;Glovo;11;11254.0;0.0
2026-02-17;Левітана;доставка;33;34006.3;3308.7
2026-02-17;Левітана;самовывоз;10;9498.4;750.6
2026-02-18;Лазарева;Glovo;14;12832.0;0.0
2026-02-18;Лазарева;доставка;53;54662.2;4657.8
2026-02-18;Лазарева;самовывоз;7;2861.5;472.5
2026-02-18;Левітана;Glovo;10;7398.0;0.0
2026-02-18;Левітана;доставка;52;57991.8;1646.2
2026-02-18;Левітана;самовывоз;7;7608.0;214.0
2026-02-19;Лазарева;Glovo;10;7707.8;144.2
2026-02-19;Лазарева;доставка;46;44804.9;3970.1
2026-02-19;Лазарева;самовывоз;10;7263.8;576.5
2026-02-19;Левітана;Glovo;15;12856.3;18.7
2026-02-19;Левітана;доставка;42;42511.5;2438.6
2026-02-19;Левітана;самовывоз;10;9205.0;796.0
2026-02-20;Лазарева;Glovo;6;4950.0;0.0
2026-02-20;Лазарева;доставка;58;67587.3;5765.7
2026-02-20;Лазарева;самовывоз;12;8605.0;946.0
2026-02-20;Левітана;Glovo;12;12470.6;473.4
2026-02-20;Левітана;доставка;57;72111.3;4521.7
2026-02-20;Левітана;самовывоз;11;8543.2;743.8
2026-02-21;Лазарева;Glovo;6;5894.0;0.0
2026-02-21;Лазарева;доставка;55;65520.2;3815.8
2026-02-21;Лазарева;самовывоз;5;4555.0;207.0
2026-02-21;Левітана;Glovo;8;10014.0;0.0
2026-02-21;Левітана;доставка;48;58663.1;2455.9
2026-02-21;Левітана;самовывоз;10;8720.8;762.2
2026-02-22;Лазарева;Glovo;9;9549.0;0.0
2026-02-22;Лазарева;доставка;40;39351.6;2726.4
2026-02-22;Лазарева;самовывоз;8;6943.5;119.0
2026-02-22;Левітана;Glovo;9;6588.1;160.9
2026-02-22;Левітана;доставка;58;57997.4;4763.6
2026-02-22;Левітана;самовывоз;12;11888.0;289.0
2026-02-23;Лазарева;Glovo;11;11436.0;0.0
2026-02-23;Лазарева;доставка;31;48300.8;2178.2
2026-02-23;Лазарева;самовывоз;10;5900.0;74.0
2026-02-23;Левітана;Glovo;15;16040.0;0.0
2026-02-23;Левітана;доставка;36;38922.9;1856.1
2026-02-23;Левітана;самовывоз;13;10082.0;1041.0
2026-02-24;Лазарева;Glovo;4;3501.0;0.0
2026-02-24;Лазарева;доставка;29;38644.6;2729.4
2026-02-24;Лазарева;самовывоз;16;8310.7;631.0
2026-02-24;Левітана;Glovo;10;9329.0;0.0
2026-02-24;Левітана;доставка;29;28533.3;1825.7
2026-02-24;Левітана;самовывоз;18;11355.7;1723.3
2026-02-25;Лазарева;Glovo;8;7674.0;0.0
2026-02-25;Лазарева;доставка;24;29084.1;2427.9
2026-02-25;Лазарева;самовывоз;8;5910.3;80.0
2026-02-25;Левітана;Glovo;8;6651.0;0.0
2026-02-25;Левітана;доставка;20;20144.5;2219.5
2026-02-25;Левітана;самовывоз;5;4771.7;507.3
2026-02-26;Лазарева;Glovo;3;2089.0;0.0
2026-02-26;Лазарева;доставка;43;53678.3;2983.7
2026-02-26;Лазарева;самовывоз;6;3852.5;257.5
2026-02-26;Левітана;Glovo;12;9916.0;207.0
2026-02-26;Левітана;доставка;45;52996.4;3705.6
2026-02-26;Левітана;самовывоз;11;8176.8;1099.2
2026-02-27;Лазарева;Glovo;10;8524.0;0.0
2026-02-27;Лазарева;доставка;56;73971.9;5191.1
2026-02-27;Лазарева;самовывоз;8;5955.0;267.0
2026-02-27;Левітана;Glovo;18;17056.0;0.0
2026-02-27;Левітана;доставка;59;69157.6;4728.4
2026-02-27;Левітана;самовывоз;8;6333.1;343.9
2026-02-28;Лазарева;Glovo;5;4709.0;0.0
2026-02-28;Лазарева;доставка;45;63850.3;4356.7
2026-02-28;Лазарева;самовывоз;4;2952.3;159.5
2026-02-28;Левітана;Glovo;15;12927.0;0.0
2026-02-28;Левітана;доставка;53;67739.6;4389.4
2026-02-28;Левітана;самовывоз;13;15276.7;786.3
2026-03-01;Лазарева;Glovo;13;10057.0;0.0
2026-03-01;Лазарева;доставка;34;39978.9;1977.1
2026-03-01;Лазарева;самовывоз;11;7612.0;272.8
2026-03-01;Левітана;Glovo;13;9055.0;0.0
2026-03-01;Левітана;доставка;40;45203.2;3066.8
2026-03-01;Левітана;самовывоз;9;7839.0;55.0
2026-03-02;Лазарева;Glovo;8;6002.0;0.0
2026-03-02;Лазарева;доставка;36;46755.9;1161.1
2026-03-02;Лазарева;самовывоз;7;12637.4;0.0
2026-03-02;Левітана;Glovo;11;8662.0;0.0
2026-03-02;Левітана;доставка;14;14335.6;958.4
2026-03-02;Левітана;самовывоз;6;3270.3;762.7
2026-03-03;Лазарева;Glovo;5;5404.5;237.5
2026-03-03;Лазарева;доставка;25;33252.7;1273.3
2026-03-03;Лазарева;самовывоз;10;6881.8;975.5
2026-03-03;Левітана;Glovo;15;13347.4;559.1
2026-03-03;Левітана;доставка;37;40353.3;3114.7
2026-03-03;Левітана;самовывоз;10;7683.3;1083.7
2026-03-04;Лазарева;Glovo;7;6884.8;110.2
2026-03-04;Лазарева;доставка;32;33600.8;3255.2
2026-03-04;Лазарева;самовывоз;12;7733.5;517.5
2026-03-04;Левітана;Glovo;18;14545.6;67.4
2026-03-04;Левітана;доставка;39;38858.9;3227.1
2026-03-04;Левітана;самовывоз;8;3515.0;283.0
2026-03-05;Лазарева;Glovo;4;4744.0;0.0
2026-03-05;Лазарева;доставка;25;29028.7;2324.3
2026-03-05;Лазарева;самовывоз;8;6926.6;341.4
2026-03-05;Левітана;Glovo;11;7917.0;0.0
2026-03-05;Левітана;доставка;27;28660.4;1896.6
2026-03-05;Левітана;самовывоз;16;8772.8;1508.2
2026-03-06;Лазарева;Glovo;18;18331.0;0.0
2026-03-06;Лазарева;доставка;66;104319.8;4369.2
2026-03-06;Лазарева;самовывоз;9;13351.0;522.0
2026-03-06;Левітана;Glovo;12;8299.0;0.0
2026-03-06;Левітана;доставка;57;76053.4;2342.6
2026-03-06;Левітана;самовывоз;4;2730.0;149.0
2026-03-07;Лазарева;Glovo;8;6606.0;0.0
2026-03-07;Лазарева;доставка;63;97504.7;3544.3
2026-03-07;Лазарева;самовывоз;6;4453.0;370.0
2026-03-07;Левітана;Glovo;25;22008.0;0.0
2026-03-07;Левітана;доставка;69;92347.2;4049.8
2026-03-07;Левітана;самовывоз;13;15061.0;2898.0
2026-03-08;Лазарева;Glovo;10;12188.0;0.0
2026-03-08;Лазарева;доставка;139;210034.4;5886.6
2026-03-08;Лазарева;самовывоз;27;27833.0;2620.0
2026-03-08;Левітана;Glovo;17;20007.9;123.4
2026-03-08;Левітана;доставка;137;209662.3;7223.7
2026-03-08;Левітана;самовывоз;35;38850.0;1326.0
2026-03-09;Лазарева;Glovo;2;974.0;0.0
2026-03-09;Лазарева;доставка;37;47036.1;4305.9
2026-03-09;Лазарева;самовывоз;6;4594.0;85.0
2026-03-09;Левітана;Glovo;4;2889.0;0.0
2026-03-09;Левітана;доставка;48;52326.2;2170.8
2026-03-09;Левітана;самовывоз;11;10307.5;848.5
2026-03-10;Лазарева;Glovo;7;6102.0;0.0
2026-03-10;Лазарева;доставка;28;36000.2;1390.8
2026-03-10;Лазарева;самовывоз;5;3020.9;479.1
2026-03-10;Левітана;Glovo;7;5753.0;0.0
2026-03-10;Левітана;доставка;16;14958.1;955.9
2026-03-10;Левітана;самовывоз;5;3193.0;361.0
2026-03-11;Лазарева;Glovo;11;7511.0;0.0
2026-03-11;Лазарева;доставка;28;32474.0;1322.1
2026-03-11;Лазарева;самовывоз;10;9036.0;81.0
2026-03-11;Левітана;Glovo;8;5460.0;0.0
2026-03-11;Левітана;доставка;27;23290.0;2258.3
2026-03-11;Левітана;самовывоз;8;8309.6;693.4
2026-03-12;Лазарева;Glovo;8;7054.0;0.0
2026-03-12;Лазарева;доставка;41;50597.8;3274.2
2026-03-12;Лазарева;самовывоз;11;7262.0;66.0
2026-03-12;Левітана;Glovo;13;14928.6;320.4
2026-03-12;Левітана;доставка;40;41256.4;3949.6
2026-03-12;Левітана;самовывоз;6;4027.5;384.5
2026-03-13;Лазарева;Glovo;7;5244.0;0.0
2026-03-13;Лазарева;доставка;41;47395.0;3258.3
2026-03-13;Лазарева;самовывоз;12;5804.0;87.0
2026-03-13;Левітана;Glovo;19;17065.1;9.9
2026-03-13;Левітана;доставка;48;53925.6;4252.4
2026-03-13;Левітана;самовывоз;10;6343.0;1328.0
2026-03-14;Лазарева;Glovo;14;15822.0;0.0
2026-03-14;Лазарева;доставка;52;73244.8;4379.2
2026-03-14;Лазарева;самовывоз;7;5706.0;0.0
2026-03-14;Левітана;Glovo;10;6465.0;0.0
2026-03-14;Левітана;доставка;55;71017.8;3681.2
2026-03-14;Левітана;самовывоз;13;9487.3;1710.7
2026-03-15;Лазарева;Glovo;8;7664.0;0.0
2026-03-15;Лазарева;доставка;47;51528.2;3705.8
2026-03-15;Лазарева;самовывоз;5;7122.0;0.0
2026-03-15;Левітана;Glovo;12;11188.0;0.0
2026-03-15;Левітана;доставка;51;56511.3;5337.7
2026-03-15;Левітана;самовывоз;10;6872.1;739.9
2026-03-16;Лазарева;Glovo;12;10851.0;0.0
2026-03-16;Лазарева;доставка;20;30320.4;2958.6
2026-03-16;Лазарева;самовывоз;5;3926.0;0.0
2026-03-16;Левітана;Glovo;8;7068.0;0.0
2026-03-16;Левітана;доставка;23;27093.4;1679.6
2026-03-16;Левітана;самовывоз;4;4851.0;198.0
2026-03-17;Лазарева;Glovo;12;9544.2;118.8
2026-03-17;Лазарева;доставка;41;47002.1;4143.9
2026-03-17;Лазарева;самовывоз;10;2462.0;269.0
2026-03-17;Левітана;Glovo;11;9365.0;0.0
2026-03-17;Левітана;доставка;22;22455.6;2798.4
2026-03-17;Левітана;самовывоз;14;8671.0;1599.0
2026-03-18;Лазарева;Glovo;12;8734.7;119.3
2026-03-18;Лазарева;доставка;22;27100.5;1379.5
2026-03-18;Лазарева;самовывоз;9;6916.0;0.0
2026-03-18;Левітана;Glovo;10;8857.0;0.0
2026-03-18;Левітана;доставка;37;37477.3;2755.7
2026-03-18;Левітана;самовывоз;6;6155.0;179.0
2026-03-19;Лазарева;Glovo;9;6170.0;0.0
2026-03-19;Лазарева;доставка;34;42892.3;2242.7
2026-03-19;Лазарева;самовывоз;7;4093.5;828.5
2026-03-19;Левітана;Glovo;12;7198.3;24.7
2026-03-19;Левітана;доставка;40;44246.8;1976.2
2026-03-19;Левітана;самовывоз;12;6237.0;1399.0
2026-03-20;Лазарева;Glovo;7;5753.0;0.0
2026-03-20;Лазарева;доставка;42;39134.5;3691.5
2026-03-20;Лазарева;самовывоз;20;13133.5;1699.5
2026-03-20;Левітана;Glovo;13;10584.5;86.5
2026-03-20;Левітана;доставка;49;52884.9;4325.1
2026-03-20;Левітана;самовывоз;7;5734.8;223.2
2026-03-21;Лазарева;Glovo;16;14202.3;8.7
2026-03-21;Лазарева;доставка;59;86253.5;6689.5
2026-03-21;Лазарева;самовывоз;11;7088.0;309.0
2026-03-21;Левітана;Glovo;11;10308.0;0.0
2026-03-21;Левітана;доставка;59;73040.0;3537.0
2026-03-21;Левітана;самовывоз;10;7184.5;2474.5
2026-03-22;Лазарева;Glovo;12;10839.7;27.3
2026-03-22;Лазарева;доставка;37;41890.1;2123.9
2026-03-22;Лазарева;самовывоз;9;8656.0;38.0
2026-03-22;Левітана;Glovo;12;10524.0;0.0
2026-03-22;Левітана;доставка;49;51427.1;4357.9
2026-03-22;Левітана;самовывоз;18;10855.0;927.0
2026-03-23;Лазарева;Glovo;10;9475.3;260.7
2026-03-23;Лазарева;доставка;34;37565.7;2482.3
2026-03-23;Лазарева;самовывоз;17;11318.5;1158.5
2026-03-23;Левітана;Glovo;7;3703.0;0.0
2026-03-23;Левітана;доставка;38;40471.3;3539.7
2026-03-23;Левітана;самовывоз;6;5960.0;450.0
2026-03-24;Лазарева;Glovo;7;4805.0;0.0
2026-03-24;Лазарева;доставка;34;39315.9;3273.1
2026-03-24;Лазарева;самовывоз;9;6024.4;331.6
2026-03-24;Левітана;Glovo;8;6747.0;0.0
2026-03-24;Левітана;доставка;41;39015.8;3876.2
2026-03-24;Левітана;самовывоз;13;11612.4;895.6
2026-03-25;Лазарева;Glovo;7;4679.8;9.2
2026-03-25;Лазарева;доставка;31;38299.1;2222.9
2026-03-25;Лазарева;самовывоз;14;6747.0;508.0
2026-03-25;Левітана;Glovo;10;7908.0;0.0
2026-03-25;Левітана;доставка;39;42272.9;5119.1
2026-03-25;Левітана;самовывоз;11;8722.2;1305.8
2026-03-26;Лазарева;Glovo;7;6560.0;0.0
2026-03-26;Лазарева;доставка;41;44826.3;4555.7
2026-03-26;Лазарева;самовывоз;12;6030.5;659.5
2026-03-26;Левітана;Glovo;9;6236.0;0.0
2026-03-26;Левітана;доставка;36;43534.7;3689.3
2026-03-26;Левітана;самовывоз;8;6676.6;1266.4
2026-03-27;Лазарева;Glovo;7;8126.0;0.0
2026-03-27;Лазарева;доставка;62;72172.9;4790.1
2026-03-27;Лазарева;самовывоз;21;13360.5;1023.5
2026-03-27;Левітана;Glovo;9;6155.0;44.0
2026-03-27;Левітана;доставка;64;69957.7;5869.3
2026-03-27;Левітана;самовывоз;12;9952.0;706.0
2026-03-28;Лазарева;Glovo;17;13922.6;0.0
2026-03-28;Лазарева;доставка;49;66349.9;4584.1
2026-03-28;Лазарева;самовывоз;12;8354.8;614.2
2026-03-28;Левітана;Glovo;13;11813.0;109.0
2026-03-28;Левітана;доставка;45;49512.8;4361.2
2026-03-28;Левітана;самовывоз;19;16579.0;1345.0
2026-03-29;Лазарева;Glovo;5;3072.0;0.0
2026-03-29;Лазарева;доставка;57;72849.7;3352.3
2026-03-29;Лазарева;самовывоз;4;5595.0;0.0
2026-03-29;Левітана;Glovo;9;9792.0;0.0
2026-03-29;Левітана;доставка;47;49805.9;3310.1
2026-03-29;Левітана;самовывоз;11;11950.0;1210.0
2026-03-30;Лазарева;Glovo;6;5522.3;78.7
2026-03-30;Лазарева;доставка;36;49986.0;2509.0
2026-03-30;Лазарева;самовывоз;17;15031.8;1255.2
2026-03-30;Левітана;Glovo;12;10981.0;0.0
2026-03-30;Левітана;доставка;35;40167.1;1955.9
2026-03-30;Левітана;самовывоз;6;5131.5;134.5
2026-03-31;Лазарева;Glovo;12;9106.0;0.0
2026-03-31;Лазарева;доставка;28;33813.1;1466.9
2026-03-31;Лазарева;самовывоз;10;7454.0;731.0
2026-03-31;Левітана;Glovo;11;10919.0;0.0
2026-03-31;Левітана;доставка;33;37598.6;3108.4
2026-03-31;Левітана;самовывоз;17;12127.0;1313.0
2026-04-01;Лазарева;Glovo;10;10787.0;0.0
2026-04-01;Лазарева;доставка;34;42280.6;2025.4
2026-04-01;Лазарева;самовывоз;16;9250.0;201.0
2026-04-01;Левітана;Glovo;12;11497.0;0.0
2026-04-01;Левітана;доставка;41;39581.3;2258.7
2026-04-01;Левітана;самовывоз;7;5809.1;492.9
2026-04-02;Лазарева;Glovo;7;5494.0;0.0
2026-04-02;Лазарева;доставка;44;44045.7;4601.3
2026-04-02;Лазарева;самовывоз;15;9843.0;350.0
2026-04-02;Левітана;Glovo;13;10411.0;0.0
2026-04-02;Левітана;доставка;43;42613.8;3694.2
2026-04-02;Левітана;самовывоз;13;4548.1;1417.9
2026-04-03;Лазарева;Glovo;14;11906.6;9.4
2026-04-03;Лазарева;доставка;46;50469.2;3520.8
2026-04-03;Лазарева;самовывоз;10;10819.8;1109.2
2026-04-03;Левітана;Glovo;10;7819.0;0.0
2026-04-03;Левітана;доставка;68;80061.9;6926.1
2026-04-03;Левітана;самовывоз;9;9599.0;759.0
2026-04-04;Лазарева;Glovo;9;10448.0;0.0
2026-04-04;Лазарева;доставка;45;57508.2;3646.8
2026-04-04;Лазарева;самовывоз;16;5585.7;336.3
2026-04-04;Левітана;Glovo;9;5028.0;0.0
2026-04-04;Левітана;доставка;65;85040.2;9231.8
2026-04-04;Левітана;самовывоз;21;17311.2;1090.8
2026-04-05;Лазарева;Glovo;9;5891.0;0.0
2026-04-05;Лазарева;доставка;41;44220.8;3747.2
2026-04-05;Лазарева;самовывоз;15;7142.0;130.0
2026-04-05;Левітана;Glovo;11;12014.0;0.0
2026-04-05;Левітана;доставка;48;54977.7;6167.3
2026-04-05;Левітана;самовывоз;5;3516.0;150.0
2026-04-06;Лазарева;Glovo;8;5289.0;0.0
2026-04-06;Лазарева;доставка;32;39830.4;1692.6
2026-04-06;Лазарева;самовывоз;12;6972.7;340.3
2026-04-06;Левітана;Glovo;11;9998.9;125.1
2026-04-06;Левітана;доставка;23;24254.6;2190.4
2026-04-06;Левітана;самовывоз;3;1086.5;504.5
2026-04-07;Лазарева;Glovo;8;7711.0;0.0
2026-04-07;Лазарева;доставка;26;35138.7;1514.3
2026-04-07;Лазарева;самовывоз;10;5665.2;695.8
2026-04-07;Левітана;Glovo;10;9531.0;0.0
2026-04-07;Левітана;доставка;44;47028.9;4895.1
2026-04-07;Левітана;самовывоз;5;3318.1;251.9
2026-04-08;Лазарева;Glovo;11;11719.0;0.0
2026-04-08;Лазарева;доставка;37;38341.2;3534.8
2026-04-08;Лазарева;самовывоз;14;6869.0;455.0
2026-04-08;Левітана;Glovo;16;15468.0;0.0
2026-04-08;Левітана;доставка;42;45519.5;4164.5
2026-04-08;Левітана;самовывоз;9;6631.9;947.1
2026-04-09;Лазарева;Glovo;13;16781.0;0.0
2026-04-09;Лазарева;доставка;39;47021.9;5054.1
2026-04-09;Лазарева;самовывоз;14;7284.0;307.0
2026-04-09;Левітана;Glovo;12;9847.0;0.0
2026-04-09;Левітана;доставка;53;60063.7;7234.3
2026-04-09;Левітана;самовывоз;8;8162.0;810.0
2026-04-10;Лазарева;Glovo;19;16267.0;0.0
2026-04-10;Лазарева;доставка;51;56725.5;5071.5
2026-04-10;Лазарева;самовывоз;12;4839.0;700.0
2026-04-10;Левітана;Glovo;13;16123.9;0.0
2026-04-10;Левітана;доставка;58;63006.8;5199.2
2026-04-10;Левітана;самовывоз;15;12685.6;1304.4
2026-04-11;Лазарева;Glovo;12;9659.0;0.0
2026-04-11;Лазарева;доставка;33;39067.4;1523.6
2026-04-11;Лазарева;самовывоз;16;6626.0;608.0
2026-04-11;Левітана;Glovo;13;11078.2;8.8
2026-04-11;Левітана;доставка;41;45105.2;5255.8
2026-04-11;Левітана;самовывоз;9;6591.5;1381.5
2026-04-12;Лазарева;Glovo;25;20584.1;0.9
2026-04-12;Лазарева;доставка;40;56778.1;3862.9
2026-04-12;Лазарева;самовывоз;5;972.0;897.0
2026-04-12;Левітана;Glovo;13;11926.0;0.0
2026-04-12;Левітана;доставка;43;49827.0;3426.0
2026-04-12;Левітана;самовывоз;16;9573.2;1363.8
2026-04-13;Лазарева;Glovo;7;7087.0;0.0
2026-04-13;Лазарева;доставка;33;41475.1;3786.9
2026-04-13;Лазарева;самовывоз;14;12924.0;420.0
2026-04-13;Левітана;Glovo;15;13166.0;0.0
2026-04-13;Левітана;доставка;25;29002.6;2246.6
2026-04-13;Левітана;самовывоз;8;7165.0;775.0
2026-04-14;Лазарева;Glovo;11;10942.0;0.0
2026-04-14;Лазарева;доставка;33;40660.2;2861.8
2026-04-14;Лазарева;самовывоз;10;5928.0;743.0
2026-04-14;Левітана;Glovo;6;6625.0;0.0
2026-04-14;Левітана;доставка;31;38478.7;3852.3
2026-04-14;Левітана;самовывоз;9;4551.0;741.0
2026-04-15;Лазарева;Glovo;12;9905.0;0.0
2026-04-15;Лазарева;доставка;31;44097.8;1967.2
2026-04-15;Лазарева;самовывоз;11;4734.5;635.5
2026-04-15;Левітана;Glovo;14;12317.2;21.8
2026-04-15;Левітана;доставка;37;39367.4;3101.6
2026-04-15;Левітана;самовывоз;8;5989.5;1113.5
2026-04-16;Лазарева;Glovo;6;5758.3;200.7
2026-04-16;Лазарева;доставка;43;48890.2;4285.8
2026-04-16;Лазарева;самовывоз;13;4129.1;1100.9
2026-04-16;Левітана;Glovo;14;13641.5;26.5
2026-04-16;Левітана;доставка;41;43493.3;3370.7
2026-04-16;Левітана;самовывоз;7;6453.5;808.5
2026-04-17;Лазарева;Glovo;11;8997.8;252.2
2026-04-17;Лазарева;доставка;55;75185.2;5962.8
2026-04-17;Лазарева;самовывоз;13;3542.5;540.5
2026-04-17;Левітана;Glovo;8;6837.0;0.0
2026-04-17;Левітана;доставка;47;55512.1;2451.9
2026-04-17;Левітана;самовывоз;13;7973.7;2524.3
2026-04-18;Лазарева;Glovo;8;9097.0;0.0
2026-04-18;Лазарева;доставка;46;58646.2;3477.8
2026-04-18;Лазарева;самовывоз;11;11522.0;0.0
2026-04-18;Левітана;Glovo;12;8201.0;0.0
2026-04-18;Левітана;доставка;65;71572.5;5717.5
2026-04-18;Левітана;самовывоз;15;10928.5;1758.5
2026-04-19;Лазарева;Glovo;17;17281.0;0.0
2026-04-19;Лазарева;доставка;43;49331.8;3322.2
2026-04-19;Лазарева;самовывоз;8;5272.0;0.0
2026-04-19;Левітана;Glovo;8;6699.0;0.0
2026-04-19;Левітана;доставка;48;47641.2;4173.8
2026-04-19;Левітана;самовывоз;7;4221.5;598.5
2026-04-20;Лазарева;Glovo;8;5870.6;356.4
2026-04-20;Лазарева;доставка;29;40360.0;2224.0
2026-04-20;Лазарева;самовывоз;11;6598.0;606.0
2026-04-20;Левітана;Glovo;9;5971.0;0.0
2026-04-20;Левітана;доставка;41;48035.6;2053.4
2026-04-20;Левітана;самовывоз;11;12575.3;1318.7
2026-04-21;Лазарева;Glovo;7;6100.0;0.0
2026-04-21;Лазарева;доставка;30;34415.4;1498.6
2026-04-21;Лазарева;самовывоз;16;9150.0;649.0
2026-04-21;Левітана;Glovo;9;6103.0;0.0
2026-04-21;Левітана;доставка;28;27054.1;1426.9
2026-04-21;Левітана;самовывоз;8;3527.4;2140.6
2026-04-22;Лазарева;Glovo;8;7204.4;196.6
2026-04-22;Лазарева;доставка;41;49450.1;3822.9
2026-04-22;Лазарева;самовывоз;19;9088.5;1261.5
2026-04-22;Левітана;Glovo;7;3576.0;0.0
2026-04-22;Левітана;доставка;39;43204.7;3028.3
2026-04-22;Левітана;самовывоз;12;4843.2;1239.8
2026-04-23;Лазарева;Glovo;10;11290.0;0.0
2026-04-23;Лазарева;доставка;42;45898.3;4047.7
2026-04-23;Лазарева;самовывоз;16;7658.5;1252.5
2026-04-23;Левітана;Glovo;9;6710.0;0.0
2026-04-23;Левітана;доставка;44;44704.1;2538.9
2026-04-23;Левітана;самовывоз;12;9005.1;734.9
2026-04-24;Лазарева;Glovo;13;10632.0;0.0
2026-04-24;Лазарева;доставка;57;71803.9;4556.1
2026-04-24;Лазарева;самовывоз;12;4687.0;914.0
2026-04-24;Левітана;Glovo;16;14991.2;292.8
2026-04-24;Левітана;доставка;47;55359.6;3255.4
2026-04-24;Левітана;самовывоз;9;8508.6;174.4
2026-04-25;Лазарева;Glovo;19;18938.9;200.1
2026-04-25;Лазарева;доставка;56;76973.0;2469.0
2026-04-25;Лазарева;самовывоз;14;9523.0;1371.0
2026-04-25;Левітана;Glovo;20;19508.0;117.0
2026-04-25;Левітана;доставка;51;56959.6;5046.4
2026-04-25;Левітана;самовывоз;9;10338.5;184.5
2026-04-26;Лазарева;Glovo;22;24123.1;361.9
2026-04-26;Лазарева;доставка;49;67163.4;2528.6
2026-04-26;Лазарева;самовывоз;7;9269.0;54.0
2026-04-26;Левітана;Glovo;24;27017.0;229.0
2026-04-26;Левітана;доставка;60;63094.2;4419.8
2026-04-26;Левітана;самовывоз;13;10914.7;1103.3
2026-04-27;Лазарева;Glovo;10;10958.6;117.4
2026-04-27;Лазарева;доставка;30;29895.9;2733.1
2026-04-27;Лазарева;самовывоз;9;3997.5;459.5
2026-04-27;Левітана;Glovo;10;11387.0;0.0
2026-04-27;Левітана;доставка;37;37114.9;2252.1
2026-04-27;Левітана;самовывоз;5;3270.3;848.7
2026-04-28;Лазарева;Glovo;9;8355.0;0.0
2026-04-28;Лазарева;доставка;29;35727.2;2217.8
2026-04-28;Лазарева;самовывоз;16;7456.5;542.5
2026-04-28;Левітана;Glovo;5;4208.0;0.0
2026-04-28;Левітана;доставка;39;42339.6;3651.4
2026-04-28;Левітана;самовывоз;14;7277.5;1644.5
2026-04-29;Лазарева;Glovo;11;9917.2;122.8
2026-04-29;Лазарева;доставка;41;50466.6;3283.4
2026-04-29;Лазарева;самовывоз;21;13727.8;1316.2
2026-04-29;Левітана;Glovo;10;7420.0;17.0
2026-04-29;Левітана;доставка;33;43132.1;2801.9
2026-04-29;Левітана;самовывоз;6;3513.0;296.0
2026-04-30;Лазарева;Glovo;16;15757.0;377.0
2026-04-30;Лазарева;доставка;33;35088.8;2773.6
2026-04-30;Лазарева;самовывоз;12;6773.0;958.0
2026-04-30;Левітана;Glovo;10;7651.4;0.0
2026-04-30;Левітана;доставка;45;50014.3;3686.7
2026-04-30;Левітана;самовывоз;6;6849.0;347.0
2026-05-01;Лазарева;Glovo;21;21239.5;255.5
2026-05-01;Лазарева;доставка;54;71394.3;4133.7
2026-05-01;Лазарева;самовывоз;10;6382.0;619.0
2026-05-01;Левітана;Glovo;8;8578.9;724.1
2026-05-01;Левітана;доставка;61;68084.2;5031.8
2026-05-01;Левітана;самовывоз;10;7188.7;1596.3
2026-05-02;Лазарева;Glovo;20;14993.7;287.3
2026-05-02;Лазарева;доставка;41;51266.0;3319.0
2026-05-02;Лазарева;самовывоз;9;6904.7;467.3
2026-05-02;Левітана;Glovo;9;6265.0;127.0
2026-05-02;Левітана;доставка;49;52511.9;4259.1
2026-05-02;Левітана;самовывоз;8;12052.0;113.0
2026-05-03;Лазарева;Glovo;7;8859.9;443.1
2026-05-03;Лазарева;доставка;38;43221.7;3901.1
2026-05-03;Лазарева;самовывоз;13;5699.0;714.0
2026-05-03;Левітана;Glovo;9;12208.0;510.0
2026-05-03;Левітана;доставка;52;62969.2;2884.8
2026-05-03;Левітана;самовывоз;6;3912.7;289.3
2026-05-04;Лазарева;Glovo;11;8986.3;452.7
2026-05-04;Лазарева;доставка;28;35457.3;1569.7
2026-05-04;Лазарева;самовывоз;13;4560.5;139.5
2026-05-04;Левітана;Glovo;7;9410.7;570.3
2026-05-04;Левітана;доставка;27;28508.6;2405.4
2026-05-04;Левітана;самовывоз;6;3070.5;408.5
2026-05-05;Лазарева;Glovo;17;13940.4;689.6
2026-05-05;Лазарева;доставка;31;39395.1;3394.9
2026-05-05;Лазарева;самовывоз;13;6291.5;963.5
2026-05-05;Левітана;Glovo;8;9225.9;114.1
2026-05-05;Левітана;доставка;33;36351.3;1876.7
2026-05-05;Левітана;самовывоз;6;4369.0;647.0
2026-05-06;Лазарева;Glovo;12;10991.0;695.0
2026-05-06;Лазарева;доставка;33;37347.1;2079.9
2026-05-06;Лазарева;самовывоз;17;10487.6;506.4
2026-05-06;Левітана;Glovo;13;9852.4;321.6
2026-05-06;Левітана;доставка;48;52428.8;4761.2
2026-05-06;Левітана;самовывоз;10;8031.5;1325.5
2026-05-07;Лазарева;Glovo;8;7904.3;427.7
2026-05-07;Лазарева;доставка;37;51018.2;2368.8
2026-05-07;Лазарева;самовывоз;11;6323.5;699.5
2026-05-07;Левітана;Glovo;17;13946.3;723.7
2026-05-07;Левітана;доставка;53;55635.3;4223.7
2026-05-07;Левітана;самовывоз;7;7922.5;239.5
2026-05-08;Лазарева;Glovo;17;15984.2;1059.8
2026-05-08;Лазарева;доставка;46;49914.0;4124.0
2026-05-08;Лазарева;самовывоз;15;6742.0;645.0
2026-05-08;Левітана;Glovo;15;14488.1;556.9
2026-05-08;Левітана;доставка;54;60034.6;5758.4
2026-05-08;Левітана;самовывоз;16;14129.5;1597.5
2026-05-09;Лазарева;Glovo;22;19006.4;658.6
2026-05-09;Лазарева;доставка;37;47232.2;5013.8
2026-05-09;Лазарева;самовывоз;7;5040.0;0.0
2026-05-09;Левітана;Glovo;19;18321.9;572.1
2026-05-09;Левітана;доставка;60;71752.7;4223.3
2026-05-09;Левітана;самовывоз;9;10369.0;574.0
2026-05-10;Лазарева;Glovo;12;12414.2;959.8
2026-05-10;Лазарева;доставка;58;80715.8;3722.2
2026-05-10;Лазарева;самовывоз;6;6015.0;85.0
2026-05-10;Левітана;Glovo;14;13671.6;588.4
2026-05-10;Левітана;доставка;63;77719.1;5545.9
2026-05-10;Левітана;самовывоз;17;16115.7;1385.3
2026-05-11;Лазарева;Glovo;11;12332.7;810.3
2026-05-11;Лазарева;доставка;27;33662.2;1395.8
2026-05-11;Лазарева;самовывоз;11;7360.5;248.5
2026-05-11;Левітана;Glovo;10;11139.5;366.5
2026-05-11;Левітана;доставка;39;47472.0;3441.0
2026-05-11;Левітана;самовывоз;9;8619.0;641.0
2026-05-12;Лазарева;Glovo;9;8476.8;242.2
2026-05-12;Лазарева;доставка;30;37599.1;2103.9
2026-05-12;Лазарева;самовывоз;14;6996.5;1277.5
2026-05-12;Левітана;Glovo;18;16914.1;1336.9
2026-05-12;Левітана;доставка;48;57222.1;2870.9
2026-05-12;Левітана;самовывоз;16;7887.6;1672.4
2026-05-13;Лазарева;Glovo;14;13414.0;369.0
2026-05-13;Лазарева;доставка;26;35190.9;2776.1
2026-05-13;Лазарева;самовывоз;17;11384.5;622.5
2026-05-13;Левітана;Glovo;23;19601.5;891.5
2026-05-13;Левітана;доставка;44;45539.1;2852.9
2026-05-13;Левітана;самовывоз;9;8626.0;577.0
2026-05-14;Лазарева;Glovo;9;8194.2;158.8
2026-05-14;Лазарева;доставка;39;43609.6;5165.4
2026-05-14;Лазарева;самовывоз;6;5068.4;291.6
2026-05-14;Левітана;Glovo;18;17732.4;1239.6
2026-05-14;Левітана;доставка;38;42039.9;3745.1
2026-05-14;Левітана;самовывоз;8;7031.5;976.5
2026-05-15;Лазарева;Glovo;11;9123.5;606.5
2026-05-15;Лазарева;доставка;52;66088.4;5482.6
2026-05-15;Лазарева;самовывоз;8;6949.5;648.5
2026-05-15;Левітана;Glovo;14;13034.2;831.8
2026-05-15;Левітана;доставка;54;69411.6;3990.4
2026-05-15;Левітана;самовывоз;13;11758.5;1001.5
2026-05-16;Лазарева;Glovo;17;18952.3;1371.7
2026-05-16;Лазарева;доставка;49;59425.2;4146.8
2026-05-16;Лазарева;самовывоз;8;4469.5;199.5
2026-05-16;Левітана;Glovo;17;14669.0;0.0
2026-05-16;Левітана;доставка;49;62698.9;4477.1
2026-05-16;Левітана;самовывоз;12;10599.5;774.5
2026-05-17;Лазарева;Glovo;15;16035.8;697.2
2026-05-17;Лазарева;доставка;44;54804.0;3370.0
2026-05-17;Лазарева;самовывоз;9;5043.5;383.5
2026-05-17;Левітана;Glovo;15;11423.4;608.8
2026-05-17;Левітана;доставка;45;50921.0;4152.5
2026-05-17;Левітана;самовывоз;6;5527.5;854.5
2026-05-18;Лазарева;Glovo;5;4051.0;253.0
2026-05-18;Лазарева;доставка;44;47997.3;2680.7
2026-05-18;Лазарева;самовывоз;8;4151.2;481.8
2026-05-18;Левітана;Glovo;10;12606.3;726.7
2026-05-18;Левітана;доставка;33;34484.9;1776.1
2026-05-18;Левітана;самовывоз;6;4786.5;473.5
2026-05-19;Лазарева;Glovo;8;8409.8;456.2
2026-05-19;Лазарева;доставка;32;37294.5;1691.5
2026-05-19;Лазарева;самовывоз;16;9082.0;621.0
2026-05-19;Левітана;Glovo;6;4820.5;121.5
2026-05-19;Левітана;доставка;46;49545.2;3906.8
2026-05-19;Левітана;самовывоз;11;7485.0;861.0
2026-05-20;Лазарева;Glovo;11;8100.7;438.3
2026-05-20;Лазарева;доставка;37;48540.9;3713.1
2026-05-20;Лазарева;самовывоз;6;3042.0;566.0
2026-05-20;Левітана;Glovo;15;11724.6;355.4
2026-05-20;Левітана;доставка;43;47202.4;4688.6
2026-05-20;Левітана;самовывоз;8;7065.0;431.0
2026-05-21;Лазарева;Glovo;10;10413.4;701.6
2026-05-21;Лазарева;доставка;38;36002.1;2477.9
2026-05-21;Лазарева;самовывоз;8;7089.5;672.5
2026-05-21;Левітана;Glovo;8;6984.2;255.8
2026-05-21;Левітана;доставка;28;26916.7;1463.3
2026-05-21;Левітана;самовывоз;10;7642.0;735.0
2026-05-22;Лазарева;Glovo;9;10607.8;810.2
2026-05-22;Лазарева;доставка;44;56312.5;5296.5
2026-05-22;Лазарева;самовывоз;16;10515.5;754.5
2026-05-22;Левітана;Glovo;17;16537.9;1238.1
2026-05-22;Левітана;доставка;44;45905.3;3276.7
2026-05-22;Левітана;самовывоз;12;8314.6;1363.4
2026-05-23;Лазарева;Glovo;13;13234.4;729.6
2026-05-23;Лазарева;доставка;49;58539.8;3457.2
2026-05-23;Лазарева;самовывоз;4;4328.2;619.8
2026-05-23;Левітана;Glovo;12;11344.3;372.7
2026-05-23;Левітана;доставка;53;63184.8;5286.2
2026-05-23;Левітана;самовывоз;14;14127.0;1378.0
2026-05-24;Лазарева;Glovo;14;12955.2;759.8
2026-05-24;Лазарева;доставка;34;43771.4;2337.6
2026-05-24;Лазарева;самовывоз;3;3709.0;369.0
2026-05-24;Левітана;Glovo;10;8348.5;357.5
2026-05-24;Левітана;доставка;51;56742.9;4557.1
2026-05-24;Левітана;самовывоз;11;11112.0;961.0
2026-05-25;Лазарева;Glovo;6;6051.7;549.3
2026-05-25;Лазарева;доставка;27;24394.0;1629.0
2026-05-25;Лазарева;самовывоз;2;1595.0;0.0
2026-05-25;Левітана;Glovo;6;2971.5;122.5
2026-05-25;Левітана;доставка;31;39752.8;2543.2
2026-05-25;Левітана;самовывоз;10;5535.1;1267.9
2026-05-26;Лазарева;Glovo;11;8333.7;502.3
2026-05-26;Лазарева;доставка;33;36405.0;2094.0
2026-05-26;Лазарева;самовывоз;4;3092.7;247.3
2026-05-26;Левітана;Glovo;6;3689.8;293.2
2026-05-26;Левітана;доставка;43;51443.2;2950.8
2026-05-26;Левітана;самовывоз;11;6113.5;1664.5
2026-05-27;Лазарева;Glovo;5;6155.5;205.5
2026-05-27;Лазарева;доставка;34;34707.5;2011.5
2026-05-27;Лазарева;самовывоз;7;4354.0;78.0
2026-05-27;Левітана;Glovo;11;10054.7;875.3
2026-05-27;Левітана;доставка;42;48422.7;5139.3
2026-05-27;Левітана;самовывоз;9;7269.5;633.5
2026-05-28;Лазарева;Glovo;7;7811.6;453.4
2026-05-28;Лазарева;доставка;36;47185.6;3815.4
2026-05-28;Лазарева;самовывоз;5;2104.9;184.1
2026-05-28;Левітана;Glovo;17;15469.7;1176.3
2026-05-28;Левітана;доставка;39;41971.2;2745.8
2026-05-28;Левітана;самовывоз;10;8233.0;717.0
2026-05-29;Лазарева;Glovo;8;8756.4;488.6
2026-05-29;Лазарева;доставка;62;78057.8;5608.8
2026-05-29;Лазарева;самовывоз;1;651.0;168.0
2026-05-29;Левітана;Glovo;10;8538.5;238.5
2026-05-29;Левітана;доставка;58;80424.0;3998.0
2026-05-29;Левітана;самовывоз;17;17686.5;404.5
2026-05-30;Лазарева;Glovo;8;9977.4;170.6
2026-05-30;Лазарева;доставка;51;69609.4;3459.6
2026-05-30;Лазарева;самовывоз;9;9202.0;659.0
2026-05-30;Левітана;Glovo;9;9073.7;526.3
2026-05-30;Левітана;доставка;72;92144.0;5272.0
2026-05-30;Левітана;самовывоз;11;10086.0;771.0
2026-05-31;Лазарева;Glovo;9;9962.8;751.2
2026-05-31;Лазарева;доставка;40;44970.8;3530.2
2026-05-31;Лазарева;самовывоз;10;10257.5;1137.5
2026-05-31;Левітана;Glovo;15;13238.9;1179.1
2026-05-31;Левітана;доставка;50;53133.8;5225.2
2026-05-31;Левітана;самовывоз;10;8863.7;1024.3
2026-06-01;Лазарева;Glovo;10;7608.8;696.2
2026-06-01;Лазарева;доставка;31;36452.3;2582.7
2026-06-01;Лазарева;самовывоз;1;563.0;249.0
2026-06-01;Левітана;Glovo;8;7733.1;621.9
2026-06-01;Левітана;доставка;42;49090.0;3969.0
2026-06-01;Левітана;самовывоз;5;3826.0;0.0
2026-06-02;Лазарева;Glovo;7;5549.8;579.2
2026-06-02;Лазарева;доставка;42;48214.6;5297.4
2026-06-02;Лазарева;самовывоз;4;1373.0;252.0
2026-06-02;Левітана;Glovo;6;7038.3;706.7
2026-06-02;Левітана;доставка;43;48162.7;3083.3
2026-06-02;Левітана;самовывоз;12;8861.2;1110.8
2026-06-03;Лазарева;Glovo;10;9325.8;250.2
2026-06-03;Лазарева;доставка;37;39791.7;4029.3
2026-06-03;Лазарева;самовывоз;4;1038.0;252.0
2026-06-03;Левітана;Glovo;22;20955.7;1400.3
2026-06-03;Левітана;доставка;48;51608.0;3252.0
2026-06-03;Левітана;самовывоз;5;3258.0;485.0
2026-06-04;Лазарева;Glovo;12;9825.0;1027.0
2026-06-04;Лазарева;доставка;29;32973.2;1426.8
2026-06-04;Лазарева;самовывоз;6;3479.6;666.4
2026-06-04;Левітана;Glovo;10;12545.8;1350.2
2026-06-04;Левітана;доставка;47;52688.9;2391.1
2026-06-04;Левітана;самовывоз;3;1521.5;92.5
2026-06-05;Лазарева;Glovo;17;13741.2;800.8
2026-06-05;Лазарева;доставка;45;47842.8;5581.2
2026-06-05;Лазарева;самовывоз;6;2983.3;766.7
2026-06-05;Левітана;Glovo;16;19947.6;512.4
2026-06-05;Левітана;доставка;50;48433.5;3441.5
2026-06-05;Левітана;самовывоз;14;7858.5;2393.5
2026-06-06;Лазарева;Glovo;9;7790.7;257.3
2026-06-06;Лазарева;доставка;45;58436.8;4037.2
2026-06-06;Лазарева;самовывоз;9;6676.0;1585.0
2026-06-06;Левітана;Glovo;14;12162.3;614.7
2026-06-06;Левітана;доставка;60;69265.7;2987.3
2026-06-06;Левітана;самовывоз;14;10399.0;739.0
2026-06-07;Лазарева;Glovo;15;14370.2;1152.8
2026-06-07;Лазарева;доставка;44;48899.5;3926.5
2026-06-07;Лазарева;самовывоз;7;5342.5;172.5
2026-06-07;Левітана;Glovo;11;9966.8;1005.2
2026-06-07;Левітана;доставка;50;51871.2;3356.8
2026-06-07;Левітана;самовывоз;19;20145.0;1582.0
2026-06-08;Лазарева;Glovo;7;5746.3;328.7
2026-06-08;Лазарева;доставка;32;42213.7;2009.3
2026-06-08;Лазарева;самовывоз;6;3965.0;166.0
2026-06-08;Левітана;Glovo;12;10361.6;1082.4
2026-06-08;Левітана;доставка;34;34326.2;2138.8
2026-06-08;Левітана;самовывоз;11;11664.0;790.0
2026-06-09;Лазарева;Glovo;6;6664.7;327.3
2026-06-09;Лазарева;доставка;40;59061.4;2525.6
2026-06-09;Лазарева;самовывоз;5;2580.0;698.0
2026-06-09;Левітана;Glovo;16;13720.4;361.6
2026-06-09;Левітана;доставка;35;42161.8;3593.2
2026-06-09;Левітана;самовывоз;10;6852.5;1005.5
2026-06-10;Лазарева;Glovo;2;2037.0;0.0
2026-06-10;Лазарева;доставка;40;45003.2;2245.8
2026-06-10;Лазарева;самовывоз;11;5711.8;903.2
2026-06-10;Левітана;Glovo;6;6139.7;258.3
2026-06-10;Левітана;доставка;37;39273.0;2767.0
2026-06-10;Левітана;самовывоз;11;12799.5;579.5
2026-06-11;Лазарева;Glovo;6;8695.9;760.1
2026-06-11;Лазарева;доставка;39;44196.3;4138.7
2026-06-11;Лазарева;самовывоз;8;3978.5;795.5
2026-06-11;Левітана;Glovo;8;7077.7;253.3
2026-06-11;Левітана;доставка;47;65818.6;2551.4
2026-06-11;Левітана;самовывоз;11;4991.5;632.5
2026-06-12;Лазарева;Glovo;6;4300.5;124.5
2026-06-12;Лазарева;доставка;47;58875.6;3198.4
2026-06-12;Лазарева;самовывоз;10;5917.0;453.0
2026-06-12;Левітана;Glovo;10;8360.0;0.0
2026-06-12;Левітана;доставка;43;52854.7;5769.3
2026-06-12;Левітана;самовывоз;14;11725.5;1164.5
2026-06-13;Лазарева;Glovo;5;2924.4;121.6
2026-06-13;Лазарева;доставка;59;81552.9;3865.1
2026-06-13;Лазарева;самовывоз;9;6523.5;1327.5
2026-06-13;Левітана;Glovo;5;7466.6;1072.4
2026-06-13;Левітана;доставка;49;55436.9;2335.1
2026-06-13;Левітана;самовывоз;13;14253.6;1842.4
2026-06-14;Лазарева;Glovo;6;6420.0;0.0
2026-06-14;Лазарева;доставка;46;58711.0;4173.0
2026-06-14;Лазарева;самовывоз;7;3954.0;796.0
2026-06-14;Левітана;Glovo;21;18892.4;1552.6
2026-06-14;Левітана;доставка;49;63734.4;3762.6
2026-06-14;Левітана;самовывоз;4;2566.2;86.8
2026-06-15;Лазарева;Glovo;13;10709.5;562.5
2026-06-15;Лазарева;доставка;31;41665.2;1376.8
2026-06-15;Лазарева;самовывоз;7;2948.7;879.3
2026-06-15;Левітана;Glovo;12;10702.4;1237.6
2026-06-15;Левітана;доставка;33;32708.6;1693.4
2026-06-15;Левітана;самовывоз;9;6151.3;1478.7
2026-06-16;Лазарева;Glovo;7;7445.9;375.1
2026-06-16;Лазарева;доставка;29;36323.6;1454.4
2026-06-16;Лазарева;самовывоз;4;2373.0;187.0
2026-06-16;Левітана;Glovo;8;6203.8;564.2
2026-06-16;Левітана;доставка;39;48860.0;2017.0
2026-06-16;Левітана;самовывоз;10;7791.2;1148.8
2026-06-17;Лазарева;Glovo;11;8670.3;131.7
2026-06-17;Лазарева;доставка;41;51938.3;4470.7
2026-06-17;Лазарева;самовывоз;5;4950.3;402.7
2026-06-17;Левітана;Glovo;13;9721.5;380.5
2026-06-17;Левітана;доставка;37;35351.2;2779.8
2026-06-17;Левітана;самовывоз;5;4100.0;503.0
2026-06-18;Лазарева;Glovo;7;6573.8;61.2
2026-06-18;Лазарева;доставка;35;39809.9;2222.1
2026-06-18;Лазарева;самовывоз;5;2119.5;466.5
2026-06-18;Левітана;Glovo;11;7942.7;662.3
2026-06-18;Левітана;доставка;40;44226.3;2464.7
2026-06-18;Левітана;самовывоз;14;12119.0;1483.0
2026-06-19;Лазарева;Glovo;7;6349.6;505.4
2026-06-19;Лазарева;доставка;41;44265.3;2452.7
2026-06-19;Лазарева;самовывоз;10;4728.0;1345.0
2026-06-19;Левітана;Glovo;11;9764.8;591.2
2026-06-19;Левітана;доставка;58;63411.7;2757.3
2026-06-19;Левітана;самовывоз;8;9319.0;1178.0
2026-06-20;Лазарева;Glovo;14;11697.3;1075.7
2026-06-20;Лазарева;доставка;44;58155.8;1748.2
2026-06-20;Лазарева;самовывоз;6;4148.0;496.0
2026-06-20;Левітана;Glovo;16;12831.8;573.2
2026-06-20;Левітана;доставка;49;51409.2;2096.8
2026-06-20;Левітана;самовывоз;21;14824.5;2158.5
2026-06-21;Лазарева;Glovo;17;21500.5;1585.5
2026-06-21;Лазарева;доставка;31;40317.0;1807.0
2026-06-21;Лазарева;самовывоз;7;6206.0;213.0
2026-06-21;Левітана;Glovo;9;9525.5;1018.5
2026-06-21;Левітана;доставка;48;66472.3;2691.7
2026-06-21;Левітана;самовывоз;12;8503.3;1083.7
2026-06-22;Лазарева;Glovo;6;7896.2;216.8
2026-06-22;Лазарева;доставка;33;42133.0;1254.0
2026-06-22;Лазарева;самовывоз;6;6277.8;762.2
2026-06-22;Левітана;Glovo;6;4458.5;240.5
2026-06-22;Левітана;доставка;33;35657.9;761.1
2026-06-22;Левітана;самовывоз;7;5513.0;622.0
2026-06-23;Лазарева;Glovo;5;4828.2;527.8
2026-06-23;Лазарева;доставка;36;42964.3;3657.7
2026-06-23;Лазарева;самовывоз;2;237.0;175.0
2026-06-23;Левітана;Glovo;10;11548.8;739.2
2026-06-23;Левітана;доставка;32;35657.8;1772.2
2026-06-23;Левітана;самовывоз;10;7981.0;1456.0
2026-06-24;Лазарева;Glovo;10;8780.0;236.0
2026-06-24;Лазарева;доставка;41;44336.3;1777.7
2026-06-24;Лазарева;самовывоз;5;2124.5;249.5
2026-06-24;Левітана;Glovo;11;10204.0;236.0
2026-06-24;Левітана;доставка;37;37255.8;2198.2
2026-06-24;Левітана;самовывоз;5;3994.0;0.0
2026-06-25;Лазарева;Glovo;12;13608.1;88.9
2026-06-25;Лазарева;доставка;48;58632.9;3091.1
2026-06-25;Лазарева;самовывоз;6;4499.5;753.5
2026-06-25;Левітана;Glovo;6;5230.4;740.8
2026-06-25;Левітана;доставка;42;61498.3;2379.7
2026-06-25;Левітана;самовывоз;16;7134.0;1536.0
2026-06-26;Лазарева;Glovo;9;4935.0;40.0
2026-06-26;Лазарева;доставка;53;69523.4;3016.3
2026-06-26;Лазарева;самовывоз;4;723.0;550.0
2026-06-26;Левітана;Glovo;12;8626.0;80.0
2026-06-26;Левітана;доставка;54;55420.3;3982.7
2026-06-26;Левітана;самовывоз;13;7928.1;787.9
2026-06-27;Лазарева;Glovo;9;14884.7;799.3
2026-06-27;Лазарева;доставка;42;54832.1;3762.9
2026-06-27;Лазарева;самовывоз;4;4397.0;33.0
2026-06-27;Левітана;Glovo;7;4519.0;0.0
2026-06-27;Левітана;доставка;52;76043.4;3688.6
2026-06-27;Левітана;самовывоз;8;6879.0;1343.0
2026-06-28;Лазарева;Glovo;8;8633.1;172.9
2026-06-28;Лазарева;доставка;41;46396.5;3842.5
2026-06-28;Лазарева;самовывоз;9;8174.0;802.0
2026-06-28;Левітана;Glovo;7;7708.1;280.9
2026-06-28;Левітана;доставка;41;49495.0;4021.9
2026-06-28;Левітана;самовывоз;4;5734.0;45.0
2026-06-29;Лазарева;Glovo;8;6570.1;59.9
2026-06-29;Лазарева;доставка;41;64690.8;1925.2
2026-06-29;Лазарева;самовывоз;3;2561.2;834.9
2026-06-29;Левітана;Glovo;9;7867.8;74.2
2026-06-29;Левітана;доставка;47;49693.5;2988.5
2026-06-29;Левітана;самовывоз;10;6885.9;613.1
2026-06-30;Лазарева;Glovo;10;9275.4;262.6
2026-06-30;Лазарева;доставка;34;48102.0;3192.8
2026-06-30;Лазарева;самовывоз;10;7325.5;1046.5
2026-06-30;Левітана;Glovo;9;10183.4;119.6
2026-06-30;Левітана;доставка;35;43532.4;4153.7
2026-06-30;Левітана;самовывоз;6;4793.0;211.0
2026-07-01;Лазарева;Glovo;9;8331.5;309.5
2026-07-01;Лазарева;доставка;44;55151.9;3355.5
2026-07-01;Лазарева;самовывоз;6;6758.0;234.0
2026-07-01;Левітана;Glovo;10;8562.6;41.4
2026-07-01;Левітана;доставка;38;45753.4;1969.6
2026-07-01;Левітана;самовывоз;11;8449.9;777.2
2026-07-02;Лазарева;Glovo;14;11661.8;276.2
2026-07-02;Лазарева;доставка;34;46092.1;3356.6
2026-07-02;Лазарева;самовывоз;8;5789.0;564.0
2026-07-02;Левітана;Glovo;10;10822.0;40.0
2026-07-02;Левітана;доставка;31;35016.1;2914.9
2026-07-02;Левітана;самовывоз;7;6025.1;978.0
2026-07-03;Лазарева;Glovo;7;8246.3;103.7
2026-07-03;Лазарева;доставка;55;62111.2;4020.8
2026-07-03;Лазарева;самовывоз;6;5318.9;1484.1
2026-07-03;Левітана;Glovo;12;10595.1;70.9
2026-07-03;Левітана;доставка;63;65019.8;3292.4
2026-07-03;Левітана;самовывоз;13;11605.0;1038.0
2026-07-04;Лазарева;Glovo;10;11958.3;260.7
2026-07-04;Лазарева;доставка;56;71253.2;2680.8
2026-07-04;Лазарева;самовывоз;6;2798.5;627.5
2026-07-04;Левітана;Glovo;16;16588.5;482.5
2026-07-04;Левітана;доставка;36;48633.3;2846.6
2026-07-04;Левітана;самовывоз;14;10864.0;266.0
2026-07-05;Лазарева;Glovo;7;5152.8;37.2
2026-07-05;Лазарева;доставка;43;49694.1;2662.9
2026-07-05;Лазарева;самовывоз;12;7814.2;1080.8
2026-07-05;Левітана;Glovo;18;12663.1;193.9
2026-07-05;Левітана;доставка;56;69416.0;3993.5
2026-07-05;Левітана;самовывоз;9;7227.0;804.0
2026-07-06;Лазарева;Glovo;12;8491.2;78.8
2026-07-06;Лазарева;доставка;32;35652.2;2598.8
2026-07-06;Лазарева;самовывоз;7;6022.4;675.6
2026-07-06;Левітана;Glovo;8;10268.5;230.5
2026-07-06;Левітана;доставка;29;36504.5;2347.2
2026-07-06;Левітана;самовывоз;8;5773.0;805.0
2026-07-07;Лазарева;Glovo;8;8171.0;0.0
2026-07-07;Лазарева;доставка;32;45246.5;2399.5
2026-07-07;Лазарева;самовывоз;3;4614.0;0.0
2026-07-07;Левітана;Glovo;9;11119.0;0.0
2026-07-07;Левітана;доставка;50;57646.7;1633.3
2026-07-07;Левітана;самовывоз;14;5951.5;1912.5
2026-07-08;Лазарева;Glovo;8;5828.0;35.0
2026-07-08;Лазарева;доставка;44;54939.9;3468.6
2026-07-08;Левітана;Glovo;13;12035.0;0.0
2026-07-08;Левітана;доставка;50;51475.0;2954.9
2026-07-08;Левітана;самовывоз;5;5321.0;475.0
2026-07-09;Лазарева;Glovo;9;9032.0;0.0
2026-07-09;Лазарева;доставка;30;34808.7;1980.9
2026-07-09;Лазарева;самовывоз;4;1128.5;494.5
2026-07-09;Левітана;Glovo;12;12551.0;0.0
2026-07-09;Левітана;доставка;33;33531.3;3708.4
2026-07-09;Левітана;самовывоз;10;7560.7;1341.3
2026-07-10;Лазарева;Glovo;9;10063.4;61.6
2026-07-10;Лазарева;доставка;46;56960.9;2091.1
2026-07-10;Лазарева;самовывоз;7;4640.0;470.0
2026-07-10;Левітана;Glovo;16;16471.5;27.5
2026-07-10;Левітана;доставка;59;76754.6;3397.4
2026-07-10;Левітана;самовывоз;11;7958.3;1745.7
2026-07-11;Лазарева;Glovo;6;6185.0;44.0
2026-07-11;Лазарева;доставка;46;61770.5;3093.5
2026-07-11;Лазарева;самовывоз;9;7335.0;1081.0
2026-07-11;Левітана;Glovo;18;16880.0;0.0
2026-07-11;Левітана;доставка;58;71744.9;4473.1
2026-07-11;Левітана;самовывоз;17;19647.3;421.7
2026-07-12;Лазарева;Glovo;7;7137.0;0.0
2026-07-12;Лазарева;доставка;40;52131.3;3172.7
2026-07-12;Лазарева;самовывоз;16;6580.5;2070.5
2026-07-12;Левітана;Glovo;19;18307.0;70.0
2026-07-12;Левітана;доставка;60;72612.0;3522.0
2026-07-12;Левітана;самовывоз;9;11426.5;160.5
2026-07-13;Лазарева;Glovo;16;15806.0;0.0
2026-07-13;Лазарева;доставка;26;40480.5;2512.5
2026-07-13;Лазарева;самовывоз;8;2903.5;1014.5
2026-07-13;Левітана;Glovo;13;9868.0;0.0
2026-07-13;Левітана;доставка;44;49234.6;3767.4
2026-07-13;Левітана;самовывоз;10;6117.5;351.5
2026-07-14;Лазарева;Glovo;8;5899.0;0.0
2026-07-14;Лазарева;доставка;36;41671.9;2626.1
2026-07-14;Лазарева;самовывоз;5;1961.5;649.5
2026-07-14;Левітана;Glovo;15;14740.0;0.0
2026-07-14;Левітана;доставка;39;38158.6;1990.4
2026-07-14;Левітана;самовывоз;8;6836.0;958.0
2026-07-15;Лазарева;Glovo;6;7994.0;0.0
2026-07-15;Лазарева;доставка;38;37619.4;3990.6
2026-07-15;Лазарева;самовывоз;8;3720.2;885.8
2026-07-15;Левітана;Glovo;12;13811.0;0.0
2026-07-15;Левітана;доставка;39;33472.6;2927.4
2026-07-15;Левітана;самовывоз;13;8464.5;1152.5
2026-07-16;Лазарева;Glovo;7;7572.0;0.0
2026-07-16;Лазарева;доставка;50;64474.2;3645.8
2026-07-16;Лазарева;самовывоз;7;2441.5;1414.5
2026-07-16;Левітана;Glovo;13;9578.7;98.3
2026-07-16;Левітана;доставка;40;49495.6;2183.4
2026-07-16;Левітана;самовывоз;17;10619.8;2256.2
2026-07-17;Лазарева;Glovo;8;5597.0;0.0
2026-07-17;Лазарева;доставка;51;66520.6;3586.4
2026-07-17;Лазарева;самовывоз;4;3050.9;841.1
2026-07-17;Левітана;Glovo;20;18216.0;0.0
2026-07-17;Левітана;доставка;44;55054.3;1923.7
2026-07-17;Левітана;самовывоз;13;12224.0;548.0
2026-07-18;Лазарева;Glovo;18;19639.0;0.0
2026-07-18;Лазарева;доставка;42;58046.8;1616.2
2026-07-18;Лазарева;самовывоз;5;1791.3;371.7
2026-07-18;Левітана;Glovo;18;20874.0;0.0
2026-07-18;Левітана;доставка;45;59239.9;3373.1
2026-07-18;Левітана;самовывоз;13;9823.7;468.3
2026-07-19;Лазарева;Glovo;8;8104.0;0.0
2026-07-19;Лазарева;доставка;39;48661.6;3155.4
2026-07-19;Лазарева;самовывоз;8;3780.0;816.0
2026-07-19;Левітана;Glovo;11;10857.1;69.9
2026-07-19;Левітана;доставка;41;50321.8;1659.2
2026-07-19;Левітана;самовывоз;12;12221.1;506.9
2026-07-20;Лазарева;Glovo;10;5980.8;25.2
2026-07-20;Лазарева;доставка;41;49535.3;3392.7
2026-07-20;Лазарева;самовывоз;3;1653.0;344.0
2026-07-20;Левітана;Glovo;7;7799.0;0.0
2026-07-20;Левітана;доставка;37;48969.1;1924.9
2026-07-20;Левітана;самовывоз;8;3914.0;1470.0
2026-07-21;Лазарева;Glovo;10;12345.0;0.0
2026-07-21;Лазарева;доставка;35;44569.8;3637.2
2026-07-21;Лазарева;самовывоз;4;1648.0;566.0
2026-07-21;Левітана;Glovo;9;9183.0;0.0
2026-07-21;Левітана;доставка;37;47191.5;3042.5
2026-07-21;Левітана;самовывоз;11;8917.0;1068.0
2026-07-22;Лазарева;Glovo;5;6659.0;0.0
2026-07-22;Лазарева;доставка;33;44404.2;2821.8
2026-07-22;Лазарева;самовывоз;10;5157.0;783.0
2026-07-22;Левітана;Glovo;16;15695.0;0.0
2026-07-22;Левітана;доставка;37;44492.1;3076.9
2026-07-22;Левітана;самовывоз;18;22426.5;366.5
2026-07-23;Лазарева;Glovo;11;11642.0;0.0
2026-07-23;Лазарева;доставка;33;41627.1;1183.9
2026-07-23;Лазарева;самовывоз;7;2328.5;961.5
2026-07-23;Левітана;Glovo;9;6789.0;0.0
2026-07-23;Левітана;доставка;37;41786.6;2290.4
2026-07-23;Левітана;самовывоз;9;7299.0;302.0
2026-07-24;Лазарева;Glovo;15;14477.0;0.0
2026-07-24;Лазарева;доставка;46;52450.7;4283.3
2026-07-24;Лазарева;самовывоз;8;5278.5;969.5
2026-07-24;Левітана;Glovo;17;17834.0;0.0
2026-07-24;Левітана;доставка;54;56656.1;1864.9
2026-07-24;Левітана;самовывоз;12;11573.5;578.5
2026-07-25;Лазарева;Glovo;15;19531.3;18.7
2026-07-25;Лазарева;доставка;30;40731.2;2709.8
2026-07-25;Лазарева;самовывоз;8;5504.5;1174.5
2026-07-25;Левітана;Glovo;13;16236.0;165.0
2026-07-25;Левітана;доставка;53;73306.9;4370.1
2026-07-25;Левітана;самовывоз;17;14321.6;1028.4
2026-07-26;Лазарева;Glovo;13;13651.0;0.0
2026-07-26;Лазарева;доставка;40;61138.1;2737.9
2026-07-26;Лазарева;самовывоз;9;5278.5;728.5
2026-07-26;Левітана;Glovo;11;11230.0;0.0
2026-07-26;Левітана;доставка;41;47881.4;1772.6
2026-07-26;Левітана;самовывоз;11;8306.3;936.7
2026-07-27;Лазарева;Glovo;6;7796.0;0.0
2026-07-27;Лазарева;доставка;38;55042.0;2523.0
2026-07-27;Лазарева;самовывоз;6;3776.2;534.8
2026-07-27;Левітана;Glovo;6;3850.0;0.0
2026-07-27;Левітана;доставка;43;62856.6;2303.4
2026-07-27;Левітана;самовывоз;5;5081.5;210.5
2026-07-28;Лазарева;Glovo;7;8889.0;0.0
2026-07-28;Лазарева;доставка;29;43961.8;748.2
2026-07-28;Лазарева;самовывоз;5;2046.5;486.5
2026-07-28;Левітана;Glovo;17;13619.0;0.0
2026-07-28;Левітана;доставка;30;33714.2;3135.8
2026-07-28;Левітана;самовывоз;8;7684.5;644.5
2026-07-29;Лазарева;Glovo;7;5816.0;0.0
2026-07-29;Лазарева;доставка;28;32414.2;2230.8
2026-07-29;Лазарева;самовывоз;4;1421.0;582.0
2026-07-29;Левітана;Glovo;3;2966.0;0.0
2026-07-29;Левітана;доставка;43;48978.5;3201.0
2026-07-29;Левітана;самовывоз;10;12291.5;1163.5
2026-07-30;Лазарева;Glovo;6;5395.0;0.0
2026-07-30;Лазарева;доставка;36;39618.2;2840.8
2026-07-30;Лазарева;самовывоз;11;12086.1;1128.9
2026-07-30;Левітана;Glovo;6;5941.0;0.0
2026-07-30;Левітана;доставка;40;47540.8;1482.2
2026-07-30;Левітана;самовывоз;17;7840.1;2546.9
2026-07-31;Лазарева;Glovo;15;17738.3;17.7
2026-07-31;Лазарева;доставка;46;65342.7;2324.3
2026-07-31;Лазарева;самовывоз;5;3502.6;391.4
2026-07-31;Левітана;Glovo;18;16581.0;0.0
2026-07-31;Левітана;доставка;51;58415.4;2589.6
2026-07-31;Левітана;самовывоз;8;6526.0;435.0
2026-08-01;Лазарева;Glovo;8;5564.0;0.0
2026-08-01;Лазарева;доставка;40;49023.3;2649.7
2026-08-01;Лазарева;самовывоз;2;942.5;194.5
2026-08-01;Левітана;Glovo;22;23029.0;0.0
2026-08-01;Левітана;доставка;55;74411.1;3129.9
2026-08-01;Левітана;самовывоз;11;5694.5;768.5
2026-08-02;Лазарева;Glovo;10;7710.0;0.0
2026-08-02;Лазарева;доставка;32;40920.2;1747.8
2026-08-02;Лазарева;самовывоз;4;2065.7;581.3
2026-08-02;Левітана;Glovo;14;14087.0;0.0
2026-08-02;Левітана;доставка;45;59093.0;3869.0
2026-08-02;Левітана;самовывоз;9;11369.0;351.0
2026-08-03;Лазарева;Glovo;11;8443.0;0.0
2026-08-03;Лазарева;доставка;36;42175.2;2557.8
2026-08-03;Лазарева;самовывоз;7;5097.7;972.3
2026-08-03;Левітана;Glovo;11;14603.4;228.6
2026-08-03;Левітана;доставка;31;37458.6;2170.4
2026-08-03;Левітана;самовывоз;7;6940.1;569.9
2026-08-04;Лазарева;Glovo;7;5468.0;0.0
2026-08-04;Лазарева;доставка;35;51060.4;2259.6
2026-08-04;Лазарева;самовывоз;6;993.5;800.5
2026-08-04;Левітана;Glovo;9;9131.0;0.0
2026-08-04;Левітана;доставка;42;52856.7;1767.3
2026-08-04;Левітана;самовывоз;4;3911.0;451.0
2026-08-05;Лазарева;Glovo;7;5369.0;0.0
2026-08-05;Лазарева;доставка;30;32521.1;2015.9
2026-08-05;Лазарева;самовывоз;6;1860.5;880.5
2026-08-05;Левітана;Glovo;7;7453.0;0.0
2026-08-05;Левітана;доставка;39;54082.3;2004.7
2026-08-05;Левітана;самовывоз;13;6361.5;392.5
2026-08-06;Лазарева;Glovo;9;9838.0;0.0
2026-08-06;Лазарева;доставка;37;39923.4;3306.6
2026-08-06;Лазарева;самовывоз;9;6539.7;1134.3
2026-08-06;Левітана;Glovo;4;2678.0;0.0
2026-08-06;Левітана;доставка;44;52920.3;2075.7
2026-08-06;Левітана;самовывоз;17;12513.0;1333.0
2026-08-07;Лазарева;Glovo;7;6072.0;0.0
2026-08-07;Лазарева;доставка;48;66778.7;1737.3
2026-08-07;Лазарева;самовывоз;11;12351.0;2106.0
2026-08-07;Левітана;Glovo;10;10493.0;0.0
2026-08-07;Левітана;доставка;57;70977.1;2877.9
2026-08-07;Левітана;самовывоз;14;13615.7;874.3
2026-08-08;Лазарева;Glovo;7;5800.0;0.0
2026-08-08;Лазарева;доставка;44;55548.4;2982.6
2026-08-08;Лазарева;самовывоз;5;3488.5;525.5
2026-08-08;Левітана;Glovo;13;14138.0;0.0
2026-08-08;Левітана;доставка;67;82610.0;4225.0
2026-08-08;Левітана;самовывоз;16;18074.0;886.0
2026-08-09;Лазарева;Glovo;16;17608.3;34.7
2026-08-09;Лазарева;доставка;35;40235.4;3473.6
2026-08-09;Лазарева;самовывоз;6;2925.2;536.8
2026-08-09;Левітана;Glovo;13;12521.0;0.0
2026-08-09;Левітана;доставка;43;57843.4;1433.6
2026-08-09;Левітана;самовывоз;9;9315.5;841.5
2026-08-10;Лазарева;Glovo;6;4391.0;0.0
2026-08-10;Лазарева;доставка;37;44043.0;1998.0
2026-08-10;Лазарева;самовывоз;1;1098.0;0.0
2026-08-10;Левітана;Glovo;8;7342.0;0.0
2026-08-10;Левітана;доставка;48;60307.6;4011.4
2026-08-10;Левітана;самовывоз;9;5714.0;958.0
2026-08-11;Лазарева;Glovo;6;3753.0;0.0
2026-08-11;Лазарева;доставка;51;61510.3;1794.7
2026-08-11;Лазарева;самовывоз;4;4007.0;723.0
2026-08-11;Левітана;Glovo;9;8533.0;0.0
2026-08-11;Левітана;доставка;47;53141.9;2621.1
2026-08-11;Левітана;самовывоз;4;2383.2;723.8
2026-08-12;Лазарева;Glovo;8;12858.0;0.0
2026-08-12;Лазарева;доставка;36;45397.2;4582.8
2026-08-12;Лазарева;самовывоз;5;4279.5;592.5
2026-08-12;Левітана;Glovo;13;15856.0;0.0
2026-08-12;Левітана;доставка;42;49247.4;4651.6
2026-08-12;Левітана;самовывоз;11;6299.5;1259.5
2026-08-13;Лазарева;Glovo;9;8504.0;0.0
2026-08-13;Лазарева;доставка;35;43586.1;2746.9
2026-08-13;Лазарева;самовывоз;4;1714.0;456.0
2026-08-13;Левітана;Glovo;11;9332.0;0.0
2026-08-13;Левітана;доставка;40;40280.0;1994.0
2026-08-13;Левітана;самовывоз;14;14021.0;2014.0
2026-08-14;Лазарева;Glovo;6;4380.0;0.0
2026-08-14;Лазарева;доставка;57;72123.6;4866.4
2026-08-14;Лазарева;самовывоз;2;1200.0;126.0
2026-08-14;Левітана;Glovo;9;9895.0;0.0
2026-08-14;Левітана;доставка;61;76785.4;6885.6
2026-08-14;Левітана;самовывоз;15;11928.5;1867.5
2026-08-15;Лазарева;Glovo;9;9164.0;0.0
2026-08-15;Лазарева;доставка;45;57384.5;3631.5
2026-08-15;Лазарева;самовывоз;6;1937.7;990.3
2026-08-15;Левітана;Glovo;19;21597.0;0.0
2026-08-15;Левітана;доставка;44;55246.9;6862.1
2026-08-15;Левітана;самовывоз;11;10668.2;1098.8
2026-08-16;Лазарева;Glovo;13;16530.0;0.0
2026-08-16;Лазарева;доставка;36;47529.9;2786.1
2026-08-16;Лазарева;самовывоз;6;2078.5;854.5
2026-08-16;Левітана;Glovo;8;5154.0;0.0
2026-08-16;Левітана;доставка;45;56096.0;3573.0
2026-08-16;Левітана;самовывоз;11;9990.7;963.3
2026-08-17;Лазарева;Glovo;9;6802.0;0.0
2026-08-17;Лазарева;доставка;33;36518.9;2518.1
2026-08-17;Лазарева;самовывоз;4;2583.0;187.0
2026-08-17;Левітана;Glovo;13;12766.0;0.0
2026-08-17;Левітана;доставка;28;35786.1;503.9
2026-08-17;Левітана;самовывоз;16;15905.2;1270.8
2026-08-18;Лазарева;Glovo;9;8345.0;0.0
2026-08-18;Лазарева;доставка;38;41184.1;1763.9
2026-08-18;Лазарева;самовывоз;9;4188.0;1465.0
2026-08-18;Левітана;Glovo;5;3827.0;0.0
2026-08-18;Левітана;доставка;36;46104.4;713.6
2026-08-18;Левітана;самовывоз;15;12123.5;1107.5
2026-08-19;Лазарева;Glovo;8;9822.0;0.0
2026-08-19;Лазарева;доставка;22;26015.0;1870.0
2026-08-19;Лазарева;самовывоз;8;3845.5;883.5
2026-08-19;Левітана;Glovo;12;10262.0;0.0
2026-08-19;Левітана;доставка;40;50217.4;2017.6
2026-08-19;Левітана;самовывоз;4;2664.0;158.0
2026-08-20;Лазарева;Glovo;7;9494.0;0.0
2026-08-20;Лазарева;доставка;36;64378.3;3145.7
2026-08-20;Лазарева;самовывоз;2;1867.0;45.0
2026-08-20;Левітана;Glovo;5;4469.0;0.0
2026-08-20;Левітана;доставка;32;36234.7;988.3
2026-08-20;Левітана;самовывоз;14;9717.5;1706.5
2026-08-21;Лазарева;Glovo;15;13054.0;0.0
2026-08-21;Лазарева;доставка;41;50792.2;2930.8
2026-08-21;Лазарева;самовывоз;15;6178.1;2125.9
2026-08-21;Левітана;Glovo;5;4895.0;0.0
2026-08-21;Левітана;доставка;56;66761.4;3839.6
2026-08-21;Левітана;самовывоз;9;5805.2;694.8
2026-08-22;Лазарева;Glovo;12;13682.0;0.0
2026-08-22;Лазарева;доставка;30;45983.3;1246.7
2026-08-22;Лазарева;самовывоз;6;3935.5;1474.5
2026-08-22;Левітана;Glovo;10;9069.8;214.2
2026-08-22;Левітана;доставка;53;68430.1;5579.9
2026-08-22;Левітана;самовывоз;13;11247.5;1140.5
2026-08-23;Лазарева;Glovo;4;3088.0;0.0
2026-08-23;Лазарева;доставка;49;62546.9;3469.1
2026-08-23;Лазарева;самовывоз;4;4932.0;374.0
2026-08-23;Левітана;Glovo;13;12470.0;0.0
2026-08-23;Левітана;доставка;55;67571.8;2356.2
2026-08-23;Левітана;самовывоз;7;5262.0;618.0
2026-08-24;Лазарева;Glovo;10;7954.0;0.0
2026-08-24;Лазарева;доставка;38;43482.3;1509.7
2026-08-24;Лазарева;самовывоз;7;1932.1;994.9
2026-08-24;Левітана;Glovo;9;7405.0;0.0
2026-08-24;Левітана;доставка;40;48401.2;4207.8
2026-08-24;Левітана;самовывоз;12;6513.5;1514.5
2026-08-25;Лазарева;Glovo;3;3688.0;0.0
2026-08-25;Лазарева;доставка;40;58353.2;1692.8
2026-08-25;Лазарева;самовывоз;4;2037.0;399.0
2026-08-25;Левітана;Glovo;5;3020.0;0.0
2026-08-25;Левітана;доставка;50;66017.7;1998.3
2026-08-25;Левітана;самовывоз;7;9025.0;270.0
2026-08-26;Лазарева;Glovo;7;4697.0;0.0
2026-08-26;Лазарева;доставка;35;43536.1;1552.9
2026-08-26;Лазарева;самовывоз;11;3051.8;1160.2
2026-08-26;Левітана;Glovo;8;7052.0;0.0
2026-08-26;Левітана;доставка;43;48322.4;1578.6
2026-08-26;Левітана;самовывоз;14;13040.0;1138.0
2026-08-27;Лазарева;Glovo;4;3746.0;0.0
2026-08-27;Лазарева;доставка;35;47396.1;2771.9
2026-08-27;Лазарева;самовывоз;6;4559.5;438.5
2026-08-27;Левітана;Glovo;5;6506.0;0.0
2026-08-27;Левітана;доставка;35;47210.4;1451.6
2026-08-27;Левітана;самовывоз;14;13130.5;979.5
2026-08-28;Лазарева;Glovo;6;5070.0;0.0
2026-08-28;Лазарева;доставка;48;63687.8;2654.2
2026-08-28;Лазарева;самовывоз;11;5615.5;774.5
2026-08-28;Левітана;Glovo;8;8022.0;0.0
2026-08-28;Левітана;доставка;44;56535.5;2185.5
2026-08-28;Левітана;самовывоз;12;12795.0;1817.0
2026-08-29;Лазарева;Glovo;3;2548.0;0.0
2026-08-29;Лазарева;доставка;42;58869.9;1477.1
2026-08-29;Лазарева;самовывоз;8;5857.7;627.3
2026-08-29;Левітана;Glovo;12;12231.2;36.8
2026-08-29;Левітана;доставка;53;66378.4;3516.6
2026-08-29;Левітана;самовывоз;16;14899.5;1065.5
2026-08-30;Лазарева;Glovo;11;10873.0;0.0
2026-08-30;Лазарева;доставка;35;41493.9;2367.1
2026-08-30;Лазарева;самовывоз;4;4021.0;0.0
2026-08-30;Левітана;Glovo;9;7771.0;0.0
2026-08-30;Левітана;доставка;52;62499.3;2644.7
2026-08-30;Левітана;самовывоз;9;7013.0;1340.0
2026-08-31;Лазарева;Glovo;6;5874.0;0.0
2026-08-31;Лазарева;доставка;33;43866.2;2102.8
2026-08-31;Лазарева;самовывоз;1;2391.0;0.0
2026-08-31;Левітана;Glovo;6;5356.0;0.0
2026-08-31;Левітана;доставка;30;38054.5;1061.5
2026-08-31;Левітана;самовывоз;10;5467.4;822.6
2026-09-01;Лазарева;Glovo;7;8667.4;51.6
2026-09-01;Лазарева;доставка;46;58218.5;2333.5
2026-09-01;Лазарева;самовывоз;6;5756.0;144.0
2026-09-01;Левітана;Glovo;7;7013.3;47.7
2026-09-01;Левітана;доставка;51;64857.6;4793.4
2026-09-01;Левітана;самовывоз;20;19158.0;2408.0
2026-09-02;Лазарева;доставка;23;27200.1;1002.9
2026-09-02;Лазарева;самовывоз;5;3873.0;258.0
2026-09-02;Левітана;Glovo;10;9749.0;0.0
2026-09-02;Левітана;доставка;53;66649.7;2675.3
2026-09-02;Левітана;самовывоз;8;7370.0;308.0
2026-09-03;Лазарева;Glovo;10;8649.0;0.0
2026-09-03;Лазарева;доставка;25;29448.6;1207.4
2026-09-03;Лазарева;самовывоз;6;5021.5;674.5
2026-09-03;Левітана;Glovo;9;11983.0;0.0
2026-09-03;Левітана;доставка;34;42004.2;1085.8
2026-09-03;Левітана;самовывоз;12;11615.4;1318.6
2026-09-04;Лазарева;Glovo;1;454.0;0.0
2026-09-04;Лазарева;доставка;49;69374.8;2912.2
2026-09-04;Лазарева;самовывоз;1;4750.0;0.0
2026-09-04;Левітана;Glovo;15;15201.1;24.9
2026-09-04;Левітана;доставка;42;47362.3;1983.7
2026-09-04;Левітана;самовывоз;10;7811.1;499.9
2026-09-05;Лазарева;Glovo;6;5228.0;0.0
2026-09-05;Лазарева;доставка;46;61797.9;3408.1
2026-09-05;Лазарева;самовывоз;4;3474.5;381.5
2026-09-05;Левітана;Glovo;12;13645.0;0.0
2026-09-05;Левітана;доставка;46;54301.8;2215.2
2026-09-05;Левітана;самовывоз;13;13606.8;1883.2
2026-09-06;Лазарева;Glovo;5;4117.0;0.0
2026-09-06;Лазарева;доставка;43;53020.4;2093.6
2026-09-06;Лазарева;самовывоз;2;2402.0;222.0
2026-09-06;Левітана;Glovo;6;6170.0;0.0
2026-09-06;Левітана;доставка;48;59074.7;3307.3
2026-09-06;Левітана;самовывоз;10;12578.0;1077.0
2026-09-07;Лазарева;Glovo;8;6496.0;0.0
2026-09-07;Лазарева;доставка;34;43642.3;1471.7
2026-09-07;Лазарева;самовывоз;4;2702.0;353.0
2026-09-07;Левітана;Glovo;7;6954.0;0.0
2026-09-07;Левітана;доставка;33;40262.5;1298.5
2026-09-07;Левітана;самовывоз;10;6841.5;2290.5
2026-09-08;Лазарева;Glovo;4;5701.0;0.0
2026-09-08;Лазарева;доставка;29;34237.0;1182.0
2026-09-08;Лазарева;самовывоз;11;4910.0;1803.0
2026-09-08;Левітана;Glovo;7;6961.0;0.0
2026-09-08;Левітана;доставка;34;38189.9;1216.1
2026-09-08;Левітана;самовывоз;8;7294.5;617.5
2026-09-09;Лазарева;Glovo;9;9184.0;0.0
2026-09-09;Лазарева;доставка;36;43076.3;1405.7
2026-09-09;Лазарева;самовывоз;5;2034.9;482.1
2026-09-09;Левітана;Glovo;7;7040.0;54.0
2026-09-09;Левітана;доставка;30;40449.0;949.0
2026-09-09;Левітана;самовывоз;9;8392.1;708.9
2026-09-10;Лазарева;Glovo;18;12041.6;1667.4
2026-09-10;Лазарева;доставка;21;23818.3;941.7
2026-09-10;Лазарева;самовывоз;4;2854.0;1280.0
2026-09-10;Левітана;Glovo;14;13277.4;810.6
2026-09-10;Левітана;доставка;34;49628.2;3121.8
2026-09-10;Левітана;самовывоз;9;4376.3;620.7
