дата;точка;источник;заказов;позиций_всего
2025-01-01;Лазарева;Glovo;25;64.0
2025-01-01;Лазарева;доставка;22;93.0
2025-01-01;Лазарева;самовывоз;2;15.0
2025-01-01;Левітана;Glovo;27;66.0
2025-01-01;Левітана;доставка;35;150.0
2025-01-01;Левітана;самовывоз;7;24.0
2025-01-02;Лазарева;Glovo;7;19.0
2025-01-02;Лазарева;доставка;20;76.0
2025-01-02;Лазарева;самовывоз;3;5.0
2025-01-02;Левітана;Glovo;15;39.0
2025-01-02;Левітана;доставка;27;104.0
2025-01-02;Левітана;самовывоз;14;52.0
2025-01-03;Лазарева;Glovo;9;21.0
2025-01-03;Лазарева;доставка;31;145.0
2025-01-03;Лазарева;самовывоз;4;6.0
2025-01-03;Левітана;Glovo;10;29.0
2025-01-03;Левітана;доставка;30;149.0
2025-01-03;Левітана;самовывоз;7;25.0
2025-01-04;Лазарева;Glovo;9;19.0
2025-01-04;Лазарева;доставка;33;122.0
2025-01-04;Лазарева;самовывоз;4;16.0
2025-01-04;Левітана;Glovo;6;15.0
2025-01-04;Левітана;доставка;45;198.0
2025-01-04;Левітана;самовывоз;9;46.0
2025-01-05;Лазарева;Glovo;12;28.0
2025-01-05;Лазарева;доставка;24;115.0
2025-01-05;Лазарева;самовывоз;3;6.0
2025-01-05;Левітана;Glovo;8;27.0
2025-01-05;Левітана;доставка;35;128.0
2025-01-05;Левітана;самовывоз;2;8.0
2025-01-06;Лазарева;Glovo;7;19.0
2025-01-06;Лазарева;доставка;15;66.0
2025-01-06;Лазарева;самовывоз;6;12.0
2025-01-06;Левітана;Glovo;10;35.0
2025-01-06;Левітана;доставка;39;149.0
2025-01-06;Левітана;самовывоз;9;22.0
2025-01-07;Лазарева;Glovo;9;26.0
2025-01-07;Лазарева;доставка;27;118.0
2025-01-07;Лазарева;самовывоз;3;8.0
2025-01-07;Левітана;Glovo;12;34.0
2025-01-07;Левітана;доставка;29;107.0
2025-01-07;Левітана;самовывоз;9;25.0
2025-01-08;Лазарева;Glovo;9;32.0
2025-01-08;Лазарева;доставка;26;123.0
2025-01-08;Лазарева;самовывоз;5;14.0
2025-01-08;Левітана;Glovo;9;27.0
2025-01-08;Левітана;доставка;34;133.0
2025-01-08;Левітана;самовывоз;5;11.0
2025-01-09;Лазарева;Glovo;4;12.0
2025-01-09;Лазарева;доставка;25;124.0
2025-01-09;Лазарева;самовывоз;4;7.0
2025-01-09;Левітана;Glovo;7;19.0
2025-01-09;Левітана;доставка;25;111.0
2025-01-09;Левітана;самовывоз;9;21.0
2025-01-10;Лазарева;Glovo;4;8.0
2025-01-10;Лазарева;доставка;39;161.7
2025-01-10;Лазарева;самовывоз;2;4.0
2025-01-10;Левітана;Glovo;14;50.0
2025-01-10;Левітана;доставка;43;182.0
2025-01-10;Левітана;самовывоз;9;36.0
2025-01-11;Лазарева;Glovo;8;23.0
2025-01-11;Лазарева;доставка;42;172.0
2025-01-11;Лазарева;самовывоз;5;13.0
2025-01-11;Левітана;Glovo;12;29.0
2025-01-11;Левітана;доставка;45;205.0
2025-01-11;Левітана;самовывоз;5;14.0
2025-01-12;Лазарева;Glovo;9;23.0
2025-01-12;Лазарева;доставка;40;163.0
2025-01-12;Лазарева;самовывоз;1;4.0
2025-01-12;Левітана;Glovo;7;24.0
2025-01-12;Левітана;доставка;44;715.0
2025-01-12;Левітана;самовывоз;8;29.0
2025-01-13;Лазарева;Glovo;10;27.0
2025-01-13;Лазарева;доставка;25;109.0
2025-01-13;Лазарева;самовывоз;3;9.0
2025-01-13;Левітана;Glovo;9;26.0
2025-01-13;Левітана;доставка;27;100.0
2025-01-13;Левітана;самовывоз;9;17.0
2025-01-14;Лазарева;Glovo;12;32.0
2025-01-14;Лазарева;доставка;25;130.0
2025-01-14;Лазарева;самовывоз;3;5.0
2025-01-14;Левітана;Glovo;10;25.0
2025-01-14;Левітана;доставка;25;111.0
2025-01-14;Левітана;самовывоз;6;15.0
2025-01-15;Лазарева;Glovo;10;34.0
2025-01-15;Лазарева;доставка;23;93.0
2025-01-15;Лазарева;самовывоз;1;1.0
2025-01-15;Левітана;Glovo;7;18.0
2025-01-15;Левітана;доставка;28;143.0
2025-01-15;Левітана;самовывоз;9;26.0
2025-01-16;Лазарева;Glovo;12;44.0
2025-01-16;Лазарева;доставка;27;116.0
2025-01-16;Лазарева;самовывоз;2;8.0
2025-01-16;Левітана;Glovo;19;50.0
2025-01-16;Левітана;доставка;28;111.0
2025-01-16;Левітана;самовывоз;7;23.0
2025-01-17;Лазарева;Glovo;21;78.0
2025-01-17;Лазарева;доставка;47;201.0
2025-01-17;Лазарева;самовывоз;6;21.0
2025-01-17;Левітана;Glovo;10;24.0
2025-01-17;Левітана;доставка;56;727.0
2025-01-17;Левітана;самовывоз;18;52.0
2025-01-18;Лазарева;Glovo;14;43.0
2025-01-18;Лазарева;доставка;60;257.0
2025-01-18;Лазарева;самовывоз;4;12.0
2025-01-18;Левітана;Glovo;14;47.0
2025-01-18;Левітана;доставка;57;243.0
2025-01-18;Левітана;самовывоз;14;39.0
2025-01-19;Лазарева;Glovo;18;56.0
2025-01-19;Лазарева;доставка;50;209.0
2025-01-19;Лазарева;самовывоз;5;24.0
2025-01-19;Левітана;Glovo;13;37.0
2025-01-19;Левітана;доставка;48;203.0
2025-01-19;Левітана;самовывоз;7;29.0
2025-01-20;Лазарева;Glovo;9;22.0
2025-01-20;Лазарева;доставка;22;85.0
2025-01-20;Лазарева;самовывоз;2;5.0
2025-01-20;Левітана;Glovo;12;39.0
2025-01-20;Левітана;доставка;20;91.0
2025-01-20;Левітана;самовывоз;7;16.0
2025-01-21;Лазарева;Glovo;11;30.0
2025-01-21;Лазарева;доставка;22;82.0
2025-01-21;Лазарева;самовывоз;2;8.0
2025-01-21;Левітана;Glovo;10;30.0
2025-01-21;Левітана;доставка;32;138.0
2025-01-21;Левітана;самовывоз;6;17.0
2025-01-22;Лазарева;Glovo;8;22.0
2025-01-22;Лазарева;доставка;27;115.0
2025-01-22;Лазарева;самовывоз;2;8.0
2025-01-22;Левітана;Glovo;14;45.0
2025-01-22;Левітана;доставка;35;126.0
2025-01-22;Левітана;самовывоз;5;9.0
2025-01-23;Лазарева;Glovo;6;20.0
2025-01-23;Лазарева;доставка;38;208.0
2025-01-23;Лазарева;самовывоз;9;23.0
2025-01-23;Левітана;Glovo;13;32.0
2025-01-23;Левітана;доставка;22;348.0
2025-01-23;Левітана;самовывоз;4;15.0
2025-01-24;Лазарева;Glovo;13;41.0
2025-01-24;Лазарева;доставка;53;229.0
2025-01-24;Лазарева;самовывоз;3;9.0
2025-01-24;Левітана;Glovo;21;47.0
2025-01-24;Левітана;доставка;45;174.0
2025-01-24;Левітана;самовывоз;8;23.0
2025-01-25;Лазарева;Glovo;15;47.0
2025-01-25;Лазарева;доставка;44;209.0
2025-01-25;Лазарева;самовывоз;6;11.0
2025-01-25;Левітана;Glovo;14;40.0
2025-01-25;Левітана;доставка;65;283.0
2025-01-25;Левітана;самовывоз;12;35.0
2025-01-26;Лазарева;Glovo;15;46.0
2025-01-26;Лазарева;доставка;38;162.0
2025-01-26;Лазарева;самовывоз;2;7.0
2025-01-26;Левітана;Glovo;14;39.0
2025-01-26;Левітана;доставка;41;178.0
2025-01-26;Левітана;самовывоз;10;34.0
2025-01-27;Лазарева;Glovo;11;25.0
2025-01-27;Лазарева;доставка;27;129.0
2025-01-27;Лазарева;самовывоз;4;10.0
2025-01-27;Левітана;Glovo;10;25.0
2025-01-27;Левітана;доставка;27;105.0
2025-01-27;Левітана;самовывоз;9;17.0
2025-01-28;Лазарева;Glovo;10;22.0
2025-01-28;Лазарева;доставка;38;140.0
2025-01-28;Лазарева;самовывоз;2;7.0
2025-01-28;Левітана;Glovo;9;21.0
2025-01-28;Левітана;доставка;36;128.0
2025-01-28;Левітана;самовывоз;6;16.0
2025-01-29;Лазарева;Glovo;10;28.0
2025-01-29;Лазарева;доставка;35;138.0
2025-01-29;Лазарева;самовывоз;2;7.0
2025-01-29;Левітана;Glovo;13;33.0
2025-01-29;Левітана;доставка;25;99.0
2025-01-29;Левітана;самовывоз;7;30.0
2025-01-30;Лазарева;Glovo;4;13.0
2025-01-30;Лазарева;доставка;35;135.0
2025-01-30;Лазарева;самовывоз;7;25.0
2025-01-30;Левітана;Glovo;14;40.0
2025-01-30;Левітана;доставка;34;132.0
2025-01-30;Левітана;самовывоз;5;18.0
2025-01-31;Лазарева;Glovo;15;43.0
2025-01-31;Лазарева;доставка;37;139.0
2025-01-31;Лазарева;самовывоз;4;19.0
2025-01-31;Левітана;Glovo;7;17.0
2025-01-31;Левітана;доставка;54;228.0
2025-01-31;Левітана;самовывоз;12;33.0
2025-02-01;Лазарева;Glovo;12;32.0
2025-02-01;Лазарева;доставка;54;223.0
2025-02-01;Лазарева;самовывоз;8;31.0
2025-02-01;Левітана;Glovo;17;47.0
2025-02-01;Левітана;доставка;49;200.0
2025-02-01;Левітана;самовывоз;9;33.0
2025-02-02;Лазарева;Glovo;14;42.0
2025-02-02;Лазарева;доставка;36;189.0
2025-02-02;Лазарева;самовывоз;5;21.0
2025-02-02;Левітана;Glovo;22;67.0
2025-02-02;Левітана;доставка;37;138.0
2025-02-02;Левітана;самовывоз;13;37.0
2025-02-03;Лазарева;Glovo;8;23.0
2025-02-03;Лазарева;доставка;21;91.0
2025-02-03;Лазарева;самовывоз;2;5.0
2025-02-03;Левітана;Glovo;10;31.0
2025-02-03;Левітана;доставка;33;124.0
2025-02-03;Левітана;самовывоз;3;7.0
2025-02-04;Лазарева;Glovo;5;12.0
2025-02-04;Лазарева;доставка;32;125.0
2025-02-04;Лазарева;самовывоз;3;6.0
2025-02-04;Левітана;Glovo;9;30.0
2025-02-04;Левітана;доставка;26;86.0
2025-02-04;Левітана;самовывоз;8;18.0
2025-02-05;Лазарева;Glovo;6;10.0
2025-02-05;Лазарева;доставка;31;158.0
2025-02-05;Лазарева;самовывоз;8;28.0
2025-02-05;Левітана;Glovo;13;42.0
2025-02-05;Левітана;доставка;27;116.0
2025-02-05;Левітана;самовывоз;8;34.0
2025-02-06;Лазарева;Glovo;7;27.0
2025-02-06;Лазарева;доставка;27;137.0
2025-02-06;Лазарева;самовывоз;2;8.0
2025-02-06;Левітана;Glovo;8;25.0
2025-02-06;Левітана;доставка;29;113.0
2025-02-06;Левітана;самовывоз;7;22.0
2025-02-07;Лазарева;Glovo;11;33.0
2025-02-07;Лазарева;доставка;55;222.0
2025-02-07;Лазарева;самовывоз;4;8.0
2025-02-07;Левітана;Glovo;7;17.0
2025-02-07;Левітана;доставка;54;219.0
2025-02-07;Левітана;самовывоз;8;31.0
2025-02-08;Лазарева;Glovo;14;42.0
2025-02-08;Лазарева;доставка;41;440.0
2025-02-08;Лазарева;самовывоз;9;23.0
2025-02-08;Левітана;Glovo;7;25.0
2025-02-08;Левітана;доставка;42;159.0
2025-02-08;Левітана;самовывоз;8;37.0
2025-02-09;Лазарева;Glovo;12;30.0
2025-02-09;Лазарева;доставка;48;197.0
2025-02-09;Лазарева;самовывоз;3;7.0
2025-02-09;Левітана;Glovo;16;52.0
2025-02-09;Левітана;доставка;49;224.0
2025-02-09;Левітана;самовывоз;10;34.0
2025-02-10;Лазарева;Glovo;8;18.0
2025-02-10;Лазарева;доставка;29;124.0
2025-02-10;Лазарева;самовывоз;5;19.0
2025-02-10;Левітана;Glovo;10;26.0
2025-02-10;Левітана;доставка;32;152.0
2025-02-10;Левітана;самовывоз;7;25.0
2025-02-11;Лазарева;Glovo;10;33.0
2025-02-11;Лазарева;доставка;16;63.0
2025-02-11;Лазарева;самовывоз;4;9.0
2025-02-11;Левітана;Glovo;11;29.0
2025-02-11;Левітана;доставка;16;56.0
2025-02-11;Левітана;самовывоз;5;14.0
2025-02-12;Лазарева;Glovo;8;18.0
2025-02-12;Лазарева;доставка;27;102.0
2025-02-12;Лазарева;самовывоз;7;22.0
2025-02-12;Левітана;Glovo;6;27.0
2025-02-12;Левітана;доставка;38;151.0
2025-02-12;Левітана;самовывоз;5;27.0
2025-02-13;Лазарева;Glovo;15;45.0
2025-02-13;Лазарева;доставка;28;107.0
2025-02-13;Лазарева;самовывоз;3;8.0
2025-02-13;Левітана;Glovo;9;26.0
2025-02-13;Левітана;доставка;23;85.0
2025-02-13;Левітана;самовывоз;6;30.0
2025-02-14;Лазарева;Glovo;12;31.0
2025-02-14;Лазарева;доставка;136;634.0
2025-02-14;Лазарева;самовывоз;19;76.0
2025-02-14;Левітана;Glovo;12;40.0
2025-02-14;Левітана;доставка;122;517.0
2025-02-14;Левітана;самовывоз;34;123.0
2025-02-15;Лазарева;Glovo;66;169.0
2025-02-15;Лазарева;доставка;47;179.0
2025-02-15;Лазарева;самовывоз;6;18.0
2025-02-15;Левітана;Glovo;47;133.0
2025-02-15;Левітана;доставка;65;283.0
2025-02-15;Левітана;самовывоз;6;20.0
2025-02-16;Лазарева;Glovo;17;46.0
2025-02-16;Лазарева;доставка;42;185.0
2025-02-16;Лазарева;самовывоз;5;16.0
2025-02-16;Левітана;Glovo;23;60.0
2025-02-16;Левітана;доставка;38;154.0
2025-02-16;Левітана;самовывоз;12;63.0
2025-02-17;Лазарева;Glovo;12;36.0
2025-02-17;Лазарева;доставка;23;105.0
2025-02-17;Левітана;Glovo;10;30.0
2025-02-17;Левітана;доставка;23;84.0
2025-02-17;Левітана;самовывоз;7;13.0
2025-02-18;Лазарева;Glovo;8;29.0
2025-02-18;Лазарева;доставка;27;102.0
2025-02-18;Лазарева;самовывоз;1;1.0
2025-02-18;Левітана;Glovo;12;37.0
2025-02-18;Левітана;доставка;36;142.0
2025-02-18;Левітана;самовывоз;4;6.0
2025-02-19;Лазарева;Glovo;6;15.0
2025-02-19;Лазарева;доставка;31;107.0
2025-02-19;Лазарева;самовывоз;2;5.0
2025-02-19;Левітана;Glovo;15;41.0
2025-02-19;Левітана;доставка;26;102.0
2025-02-19;Левітана;самовывоз;8;17.0
2025-02-20;Лазарева;Glovo;14;39.0
2025-02-20;Лазарева;доставка;34;161.0
2025-02-20;Лазарева;самовывоз;3;8.0
2025-02-20;Левітана;Glovo;8;15.0
2025-02-20;Левітана;доставка;30;116.0
2025-02-20;Левітана;самовывоз;4;10.0
2025-02-21;Лазарева;Glovo;11;32.0
2025-02-21;Лазарева;доставка;49;221.0
2025-02-21;Лазарева;самовывоз;4;8.0
2025-02-21;Левітана;Glovo;19;56.0
2025-02-21;Левітана;доставка;52;209.0
2025-02-21;Левітана;самовывоз;8;32.0
2025-02-22;Лазарева;Glovo;16;42.0
2025-02-22;Лазарева;доставка;36;148.0
2025-02-22;Лазарева;самовывоз;8;29.0
2025-02-22;Левітана;Glovo;22;73.0
2025-02-22;Левітана;доставка;44;188.0
2025-02-22;Левітана;самовывоз;11;36.0
2025-02-23;Лазарева;Glovo;22;76.0
2025-02-23;Лазарева;доставка;39;162.0
2025-02-23;Лазарева;самовывоз;4;7.0
2025-02-23;Левітана;Glovo;20;64.0
2025-02-23;Левітана;доставка;46;214.0
2025-02-23;Левітана;самовывоз;8;22.0
2025-02-24;Лазарева;Glovo;14;38.0
2025-02-24;Лазарева;доставка;21;121.0
2025-02-24;Лазарева;самовывоз;3;8.0
2025-02-24;Левітана;Glovo;11;34.0
2025-02-24;Левітана;доставка;16;48.0
2025-02-24;Левітана;самовывоз;9;20.0
2025-02-25;Лазарева;Glovo;11;32.0
2025-02-25;Лазарева;доставка;27;118.0
2025-02-25;Лазарева;самовывоз;2;3.0
2025-02-25;Левітана;Glovo;10;24.0
2025-02-25;Левітана;доставка;23;87.0
2025-02-25;Левітана;самовывоз;2;7.0
2025-02-26;Лазарева;Glovo;8;22.0
2025-02-26;Лазарева;доставка;20;88.0
2025-02-26;Лазарева;самовывоз;1;3.0
2025-02-26;Левітана;Glovo;5;16.0
2025-02-26;Левітана;доставка;32;121.0
2025-02-26;Левітана;самовывоз;2;8.0
2025-02-27;Лазарева;Glovo;9;27.0
2025-02-27;Лазарева;доставка;34;140.0
2025-02-27;Лазарева;самовывоз;3;9.0
2025-02-27;Левітана;Glovo;9;17.0
2025-02-27;Левітана;доставка;26;98.0
2025-02-27;Левітана;самовывоз;8;30.0
2025-02-28;Лазарева;Glovo;7;14.0
2025-02-28;Лазарева;доставка;47;190.0
2025-02-28;Лазарева;самовывоз;7;19.0
2025-02-28;Левітана;Glovo;9;27.0
2025-02-28;Левітана;доставка;51;173.0
2025-02-28;Левітана;самовывоз;12;39.0
2025-03-01;Лазарева;Glovo;15;42.0
2025-03-01;Лазарева;доставка;51;248.0
2025-03-01;Лазарева;самовывоз;2;4.0
2025-03-01;Левітана;Glovo;13;35.0
2025-03-01;Левітана;доставка;56;258.0
2025-03-01;Левітана;самовывоз;13;36.0
2025-03-02;Лазарева;Glovo;55;141.0
2025-03-02;Лазарева;доставка;41;156.0
2025-03-02;Лазарева;самовывоз;4;12.0
2025-03-02;Левітана;Glovo;46;123.0
2025-03-02;Левітана;доставка;53;212.0
2025-03-02;Левітана;самовывоз;7;29.0
2025-03-03;Лазарева;Glovo;7;16.0
2025-03-03;Лазарева;доставка;20;115.0
2025-03-03;Лазарева;самовывоз;3;5.0
2025-03-03;Левітана;Glovo;11;27.0
2025-03-03;Левітана;доставка;26;101.0
2025-03-03;Левітана;самовывоз;2;8.0
2025-03-04;Лазарева;Glovo;14;34.0
2025-03-04;Лазарева;доставка;21;77.0
2025-03-04;Лазарева;самовывоз;2;3.0
2025-03-04;Левітана;Glovo;13;45.0
2025-03-04;Левітана;доставка;39;144.0
2025-03-04;Левітана;самовывоз;8;16.0
2025-03-05;Лазарева;Glovo;7;28.0
2025-03-05;Лазарева;доставка;32;139.0
2025-03-05;Лазарева;самовывоз;1;1.0
2025-03-05;Левітана;Glovo;22;50.0
2025-03-05;Левітана;доставка;32;113.0
2025-03-05;Левітана;самовывоз;8;34.0
2025-03-06;Лазарева;Glovo;8;22.0
2025-03-06;Лазарева;доставка;34;148.0
2025-03-06;Лазарева;самовывоз;4;10.0
2025-03-06;Левітана;Glovo;9;28.0
2025-03-06;Левітана;доставка;32;114.0
2025-03-06;Левітана;самовывоз;6;16.0
2025-03-07;Лазарева;Glovo;16;44.0
2025-03-07;Лазарева;доставка;54;299.0
2025-03-07;Лазарева;самовывоз;3;7.0
2025-03-07;Левітана;Glovo;10;33.0
2025-03-07;Левітана;доставка;57;286.0
2025-03-07;Левітана;самовывоз;6;15.0
2025-03-08;Лазарева;Glovo;24;66.0
2025-03-08;Лазарева;доставка;125;620.0
2025-03-08;Лазарева;самовывоз;22;148.0
2025-03-08;Левітана;Glovo;25;76.0
2025-03-08;Левітана;доставка;136;604.0
2025-03-08;Левітана;самовывоз;34;134.0
2025-03-09;Лазарева;Glovo;15;48.0
2025-03-09;Лазарева;доставка;34;126.0
2025-03-09;Лазарева;самовывоз;2;6.0
2025-03-09;Левітана;Glovo;18;66.0
2025-03-09;Левітана;доставка;46;195.0
2025-03-09;Левітана;самовывоз;6;19.0
2025-03-10;Лазарева;Glovo;15;52.0
2025-03-10;Лазарева;доставка;29;121.0
2025-03-10;Лазарева;самовывоз;6;12.0
2025-03-10;Левітана;Glovo;12;44.0
2025-03-10;Левітана;доставка;31;121.0
2025-03-10;Левітана;самовывоз;3;6.0
2025-03-11;Лазарева;Glovo;11;25.0
2025-03-11;Лазарева;доставка;22;93.0
2025-03-11;Лазарева;самовывоз;5;12.0
2025-03-11;Левітана;Glovo;13;32.0
2025-03-11;Левітана;доставка;23;77.0
2025-03-11;Левітана;самовывоз;4;9.0
2025-03-12;Лазарева;Glovo;4;9.0
2025-03-12;Лазарева;доставка;15;73.0
2025-03-12;Лазарева;самовывоз;5;21.0
2025-03-12;Левітана;Glovo;6;19.0
2025-03-12;Левітана;доставка;25;90.0
2025-03-12;Левітана;самовывоз;3;11.0
2025-03-13;Лазарева;Glovo;10;34.0
2025-03-13;Лазарева;доставка;25;131.0
2025-03-13;Лазарева;самовывоз;9;19.0
2025-03-13;Левітана;Glovo;8;16.0
2025-03-13;Левітана;доставка;36;149.0
2025-03-13;Левітана;самовывоз;5;14.0
2025-03-14;Лазарева;Glovo;17;50.0
2025-03-14;Лазарева;доставка;44;201.7
2025-03-14;Лазарева;самовывоз;8;21.0
2025-03-14;Левітана;Glovo;12;27.0
2025-03-14;Левітана;доставка;42;208.0
2025-03-14;Левітана;самовывоз;7;22.0
2025-03-15;Лазарева;Glovo;8;28.0
2025-03-15;Лазарева;доставка;46;183.0
2025-03-15;Лазарева;самовывоз;3;7.0
2025-03-15;Левітана;Glovo;17;57.0
2025-03-15;Левітана;доставка;45;186.0
2025-03-15;Левітана;самовывоз;9;40.0
2025-03-16;Лазарева;Glovo;7;23.0
2025-03-16;Лазарева;доставка;42;181.0
2025-03-16;Лазарева;самовывоз;4;9.0
2025-03-16;Левітана;Glovo;11;38.0
2025-03-16;Левітана;доставка;34;205.0
2025-03-16;Левітана;самовывоз;6;16.0
2025-03-17;Лазарева;Glovo;8;26.0
2025-03-17;Лазарева;доставка;23;85.0
2025-03-17;Лазарева;самовывоз;3;7.0
2025-03-17;Левітана;Glovo;14;40.0
2025-03-17;Левітана;доставка;28;109.0
2025-03-17;Левітана;самовывоз;6;16.0
2025-03-18;Лазарева;Glovo;7;17.0
2025-03-18;Лазарева;доставка;26;95.0
2025-03-18;Лазарева;самовывоз;4;6.0
2025-03-18;Левітана;Glovo;12;35.0
2025-03-18;Левітана;доставка;25;116.0
2025-03-18;Левітана;самовывоз;5;14.0
2025-03-19;Лазарева;Glovo;5;18.0
2025-03-19;Лазарева;доставка;37;160.0
2025-03-19;Лазарева;самовывоз;1;1.0
2025-03-19;Левітана;Glovo;9;29.0
2025-03-19;Левітана;доставка;33;144.0
2025-03-19;Левітана;самовывоз;7;19.0
2025-03-20;Лазарева;Glovo;16;52.0
2025-03-20;Лазарева;доставка;26;99.0
2025-03-20;Лазарева;самовывоз;3;5.0
2025-03-20;Левітана;Glovo;10;16.0
2025-03-20;Левітана;доставка;35;146.0
2025-03-20;Левітана;самовывоз;3;7.0
2025-03-21;Лазарева;Glovo;31;85.0
2025-03-21;Лазарева;доставка;37;173.0
2025-03-21;Лазарева;самовывоз;7;14.0
2025-03-21;Левітана;Glovo;12;35.0
2025-03-21;Левітана;доставка;32;130.0
2025-03-21;Левітана;самовывоз;8;24.0
2025-03-22;Лазарева;Glovo;17;51.0
2025-03-22;Лазарева;доставка;40;164.0
2025-03-22;Лазарева;самовывоз;4;10.0
2025-03-22;Левітана;Glovo;18;54.0
2025-03-22;Левітана;доставка;43;192.0
2025-03-22;Левітана;самовывоз;11;25.0
2025-03-23;Лазарева;Glovo;15;37.0
2025-03-23;Лазарева;доставка;31;146.0
2025-03-23;Лазарева;самовывоз;3;8.0
2025-03-23;Левітана;Glovo;18;54.0
2025-03-23;Левітана;доставка;34;134.0
2025-03-23;Левітана;самовывоз;5;19.0
2025-03-24;Лазарева;Glovo;12;35.0
2025-03-24;Лазарева;доставка;32;139.0
2025-03-24;Лазарева;самовывоз;4;6.0
2025-03-24;Левітана;Glovo;8;21.0
2025-03-24;Левітана;доставка;29;116.0
2025-03-24;Левітана;самовывоз;6;25.0
2025-03-25;Лазарева;Glovo;6;15.0
2025-03-25;Лазарева;доставка;32;125.0
2025-03-25;Лазарева;самовывоз;1;5.0
2025-03-25;Левітана;Glovo;9;24.0
2025-03-25;Левітана;доставка;23;95.0
2025-03-25;Левітана;самовывоз;2;7.0
2025-03-26;Лазарева;Glovo;7;17.0
2025-03-26;Лазарева;доставка;28;110.0
2025-03-26;Лазарева;самовывоз;4;9.0
2025-03-26;Левітана;Glovo;9;17.0
2025-03-26;Левітана;доставка;23;90.0
2025-03-26;Левітана;самовывоз;4;19.0
2025-03-27;Лазарева;Glovo;15;36.0
2025-03-27;Лазарева;доставка;25;117.0
2025-03-27;Лазарева;самовывоз;4;12.0
2025-03-27;Левітана;Glovo;15;39.0
2025-03-27;Левітана;доставка;30;129.0
2025-03-27;Левітана;самовывоз;4;13.0
2025-03-28;Лазарева;Glovo;10;31.0
2025-03-28;Лазарева;доставка;49;218.0
2025-03-28;Лазарева;самовывоз;1;1.0
2025-03-28;Левітана;Glovo;18;45.0
2025-03-28;Левітана;доставка;48;201.0
2025-03-28;Левітана;самовывоз;11;22.0
2025-03-29;Лазарева;Glovo;20;57.0
2025-03-29;Лазарева;доставка;51;203.0
2025-03-29;Лазарева;самовывоз;3;10.0
2025-03-29;Левітана;Glovo;19;52.0
2025-03-29;Левітана;доставка;49;224.0
2025-03-29;Левітана;самовывоз;11;35.0
2025-03-30;Лазарева;Glovo;13;38.0
2025-03-30;Лазарева;доставка;46;276.0
2025-03-30;Лазарева;самовывоз;5;13.0
2025-03-30;Левітана;Glovo;16;44.0
2025-03-30;Левітана;доставка;39;153.0
2025-03-30;Левітана;самовывоз;6;18.0
2025-03-31;Лазарева;Glovo;12;24.0
2025-03-31;Лазарева;доставка;34;158.0
2025-03-31;Лазарева;самовывоз;1;4.0
2025-03-31;Левітана;Glovo;9;25.0
2025-03-31;Левітана;доставка;25;91.0
2025-03-31;Левітана;самовывоз;5;14.0
2025-04-01;Лазарева;Glovo;12;34.0
2025-04-01;Лазарева;доставка;27;111.0
2025-04-01;Лазарева;самовывоз;5;17.0
2025-04-01;Левітана;Glovo;12;32.0
2025-04-01;Левітана;доставка;19;67.0
2025-04-01;Левітана;самовывоз;6;31.0
2025-04-02;Лазарева;Glovo;7;22.0
2025-04-02;Лазарева;доставка;33;131.0
2025-04-02;Лазарева;самовывоз;3;9.0
2025-04-02;Левітана;Glovo;8;21.0
2025-04-02;Левітана;доставка;24;91.0
2025-04-02;Левітана;самовывоз;3;10.0
2025-04-03;Лазарева;Glovo;11;22.0
2025-04-03;Лазарева;доставка;33;117.0
2025-04-03;Лазарева;самовывоз;5;21.0
2025-04-03;Левітана;Glovo;15;39.0
2025-04-03;Левітана;доставка;40;149.0
2025-04-03;Левітана;самовывоз;9;30.0
2025-04-04;Лазарева;Glovo;15;55.0
2025-04-04;Лазарева;доставка;37;147.0
2025-04-04;Лазарева;самовывоз;8;19.0
2025-04-04;Левітана;Glovo;18;46.0
2025-04-04;Левітана;доставка;46;185.0
2025-04-04;Левітана;самовывоз;13;33.0
2025-04-05;Лазарева;Glovo;12;33.0
2025-04-05;Лазарева;доставка;39;176.0
2025-04-05;Лазарева;самовывоз;3;5.0
2025-04-05;Левітана;Glovo;20;51.0
2025-04-05;Левітана;доставка;44;172.0
2025-04-05;Левітана;самовывоз;8;27.0
2025-04-06;Лазарева;Glovo;17;53.0
2025-04-06;Лазарева;доставка;48;221.0
2025-04-06;Лазарева;самовывоз;4;6.0
2025-04-06;Левітана;Glovo;23;72.0
2025-04-06;Левітана;доставка;55;218.0
2025-04-06;Левітана;самовывоз;7;33.0
2025-04-07;Лазарева;Glovo;11;40.0
2025-04-07;Лазарева;доставка;23;116.0
2025-04-07;Лазарева;самовывоз;2;4.0
2025-04-07;Левітана;Glovo;7;13.0
2025-04-07;Левітана;доставка;28;109.0
2025-04-07;Левітана;самовывоз;6;17.0
2025-04-08;Лазарева;Glovo;14;42.0
2025-04-08;Лазарева;доставка;24;75.0
2025-04-08;Лазарева;самовывоз;6;13.0
2025-04-08;Левітана;Glovo;8;21.0
2025-04-08;Левітана;доставка;34;140.0
2025-04-08;Левітана;самовывоз;5;9.0
2025-04-09;Лазарева;Glovo;16;51.0
2025-04-09;Лазарева;доставка;29;125.0
2025-04-09;Лазарева;самовывоз;1;4.0
2025-04-09;Левітана;Glovo;12;29.0
2025-04-09;Левітана;доставка;29;137.0
2025-04-09;Левітана;самовывоз;10;16.0
2025-04-10;Лазарева;Glovo;23;60.0
2025-04-10;Лазарева;доставка;41;227.0
2025-04-10;Лазарева;самовывоз;6;14.0
2025-04-10;Левітана;Glovo;14;38.0
2025-04-10;Левітана;доставка;49;227.0
2025-04-10;Левітана;самовывоз;10;35.0
2025-04-11;Лазарева;Glovo;23;63.0
2025-04-11;Лазарева;доставка;58;246.0
2025-04-11;Лазарева;самовывоз;11;38.0
2025-04-11;Левітана;Glovo;13;41.0
2025-04-11;Левітана;доставка;58;250.0
2025-04-11;Левітана;самовывоз;12;120.0
2025-04-12;Лазарева;Glovo;15;48.0
2025-04-12;Лазарева;доставка;53;241.0
2025-04-12;Лазарева;самовывоз;6;10.0
2025-04-12;Левітана;Glovo;17;48.0
2025-04-12;Левітана;доставка;46;371.0
2025-04-12;Левітана;самовывоз;11;47.0
2025-04-13;Лазарева;Glovo;12;38.0
2025-04-13;Лазарева;доставка;46;198.0
2025-04-13;Лазарева;самовывоз;15;43.0
2025-04-13;Левітана;Glovo;14;39.0
2025-04-13;Левітана;доставка;42;188.0
2025-04-13;Левітана;самовывоз;6;17.0
2025-04-14;Лазарева;Glovo;12;30.0
2025-04-14;Лазарева;доставка;18;150.0
2025-04-14;Лазарева;самовывоз;5;10.0
2025-04-14;Левітана;Glovo;9;22.0
2025-04-14;Левітана;доставка;27;96.0
2025-04-14;Левітана;самовывоз;5;10.0
2025-04-15;Лазарева;Glovo;13;30.0
2025-04-15;Лазарева;доставка;40;190.0
2025-04-15;Лазарева;самовывоз;7;13.0
2025-04-15;Левітана;Glovo;11;23.0
2025-04-15;Левітана;доставка;32;116.0
2025-04-15;Левітана;самовывоз;5;19.0
2025-04-16;Лазарева;Glovo;18;44.0
2025-04-16;Лазарева;доставка;28;107.0
2025-04-16;Лазарева;самовывоз;8;14.0
2025-04-16;Левітана;Glovo;12;25.0
2025-04-16;Левітана;доставка;31;130.0
2025-04-16;Левітана;самовывоз;10;26.0
2025-04-17;Лазарева;Glovo;13;32.0
2025-04-17;Лазарева;доставка;33;130.0
2025-04-17;Лазарева;самовывоз;10;24.0
2025-04-17;Левітана;Glovo;19;52.0
2025-04-17;Левітана;доставка;24;105.0
2025-04-17;Левітана;самовывоз;13;48.0
2025-04-18;Лазарева;Glovo;6;17.0
2025-04-18;Лазарева;доставка;40;182.0
2025-04-18;Лазарева;самовывоз;12;34.0
2025-04-18;Левітана;Glovo;13;32.0
2025-04-18;Левітана;доставка;48;212.0
2025-04-18;Левітана;самовывоз;8;36.0
2025-04-19;Лазарева;Glovo;14;39.0
2025-04-19;Лазарева;доставка;23;94.0
2025-04-19;Лазарева;самовывоз;5;14.0
2025-04-19;Левітана;Glovo;7;20.0
2025-04-19;Левітана;доставка;37;141.0
2025-04-19;Левітана;самовывоз;11;41.0
2025-04-20;Лазарева;Glovo;14;39.0
2025-04-20;Лазарева;доставка;27;121.0
2025-04-20;Лазарева;самовывоз;10;25.0
2025-04-20;Левітана;Glovo;13;44.0
2025-04-20;Левітана;доставка;19;67.0
2025-04-20;Левітана;самовывоз;4;14.0
2025-04-21;Лазарева;Glovo;7;17.0
2025-04-21;Лазарева;доставка;20;130.0
2025-04-21;Лазарева;самовывоз;9;16.0
2025-04-21;Левітана;Glovo;10;27.0
2025-04-21;Левітана;доставка;31;104.0
2025-04-21;Левітана;самовывоз;6;16.0
2025-04-22;Лазарева;Glovo;13;40.0
2025-04-22;Лазарева;доставка;24;106.0
2025-04-22;Лазарева;самовывоз;4;7.0
2025-04-22;Левітана;Glovo;12;30.0
2025-04-22;Левітана;доставка;15;60.0
2025-04-22;Левітана;самовывоз;5;23.0
2025-04-23;Лазарева;Glovo;16;36.0
2025-04-23;Лазарева;доставка;28;121.0
2025-04-23;Лазарева;самовывоз;12;42.0
2025-04-23;Левітана;Glovo;11;34.0
2025-04-23;Левітана;доставка;23;89.0
2025-04-23;Левітана;самовывоз;6;19.0
2025-04-24;Лазарева;Glovo;16;37.0
2025-04-24;Лазарева;доставка;39;278.0
2025-04-24;Лазарева;самовывоз;6;17.0
2025-04-24;Левітана;Glovo;12;34.0
2025-04-24;Левітана;доставка;28;115.0
2025-04-24;Левітана;самовывоз;5;17.0
2025-04-25;Лазарева;Glovo;13;43.0
2025-04-25;Лазарева;доставка;61;298.0
2025-04-25;Лазарева;самовывоз;8;42.0
2025-04-25;Левітана;Glovo;18;53.0
2025-04-25;Левітана;доставка;45;204.0
2025-04-25;Левітана;самовывоз;9;27.0
2025-04-26;Лазарева;Glovo;16;48.0
2025-04-26;Лазарева;доставка;53;229.0
2025-04-26;Лазарева;самовывоз;17;51.0
2025-04-26;Левітана;Glovo;11;23.0
2025-04-26;Левітана;доставка;44;179.0
2025-04-26;Левітана;самовывоз;15;43.0
2025-04-27;Лазарева;Glovo;13;46.0
2025-04-27;Лазарева;доставка;38;144.0
2025-04-27;Лазарева;самовывоз;11;33.0
2025-04-27;Левітана;Glovo;18;61.0
2025-04-27;Левітана;доставка;38;159.0
2025-04-27;Левітана;самовывоз;7;25.0
2025-04-28;Лазарева;Glovo;16;32.0
2025-04-28;Лазарева;доставка;25;114.0
2025-04-28;Лазарева;самовывоз;7;14.0
2025-04-28;Левітана;Glovo;14;44.0
2025-04-28;Левітана;доставка;24;97.0
2025-04-28;Левітана;самовывоз;5;9.0
2025-04-29;Лазарева;Glovo;11;36.0
2025-04-29;Лазарева;доставка;26;125.0
2025-04-29;Лазарева;самовывоз;8;19.0
2025-04-29;Левітана;Glovo;7;19.0
2025-04-29;Левітана;доставка;30;150.0
2025-04-29;Левітана;самовывоз;3;10.0
2025-04-30;Лазарева;Glovo;20;61.0
2025-04-30;Лазарева;доставка;27;108.0
2025-04-30;Лазарева;самовывоз;11;22.0
2025-04-30;Левітана;Glovo;18;57.0
2025-04-30;Левітана;доставка;26;101.0
2025-04-30;Левітана;самовывоз;7;19.0
2025-05-01;Лазарева;Glovo;15;38.0
2025-05-01;Лазарева;доставка;45;178.0
2025-05-01;Лазарева;самовывоз;16;51.0
2025-05-01;Левітана;Glovo;21;57.0
2025-05-01;Левітана;доставка;35;135.0
2025-05-01;Левітана;самовывоз;6;11.0
2025-05-02;Лазарева;Glovo;12;35.0
2025-05-02;Лазарева;доставка;48;214.0
2025-05-02;Лазарева;самовывоз;14;44.0
2025-05-02;Левітана;Glovo;21;59.0
2025-05-02;Левітана;доставка;39;147.0
2025-05-02;Левітана;самовывоз;4;14.0
2025-05-03;Лазарева;Glovo;18;45.0
2025-05-03;Лазарева;доставка;44;180.0
2025-05-03;Лазарева;самовывоз;13;39.0
2025-05-03;Левітана;Glovo;14;40.0
2025-05-03;Левітана;доставка;32;150.0
2025-05-03;Левітана;самовывоз;9;21.0
2025-05-04;Лазарева;Glovo;17;55.0
2025-05-04;Лазарева;доставка;40;160.0
2025-05-04;Лазарева;самовывоз;8;19.0
2025-05-04;Левітана;Glovo;12;40.0
2025-05-04;Левітана;доставка;44;191.0
2025-05-04;Левітана;самовывоз;8;22.0
2025-05-05;Лазарева;Glovo;10;27.0
2025-05-05;Лазарева;доставка;20;108.0
2025-05-05;Лазарева;самовывоз;6;10.0
2025-05-05;Левітана;Glovo;13;32.0
2025-05-05;Левітана;доставка;27;117.0
2025-05-05;Левітана;самовывоз;9;28.0
2025-05-06;Лазарева;Glovo;18;53.0
2025-05-06;Лазарева;доставка;30;210.0
2025-05-06;Лазарева;самовывоз;4;4.0
2025-05-06;Левітана;Glovo;11;37.0
2025-05-06;Левітана;доставка;21;68.0
2025-05-06;Левітана;самовывоз;5;24.0
2025-05-07;Лазарева;Glovo;30;67.0
2025-05-07;Лазарева;доставка;39;145.0
2025-05-07;Лазарева;самовывоз;9;30.0
2025-05-07;Левітана;Glovo;26;71.0
2025-05-07;Левітана;доставка;36;138.0
2025-05-07;Левітана;самовывоз;1;8.0
2025-05-08;Лазарева;Glovo;13;43.0
2025-05-08;Лазарева;доставка;34;143.0
2025-05-08;Лазарева;самовывоз;4;13.0
2025-05-08;Левітана;Glovo;13;40.0
2025-05-08;Левітана;доставка;39;178.0
2025-05-08;Левітана;самовывоз;8;146.0
2025-05-09;Лазарева;Glovo;15;46.0
2025-05-09;Лазарева;доставка;45;233.0
2025-05-09;Лазарева;самовывоз;9;23.0
2025-05-09;Левітана;Glovo;19;59.0
2025-05-09;Левітана;доставка;55;223.0
2025-05-09;Левітана;самовывоз;13;56.0
2025-05-10;Лазарева;Glovo;15;35.0
2025-05-10;Лазарева;доставка;55;271.0
2025-05-10;Лазарева;самовывоз;6;14.0
2025-05-10;Левітана;Glovo;9;17.0
2025-05-10;Левітана;доставка;40;141.0
2025-05-10;Левітана;самовывоз;8;22.0
2025-05-11;Лазарева;Glovo;22;68.0
2025-05-11;Лазарева;доставка;42;174.0
2025-05-11;Лазарева;самовывоз;4;10.0
2025-05-11;Левітана;Glovo;13;38.0
2025-05-11;Левітана;доставка;56;222.0
2025-05-11;Левітана;самовывоз;14;43.0
2025-05-12;Лазарева;Glovo;7;23.0
2025-05-12;Лазарева;доставка;30;126.0
2025-05-12;Лазарева;самовывоз;6;11.0
2025-05-12;Левітана;Glovo;10;21.0
2025-05-12;Левітана;доставка;22;73.0
2025-05-12;Левітана;самовывоз;9;23.0
2025-05-13;Лазарева;Glovo;14;50.0
2025-05-13;Лазарева;доставка;38;156.0
2025-05-13;Лазарева;самовывоз;6;13.0
2025-05-13;Левітана;Glovo;13;47.0
2025-05-13;Левітана;доставка;30;120.0
2025-05-13;Левітана;самовывоз;6;12.0
2025-05-14;Лазарева;Glovo;16;51.0
2025-05-14;Лазарева;доставка;33;130.0
2025-05-14;Лазарева;самовывоз;3;9.0
2025-05-14;Левітана;Glovo;10;29.0
2025-05-14;Левітана;доставка;28;93.0
2025-05-14;Левітана;самовывоз;6;15.0
2025-05-15;Лазарева;Glovo;10;30.0
2025-05-15;Лазарева;доставка;35;161.0
2025-05-15;Лазарева;самовывоз;5;18.0
2025-05-15;Левітана;Glovo;14;39.0
2025-05-15;Левітана;доставка;34;124.0
2025-05-15;Левітана;самовывоз;7;18.0
2025-05-16;Лазарева;Glovo;17;44.0
2025-05-16;Лазарева;доставка;54;242.0
2025-05-16;Лазарева;самовывоз;16;33.0
2025-05-16;Левітана;Glovo;15;46.0
2025-05-16;Левітана;доставка;33;136.0
2025-05-16;Левітана;самовывоз;15;142.0
2025-05-17;Лазарева;Glovo;20;74.0
2025-05-17;Лазарева;доставка;56;253.0
2025-05-17;Лазарева;самовывоз;16;82.0
2025-05-17;Левітана;Glovo;22;83.0
2025-05-17;Левітана;доставка;65;299.0
2025-05-17;Левітана;самовывоз;6;21.0
2025-05-18;Лазарева;Glovo;9;37.0
2025-05-18;Лазарева;доставка;38;160.0
2025-05-18;Лазарева;самовывоз;5;18.0
2025-05-18;Левітана;Glovo;16;45.0
2025-05-18;Левітана;доставка;36;162.0
2025-05-18;Левітана;самовывоз;12;27.0
2025-05-19;Лазарева;Glovo;10;30.0
2025-05-19;Лазарева;доставка;33;127.0
2025-05-19;Лазарева;самовывоз;17;39.0
2025-05-19;Левітана;Glovo;7;17.0
2025-05-19;Левітана;доставка;24;75.0
2025-05-19;Левітана;самовывоз;3;14.0
2025-05-20;Лазарева;Glovo;7;28.0
2025-05-20;Лазарева;доставка;30;145.0
2025-05-20;Лазарева;самовывоз;17;38.0
2025-05-20;Левітана;Glovo;7;22.0
2025-05-20;Левітана;доставка;21;106.0
2025-05-20;Левітана;самовывоз;6;14.0
2025-05-21;Лазарева;Glovo;14;55.0
2025-05-21;Лазарева;доставка;27;101.0
2025-05-21;Лазарева;самовывоз;13;31.0
2025-05-21;Левітана;Glovo;15;53.0
2025-05-21;Левітана;доставка;27;130.0
2025-05-21;Левітана;самовывоз;10;29.0
2025-05-22;Лазарева;Glovo;14;33.0
2025-05-22;Лазарева;доставка;41;205.0
2025-05-22;Лазарева;самовывоз;18;53.0
2025-05-22;Левітана;Glovo;11;35.0
2025-05-22;Левітана;доставка;35;151.0
2025-05-22;Левітана;самовывоз;5;11.0
2025-05-23;Лазарева;Glovo;9;22.0
2025-05-23;Лазарева;доставка;41;190.0
2025-05-23;Лазарева;самовывоз;24;58.0
2025-05-23;Левітана;Glovo;13;38.0
2025-05-23;Левітана;доставка;46;178.0
2025-05-23;Левітана;самовывоз;6;9.0
2025-05-24;Лазарева;Glovo;15;47.0
2025-05-24;Лазарева;доставка;36;186.0
2025-05-24;Лазарева;самовывоз;11;45.0
2025-05-24;Левітана;Glovo;15;37.0
2025-05-24;Левітана;доставка;40;185.0
2025-05-24;Левітана;самовывоз;14;59.0
2025-05-25;Лазарева;Glovo;16;50.0
2025-05-25;Лазарева;доставка;28;119.0
2025-05-25;Лазарева;самовывоз;12;25.0
2025-05-25;Левітана;Glovo;16;47.0
2025-05-25;Левітана;доставка;44;187.0
2025-05-25;Левітана;самовывоз;15;39.0
2025-05-26;Лазарева;Glovo;12;27.0
2025-05-26;Лазарева;доставка;35;128.0
2025-05-26;Лазарева;самовывоз;16;41.0
2025-05-26;Левітана;Glovo;9;25.0
2025-05-26;Левітана;доставка;32;116.0
2025-05-26;Левітана;самовывоз;2;6.0
2025-05-27;Лазарева;Glovo;18;53.0
2025-05-27;Лазарева;доставка;36;161.0
2025-05-27;Лазарева;самовывоз;17;31.0
2025-05-27;Левітана;Glovo;13;43.0
2025-05-27;Левітана;доставка;30;106.0
2025-05-27;Левітана;самовывоз;5;22.0
2025-05-28;Лазарева;Glovo;14;39.0
2025-05-28;Лазарева;доставка;36;147.0
2025-05-28;Лазарева;самовывоз;8;22.0
2025-05-28;Левітана;Glovo;19;40.0
2025-05-28;Левітана;доставка;42;158.0
2025-05-28;Левітана;самовывоз;11;28.0
2025-05-29;Лазарева;Glovo;8;32.0
2025-05-29;Лазарева;доставка;42;171.0
2025-05-29;Лазарева;самовывоз;13;38.0
2025-05-29;Левітана;Glovo;8;28.0
2025-05-29;Левітана;доставка;46;174.0
2025-05-29;Левітана;самовывоз;10;26.0
2025-05-30;Лазарева;Glovo;6;20.0
2025-05-30;Лазарева;доставка;64;345.0
2025-05-30;Лазарева;самовывоз;14;53.0
2025-05-30;Левітана;Glovo;21;55.0
2025-05-30;Левітана;доставка;53;228.0
2025-05-30;Левітана;самовывоз;15;40.0
2025-05-31;Лазарева;Glovo;18;51.0
2025-05-31;Лазарева;доставка;49;258.0
2025-05-31;Лазарева;самовывоз;7;24.0
2025-05-31;Левітана;Glovo;21;62.0
2025-05-31;Левітана;доставка;47;225.0
2025-05-31;Левітана;самовывоз;11;55.0
2025-06-01;Лазарева;Glovo;21;59.0
2025-06-01;Лазарева;доставка;50;254.0
2025-06-01;Лазарева;самовывоз;8;36.0
2025-06-01;Левітана;Glovo;10;34.0
2025-06-01;Левітана;доставка;45;225.0
2025-06-01;Левітана;самовывоз;7;26.0
2025-06-02;Лазарева;Glovo;8;29.0
2025-06-02;Лазарева;доставка;27;106.0
2025-06-02;Лазарева;самовывоз;20;49.0
2025-06-02;Левітана;Glovo;9;21.0
2025-06-02;Левітана;доставка;23;90.0
2025-06-02;Левітана;самовывоз;5;14.0
2025-06-03;Лазарева;Glovo;11;42.0
2025-06-03;Лазарева;доставка;28;140.0
2025-06-03;Лазарева;самовывоз;16;39.0
2025-06-03;Левітана;Glovo;13;54.0
2025-06-03;Левітана;доставка;22;76.0
2025-06-03;Левітана;самовывоз;6;13.0
2025-06-04;Лазарева;Glovo;9;27.0
2025-06-04;Лазарева;доставка;39;153.0
2025-06-04;Лазарева;самовывоз;17;52.0
2025-06-04;Левітана;Glovo;7;23.0
2025-06-04;Левітана;доставка;27;117.0
2025-06-04;Левітана;самовывоз;9;34.0
2025-06-05;Лазарева;Glovo;14;49.0
2025-06-05;Лазарева;доставка;33;148.0
2025-06-05;Лазарева;самовывоз;6;20.0
2025-06-05;Левітана;Glovo;9;29.0
2025-06-05;Левітана;доставка;35;122.0
2025-06-05;Левітана;самовывоз;7;23.0
2025-06-06;Лазарева;Glovo;14;52.0
2025-06-06;Лазарева;доставка;51;193.0
2025-06-06;Лазарева;самовывоз;9;26.0
2025-06-06;Левітана;Glovo;13;42.0
2025-06-06;Левітана;доставка;46;224.0
2025-06-06;Левітана;самовывоз;15;46.0
2025-06-07;Лазарева;Glovo;13;37.0
2025-06-07;Лазарева;доставка;39;170.0
2025-06-07;Лазарева;самовывоз;8;14.0
2025-06-07;Левітана;Glovo;8;25.0
2025-06-07;Левітана;доставка;51;241.0
2025-06-07;Левітана;самовывоз;11;30.0
2025-06-08;Лазарева;Glovo;13;45.0
2025-06-08;Лазарева;доставка;32;150.0
2025-06-08;Лазарева;самовывоз;12;31.0
2025-06-08;Левітана;Glovo;17;46.0
2025-06-08;Левітана;доставка;41;188.0
2025-06-08;Левітана;самовывоз;12;34.0
2025-06-09;Лазарева;Glovo;19;50.0
2025-06-09;Лазарева;доставка;26;124.0
2025-06-09;Лазарева;самовывоз;8;25.0
2025-06-09;Левітана;Glovo;9;30.0
2025-06-09;Левітана;доставка;27;106.0
2025-06-09;Левітана;самовывоз;9;17.0
2025-06-10;Лазарева;Glovo;9;35.0
2025-06-10;Лазарева;доставка;41;142.0
2025-06-10;Лазарева;самовывоз;11;35.0
2025-06-10;Левітана;Glovo;12;43.0
2025-06-10;Левітана;доставка;29;116.0
2025-06-10;Левітана;самовывоз;8;17.0
2025-06-11;Лазарева;Glovo;13;32.0
2025-06-11;Лазарева;доставка;29;141.0
2025-06-11;Лазарева;самовывоз;15;32.0
2025-06-11;Левітана;Glovo;6;15.0
2025-06-11;Левітана;доставка;39;127.0
2025-06-11;Левітана;самовывоз;8;31.0
2025-06-12;Лазарева;Glovo;19;59.0
2025-06-12;Лазарева;доставка;43;156.0
2025-06-12;Лазарева;самовывоз;12;26.0
2025-06-12;Левітана;Glovo;13;37.0
2025-06-12;Левітана;доставка;19;95.0
2025-06-12;Левітана;самовывоз;4;7.0
2025-06-13;Лазарева;Glovo;26;69.0
2025-06-13;Лазарева;доставка;42;156.0
2025-06-13;Лазарева;самовывоз;13;41.0
2025-06-13;Левітана;Glovo;23;66.0
2025-06-13;Левітана;доставка;50;198.0
2025-06-13;Левітана;самовывоз;10;24.0
2025-06-14;Лазарева;Glovo;34;93.0
2025-06-14;Лазарева;доставка;49;207.0
2025-06-14;Лазарева;самовывоз;13;42.0
2025-06-14;Левітана;Glovo;37;102.0
2025-06-14;Левітана;доставка;54;219.0
2025-06-14;Левітана;самовывоз;11;34.0
2025-06-15;Лазарева;Glovo;20;53.0
2025-06-15;Лазарева;доставка;40;155.0
2025-06-15;Лазарева;самовывоз;13;32.0
2025-06-15;Левітана;Glovo;22;71.0
2025-06-15;Левітана;доставка;40;186.0
2025-06-15;Левітана;самовывоз;4;11.0
2025-06-16;Лазарева;Glovo;8;22.0
2025-06-16;Лазарева;доставка;23;84.0
2025-06-16;Лазарева;самовывоз;18;37.0
2025-06-16;Левітана;Glovo;7;18.0
2025-06-16;Левітана;доставка;26;100.0
2025-06-16;Левітана;самовывоз;8;16.0
2025-06-17;Лазарева;Glovo;10;19.0
2025-06-17;Лазарева;доставка;28;114.0
2025-06-17;Лазарева;самовывоз;14;36.0
2025-06-17;Левітана;Glovo;16;34.0
2025-06-17;Левітана;доставка;34;139.0
2025-06-17;Левітана;самовывоз;5;11.0
2025-06-18;Лазарева;Glovo;16;45.0
2025-06-18;Лазарева;доставка;33;134.0
2025-06-18;Лазарева;самовывоз;18;45.0
2025-06-18;Левітана;Glovo;14;34.0
2025-06-18;Левітана;доставка;29;93.0
2025-06-18;Левітана;самовывоз;11;30.0
2025-06-19;Лазарева;Glovo;10;41.0
2025-06-19;Лазарева;доставка;34;150.0
2025-06-19;Лазарева;самовывоз;19;52.0
2025-06-19;Левітана;Glovo;14;37.0
2025-06-19;Левітана;доставка;38;154.0
2025-06-19;Левітана;самовывоз;8;41.0
2025-06-20;Лазарева;Glovo;22;65.0
2025-06-20;Лазарева;доставка;47;187.0
2025-06-20;Лазарева;самовывоз;23;89.0
2025-06-20;Левітана;Glovo;22;66.0
2025-06-20;Левітана;доставка;44;175.0
2025-06-20;Левітана;самовывоз;10;30.0
2025-06-21;Лазарева;Glovo;23;68.0
2025-06-21;Лазарева;доставка;47;193.0
2025-06-21;Лазарева;самовывоз;16;31.0
2025-06-21;Левітана;Glovo;21;72.0
2025-06-21;Левітана;доставка;43;160.0
2025-06-21;Левітана;самовывоз;11;32.0
2025-06-22;Лазарева;Glovo;17;55.0
2025-06-22;Лазарева;доставка;36;132.0
2025-06-22;Лазарева;самовывоз;19;43.0
2025-06-22;Левітана;Glovo;18;51.0
2025-06-22;Левітана;доставка;49;203.0
2025-06-22;Левітана;самовывоз;15;40.0
2025-06-23;Лазарева;Glovo;12;33.0
2025-06-23;Лазарева;доставка;23;102.0
2025-06-23;Лазарева;самовывоз;11;30.0
2025-06-23;Левітана;Glovo;9;25.0
2025-06-23;Левітана;доставка;36;140.0
2025-06-23;Левітана;самовывоз;5;13.0
2025-06-24;Левітана;Glovo;25;73.0
2025-06-24;Левітана;доставка;61;239.0
2025-06-24;Левітана;самовывоз;13;31.0
2025-06-25;Лазарева;Glovo;10;27.0
2025-06-25;Лазарева;доставка;22;104.0
2025-06-25;Лазарева;самовывоз;9;34.0
2025-06-25;Левітана;Glovo;17;55.0
2025-06-25;Левітана;доставка;35;125.0
2025-06-25;Левітана;самовывоз;8;21.0
2025-06-26;Лазарева;Glovo;12;32.0
2025-06-26;Лазарева;доставка;31;116.0
2025-06-26;Лазарева;самовывоз;15;40.0
2025-06-26;Левітана;Glovo;14;33.0
2025-06-26;Левітана;доставка;41;183.0
2025-06-26;Левітана;самовывоз;7;18.0
2025-06-27;Лазарева;Glovo;8;25.0
2025-06-27;Лазарева;доставка;46;193.0
2025-06-27;Лазарева;самовывоз;17;44.0
2025-06-27;Левітана;Glovo;13;36.0
2025-06-27;Левітана;доставка;55;209.0
2025-06-27;Левітана;самовывоз;14;43.0
2025-06-28;Лазарева;Glovo;17;48.0
2025-06-28;Лазарева;доставка;44;167.0
2025-06-28;Лазарева;самовывоз;11;20.0
2025-06-28;Левітана;Glovo;13;39.0
2025-06-28;Левітана;доставка;40;148.0
2025-06-28;Левітана;самовывоз;8;32.0
2025-06-29;Лазарева;Glovo;7;20.0
2025-06-29;Лазарева;доставка;33;151.0
2025-06-29;Лазарева;самовывоз;13;26.0
2025-06-29;Левітана;Glovo;10;85.0
2025-06-29;Левітана;доставка;52;200.0
2025-06-29;Левітана;самовывоз;10;24.0
2025-06-30;Лазарева;Glovo;8;30.0
2025-06-30;Лазарева;доставка;34;160.0
2025-06-30;Лазарева;самовывоз;9;29.0
2025-06-30;Левітана;Glovo;11;41.0
2025-06-30;Левітана;доставка;29;105.0
2025-06-30;Левітана;самовывоз;9;16.0
2025-07-01;Лазарева;Glovo;12;34.0
2025-07-01;Лазарева;доставка;40;163.0
2025-07-01;Лазарева;самовывоз;17;52.0
2025-07-01;Левітана;Glovo;12;30.0
2025-07-01;Левітана;доставка;35;124.0
2025-07-01;Левітана;самовывоз;5;14.0
2025-07-02;Лазарева;Glovo;7;21.0
2025-07-02;Лазарева;доставка;35;145.0
2025-07-02;Лазарева;самовывоз;9;21.0
2025-07-02;Левітана;Glovo;12;34.0
2025-07-02;Левітана;доставка;29;132.0
2025-07-02;Левітана;самовывоз;9;25.0
2025-07-03;Лазарева;Glovo;5;19.0
2025-07-03;Лазарева;доставка;34;158.0
2025-07-03;Лазарева;самовывоз;16;37.0
2025-07-03;Левітана;Glovo;16;43.0
2025-07-03;Левітана;доставка;31;124.0
2025-07-03;Левітана;самовывоз;4;15.0
2025-07-04;Лазарева;Glovo;18;75.0
2025-07-04;Лазарева;доставка;46;218.0
2025-07-04;Лазарева;самовывоз;13;27.0
2025-07-04;Левітана;Glovo;22;86.0
2025-07-04;Левітана;доставка;60;218.0
2025-07-04;Левітана;самовывоз;12;32.0
2025-07-05;Лазарева;Glovo;21;52.0
2025-07-05;Лазарева;доставка;40;162.0
2025-07-05;Лазарева;самовывоз;18;37.0
2025-07-05;Левітана;Glovo;12;38.0
2025-07-05;Левітана;доставка;43;163.0
2025-07-05;Левітана;самовывоз;11;20.0
2025-07-06;Лазарева;Glovo;16;49.0
2025-07-06;Лазарева;доставка;45;587.0
2025-07-06;Лазарева;самовывоз;10;23.0
2025-07-06;Левітана;Glovo;22;64.0
2025-07-06;Левітана;доставка;50;211.0
2025-07-06;Левітана;самовывоз;9;22.0
2025-07-07;Лазарева;Glovo;9;26.0
2025-07-07;Лазарева;доставка;26;90.0
2025-07-07;Лазарева;самовывоз;20;48.0
2025-07-07;Левітана;Glovo;17;52.0
2025-07-07;Левітана;доставка;37;134.0
2025-07-07;Левітана;самовывоз;9;27.0
2025-07-08;Лазарева;Glovo;7;22.0
2025-07-08;Лазарева;доставка;45;182.0
2025-07-08;Лазарева;самовывоз;20;75.0
2025-07-08;Левітана;Glovo;12;42.0
2025-07-08;Левітана;доставка;30;101.0
2025-07-08;Левітана;самовывоз;13;36.0
2025-07-09;Лазарева;Glovo;18;55.0
2025-07-09;Лазарева;доставка;36;163.0
2025-07-09;Лазарева;самовывоз;15;44.0
2025-07-09;Левітана;Glovo;15;44.0
2025-07-09;Левітана;доставка;38;145.0
2025-07-09;Левітана;самовывоз;9;37.0
2025-07-10;Лазарева;Glovo;14;41.0
2025-07-10;Лазарева;доставка;35;168.0
2025-07-10;Лазарева;самовывоз;13;37.0
2025-07-10;Левітана;Glovo;21;57.0
2025-07-10;Левітана;доставка;41;152.0
2025-07-10;Левітана;самовывоз;8;23.0
2025-07-11;Лазарева;Glovo;14;32.0
2025-07-11;Лазарева;доставка;50;215.8
2025-07-11;Лазарева;самовывоз;10;27.0
2025-07-11;Левітана;Glovo;16;45.0
2025-07-11;Левітана;доставка;38;150.0
2025-07-11;Левітана;самовывоз;11;29.0
2025-07-12;Лазарева;Glovo;12;31.0
2025-07-12;Лазарева;доставка;47;207.0
2025-07-12;Лазарева;самовывоз;16;51.0
2025-07-12;Левітана;Glovo;26;72.0
2025-07-12;Левітана;доставка;59;237.0
2025-07-12;Левітана;самовывоз;6;14.0
2025-07-13;Лазарева;Glovo;18;53.0
2025-07-13;Лазарева;доставка;42;157.0
2025-07-13;Лазарева;самовывоз;18;52.0
2025-07-13;Левітана;Glovo;13;37.0
2025-07-13;Левітана;доставка;46;184.0
2025-07-13;Левітана;самовывоз;7;24.0
2025-07-14;Лазарева;Glovo;17;56.0
2025-07-14;Лазарева;доставка;18;70.0
2025-07-14;Лазарева;самовывоз;13;38.0
2025-07-14;Левітана;Glovo;19;57.0
2025-07-14;Левітана;доставка;33;119.0
2025-07-14;Левітана;самовывоз;14;39.0
2025-07-15;Лазарева;Glovo;19;47.0
2025-07-15;Лазарева;доставка;34;140.0
2025-07-15;Лазарева;самовывоз;8;23.0
2025-07-15;Левітана;Glovo;21;59.0
2025-07-15;Левітана;доставка;42;193.0
2025-07-15;Левітана;самовывоз;12;33.0
2025-07-16;Лазарева;Glovo;16;52.0
2025-07-16;Лазарева;доставка;41;194.0
2025-07-16;Лазарева;самовывоз;7;17.0
2025-07-16;Левітана;Glovo;19;53.0
2025-07-16;Левітана;доставка;38;141.0
2025-07-16;Левітана;самовывоз;13;36.0
2025-07-17;Лазарева;Glovo;8;31.0
2025-07-17;Лазарева;доставка;33;131.0
2025-07-17;Лазарева;самовывоз;18;46.0
2025-07-17;Левітана;Glovo;15;42.0
2025-07-17;Левітана;доставка;39;181.0
2025-07-17;Левітана;самовывоз;8;20.0
2025-07-18;Лазарева;Glovo;14;48.0
2025-07-18;Лазарева;доставка;33;144.0
2025-07-18;Лазарева;самовывоз;24;76.0
2025-07-18;Левітана;Glovo;20;60.0
2025-07-18;Левітана;доставка;48;215.0
2025-07-18;Левітана;самовывоз;7;20.0
2025-07-19;Лазарева;Glovo;20;60.0
2025-07-19;Лазарева;доставка;41;175.0
2025-07-19;Лазарева;самовывоз;19;53.0
2025-07-19;Левітана;Glovo;16;45.0
2025-07-19;Левітана;доставка;45;205.0
2025-07-19;Левітана;самовывоз;12;40.0
2025-07-20;Лазарева;Glovo;17;50.0
2025-07-20;Лазарева;доставка;32;126.0
2025-07-20;Лазарева;самовывоз;9;15.0
2025-07-20;Левітана;Glovo;21;44.0
2025-07-20;Левітана;доставка;36;164.0
2025-07-20;Левітана;самовывоз;12;43.0
2025-07-21;Лазарева;Glovo;25;78.0
2025-07-21;Лазарева;доставка;33;137.0
2025-07-21;Лазарева;самовывоз;19;41.0
2025-07-21;Левітана;Glovo;16;43.0
2025-07-21;Левітана;доставка;44;196.0
2025-07-21;Левітана;самовывоз;6;19.0
2025-07-22;Лазарева;Glovo;24;49.0
2025-07-22;Лазарева;доставка;36;133.0
2025-07-22;Лазарева;самовывоз;16;42.0
2025-07-22;Левітана;Glovo;35;104.0
2025-07-22;Левітана;доставка;35;135.0
2025-07-22;Левітана;самовывоз;8;18.0
2025-07-23;Лазарева;Glovo;13;41.0
2025-07-23;Лазарева;доставка;33;143.0
2025-07-23;Лазарева;самовывоз;13;25.0
2025-07-23;Левітана;Glovo;12;26.0
2025-07-23;Левітана;доставка;35;138.0
2025-07-23;Левітана;самовывоз;4;7.0
2025-07-24;Лазарева;Glovo;13;35.0
2025-07-24;Лазарева;доставка;44;190.0
2025-07-24;Лазарева;самовывоз;14;42.0
2025-07-24;Левітана;Glovo;21;71.0
2025-07-24;Левітана;доставка;34;151.0
2025-07-24;Левітана;самовывоз;8;15.0
2025-07-25;Лазарева;Glovo;15;45.0
2025-07-25;Лазарева;доставка;43;207.0
2025-07-25;Лазарева;самовывоз;13;29.0
2025-07-25;Левітана;Glovo;26;63.0
2025-07-25;Левітана;доставка;47;182.0
2025-07-25;Левітана;самовывоз;9;36.0
2025-07-26;Лазарева;Glovo;9;25.0
2025-07-26;Лазарева;доставка;45;231.0
2025-07-26;Лазарева;самовывоз;7;25.0
2025-07-26;Левітана;Glovo;27;71.0
2025-07-26;Левітана;доставка;48;196.0
2025-07-26;Левітана;самовывоз;10;46.0
2025-07-27;Лазарева;Glovo;30;73.0
2025-07-27;Лазарева;доставка;31;106.0
2025-07-27;Лазарева;самовывоз;10;30.0
2025-07-27;Левітана;Glovo;56;166.0
2025-07-27;Левітана;доставка;52;228.0
2025-07-27;Левітана;самовывоз;12;37.0
2025-07-28;Лазарева;Glovo;21;55.0
2025-07-28;Лазарева;доставка;33;164.0
2025-07-28;Лазарева;самовывоз;12;29.0
2025-07-28;Левітана;Glovo;29;69.0
2025-07-28;Левітана;доставка;40;142.0
2025-07-28;Левітана;самовывоз;11;33.0
2025-07-29;Лазарева;Glovo;10;23.0
2025-07-29;Лазарева;доставка;39;452.0
2025-07-29;Лазарева;самовывоз;17;46.0
2025-07-29;Левітана;Glovo;22;63.0
2025-07-29;Левітана;доставка;30;130.0
2025-07-29;Левітана;самовывоз;9;16.0
2025-07-30;Лазарева;Glovo;16;57.0
2025-07-30;Лазарева;доставка;33;139.0
2025-07-30;Лазарева;самовывоз;10;38.0
2025-07-30;Левітана;Glovo;16;51.0
2025-07-30;Левітана;доставка;37;140.0
2025-07-30;Левітана;самовывоз;8;22.0
2025-07-31;Лазарева;Glovo;19;50.0
2025-07-31;Лазарева;доставка;22;121.0
2025-07-31;Лазарева;самовывоз;13;41.0
2025-07-31;Левітана;Glovo;20;54.0
2025-07-31;Левітана;доставка;29;112.0
2025-07-31;Левітана;самовывоз;7;21.0
2025-08-01;Лазарева;Glovo;9;25.0
2025-08-01;Лазарева;доставка;43;192.0
2025-08-01;Лазарева;самовывоз;17;52.0
2025-08-01;Левітана;Glovo;27;71.0
2025-08-01;Левітана;доставка;63;275.0
2025-08-01;Левітана;самовывоз;11;26.0
2025-08-02;Лазарева;Glovo;19;55.0
2025-08-02;Лазарева;доставка;47;204.0
2025-08-02;Лазарева;самовывоз;14;34.0
2025-08-02;Левітана;Glovo;32;103.0
2025-08-02;Левітана;доставка;54;213.0
2025-08-02;Левітана;самовывоз;15;45.0
2025-08-03;Лазарева;Glovo;25;85.0
2025-08-03;Лазарева;доставка;38;149.0
2025-08-03;Лазарева;самовывоз;17;49.0
2025-08-03;Левітана;Glovo;13;40.0
2025-08-03;Левітана;доставка;43;190.0
2025-08-03;Левітана;самовывоз;6;16.0
2025-08-04;Лазарева;Glovo;16;42.0
2025-08-04;Лазарева;доставка;35;160.0
2025-08-04;Лазарева;самовывоз;18;46.0
2025-08-04;Левітана;Glovo;18;60.0
2025-08-04;Левітана;доставка;29;109.0
2025-08-04;Левітана;самовывоз;7;10.0
2025-08-05;Лазарева;Glovo;12;29.0
2025-08-05;Лазарева;доставка;32;360.0
2025-08-05;Лазарева;самовывоз;14;30.0
2025-08-05;Левітана;Glovo;15;47.0
2025-08-05;Левітана;доставка;51;198.0
2025-08-05;Левітана;самовывоз;10;22.0
2025-08-06;Лазарева;Glovo;13;41.0
2025-08-06;Лазарева;доставка;34;246.0
2025-08-06;Лазарева;самовывоз;19;57.0
2025-08-06;Левітана;Glovo;24;69.0
2025-08-06;Левітана;доставка;42;157.0
2025-08-06;Левітана;самовывоз;13;68.0
2025-08-07;Лазарева;Glovo;11;26.0
2025-08-07;Лазарева;доставка;35;152.0
2025-08-07;Лазарева;самовывоз;9;22.0
2025-08-07;Левітана;Glovo;29;89.0
2025-08-07;Левітана;доставка;49;212.0
2025-08-07;Левітана;самовывоз;9;53.0
2025-08-08;Лазарева;Glovo;29;80.0
2025-08-08;Лазарева;доставка;59;250.0
2025-08-08;Лазарева;самовывоз;13;36.0
2025-08-08;Левітана;Glovo;23;63.0
2025-08-08;Левітана;доставка;51;270.0
2025-08-08;Левітана;самовывоз;9;30.0
2025-08-09;Лазарева;Glovo;20;55.0
2025-08-09;Лазарева;доставка;45;206.0
2025-08-09;Лазарева;самовывоз;10;18.0
2025-08-09;Левітана;Glovo;30;90.0
2025-08-09;Левітана;доставка;52;216.0
2025-08-09;Левітана;самовывоз;14;49.0
2025-08-10;Лазарева;Glovo;18;39.0
2025-08-10;Лазарева;доставка;48;211.0
2025-08-10;Лазарева;самовывоз;9;20.0
2025-08-10;Левітана;Glovo;25;79.0
2025-08-10;Левітана;доставка;51;206.0
2025-08-10;Левітана;самовывоз;16;42.0
2025-08-11;Лазарева;Glovo;13;34.0
2025-08-11;Лазарева;доставка;35;531.0
2025-08-11;Лазарева;самовывоз;2;3.0
2025-08-11;Левітана;Glovo;31;84.0
2025-08-11;Левітана;доставка;46;164.0
2025-08-11;Левітана;самовывоз;9;23.0
2025-08-12;Лазарева;Glovo;12;28.0
2025-08-12;Лазарева;доставка;49;216.0
2025-08-12;Лазарева;самовывоз;7;11.0
2025-08-12;Левітана;Glovo;24;72.0
2025-08-12;Левітана;доставка;39;161.0
2025-08-12;Левітана;самовывоз;11;28.0
2025-08-13;Лазарева;Glovo;15;37.0
2025-08-13;Лазарева;доставка;34;150.0
2025-08-13;Лазарева;самовывоз;9;20.0
2025-08-13;Левітана;Glovo;17;38.0
2025-08-13;Левітана;доставка;39;148.0
2025-08-13;Левітана;самовывоз;8;20.0
2025-08-14;Лазарева;Glovo;23;55.0
2025-08-14;Лазарева;доставка;35;134.0
2025-08-14;Лазарева;самовывоз;10;25.0
2025-08-14;Левітана;Glovo;24;73.0
2025-08-14;Левітана;доставка;40;167.0
2025-08-14;Левітана;самовывоз;10;29.0
2025-08-15;Лазарева;Glovo;28;63.0
2025-08-15;Лазарева;доставка;57;237.0
2025-08-15;Лазарева;самовывоз;19;41.0
2025-08-15;Левітана;Glovo;31;73.0
2025-08-15;Левітана;доставка;46;184.0
2025-08-15;Левітана;самовывоз;13;27.0
2025-08-16;Лазарева;Glovo;21;76.0
2025-08-16;Лазарева;доставка;48;225.0
2025-08-16;Лазарева;самовывоз;9;26.0
2025-08-16;Левітана;Glovo;23;69.0
2025-08-16;Левітана;доставка;61;227.0
2025-08-16;Левітана;самовывоз;13;23.0
2025-08-17;Лазарева;Glovo;34;106.0
2025-08-17;Лазарева;доставка;51;232.0
2025-08-17;Лазарева;самовывоз;6;12.0
2025-08-17;Левітана;Glovo;49;140.0
2025-08-17;Левітана;доставка;48;176.0
2025-08-17;Левітана;самовывоз;5;23.0
2025-08-18;Лазарева;Glovo;28;83.0
2025-08-18;Лазарева;доставка;35;124.0
2025-08-18;Лазарева;самовывоз;11;17.0
2025-08-18;Левітана;Glovo;24;59.0
2025-08-18;Левітана;доставка;48;184.0
2025-08-18;Левітана;самовывоз;14;35.0
2025-08-19;Лазарева;Glovo;12;38.0
2025-08-19;Лазарева;доставка;34;131.0
2025-08-19;Лазарева;самовывоз;8;16.0
2025-08-19;Левітана;Glovo;24;67.0
2025-08-19;Левітана;доставка;53;220.0
2025-08-19;Левітана;самовывоз;14;35.0
2025-08-20;Лазарева;Glovo;18;50.0
2025-08-20;Лазарева;доставка;47;318.0
2025-08-20;Лазарева;самовывоз;9;21.0
2025-08-20;Левітана;Glovo;31;92.0
2025-08-20;Левітана;доставка;38;151.0
2025-08-20;Левітана;самовывоз;3;9.0
2025-08-21;Лазарева;Glovo;18;57.0
2025-08-21;Лазарева;доставка;27;119.0
2025-08-21;Лазарева;самовывоз;9;18.0
2025-08-21;Левітана;Glovo;22;64.0
2025-08-21;Левітана;доставка;48;177.0
2025-08-21;Левітана;самовывоз;11;29.0
2025-08-22;Лазарева;Glovo;17;45.0
2025-08-22;Лазарева;доставка;58;259.0
2025-08-22;Лазарева;самовывоз;9;19.0
2025-08-22;Левітана;Glovo;40;117.0
2025-08-22;Левітана;доставка;53;214.0
2025-08-22;Левітана;самовывоз;9;24.0
2025-08-23;Лазарева;Glovo;22;60.0
2025-08-23;Лазарева;доставка;45;200.0
2025-08-23;Лазарева;самовывоз;12;32.0
2025-08-23;Левітана;Glovo;32;82.0
2025-08-23;Левітана;доставка;60;245.0
2025-08-23;Левітана;самовывоз;12;52.0
2025-08-24;Лазарева;Glovo;37;110.0
2025-08-24;Лазарева;доставка;48;180.0
2025-08-24;Лазарева;самовывоз;13;29.0
2025-08-24;Левітана;Glovo;40;112.0
2025-08-24;Левітана;доставка;53;205.0
2025-08-24;Левітана;самовывоз;13;45.0
2025-08-25;Лазарева;Glovo;17;46.0
2025-08-25;Лазарева;доставка;32;142.0
2025-08-25;Лазарева;самовывоз;10;25.0
2025-08-25;Левітана;Glovo;32;98.0
2025-08-25;Левітана;доставка;45;196.0
2025-08-25;Левітана;самовывоз;6;7.0
2025-08-26;Лазарева;Glovo;17;49.0
2025-08-26;Лазарева;доставка;24;89.0
2025-08-26;Лазарева;самовывоз;15;35.0
2025-08-26;Левітана;Glovo;18;57.0
2025-08-26;Левітана;доставка;43;191.0
2025-08-26;Левітана;самовывоз;12;40.0
2025-08-27;Лазарева;Glovo;12;40.0
2025-08-27;Лазарева;доставка;44;210.0
2025-08-27;Лазарева;самовывоз;10;25.0
2025-08-27;Левітана;Glovo;19;73.0
2025-08-27;Левітана;доставка;32;174.0
2025-08-27;Левітана;самовывоз;11;29.0
2025-08-28;Лазарева;Glovo;13;43.0
2025-08-28;Лазарева;доставка;38;144.0
2025-08-28;Лазарева;самовывоз;14;48.0
2025-08-28;Левітана;Glovo;16;43.0
2025-08-28;Левітана;доставка;29;127.0
2025-08-28;Левітана;самовывоз;11;27.0
2025-08-29;Лазарева;Glovo;28;96.0
2025-08-29;Лазарева;доставка;46;199.0
2025-08-29;Лазарева;самовывоз;14;30.0
2025-08-29;Левітана;Glovo;28;85.0
2025-08-29;Левітана;доставка;67;261.0
2025-08-29;Левітана;самовывоз;10;42.0
2025-08-30;Лазарева;Glovo;28;71.0
2025-08-30;Лазарева;доставка;50;238.0
2025-08-30;Лазарева;самовывоз;8;23.0
2025-08-30;Левітана;Glovo;22;60.0
2025-08-30;Левітана;доставка;47;185.0
2025-08-30;Левітана;самовывоз;9;37.0
2025-08-31;Лазарева;Glovo;29;92.0
2025-08-31;Лазарева;доставка;42;169.0
2025-08-31;Лазарева;самовывоз;9;22.0
2025-08-31;Левітана;Glovo;32;74.0
2025-08-31;Левітана;доставка;49;182.0
2025-08-31;Левітана;самовывоз;10;21.0
2025-09-01;Лазарева;Glovo;36;95.0
2025-09-01;Лазарева;доставка;58;230.0
2025-09-01;Лазарева;самовывоз;13;34.0
2025-09-01;Левітана;Glovo;29;81.0
2025-09-01;Левітана;доставка;38;155.0
2025-09-01;Левітана;самовывоз;17;47.0
2025-09-02;Лазарева;Glovo;22;62.0
2025-09-02;Лазарева;доставка;21;70.0
2025-09-02;Лазарева;самовывоз;9;25.0
2025-09-02;Левітана;Glovo;23;51.0
2025-09-02;Левітана;доставка;32;110.0
2025-09-02;Левітана;самовывоз;5;18.0
2025-09-03;Лазарева;Glovo;18;59.0
2025-09-03;Лазарева;доставка;28;114.0
2025-09-03;Лазарева;самовывоз;10;19.0
2025-09-03;Левітана;Glovo;11;35.0
2025-09-03;Левітана;доставка;28;108.0
2025-09-03;Левітана;самовывоз;13;33.0
2025-09-04;Лазарева;Glovo;11;31.0
2025-09-04;Лазарева;доставка;37;153.0
2025-09-04;Лазарева;самовывоз;8;16.0
2025-09-04;Левітана;Glovo;34;84.0
2025-09-04;Левітана;доставка;30;112.0
2025-09-04;Левітана;самовывоз;8;17.0
2025-09-05;Лазарева;Glovo;19;49.0
2025-09-05;Лазарева;доставка;56;225.0
2025-09-05;Лазарева;самовывоз;10;26.0
2025-09-05;Левітана;Glovo;16;44.0
2025-09-05;Левітана;доставка;46;194.0
2025-09-05;Левітана;самовывоз;18;85.0
2025-09-06;Лазарева;Glovo;24;75.0
2025-09-06;Лазарева;доставка;50;206.0
2025-09-06;Лазарева;самовывоз;13;35.0
2025-09-06;Левітана;Glovo;22;71.0
2025-09-06;Левітана;доставка;58;209.0
2025-09-06;Левітана;самовывоз;12;37.0
2025-09-07;Лазарева;Glovo;13;41.0
2025-09-07;Лазарева;доставка;46;205.0
2025-09-07;Лазарева;самовывоз;7;32.0
2025-09-07;Левітана;Glovo;30;80.0
2025-09-07;Левітана;доставка;69;270.0
2025-09-07;Левітана;самовывоз;8;29.0
2025-09-08;Лазарева;Glovo;13;36.0
2025-09-08;Лазарева;доставка;36;134.0
2025-09-08;Лазарева;самовывоз;17;32.0
2025-09-08;Левітана;Glovo;20;51.0
2025-09-08;Левітана;доставка;27;126.0
2025-09-08;Левітана;самовывоз;9;28.0
2025-09-09;Лазарева;Glovo;16;41.0
2025-09-09;Лазарева;доставка;27;106.0
2025-09-09;Лазарева;самовывоз;12;29.0
2025-09-09;Левітана;Glovo;20;60.0
2025-09-09;Левітана;доставка;40;160.0
2025-09-09;Левітана;самовывоз;2;3.0
2025-09-10;Лазарева;Glovo;18;61.0
2025-09-10;Лазарева;доставка;45;199.0
2025-09-10;Лазарева;самовывоз;14;57.0
2025-09-10;Левітана;Glovo;20;67.0
2025-09-10;Левітана;доставка;27;140.0
2025-09-10;Левітана;самовывоз;10;33.0
2025-09-11;Лазарева;Glovo;12;23.0
2025-09-11;Лазарева;доставка;36;160.0
2025-09-11;Лазарева;самовывоз;20;61.0
2025-09-11;Левітана;Glovo;20;54.0
2025-09-11;Левітана;доставка;40;162.0
2025-09-11;Левітана;самовывоз;7;17.0
2025-09-12;Лазарева;Glovo;14;37.0
2025-09-12;Лазарева;доставка;45;564.0
2025-09-12;Лазарева;самовывоз;14;35.0
2025-09-12;Левітана;Glovo;22;60.0
2025-09-12;Левітана;доставка;46;202.0
2025-09-12;Левітана;самовывоз;7;18.0
2025-09-13;Лазарева;Glovo;21;72.0
2025-09-13;Лазарева;доставка;34;140.0
2025-09-13;Лазарева;самовывоз;10;14.0
2025-09-13;Левітана;Glovo;19;56.0
2025-09-13;Левітана;доставка;63;281.0
2025-09-13;Левітана;самовывоз;13;34.0
2025-09-14;Лазарева;Glovo;21;56.0
2025-09-14;Лазарева;доставка;35;132.0
2025-09-14;Лазарева;самовывоз;6;16.0
2025-09-14;Левітана;Glovo;17;47.0
2025-09-14;Левітана;доставка;49;204.0
2025-09-14;Левітана;самовывоз;12;35.0
2025-09-15;Лазарева;Glovo;13;40.0
2025-09-15;Лазарева;доставка;26;90.0
2025-09-15;Лазарева;самовывоз;15;30.0
2025-09-15;Левітана;Glovo;19;47.0
2025-09-15;Левітана;доставка;32;121.0
2025-09-15;Левітана;самовывоз;4;7.0
2025-09-16;Лазарева;Glovo;18;43.0
2025-09-16;Лазарева;доставка;25;102.0
2025-09-16;Лазарева;самовывоз;10;27.0
2025-09-16;Левітана;Glovo;20;54.0
2025-09-16;Левітана;доставка;39;141.0
2025-09-16;Левітана;самовывоз;7;34.0
2025-09-17;Лазарева;Glovo;31;76.0
2025-09-17;Лазарева;доставка;39;166.0
2025-09-17;Лазарева;самовывоз;12;26.0
2025-09-17;Левітана;Glovo;17;40.0
2025-09-17;Левітана;доставка;47;163.0
2025-09-17;Левітана;самовывоз;10;21.0
2025-09-18;Лазарева;Glovo;19;53.0
2025-09-18;Лазарева;доставка;32;133.0
2025-09-18;Лазарева;самовывоз;16;41.0
2025-09-18;Левітана;Glovo;22;78.0
2025-09-18;Левітана;доставка;35;131.0
2025-09-18;Левітана;самовывоз;7;24.0
2025-09-19;Лазарева;Glovo;12;33.0
2025-09-19;Лазарева;доставка;45;203.0
2025-09-19;Лазарева;самовывоз;15;28.0
2025-09-19;Левітана;Glovo;19;57.0
2025-09-19;Левітана;доставка;41;165.0
2025-09-19;Левітана;самовывоз;9;26.0
2025-09-20;Лазарева;Glovo;12;32.0
2025-09-20;Лазарева;доставка;46;193.0
2025-09-20;Лазарева;самовывоз;12;29.0
2025-09-20;Левітана;Glovo;13;45.0
2025-09-20;Левітана;доставка;48;531.0
2025-09-20;Левітана;самовывоз;12;32.0
2025-09-21;Лазарева;Glovo;21;46.0
2025-09-21;Лазарева;доставка;40;160.0
2025-09-21;Лазарева;самовывоз;11;36.0
2025-09-21;Левітана;Glovo;19;54.0
2025-09-21;Левітана;доставка;42;182.0
2025-09-21;Левітана;самовывоз;6;14.0
2025-09-22;Лазарева;Glovo;16;49.0
2025-09-22;Лазарева;доставка;29;130.0
2025-09-22;Лазарева;самовывоз;7;19.0
2025-09-22;Левітана;Glovo;15;44.0
2025-09-22;Левітана;доставка;29;119.0
2025-09-22;Левітана;самовывоз;11;20.0
2025-09-23;Лазарева;Glovo;12;36.0
2025-09-23;Лазарева;доставка;26;101.0
2025-09-23;Лазарева;самовывоз;15;33.0
2025-09-23;Левітана;Glovo;15;37.0
2025-09-23;Левітана;доставка;28;116.0
2025-09-23;Левітана;самовывоз;5;8.0
2025-09-24;Лазарева;Glovo;13;35.0
2025-09-24;Лазарева;доставка;28;116.0
2025-09-24;Лазарева;самовывоз;11;21.0
2025-09-24;Левітана;Glovo;17;49.0
2025-09-24;Левітана;доставка;22;90.0
2025-09-24;Левітана;самовывоз;6;17.0
2025-09-25;Лазарева;Glovo;9;23.0
2025-09-25;Лазарева;доставка;35;131.0
2025-09-25;Лазарева;самовывоз;10;18.0
2025-09-25;Левітана;Glovo;14;45.0
2025-09-25;Левітана;доставка;27;115.0
2025-09-25;Левітана;самовывоз;12;58.0
2025-09-26;Лазарева;Glovo;14;44.0
2025-09-26;Лазарева;доставка;44;214.0
2025-09-26;Лазарева;самовывоз;13;35.0
2025-09-26;Левітана;Glovo;19;59.0
2025-09-26;Левітана;доставка;47;186.0
2025-09-26;Левітана;самовывоз;17;53.0
2025-09-27;Лазарева;Glovo;17;48.0
2025-09-27;Лазарева;доставка;48;189.0
2025-09-27;Лазарева;самовывоз;15;41.0
2025-09-27;Левітана;Glovo;17;55.0
2025-09-27;Левітана;доставка;64;312.0
2025-09-27;Левітана;самовывоз;14;49.0
2025-09-28;Лазарева;Glovo;18;50.0
2025-09-28;Лазарева;доставка;27;133.0
2025-09-28;Лазарева;самовывоз;17;47.0
2025-09-28;Левітана;Glovo;20;60.0
2025-09-28;Левітана;доставка;43;186.0
2025-09-28;Левітана;самовывоз;11;29.0
2025-09-29;Лазарева;Glovo;12;30.0
2025-09-29;Лазарева;доставка;25;92.0
2025-09-29;Лазарева;самовывоз;7;14.0
2025-09-29;Левітана;Glovo;15;37.0
2025-09-29;Левітана;доставка;33;116.0
2025-09-29;Левітана;самовывоз;3;4.0
2025-09-30;Лазарева;Glovo;5;17.0
2025-09-30;Лазарева;доставка;13;49.0
2025-09-30;Лазарева;самовывоз;4;18.0
2025-09-30;Левітана;Glovo;1;1.0
2025-09-30;Левітана;доставка;8;24.0
2025-09-30;Левітана;самовывоз;6;148.0
2025-10-01;Лазарева;Glovo;22;61.0
2025-10-01;Лазарева;доставка;42;212.0
2025-10-01;Лазарева;самовывоз;8;29.0
2025-10-01;Левітана;Glovo;7;29.0
2025-10-01;Левітана;доставка;55;478.0
2025-10-01;Левітана;самовывоз;15;56.0
2025-10-02;Лазарева;Glovo;21;59.0
2025-10-02;Лазарева;доставка;33;137.0
2025-10-02;Лазарева;самовывоз;16;48.0
2025-10-02;Левітана;Glovo;12;29.0
2025-10-02;Левітана;доставка;34;131.0
2025-10-02;Левітана;самовывоз;6;28.0
2025-10-03;Лазарева;Glovo;15;40.0
2025-10-03;Лазарева;доставка;54;247.0
2025-10-03;Лазарева;самовывоз;22;51.0
2025-10-03;Левітана;Glovo;18;51.0
2025-10-03;Левітана;доставка;42;178.0
2025-10-03;Левітана;самовывоз;11;34.0
2025-10-04;Лазарева;Glovo;22;49.0
2025-10-04;Лазарева;доставка;46;174.0
2025-10-04;Лазарева;самовывоз;3;20.0
2025-10-04;Левітана;Glovo;25;61.0
2025-10-04;Левітана;доставка;54;263.7
2025-10-04;Левітана;самовывоз;17;61.0
2025-10-05;Лазарева;Glovo;16;58.0
2025-10-05;Лазарева;доставка;44;204.0
2025-10-05;Лазарева;самовывоз;8;28.0
2025-10-05;Левітана;Glovo;16;36.0
2025-10-05;Левітана;доставка;47;213.0
2025-10-05;Левітана;самовывоз;3;7.0
2025-10-06;Лазарева;Glovo;10;36.0
2025-10-06;Лазарева;доставка;21;117.0
2025-10-06;Лазарева;самовывоз;14;34.0
2025-10-06;Левітана;Glovo;10;33.0
2025-10-06;Левітана;доставка;28;103.0
2025-10-06;Левітана;самовывоз;4;16.0
2025-10-07;Лазарева;Glovo;9;32.0
2025-10-07;Лазарева;доставка;35;143.0
2025-10-07;Лазарева;самовывоз;10;27.0
2025-10-07;Левітана;Glovo;17;44.0
2025-10-07;Левітана;доставка;31;125.0
2025-10-07;Левітана;самовывоз;3;19.0
2025-10-08;Лазарева;Glovo;12;39.0
2025-10-08;Лазарева;доставка;36;175.3
2025-10-08;Лазарева;самовывоз;10;28.0
2025-10-08;Левітана;Glovo;11;27.0
2025-10-08;Левітана;доставка;40;166.0
2025-10-08;Левітана;самовывоз;8;27.0
2025-10-09;Лазарева;Glovo;11;32.0
2025-10-09;Лазарева;доставка;25;131.0
2025-10-09;Лазарева;самовывоз;17;37.0
2025-10-09;Левітана;Glovo;13;29.0
2025-10-09;Левітана;доставка;27;113.0
2025-10-09;Левітана;самовывоз;3;6.0
2025-10-10;Лазарева;Glovo;16;73.0
2025-10-10;Лазарева;доставка;56;239.0
2025-10-10;Лазарева;самовывоз;17;43.0
2025-10-10;Левітана;Glovo;15;39.0
2025-10-10;Левітана;доставка;45;206.0
2025-10-10;Левітана;самовывоз;10;21.0
2025-10-11;Лазарева;Glovo;13;38.0
2025-10-11;Лазарева;доставка;48;212.0
2025-10-11;Лазарева;самовывоз;13;34.0
2025-10-11;Левітана;Glovo;19;50.0
2025-10-11;Левітана;доставка;45;381.0
2025-10-11;Левітана;самовывоз;12;48.0
2025-10-12;Лазарева;Glovo;16;41.0
2025-10-12;Лазарева;доставка;31;127.0
2025-10-12;Лазарева;самовывоз;6;11.0
2025-10-12;Левітана;Glovo;12;37.0
2025-10-12;Левітана;доставка;52;218.0
2025-10-12;Левітана;самовывоз;10;43.0
2025-10-13;Лазарева;Glovo;9;24.0
2025-10-13;Лазарева;доставка;32;137.0
2025-10-13;Лазарева;самовывоз;18;43.0
2025-10-13;Левітана;Glovo;14;40.0
2025-10-13;Левітана;доставка;29;118.0
2025-10-13;Левітана;самовывоз;4;8.0
2025-10-14;Лазарева;Glovo;13;39.0
2025-10-14;Лазарева;доставка;35;134.0
2025-10-14;Лазарева;самовывоз;9;23.0
2025-10-14;Левітана;Glovo;12;43.0
2025-10-14;Левітана;доставка;24;105.0
2025-10-14;Левітана;самовывоз;7;16.0
2025-10-15;Лазарева;Glovo;13;34.0
2025-10-15;Лазарева;доставка;37;158.0
2025-10-15;Лазарева;самовывоз;10;18.0
2025-10-15;Левітана;Glovo;18;54.0
2025-10-15;Левітана;доставка;31;126.0
2025-10-15;Левітана;самовывоз;3;6.0
2025-10-16;Лазарева;Glovo;15;35.0
2025-10-16;Лазарева;доставка;34;147.0
2025-10-16;Лазарева;самовывоз;13;50.0
2025-10-16;Левітана;Glovo;15;43.0
2025-10-16;Левітана;доставка;31;124.0
2025-10-16;Левітана;самовывоз;6;13.0
2025-10-17;Лазарева;Glovo;19;49.0
2025-10-17;Лазарева;доставка;45;197.0
2025-10-17;Лазарева;самовывоз;20;64.0
2025-10-17;Левітана;Glovo;18;46.0
2025-10-17;Левітана;доставка;45;191.0
2025-10-17;Левітана;самовывоз;11;23.0
2025-10-18;Лазарева;Glovo;22;63.0
2025-10-18;Лазарева;доставка;51;214.0
2025-10-18;Лазарева;самовывоз;6;14.0
2025-10-18;Левітана;Glovo;24;69.0
2025-10-18;Левітана;доставка;45;204.0
2025-10-18;Левітана;самовывоз;14;44.0
2025-10-19;Лазарева;Glovo;11;28.0
2025-10-19;Лазарева;доставка;28;109.0
2025-10-19;Лазарева;самовывоз;12;25.0
2025-10-19;Левітана;Glovo;14;40.0
2025-10-19;Левітана;доставка;54;243.0
2025-10-19;Левітана;самовывоз;8;29.0
2025-10-20;Лазарева;Glovo;16;49.0
2025-10-20;Лазарева;доставка;25;99.0
2025-10-20;Лазарева;самовывоз;14;36.0
2025-10-20;Левітана;Glovo;23;55.0
2025-10-20;Левітана;доставка;26;101.0
2025-10-20;Левітана;самовывоз;8;26.0
2025-10-21;Лазарева;Glovo;8;26.0
2025-10-21;Лазарева;доставка;33;118.0
2025-10-21;Лазарева;самовывоз;14;34.0
2025-10-21;Левітана;Glovo;14;35.0
2025-10-21;Левітана;доставка;24;88.0
2025-10-21;Левітана;самовывоз;5;12.0
2025-10-22;Лазарева;Glovo;8;26.0
2025-10-22;Лазарева;доставка;41;178.0
2025-10-22;Лазарева;самовывоз;10;36.0
2025-10-22;Левітана;Glovo;14;49.0
2025-10-22;Левітана;доставка;34;126.0
2025-10-22;Левітана;самовывоз;6;15.0
2025-10-23;Лазарева;Glovo;20;69.0
2025-10-23;Лазарева;доставка;38;179.0
2025-10-23;Лазарева;самовывоз;12;30.0
2025-10-23;Левітана;Glovo;16;52.0
2025-10-23;Левітана;доставка;37;144.0
2025-10-23;Левітана;самовывоз;11;24.0
2025-10-24;Лазарева;Glovo;13;37.0
2025-10-24;Лазарева;доставка;66;304.0
2025-10-24;Лазарева;самовывоз;12;28.0
2025-10-24;Левітана;Glovo;15;53.0
2025-10-24;Левітана;доставка;43;191.0
2025-10-24;Левітана;самовывоз;17;44.0
2025-10-25;Лазарева;Glovo;20;65.0
2025-10-25;Лазарева;доставка;47;233.0
2025-10-25;Лазарева;самовывоз;9;25.0
2025-10-25;Левітана;Glovo;19;56.0
2025-10-25;Левітана;доставка;51;225.0
2025-10-25;Левітана;самовывоз;10;30.0
2025-10-26;Лазарева;Glovo;6;17.0
2025-10-26;Лазарева;доставка;41;199.0
2025-10-26;Лазарева;самовывоз;14;43.0
2025-10-26;Левітана;Glovo;8;24.0
2025-10-26;Левітана;доставка;53;220.0
2025-10-26;Левітана;самовывоз;13;45.0
2025-10-27;Лазарева;Glovo;10;32.0
2025-10-27;Лазарева;доставка;32;148.0
2025-10-27;Лазарева;самовывоз;10;28.0
2025-10-27;Левітана;Glovo;15;44.0
2025-10-27;Левітана;доставка;23;88.0
2025-10-27;Левітана;самовывоз;5;20.0
2025-10-28;Лазарева;Glovo;9;27.0
2025-10-28;Лазарева;доставка;31;112.0
2025-10-28;Лазарева;самовывоз;8;20.0
2025-10-28;Левітана;Glovo;15;44.0
2025-10-28;Левітана;доставка;36;136.0
2025-10-28;Левітана;самовывоз;6;15.0
2025-10-29;Лазарева;Glovo;8;19.0
2025-10-29;Лазарева;доставка;25;104.0
2025-10-29;Лазарева;самовывоз;3;8.0
2025-10-29;Левітана;Glovo;14;42.0
2025-10-29;Левітана;доставка;27;101.0
2025-10-29;Левітана;самовывоз;6;20.0
2025-10-30;Лазарева;Glovo;10;31.0
2025-10-30;Лазарева;доставка;26;87.0
2025-10-30;Лазарева;самовывоз;7;11.0
2025-10-30;Левітана;Glovo;17;40.0
2025-10-30;Левітана;доставка;33;130.0
2025-10-30;Левітана;самовывоз;7;25.0
2025-10-31;Лазарева;Glovo;14;46.0
2025-10-31;Лазарева;доставка;54;222.0
2025-10-31;Лазарева;самовывоз;8;22.0
2025-10-31;Левітана;Glovo;13;43.0
2025-10-31;Левітана;доставка;64;279.0
2025-10-31;Левітана;самовывоз;19;60.0
2025-11-01;Лазарева;Glovo;24;71.0
2025-11-01;Лазарева;доставка;33;152.0
2025-11-01;Лазарева;самовывоз;8;28.0
2025-11-01;Левітана;Glovo;22;72.0
2025-11-01;Левітана;доставка;51;198.0
2025-11-01;Левітана;самовывоз;8;21.0
2025-11-02;Лазарева;Glovo;13;39.0
2025-11-02;Лазарева;доставка;39;188.0
2025-11-02;Лазарева;самовывоз;10;28.0
2025-11-02;Левітана;Glovo;16;44.0
2025-11-02;Левітана;доставка;35;158.0
2025-11-02;Левітана;самовывоз;10;34.0
2025-11-03;Лазарева;Glovo;12;32.0
2025-11-03;Лазарева;доставка;35;123.0
2025-11-03;Лазарева;самовывоз;15;41.0
2025-11-03;Левітана;Glovo;19;51.0
2025-11-03;Левітана;доставка;31;254.7
2025-11-03;Левітана;самовывоз;7;13.0
2025-11-04;Лазарева;Glovo;10;23.0
2025-11-04;Лазарева;доставка;31;120.0
2025-11-04;Лазарева;самовывоз;10;18.0
2025-11-04;Левітана;Glovo;12;31.0
2025-11-04;Левітана;доставка;27;93.0
2025-11-04;Левітана;самовывоз;13;23.0
2025-11-05;Лазарева;Glovo;12;41.0
2025-11-05;Лазарева;доставка;37;169.0
2025-11-05;Лазарева;самовывоз;13;21.0
2025-11-05;Левітана;Glovo;11;27.0
2025-11-05;Левітана;доставка;42;143.0
2025-11-05;Левітана;самовывоз;10;17.0
2025-11-06;Лазарева;Glovo;13;42.0
2025-11-06;Лазарева;доставка;28;151.0
2025-11-06;Лазарева;самовывоз;8;22.0
2025-11-06;Левітана;Glovo;10;32.0
2025-11-06;Левітана;доставка;37;140.0
2025-11-06;Левітана;самовывоз;7;19.0
2025-11-07;Лазарева;Glovo;8;25.0
2025-11-07;Лазарева;доставка;53;234.0
2025-11-07;Лазарева;самовывоз;15;47.0
2025-11-07;Левітана;Glovo;16;45.0
2025-11-07;Левітана;доставка;45;237.0
2025-11-07;Левітана;самовывоз;11;27.0
2025-11-08;Лазарева;Glovo;18;53.0
2025-11-08;Лазарева;доставка;47;239.0
2025-11-08;Лазарева;самовывоз;14;33.0
2025-11-08;Левітана;Glovo;24;81.0
2025-11-08;Левітана;доставка;61;296.0
2025-11-08;Левітана;самовывоз;14;47.0
2025-11-09;Лазарева;Glovo;16;47.0
2025-11-09;Лазарева;доставка;42;159.0
2025-11-09;Лазарева;самовывоз;8;19.0
2025-11-09;Левітана;Glovo;12;33.0
2025-11-09;Левітана;доставка;26;117.0
2025-11-09;Левітана;самовывоз;8;24.0
2025-11-10;Лазарева;Glovo;8;27.0
2025-11-10;Лазарева;доставка;27;131.0
2025-11-10;Лазарева;самовывоз;12;30.0
2025-11-10;Левітана;Glovo;11;25.0
2025-11-10;Левітана;доставка;27;350.0
2025-11-10;Левітана;самовывоз;5;175.0
2025-11-11;Левітана;Glovo;17;48.0
2025-11-11;Левітана;доставка;61;252.0
2025-11-11;Левітана;самовывоз;9;25.0
2025-11-12;Левітана;Glovo;20;70.0
2025-11-12;Левітана;доставка;63;273.0
2025-11-12;Левітана;самовывоз;7;21.0
2025-11-13;Левітана;Glovo;37;110.0
2025-11-13;Левітана;доставка;53;207.0
2025-11-13;Левітана;самовывоз;7;17.0
2025-11-14;Левітана;Glovo;22;64.0
2025-11-14;Левітана;доставка;91;424.0
2025-11-14;Левітана;самовывоз;11;29.0
2025-11-15;Левітана;Glovo;16;47.0
2025-11-15;Левітана;доставка;82;377.0
2025-11-15;Левітана;самовывоз;10;37.0
2025-11-16;Левітана;Glovo;33;89.0
2025-11-16;Левітана;доставка;84;405.0
2025-11-16;Левітана;самовывоз;12;31.0
2025-11-17;Левітана;Glovo;19;50.0
2025-11-17;Левітана;доставка;46;172.0
2025-11-17;Левітана;самовывоз;3;14.0
2025-11-18;Лазарева;Glovo;5;15.0
2025-11-18;Лазарева;доставка;19;87.0
2025-11-18;Лазарева;самовывоз;5;19.0
2025-11-18;Левітана;Glovo;13;41.0
2025-11-18;Левітана;доставка;34;147.0
2025-11-18;Левітана;самовывоз;6;16.0
2025-11-19;Лазарева;Glovo;17;41.0
2025-11-19;Лазарева;доставка;32;155.0
2025-11-19;Лазарева;самовывоз;15;47.0
2025-11-19;Левітана;Glovo;10;28.0
2025-11-19;Левітана;доставка;38;151.0
2025-11-19;Левітана;самовывоз;6;19.0
2025-11-20;Лазарева;Glovo;21;56.0
2025-11-20;Лазарева;доставка;23;90.0
2025-11-20;Лазарева;самовывоз;9;22.0
2025-11-20;Левітана;Glovo;13;37.0
2025-11-20;Левітана;доставка;22;96.0
2025-11-20;Левітана;самовывоз;9;22.0
2025-11-21;Лазарева;Glovo;13;28.0
2025-11-21;Лазарева;доставка;42;191.0
2025-11-21;Лазарева;самовывоз;14;51.0
2025-11-21;Левітана;Glovo;17;64.0
2025-11-21;Левітана;доставка;49;197.0
2025-11-21;Левітана;самовывоз;10;35.0
2025-11-22;Лазарева;Glovo;24;86.0
2025-11-22;Лазарева;доставка;48;209.0
2025-11-22;Лазарева;самовывоз;10;22.0
2025-11-22;Левітана;Glovo;17;68.0
2025-11-22;Левітана;доставка;47;224.0
2025-11-22;Левітана;самовывоз;17;66.0
2025-11-23;Лазарева;Glovo;19;70.0
2025-11-23;Лазарева;доставка;38;187.0
2025-11-23;Лазарева;самовывоз;9;22.0
2025-11-23;Левітана;Glovo;25;63.0
2025-11-23;Левітана;доставка;44;177.0
2025-11-23;Левітана;самовывоз;9;29.0
2025-11-24;Лазарева;Glovo;14;43.0
2025-11-24;Лазарева;доставка;24;93.0
2025-11-24;Лазарева;самовывоз;12;31.0
2025-11-24;Левітана;Glovo;10;21.0
2025-11-24;Левітана;доставка;28;109.0
2025-11-24;Левітана;самовывоз;10;19.0
2025-11-25;Лазарева;Glovo;16;36.0
2025-11-25;Лазарева;доставка;39;203.0
2025-11-25;Лазарева;самовывоз;16;52.0
2025-11-25;Левітана;Glovo;12;36.0
2025-11-25;Левітана;доставка;34;143.5
2025-11-25;Левітана;самовывоз;10;27.0
2025-11-26;Лазарева;Glovo;10;24.0
2025-11-26;Лазарева;доставка;28;332.0
2025-11-26;Лазарева;самовывоз;20;44.0
2025-11-26;Левітана;Glovo;11;40.0
2025-11-26;Левітана;доставка;31;129.0
2025-11-26;Левітана;самовывоз;12;23.0
2025-11-27;Лазарева;Glovo;13;40.0
2025-11-27;Лазарева;доставка;28;133.0
2025-11-27;Лазарева;самовывоз;13;36.0
2025-11-27;Левітана;Glovo;12;46.0
2025-11-27;Левітана;доставка;35;154.0
2025-11-27;Левітана;самовывоз;10;31.0
2025-11-28;Лазарева;Glovo;10;18.0
2025-11-28;Лазарева;доставка;62;269.0
2025-11-28;Лазарева;самовывоз;21;67.0
2025-11-28;Левітана;Glovo;18;75.0
2025-11-28;Левітана;доставка;75;328.0
2025-11-28;Левітана;самовывоз;16;50.0
2025-11-29;Лазарева;Glovo;8;27.0
2025-11-29;Лазарева;доставка;55;270.0
2025-11-29;Лазарева;самовывоз;5;18.0
2025-11-29;Левітана;Glovo;21;69.0
2025-11-29;Левітана;доставка;57;272.0
2025-11-29;Левітана;самовывоз;17;86.0
2025-11-30;Лазарева;Glovo;9;21.0
2025-11-30;Лазарева;доставка;44;200.0
2025-11-30;Лазарева;самовывоз;6;22.0
2025-11-30;Левітана;Glovo;8;25.0
2025-11-30;Левітана;доставка;59;239.0
2025-11-30;Левітана;самовывоз;15;54.0
2025-12-01;Лазарева;Glovo;8;37.0
2025-12-01;Лазарева;доставка;29;122.0
2025-12-01;Лазарева;самовывоз;12;27.36
2025-12-01;Левітана;Glovo;1;2.0
2025-12-01;Левітана;доставка;29;97.0
2025-12-01;Левітана;самовывоз;6;20.0
2025-12-02;Лазарева;Glovo;7;15.0
2025-12-02;Лазарева;доставка;26;122.0
2025-12-02;Лазарева;самовывоз;12;32.0
2025-12-02;Левітана;Glovo;12;42.0
2025-12-02;Левітана;доставка;34;143.0
2025-12-02;Левітана;самовывоз;9;18.0
2025-12-03;Лазарева;Glovo;7;17.0
2025-12-03;Лазарева;доставка;28;146.0
2025-12-03;Лазарева;самовывоз;6;23.0
2025-12-03;Левітана;Glovo;6;16.0
2025-12-03;Левітана;доставка;36;142.0
2025-12-03;Левітана;самовывоз;6;10.0
2025-12-04;Лазарева;Glovo;8;19.0
2025-12-04;Лазарева;доставка;29;130.0
2025-12-04;Лазарева;самовывоз;15;40.0
2025-12-04;Левітана;Glovo;12;30.0
2025-12-04;Левітана;доставка;25;90.0
2025-12-04;Левітана;самовывоз;7;17.0
2025-12-05;Лазарева;Glovo;13;40.0
2025-12-05;Лазарева;доставка;47;251.0
2025-12-05;Лазарева;самовывоз;18;52.0
2025-12-05;Левітана;Glovo;14;40.0
2025-12-05;Левітана;доставка;69;343.0
2025-12-05;Левітана;самовывоз;10;39.0
2025-12-06;Лазарева;Glovo;12;32.0
2025-12-06;Лазарева;доставка;63;289.0
2025-12-06;Лазарева;самовывоз;5;22.0
2025-12-06;Левітана;Glovo;25;70.0
2025-12-06;Левітана;доставка;75;367.0
2025-12-06;Левітана;самовывоз;15;49.0
2025-12-07;Лазарева;Glovo;7;30.0
2025-12-07;Лазарева;доставка;38;176.0
2025-12-07;Лазарева;самовывоз;11;24.0
2025-12-07;Левітана;Glovo;13;36.0
2025-12-07;Левітана;доставка;53;214.0
2025-12-07;Левітана;самовывоз;8;31.0
2025-12-08;Лазарева;Glovo;6;14.0
2025-12-08;Лазарева;доставка;35;153.0
2025-12-08;Лазарева;самовывоз;10;20.0
2025-12-08;Левітана;Glovo;9;20.0
2025-12-08;Левітана;доставка;28;844.0
2025-12-08;Левітана;самовывоз;3;11.0
2025-12-09;Лазарева;Glovo;9;23.0
2025-12-09;Лазарева;доставка;39;174.0
2025-12-09;Лазарева;самовывоз;11;32.0
2025-12-09;Левітана;Glovo;9;29.0
2025-12-09;Левітана;доставка;29;122.0
2025-12-09;Левітана;самовывоз;9;28.0
2025-12-10;Лазарева;Glovo;14;49.0
2025-12-10;Лазарева;доставка;37;156.0
2025-12-10;Лазарева;самовывоз;8;18.0
2025-12-10;Левітана;Glovo;7;25.0
2025-12-10;Левітана;доставка;28;110.0
2025-12-10;Левітана;самовывоз;6;12.0
2025-12-11;Лазарева;Glovo;12;32.0
2025-12-11;Лазарева;доставка;40;168.0
2025-12-11;Лазарева;самовывоз;6;22.0
2025-12-11;Левітана;Glovo;17;42.0
2025-12-11;Левітана;доставка;35;110.0
2025-12-11;Левітана;самовывоз;13;34.0
2025-12-12;Лазарева;Glovo;8;25.0
2025-12-12;Лазарева;доставка;56;246.0
2025-12-12;Лазарева;самовывоз;12;32.0
2025-12-12;Левітана;Glovo;16;38.0
2025-12-12;Левітана;доставка;48;217.0
2025-12-12;Левітана;самовывоз;14;80.0
2025-12-13;Лазарева;Glovo;11;37.0
2025-12-13;Лазарева;доставка;41;196.0
2025-12-13;Лазарева;самовывоз;10;31.0
2025-12-13;Левітана;Glovo;8;18.0
2025-12-13;Левітана;доставка;37;175.0
2025-12-13;Левітана;самовывоз;9;34.0
2025-12-14;Лазарева;Glovo;10;21.0
2025-12-14;Лазарева;доставка;45;193.0
2025-12-14;Лазарева;самовывоз;19;53.0
2025-12-14;Левітана;Glovo;13;51.0
2025-12-14;Левітана;доставка;38;171.0
2025-12-14;Левітана;самовывоз;10;25.0
2025-12-15;Лазарева;Glovo;38;100.0
2025-12-15;Лазарева;доставка;32;145.0
2025-12-15;Лазарева;самовывоз;9;22.0
2025-12-15;Левітана;Glovo;12;28.0
2025-12-15;Левітана;доставка;17;57.0
2025-12-15;Левітана;самовывоз;9;16.0
2025-12-16;Лазарева;Glovo;25;70.0
2025-12-16;Лазарева;доставка;46;180.0
2025-12-16;Лазарева;самовывоз;17;48.0
2025-12-16;Левітана;Glovo;18;46.0
2025-12-16;Левітана;доставка;33;134.0
2025-12-16;Левітана;самовывоз;9;20.0
2025-12-17;Лазарева;Glovo;19;46.0
2025-12-17;Лазарева;доставка;35;184.0
2025-12-17;Лазарева;самовывоз;21;59.0
2025-12-17;Левітана;Glovo;8;26.0
2025-12-17;Левітана;доставка;49;189.0
2025-12-17;Левітана;самовывоз;12;36.0
2025-12-18;Лазарева;Glovo;18;46.0
2025-12-18;Лазарева;доставка;32;132.0
2025-12-18;Лазарева;самовывоз;20;67.0
2025-12-18;Левітана;Glovo;23;54.0
2025-12-18;Левітана;доставка;30;109.0
2025-12-18;Левітана;самовывоз;13;47.0
2025-12-19;Лазарева;Glovo;12;34.0
2025-12-19;Лазарева;доставка;58;286.0
2025-12-19;Лазарева;самовывоз;17;56.0
2025-12-19;Левітана;Glovo;7;13.0
2025-12-19;Левітана;доставка;58;247.0
2025-12-19;Левітана;самовывоз;12;29.0
2025-12-20;Лазарева;Glovo;19;50.0
2025-12-20;Лазарева;доставка;49;226.0
2025-12-20;Лазарева;самовывоз;13;34.0
2025-12-20;Левітана;Glovo;11;29.0
2025-12-20;Левітана;доставка;49;234.0
2025-12-20;Левітана;самовывоз;17;69.0
2025-12-21;Лазарева;Glovo;7;18.0
2025-12-21;Лазарева;доставка;48;242.0
2025-12-21;Лазарева;самовывоз;16;64.0
2025-12-21;Левітана;Glovo;18;58.0
2025-12-21;Левітана;доставка;51;181.0
2025-12-21;Левітана;самовывоз;15;37.0
2025-12-22;Лазарева;Glovo;11;29.0
2025-12-22;Лазарева;доставка;32;137.0
2025-12-22;Лазарева;самовывоз;17;61.0
2025-12-22;Левітана;Glovo;11;25.0
2025-12-22;Левітана;доставка;32;128.0
2025-12-22;Левітана;самовывоз;5;14.0
2025-12-23;Лазарева;Glovo;11;34.0
2025-12-23;Лазарева;доставка;26;118.0
2025-12-23;Лазарева;самовывоз;15;47.0
2025-12-23;Левітана;Glovo;8;24.0
2025-12-23;Левітана;доставка;30;110.02
2025-12-23;Левітана;самовывоз;5;13.0
2025-12-24;Лазарева;Glovo;15;47.0
2025-12-24;Лазарева;доставка;34;144.0
2025-12-24;Лазарева;самовывоз;8;29.0
2025-12-24;Левітана;Glovo;15;43.0
2025-12-24;Левітана;доставка;34;279.0
2025-12-24;Левітана;самовывоз;8;470.0
2025-12-25;Лазарева;Glovo;13;32.0
2025-12-25;Лазарева;доставка;37;170.0
2025-12-25;Лазарева;самовывоз;9;23.0
2025-12-25;Левітана;Glovo;16;51.0
2025-12-25;Левітана;доставка;37;147.0
2025-12-25;Левітана;самовывоз;15;49.0
2025-12-26;Лазарева;Glovo;22;45.0
2025-12-26;Лазарева;доставка;42;227.0
2025-12-26;Лазарева;самовывоз;4;9.0
2025-12-26;Левітана;Glovo;12;33.0
2025-12-26;Левітана;доставка;51;212.0
2025-12-26;Левітана;самовывоз;14;46.0
2025-12-27;Лазарева;Glovo;18;59.0
2025-12-27;Лазарева;доставка;43;204.0
2025-12-27;Лазарева;самовывоз;3;14.0
2025-12-27;Левітана;Glovo;28;71.0
2025-12-27;Левітана;доставка;40;195.0
2025-12-27;Левітана;самовывоз;10;24.0
2025-12-28;Лазарева;Glovo;11;38.0
2025-12-28;Лазарева;доставка;42;185.0
2025-12-28;Лазарева;самовывоз;5;12.0
2025-12-28;Левітана;Glovo;20;75.0
2025-12-28;Левітана;доставка;39;172.0
2025-12-28;Левітана;самовывоз;11;26.0
2025-12-29;Лазарева;Glovo;17;54.0
2025-12-29;Лазарева;доставка;36;190.0
2025-12-29;Лазарева;самовывоз;12;36.0
2025-12-29;Левітана;Glovo;13;39.0
2025-12-29;Левітана;доставка;30;129.0
2025-12-29;Левітана;самовывоз;6;38.0
2025-12-30;Лазарева;Glovo;15;44.0
2025-12-30;Лазарева;доставка;34;185.0
2025-12-30;Лазарева;самовывоз;10;25.0
2025-12-30;Левітана;Glovo;16;40.0
2025-12-30;Левітана;доставка;28;130.0
2025-12-30;Левітана;самовывоз;12;32.0
2025-12-31;Лазарева;Glovo;13;47.0
2025-12-31;Лазарева;доставка;126;677.0
2025-12-31;Лазарева;самовывоз;11;46.0
2025-12-31;Левітана;Glovo;14;36.0
2025-12-31;Левітана;доставка;122;590.0
2025-12-31;Левітана;самовывоз;29;125.0
2026-01-01;Лазарева;Glovo;21;53.0
2026-01-01;Лазарева;доставка;30;143.0
2026-01-01;Лазарева;самовывоз;3;11.0
2026-01-01;Левітана;Glovo;28;65.0
2026-01-01;Левітана;доставка;22;103.0
2026-01-01;Левітана;самовывоз;2;19.0
2026-01-02;Лазарева;Glovo;13;34.0
2026-01-02;Лазарева;доставка;30;130.0
2026-01-02;Лазарева;самовывоз;14;37.0
2026-01-02;Левітана;Glovo;13;34.0
2026-01-02;Левітана;доставка;34;151.0
2026-01-02;Левітана;самовывоз;3;6.0
2026-01-03;Лазарева;Glovo;12;42.0
2026-01-03;Лазарева;доставка;33;160.0
2026-01-03;Лазарева;самовывоз;13;45.0
2026-01-03;Левітана;Glovo;9;32.0
2026-01-03;Левітана;доставка;45;176.0
2026-01-03;Левітана;самовывоз;5;45.0
2026-01-04;Лазарева;Glovo;10;27.0
2026-01-04;Лазарева;доставка;66;266.0
2026-01-04;Лазарева;самовывоз;16;48.0
2026-01-05;Лазарева;Glovo;7;25.0
2026-01-05;Лазарева;доставка;46;196.0
2026-01-05;Лазарева;самовывоз;16;50.0
2026-01-06;Лазарева;Glovo;11;45.0
2026-01-06;Лазарева;доставка;57;236.0
2026-01-06;Лазарева;самовывоз;5;13.0
2026-01-07;Лазарева;Glovo;19;63.0
2026-01-07;Лазарева;доставка;39;162.0
2026-01-07;Лазарева;самовывоз;6;13.0
2026-01-07;Левітана;Glovo;17;52.0
2026-01-07;Левітана;доставка;40;192.0
2026-01-07;Левітана;самовывоз;13;36.0
2026-01-08;Лазарева;Glovo;14;33.0
2026-01-08;Лазарева;доставка;39;192.0
2026-01-08;Лазарева;самовывоз;8;20.0
2026-01-08;Левітана;Glovo;18;56.0
2026-01-08;Левітана;доставка;50;188.0
2026-01-08;Левітана;самовывоз;9;31.0
2026-01-09;Лазарева;Glovo;14;41.0
2026-01-09;Лазарева;доставка;48;222.0
2026-01-09;Лазарева;самовывоз;11;29.0
2026-01-09;Левітана;Glovo;18;47.0
2026-01-09;Левітана;доставка;37;156.0
2026-01-09;Левітана;самовывоз;12;28.0
2026-01-10;Лазарева;Glovo;15;55.0
2026-01-10;Лазарева;доставка;49;246.0
2026-01-10;Лазарева;самовывоз;8;20.0
2026-01-10;Левітана;Glovo;24;70.0
2026-01-10;Левітана;доставка;45;188.0
2026-01-10;Левітана;самовывоз;9;43.0
2026-01-11;Лазарева;Glovo;9;26.0
2026-01-11;Лазарева;доставка;43;184.0
2026-01-11;Лазарева;самовывоз;5;15.0
2026-01-11;Левітана;Glovo;15;56.0
2026-01-11;Левітана;доставка;38;160.0
2026-01-11;Левітана;самовывоз;7;24.0
2026-01-12;Лазарева;Glovo;10;28.0
2026-01-12;Лазарева;доставка;31;136.0
2026-01-12;Лазарева;самовывоз;11;36.0
2026-01-12;Левітана;Glovo;11;37.0
2026-01-12;Левітана;доставка;29;114.0
2026-01-12;Левітана;самовывоз;5;11.0
2026-01-13;Лазарева;Glovo;8;16.0
2026-01-13;Лазарева;доставка;29;133.0
2026-01-13;Лазарева;самовывоз;8;24.0
2026-01-13;Левітана;Glovo;11;36.0
2026-01-13;Левітана;доставка;30;122.0
2026-01-13;Левітана;самовывоз;9;22.0
2026-01-14;Лазарева;Glovo;8;23.0
2026-01-14;Лазарева;доставка;28;108.0
2026-01-14;Лазарева;самовывоз;15;42.0
2026-01-14;Левітана;Glovo;13;32.0
2026-01-14;Левітана;доставка;38;136.0
2026-01-14;Левітана;самовывоз;7;22.0
2026-01-15;Лазарева;Glovo;13;31.0
2026-01-15;Лазарева;доставка;45;217.0
2026-01-15;Лазарева;самовывоз;9;73.0
2026-01-15;Левітана;Glovo;9;26.0
2026-01-15;Левітана;доставка;38;164.0
2026-01-15;Левітана;самовывоз;6;17.0
2026-01-16;Лазарева;Glovo;31;78.0
2026-01-16;Лазарева;доставка;41;161.0
2026-01-16;Лазарева;самовывоз;7;20.0
2026-01-16;Левітана;Glovo;23;72.0
2026-01-16;Левітана;доставка;54;392.0
2026-01-16;Левітана;самовывоз;13;41.0
2026-01-17;Лазарева;Glovo;19;44.0
2026-01-17;Лазарева;доставка;56;271.0
2026-01-17;Лазарева;самовывоз;11;38.0
2026-01-17;Левітана;Glovo;15;48.0
2026-01-17;Левітана;доставка;54;255.0
2026-01-17;Левітана;самовывоз;7;22.0
2026-01-18;Лазарева;Glovo;17;48.0
2026-01-18;Лазарева;доставка;30;149.0
2026-01-18;Лазарева;самовывоз;10;19.0
2026-01-18;Левітана;Glovo;19;67.0
2026-01-18;Левітана;доставка;56;239.0
2026-01-18;Левітана;самовывоз;7;26.0
2026-01-19;Лазарева;Glovo;15;38.0
2026-01-19;Лазарева;доставка;31;156.0
2026-01-19;Лазарева;самовывоз;8;19.0
2026-01-19;Левітана;Glovo;14;36.0
2026-01-19;Левітана;доставка;32;128.0
2026-01-19;Левітана;самовывоз;7;9.0
2026-01-20;Лазарева;Glovo;16;40.0
2026-01-20;Лазарева;доставка;21;98.0
2026-01-20;Лазарева;самовывоз;10;55.0
2026-01-20;Левітана;Glovo;23;62.0
2026-01-20;Левітана;доставка;27;89.0
2026-01-20;Левітана;самовывоз;9;13.0
2026-01-21;Лазарева;Glovo;10;28.0
2026-01-21;Лазарева;доставка;29;127.0
2026-01-21;Лазарева;самовывоз;8;28.0
2026-01-21;Левітана;Glovo;14;44.0
2026-01-21;Левітана;доставка;33;124.0
2026-01-21;Левітана;самовывоз;10;30.0
2026-01-22;Лазарева;Glovo;19;66.0
2026-01-22;Лазарева;доставка;33;117.0
2026-01-22;Лазарева;самовывоз;7;25.0
2026-01-22;Левітана;Glovo;12;32.0
2026-01-22;Левітана;доставка;30;108.0
2026-01-22;Левітана;самовывоз;5;12.0
2026-01-23;Лазарева;Glovo;18;52.0
2026-01-23;Лазарева;доставка;48;358.0
2026-01-23;Лазарева;самовывоз;5;20.0
2026-01-23;Левітана;Glovo;20;58.0
2026-01-23;Левітана;доставка;59;268.0
2026-01-23;Левітана;самовывоз;12;50.0
2026-01-24;Лазарева;Glovo;15;29.0
2026-01-24;Лазарева;доставка;64;312.0
2026-01-24;Лазарева;самовывоз;9;34.0
2026-01-24;Левітана;Glovo;21;80.0
2026-01-24;Левітана;доставка;47;293.0
2026-01-24;Левітана;самовывоз;11;35.0
2026-01-25;Лазарева;Glovo;16;47.0
2026-01-25;Лазарева;доставка;50;247.0
2026-01-25;Лазарева;самовывоз;11;24.0
2026-01-25;Левітана;Glovo;21;74.0
2026-01-25;Левітана;доставка;52;234.0
2026-01-25;Левітана;самовывоз;8;75.0
2026-01-26;Лазарева;Glovo;16;49.0
2026-01-26;Лазарева;доставка;39;129.0
2026-01-26;Лазарева;самовывоз;4;5.0
2026-01-26;Левітана;Glovo;23;59.0
2026-01-26;Левітана;доставка;40;204.0
2026-01-26;Левітана;самовывоз;3;6.0
2026-01-27;Лазарева;Glovo;19;42.0
2026-01-27;Лазарева;доставка;31;117.0
2026-01-27;Лазарева;самовывоз;8;81.0
2026-01-27;Левітана;Glovo;24;65.0
2026-01-27;Левітана;доставка;32;111.0
2026-01-27;Левітана;самовывоз;3;5.0
2026-01-28;Лазарева;Glovo;13;32.0
2026-01-28;Лазарева;доставка;37;165.0
2026-01-28;Лазарева;самовывоз;10;27.0
2026-01-28;Левітана;Glovo;7;20.0
2026-01-28;Левітана;доставка;34;140.0
2026-01-28;Левітана;самовывоз;10;33.0
2026-01-29;Лазарева;Glovo;13;49.0
2026-01-29;Лазарева;доставка;40;177.0
2026-01-29;Лазарева;самовывоз;8;56.0
2026-01-29;Левітана;Glovo;16;44.0
2026-01-29;Левітана;доставка;32;111.0
2026-01-29;Левітана;самовывоз;9;26.0
2026-01-30;Лазарева;Glovo;7;14.0
2026-01-30;Лазарева;доставка;70;304.0
2026-01-30;Лазарева;самовывоз;6;17.0
2026-01-30;Левітана;Glovo;21;49.0
2026-01-30;Левітана;доставка;56;242.0
2026-01-30;Левітана;самовывоз;16;48.0
2026-01-31;Лазарева;Glovo;18;62.0
2026-01-31;Лазарева;доставка;58;254.0
2026-01-31;Лазарева;самовывоз;10;70.0
2026-01-31;Левітана;Glovo;27;76.0
2026-01-31;Левітана;доставка;46;189.0
2026-01-31;Левітана;самовывоз;11;52.0
2026-02-01;Лазарева;Glovo;27;67.0
2026-02-01;Лазарева;доставка;51;221.0
2026-02-01;Лазарева;самовывоз;5;20.0
2026-02-01;Левітана;Glovo;28;77.0
2026-02-01;Левітана;доставка;55;223.0
2026-02-01;Левітана;самовывоз;7;17.0
2026-02-02;Лазарева;Glovo;17;55.0
2026-02-02;Лазарева;доставка;29;121.0
2026-02-02;Лазарева;самовывоз;8;34.0
2026-02-02;Левітана;Glovo;24;71.0
2026-02-02;Левітана;доставка;31;121.0
2026-02-02;Левітана;самовывоз;6;16.0
2026-02-03;Лазарева;Glovo;18;45.0
2026-02-03;Лазарева;доставка;38;204.0
2026-02-03;Лазарева;самовывоз;1;3.0
2026-02-03;Левітана;Glovo;13;40.0
2026-02-03;Левітана;доставка;30;129.8
2026-02-03;Левітана;самовывоз;8;27.0
2026-02-04;Лазарева;Glovo;17;39.0
2026-02-04;Лазарева;доставка;32;145.0
2026-02-04;Лазарева;самовывоз;9;28.0
2026-02-04;Левітана;Glovo;14;40.0
2026-02-04;Левітана;доставка;56;247.0
2026-02-04;Левітана;самовывоз;3;12.0
2026-02-05;Лазарева;Glovo;17;55.0
2026-02-05;Лазарева;доставка;39;152.0
2026-02-05;Лазарева;самовывоз;18;45.75
2026-02-05;Левітана;Glovo;8;18.0
2026-02-05;Левітана;доставка;47;219.0
2026-02-05;Левітана;самовывоз;10;23.0
2026-02-06;Лазарева;Glovo;14;31.0
2026-02-06;Лазарева;доставка;74;322.0
2026-02-06;Лазарева;самовывоз;4;9.0
2026-02-06;Левітана;Glovo;22;58.0
2026-02-06;Левітана;доставка;85;324.0
2026-02-06;Левітана;самовывоз;8;36.0
2026-02-07;Лазарева;Glovo;16;52.0
2026-02-07;Лазарева;доставка;61;254.0
2026-02-07;Лазарева;самовывоз;9;54.0
2026-02-07;Левітана;Glovo;28;89.0
2026-02-07;Левітана;доставка;70;303.0
2026-02-07;Левітана;самовывоз;14;57.0
2026-02-08;Лазарева;Glovo;11;26.0
2026-02-08;Лазарева;доставка;70;303.0
2026-02-08;Лазарева;самовывоз;6;28.0
2026-02-08;Левітана;Glovo;20;54.0
2026-02-08;Левітана;доставка;51;215.0
2026-02-08;Левітана;самовывоз;9;30.0
2026-02-09;Лазарева;Glovo;13;37.0
2026-02-09;Лазарева;доставка;29;140.0
2026-02-09;Лазарева;самовывоз;14;38.0
2026-02-09;Левітана;Glovo;17;36.0
2026-02-09;Левітана;доставка;28;109.0
2026-02-09;Левітана;самовывоз;10;30.0
2026-02-10;Лазарева;Glovo;3;10.0
2026-02-10;Лазарева;доставка;47;265.0
2026-02-10;Лазарева;самовывоз;4;12.0
2026-02-10;Левітана;Glovo;15;49.0
2026-02-10;Левітана;доставка;33;110.0
2026-02-10;Левітана;самовывоз;11;24.0
2026-02-11;Лазарева;Glovo;14;30.0
2026-02-11;Лазарева;доставка;32;135.0
2026-02-11;Лазарева;самовывоз;14;55.0
2026-02-11;Левітана;Glovo;10;33.0
2026-02-11;Левітана;доставка;36;125.0
2026-02-11;Левітана;самовывоз;7;14.0
2026-02-12;Лазарева;Glovo;20;66.0
2026-02-12;Лазарева;доставка;39;433.0
2026-02-12;Лазарева;самовывоз;11;23.0
2026-02-12;Левітана;Glovo;11;44.0
2026-02-12;Левітана;доставка;35;139.0
2026-02-12;Левітана;самовывоз;6;11.0
2026-02-13;Лазарева;Glovo;2;6.0
2026-02-13;Лазарева;доставка;47;225.0
2026-02-13;Лазарева;самовывоз;6;21.0
2026-02-13;Левітана;Glovo;18;47.0
2026-02-13;Левітана;доставка;49;187.0
2026-02-13;Левітана;самовывоз;16;75.0
2026-02-14;Лазарева;Glovo;28;74.0
2026-02-14;Лазарева;доставка;148;646.0
2026-02-14;Лазарева;самовывоз;19;70.0
2026-02-14;Левітана;Glovo;13;42.0
2026-02-14;Левітана;доставка;132;583.0
2026-02-14;Левітана;самовывоз;25;143.0
2026-02-15;Лазарева;Glovo;11;27.0
2026-02-15;Лазарева;доставка;61;751.0
2026-02-15;Лазарева;самовывоз;3;15.0
2026-02-15;Левітана;Glovo;21;68.0
2026-02-15;Левітана;доставка;71;314.0
2026-02-15;Левітана;самовывоз;10;30.0
2026-02-16;Лазарева;Glovo;9;27.0
2026-02-16;Лазарева;доставка;31;270.0
2026-02-16;Лазарева;самовывоз;9;43.0
2026-02-16;Левітана;Glovo;11;28.0
2026-02-16;Левітана;доставка;34;128.0
2026-02-16;Левітана;самовывоз;11;39.0
2026-02-17;Лазарева;Glovo;2;5.0
2026-02-17;Лазарева;доставка;30;280.0
2026-02-17;Лазарева;самовывоз;5;14.0
2026-02-17;Левітана;Glovo;11;38.0
2026-02-17;Левітана;доставка;33;144.0
2026-02-17;Левітана;самовывоз;10;31.0
2026-02-18;Лазарева;Glovo;14;43.0
2026-02-18;Лазарева;доставка;53;230.0
2026-02-18;Лазарева;самовывоз;7;12.0
2026-02-18;Левітана;Glovo;10;22.0
2026-02-18;Левітана;доставка;52;205.0
2026-02-18;Левітана;самовывоз;7;29.0
2026-02-19;Лазарева;Glovo;10;26.0
2026-02-19;Лазарева;доставка;46;236.0
2026-02-19;Лазарева;самовывоз;10;27.0
2026-02-19;Левітана;Glovo;15;44.0
2026-02-19;Левітана;доставка;42;192.05
2026-02-19;Левітана;самовывоз;10;41.0
2026-02-20;Лазарева;Glovo;6;17.0
2026-02-20;Лазарева;доставка;58;1676.0
2026-02-20;Лазарева;самовывоз;12;37.0
2026-02-20;Левітана;Glovo;12;38.0
2026-02-20;Левітана;доставка;57;276.0
2026-02-20;Левітана;самовывоз;11;32.0
2026-02-21;Лазарева;Glovo;6;18.0
2026-02-21;Лазарева;доставка;55;261.0
2026-02-21;Лазарева;самовывоз;5;14.0
2026-02-21;Левітана;Glovo;8;29.0
2026-02-21;Левітана;доставка;48;205.0
2026-02-21;Левітана;самовывоз;10;30.0
2026-02-22;Лазарева;Glovo;9;33.0
2026-02-22;Лазарева;доставка;40;141.0
2026-02-22;Лазарева;самовывоз;8;29.0
2026-02-22;Левітана;Glovo;9;22.0
2026-02-22;Левітана;доставка;58;214.0
2026-02-22;Левітана;самовывоз;12;45.0
2026-02-23;Лазарева;Glovo;11;38.0
2026-02-23;Лазарева;доставка;31;185.0
2026-02-23;Лазарева;самовывоз;10;31.0
2026-02-23;Левітана;Glovo;15;46.0
2026-02-23;Левітана;доставка;36;129.0
2026-02-23;Левітана;самовывоз;13;36.0
2026-02-24;Лазарева;Glovo;4;11.0
2026-02-24;Лазарева;доставка;29;133.0
2026-02-24;Лазарева;самовывоз;16;44.0
2026-02-24;Левітана;Glovo;10;30.0
2026-02-24;Левітана;доставка;29;103.0
2026-02-24;Левітана;самовывоз;18;79.0
2026-02-25;Лазарева;Glovo;8;27.0
2026-02-25;Лазарева;доставка;24;108.0
2026-02-25;Лазарева;самовывоз;8;32.0
2026-02-25;Левітана;Glovo;8;21.0
2026-02-25;Левітана;доставка;20;80.0
2026-02-25;Левітана;самовывоз;5;13.0
2026-02-26;Лазарева;Glovo;3;6.0
2026-02-26;Лазарева;доставка;43;241.0
2026-02-26;Лазарева;самовывоз;6;16.0
2026-02-26;Левітана;Glovo;12;33.0
2026-02-26;Левітана;доставка;45;209.0
2026-02-26;Левітана;самовывоз;11;40.0
2026-02-27;Лазарева;Glovo;10;25.0
2026-02-27;Лазарева;доставка;56;335.0
2026-02-27;Лазарева;самовывоз;8;53.0
2026-02-27;Левітана;Glovo;18;53.0
2026-02-27;Левітана;доставка;59;260.0
2026-02-27;Левітана;самовывоз;8;56.0
2026-02-28;Лазарева;Glovo;5;15.0
2026-02-28;Лазарева;доставка;45;249.0
2026-02-28;Лазарева;самовывоз;4;15.0
2026-02-28;Левітана;Glovo;15;46.0
2026-02-28;Левітана;доставка;53;257.0
2026-02-28;Левітана;самовывоз;13;57.0
2026-03-01;Лазарева;Glovo;13;31.0
2026-03-01;Лазарева;доставка;34;149.0
2026-03-01;Лазарева;самовывоз;11;41.0
2026-03-01;Левітана;Glovo;13;32.0
2026-03-01;Левітана;доставка;40;174.0
2026-03-01;Левітана;самовывоз;9;32.0
2026-03-02;Лазарева;Glovo;8;22.0
2026-03-02;Лазарева;доставка;36;190.0
2026-03-02;Лазарева;самовывоз;7;122.0
2026-03-02;Левітана;Glovo;11;24.0
2026-03-02;Левітана;доставка;14;59.0
2026-03-02;Левітана;самовывоз;6;14.0
2026-03-03;Лазарева;Glovo;5;18.0
2026-03-03;Лазарева;доставка;25;129.0
2026-03-03;Лазарева;самовывоз;10;63.0
2026-03-03;Левітана;Glovo;15;41.0
2026-03-03;Левітана;доставка;37;189.0
2026-03-03;Левітана;самовывоз;10;26.0
2026-03-04;Лазарева;Glovo;7;28.0
2026-03-04;Лазарева;доставка;32;136.0
2026-03-04;Лазарева;самовывоз;12;71.0
2026-03-04;Левітана;Glovo;18;50.0
2026-03-04;Левітана;доставка;39;167.0
2026-03-04;Левітана;самовывоз;8;13.0
2026-03-05;Лазарева;Glovo;4;17.0
2026-03-05;Лазарева;доставка;25;144.0
2026-03-05;Лазарева;самовывоз;8;29.0
2026-03-05;Левітана;Glovo;11;28.0
2026-03-05;Левітана;доставка;27;116.0
2026-03-05;Левітана;самовывоз;16;37.0
2026-03-06;Лазарева;Glovo;18;65.0
2026-03-06;Лазарева;доставка;66;456.0
2026-03-06;Лазарева;самовывоз;9;31.0
2026-03-06;Левітана;Glovo;12;27.0
2026-03-06;Левітана;доставка;57;317.0
2026-03-06;Левітана;самовывоз;4;11.0
2026-03-07;Лазарева;Glovo;8;23.0
2026-03-07;Лазарева;доставка;63;412.0
2026-03-07;Лазарева;самовывоз;6;13.0
2026-03-07;Левітана;Glovo;25;77.0
2026-03-07;Левітана;доставка;69;343.0
2026-03-07;Левітана;самовывоз;13;52.0
2026-03-08;Лазарева;Glovo;10;40.0
2026-03-08;Лазарева;доставка;139;701.0
2026-03-08;Лазарева;самовывоз;27;92.0
2026-03-08;Левітана;Glovo;17;56.0
2026-03-08;Левітана;доставка;137;716.0
2026-03-08;Левітана;самовывоз;35;136.0
2026-03-09;Лазарева;Glovo;2;4.0
2026-03-09;Лазарева;доставка;37;205.0
2026-03-09;Лазарева;самовывоз;6;20.0
2026-03-09;Левітана;Glovo;4;12.0
2026-03-09;Левітана;доставка;48;195.0
2026-03-09;Левітана;самовывоз;11;42.0
2026-03-10;Лазарева;Glovo;7;25.0
2026-03-10;Лазарева;доставка;28;186.0
2026-03-10;Лазарева;самовывоз;5;17.0
2026-03-10;Левітана;Glovo;7;19.0
2026-03-10;Левітана;доставка;16;72.0
2026-03-10;Левітана;самовывоз;5;112.0
2026-03-11;Лазарева;Glovo;11;26.0
2026-03-11;Лазарева;доставка;28;108.1
2026-03-11;Лазарева;самовывоз;10;38.0
2026-03-11;Левітана;Glovo;8;21.0
2026-03-11;Левітана;доставка;27;95.3
2026-03-11;Левітана;самовывоз;8;26.0
2026-03-12;Лазарева;Glovo;8;24.0
2026-03-12;Лазарева;доставка;41;219.0
2026-03-12;Лазарева;самовывоз;11;28.0
2026-03-12;Левітана;Glovo;13;47.0
2026-03-12;Левітана;доставка;40;151.0
2026-03-12;Левітана;самовывоз;6;13.0
2026-03-13;Лазарева;Glovo;7;18.0
2026-03-13;Лазарева;доставка;41;181.3
2026-03-13;Лазарева;самовывоз;12;31.0
2026-03-13;Левітана;Glovo;19;58.0
2026-03-13;Левітана;доставка;48;214.0
2026-03-13;Левітана;самовывоз;10;25.0
2026-03-14;Лазарева;Glovo;14;47.0
2026-03-14;Лазарева;доставка;52;258.0
2026-03-14;Лазарева;самовывоз;7;24.0
2026-03-14;Левітана;Glovo;10;24.0
2026-03-14;Левітана;доставка;55;239.0
2026-03-14;Левітана;самовывоз;13;43.0
2026-03-15;Лазарева;Glovo;8;24.0
2026-03-15;Лазарева;доставка;47;198.0
2026-03-15;Лазарева;самовывоз;5;27.0
2026-03-15;Левітана;Glovo;12;32.0
2026-03-15;Левітана;доставка;51;205.0
2026-03-15;Левітана;самовывоз;10;25.0
2026-03-16;Лазарева;Glovo;12;36.0
2026-03-16;Лазарева;доставка;20;93.0
2026-03-16;Лазарева;самовывоз;5;21.0
2026-03-16;Левітана;Glovo;8;25.0
2026-03-16;Левітана;доставка;23;99.0
2026-03-16;Левітана;самовывоз;4;15.0
2026-03-17;Лазарева;Glovo;12;32.0
2026-03-17;Лазарева;доставка;41;187.0
2026-03-17;Лазарева;самовывоз;10;18.0
2026-03-17;Левітана;Glovo;11;30.0
2026-03-17;Левітана;доставка;22;90.0
2026-03-17;Левітана;самовывоз;14;39.0
2026-03-18;Лазарева;Glovo;12;31.0
2026-03-18;Лазарева;доставка;22;97.0
2026-03-18;Лазарева;самовывоз;9;38.0
2026-03-18;Левітана;Glovo;10;30.0
2026-03-18;Левітана;доставка;37;132.0
2026-03-18;Левітана;самовывоз;6;27.0
2026-03-19;Лазарева;Glovo;9;22.0
2026-03-19;Лазарева;доставка;34;156.0
2026-03-19;Лазарева;самовывоз;7;18.0
2026-03-19;Левітана;Glovo;12;24.0
2026-03-19;Левітана;доставка;40;154.0
2026-03-19;Левітана;самовывоз;12;30.0
2026-03-20;Лазарева;Glovo;7;22.0
2026-03-20;Лазарева;доставка;42;157.0
2026-03-20;Лазарева;самовывоз;20;65.0
2026-03-20;Левітана;Glovo;13;32.0
2026-03-20;Левітана;доставка;49;199.0
2026-03-20;Левітана;самовывоз;7;19.0
2026-03-21;Лазарева;Glovo;16;46.0
2026-03-21;Лазарева;доставка;59;313.0
2026-03-21;Лазарева;самовывоз;11;21.0
2026-03-21;Левітана;Glovo;11;30.0
2026-03-21;Левітана;доставка;59;260.0
2026-03-21;Левітана;самовывоз;10;36.0
2026-03-22;Лазарева;Glovo;12;43.0
2026-03-22;Лазарева;доставка;37;150.0
2026-03-22;Лазарева;самовывоз;9;35.0
2026-03-22;Левітана;Glovo;12;139.0
2026-03-22;Левітана;доставка;49;198.0
2026-03-22;Левітана;самовывоз;18;44.0
2026-03-23;Лазарева;Glovo;10;31.0
2026-03-23;Лазарева;доставка;34;138.0
2026-03-23;Лазарева;самовывоз;17;52.0
2026-03-23;Левітана;Glovo;7;15.0
2026-03-23;Левітана;доставка;38;149.0
2026-03-23;Левітана;самовывоз;6;17.0
2026-03-24;Лазарева;Glovo;7;17.0
2026-03-24;Лазарева;доставка;34;131.0
2026-03-24;Лазарева;самовывоз;9;33.0
2026-03-24;Левітана;Glovo;8;22.0
2026-03-24;Левітана;доставка;41;156.0
2026-03-24;Левітана;самовывоз;13;46.0
2026-03-25;Лазарева;Glovo;7;17.0
2026-03-25;Лазарева;доставка;31;138.0
2026-03-25;Лазарева;самовывоз;14;31.0
2026-03-25;Левітана;Glovo;10;25.0
2026-03-25;Левітана;доставка;39;166.0
2026-03-25;Левітана;самовывоз;11;36.0
2026-03-26;Лазарева;Glovo;7;22.0
2026-03-26;Лазарева;доставка;41;163.0
2026-03-26;Лазарева;самовывоз;12;31.0
2026-03-26;Левітана;Glovo;9;19.0
2026-03-26;Левітана;доставка;36;151.0
2026-03-26;Левітана;самовывоз;8;25.0
2026-03-27;Лазарева;Glovo;7;25.0
2026-03-27;Лазарева;доставка;62;274.0
2026-03-27;Лазарева;самовывоз;21;52.0
2026-03-27;Левітана;Glovo;9;23.0
2026-03-27;Левітана;доставка;64;273.0
2026-03-27;Левітана;самовывоз;12;40.0
2026-03-28;Лазарева;Glovo;17;49.0
2026-03-28;Лазарева;доставка;49;231.0
2026-03-28;Лазарева;самовывоз;12;30.0
2026-03-28;Левітана;Glovo;13;36.0
2026-03-28;Левітана;доставка;45;202.0
2026-03-28;Левітана;самовывоз;19;68.0
2026-03-29;Лазарева;Glovo;5;11.0
2026-03-29;Лазарева;доставка;57;268.0
2026-03-29;Лазарева;самовывоз;4;23.0
2026-03-29;Левітана;Glovo;9;35.0
2026-03-29;Левітана;доставка;47;166.0
2026-03-29;Левітана;самовывоз;11;40.0
2026-03-30;Лазарева;Glovo;6;15.0
2026-03-30;Лазарева;доставка;36;189.0
2026-03-30;Лазарева;самовывоз;17;56.0
2026-03-30;Левітана;Glovo;12;38.0
2026-03-30;Левітана;доставка;35;3655.0
2026-03-30;Левітана;самовывоз;6;16.0
2026-03-31;Лазарева;Glovo;12;30.0
2026-03-31;Лазарева;доставка;28;124.0
2026-03-31;Лазарева;самовывоз;10;28.0
2026-03-31;Левітана;Glovo;11;37.0
2026-03-31;Левітана;доставка;33;137.0
2026-03-31;Левітана;самовывоз;17;55.0
2026-04-01;Лазарева;Glovo;10;33.0
2026-04-01;Лазарева;доставка;34;166.0
2026-04-01;Лазарева;самовывоз;16;40.0
2026-04-01;Левітана;Glovo;12;33.0
2026-04-01;Левітана;доставка;41;155.0
2026-04-01;Левітана;самовывоз;7;19.0
2026-04-02;Лазарева;Glovo;7;18.0
2026-04-02;Лазарева;доставка;44;168.0
2026-04-02;Лазарева;самовывоз;15;36.0
2026-04-02;Левітана;Glovo;13;41.0
2026-04-02;Левітана;доставка;43;161.0
2026-04-02;Левітана;самовывоз;13;19.0
2026-04-03;Лазарева;Glovo;14;36.0
2026-04-03;Лазарева;доставка;46;178.0
2026-04-03;Лазарева;самовывоз;10;45.0
2026-04-03;Левітана;Glovo;10;25.0
2026-04-03;Левітана;доставка;68;563.0
2026-04-03;Левітана;самовывоз;9;37.0
2026-04-04;Лазарева;Glovo;9;30.0
2026-04-04;Лазарева;доставка;45;216.0
2026-04-04;Лазарева;самовывоз;16;31.0
2026-04-04;Левітана;Glovo;9;18.0
2026-04-04;Левітана;доставка;65;303.0
2026-04-04;Левітана;самовывоз;21;75.0
2026-04-05;Лазарева;Glovo;9;19.0
2026-04-05;Лазарева;доставка;41;175.0
2026-04-05;Лазарева;самовывоз;15;27.0
2026-04-05;Левітана;Glovo;11;42.0
2026-04-05;Левітана;доставка;48;217.0
2026-04-05;Левітана;самовывоз;5;17.0
2026-04-06;Лазарева;Glovo;8;20.0
2026-04-06;Лазарева;доставка;32;130.0
2026-04-06;Лазарева;самовывоз;12;30.0
2026-04-06;Левітана;Glovo;11;35.0
2026-04-06;Левітана;доставка;23;104.0
2026-04-06;Левітана;самовывоз;3;6.0
2026-04-07;Лазарева;Glovo;8;23.0
2026-04-07;Лазарева;доставка;26;124.0
2026-04-07;Лазарева;самовывоз;10;23.0
2026-04-07;Левітана;Glovo;10;31.0
2026-04-07;Левітана;доставка;44;172.0
2026-04-07;Левітана;самовывоз;5;13.0
2026-04-08;Лазарева;Glovo;11;40.0
2026-04-08;Лазарева;доставка;37;146.0
2026-04-08;Лазарева;самовывоз;14;31.0
2026-04-08;Левітана;Glovo;16;53.0
2026-04-08;Левітана;доставка;42;174.0
2026-04-08;Левітана;самовывоз;9;29.0
2026-04-09;Лазарева;Glovo;13;56.0
2026-04-09;Лазарева;доставка;39;199.0
2026-04-09;Лазарева;самовывоз;14;62.0
2026-04-09;Левітана;Glovo;12;32.0
2026-04-09;Левітана;доставка;53;289.0
2026-04-09;Левітана;самовывоз;8;31.0
2026-04-10;Лазарева;Glovo;19;59.0
2026-04-10;Лазарева;доставка;51;234.0
2026-04-10;Лазарева;самовывоз;12;26.0
2026-04-10;Левітана;Glovo;13;52.0
2026-04-10;Левітана;доставка;58;244.0
2026-04-10;Левітана;самовывоз;15;43.0
2026-04-11;Лазарева;Glovo;12;33.0
2026-04-11;Лазарева;доставка;33;160.0
2026-04-11;Лазарева;самовывоз;16;40.0
2026-04-11;Левітана;Glovo;13;34.0
2026-04-11;Левітана;доставка;41;198.0
2026-04-11;Левітана;самовывоз;9;30.0
2026-04-12;Лазарева;Glovo;25;67.0
2026-04-12;Лазарева;доставка;40;188.0
2026-04-12;Лазарева;самовывоз;5;5.0
2026-04-12;Левітана;Glovo;13;78.0
2026-04-12;Левітана;доставка;43;185.0
2026-04-12;Левітана;самовывоз;16;39.0
2026-04-13;Лазарева;Glovo;7;19.0
2026-04-13;Лазарева;доставка;33;152.0
2026-04-13;Лазарева;самовывоз;14;63.0
2026-04-13;Левітана;Glovo;15;40.0
2026-04-13;Левітана;доставка;25;101.2
2026-04-13;Левітана;самовывоз;8;33.0
2026-04-14;Лазарева;Glovo;11;33.0
2026-04-14;Лазарева;доставка;33;147.0
2026-04-14;Лазарева;самовывоз;10;24.0
2026-04-14;Левітана;Glovo;6;19.0
2026-04-14;Левітана;доставка;31;247.0
2026-04-14;Левітана;самовывоз;9;21.0
2026-04-15;Лазарева;Glovo;12;36.0
2026-04-15;Лазарева;доставка;31;172.0
2026-04-15;Лазарева;самовывоз;11;21.0
2026-04-15;Левітана;Glovo;14;44.0
2026-04-15;Левітана;доставка;37;134.0
2026-04-15;Левітана;самовывоз;8;27.0
2026-04-16;Лазарева;Glovo;6;25.0
2026-04-16;Лазарева;доставка;43;469.0
2026-04-16;Лазарева;самовывоз;13;61.0
2026-04-16;Левітана;Glovo;14;37.0
2026-04-16;Левітана;доставка;41;229.0
2026-04-16;Левітана;самовывоз;7;26.0
2026-04-17;Лазарева;Glovo;11;44.0
2026-04-17;Лазарева;доставка;55;327.0
2026-04-17;Лазарева;самовывоз;13;18.0
2026-04-17;Левітана;Glovo;8;21.0
2026-04-17;Левітана;доставка;47;194.0
2026-04-17;Левітана;самовывоз;13;41.0
2026-04-18;Лазарева;Glovo;8;28.0
2026-04-18;Лазарева;доставка;46;225.0
2026-04-18;Лазарева;самовывоз;11;51.0
2026-04-18;Левітана;Glovo;12;304.0
2026-04-18;Левітана;доставка;65;264.0
2026-04-18;Левітана;самовывоз;15;54.0
2026-04-19;Лазарева;Glovo;17;58.0
2026-04-19;Лазарева;доставка;43;191.0
2026-04-19;Лазарева;самовывоз;8;21.0
2026-04-19;Левітана;Glovo;8;17.0
2026-04-19;Левітана;доставка;48;179.0
2026-04-19;Левітана;самовывоз;7;18.0
2026-04-20;Лазарева;Glovo;8;21.0
2026-04-20;Лазарева;доставка;29;143.0
2026-04-20;Лазарева;самовывоз;11;25.0
2026-04-20;Левітана;Glovo;9;16.0
2026-04-20;Левітана;доставка;41;171.0
2026-04-20;Левітана;самовывоз;11;51.0
2026-04-21;Лазарева;Glovo;7;18.0
2026-04-21;Лазарева;доставка;30;123.0
2026-04-21;Лазарева;самовывоз;16;43.0
2026-04-21;Левітана;Glovo;9;20.0
2026-04-21;Левітана;доставка;28;100.0
2026-04-21;Левітана;самовывоз;8;16.0
2026-04-22;Лазарева;Glovo;8;22.0
2026-04-22;Лазарева;доставка;41;196.0
2026-04-22;Лазарева;самовывоз;19;45.0
2026-04-22;Левітана;Glovo;7;10.0
2026-04-22;Левітана;доставка;39;162.0
2026-04-22;Левітана;самовывоз;12;24.0
2026-04-23;Лазарева;Glovo;10;37.0
2026-04-23;Лазарева;доставка;42;177.0
2026-04-23;Лазарева;самовывоз;16;39.0
2026-04-23;Левітана;Glovo;9;22.0
2026-04-23;Левітана;доставка;44;174.0
2026-04-23;Левітана;самовывоз;12;30.0
2026-04-24;Лазарева;Glovo;13;35.0
2026-04-24;Лазарева;доставка;57;255.0
2026-04-24;Лазарева;самовывоз;12;21.0
2026-04-24;Левітана;Glovo;16;54.0
2026-04-24;Левітана;доставка;47;195.0
2026-04-24;Левітана;самовывоз;9;32.0
2026-04-25;Лазарева;Glovo;19;54.0
2026-04-25;Лазарева;доставка;56;270.0
2026-04-25;Лазарева;самовывоз;14;40.0
2026-04-25;Левітана;Glovo;20;61.0
2026-04-25;Левітана;доставка;51;232.0
2026-04-25;Левітана;самовывоз;9;33.0
2026-04-26;Лазарева;Glovo;22;74.0
2026-04-26;Лазарева;доставка;49;245.0
2026-04-26;Лазарева;самовывоз;7;34.0
2026-04-26;Левітана;Glovo;24;85.0
2026-04-26;Левітана;доставка;60;258.0
2026-04-26;Левітана;самовывоз;13;37.0
2026-04-27;Лазарева;Glovo;10;33.0
2026-04-27;Лазарева;доставка;30;119.0
2026-04-27;Лазарева;самовывоз;9;17.0
2026-04-27;Левітана;Glovo;10;40.0
2026-04-27;Левітана;доставка;37;137.0
2026-04-27;Левітана;самовывоз;5;13.0
2026-04-28;Лазарева;Glovo;9;23.0
2026-04-28;Лазарева;доставка;29;151.0
2026-04-28;Лазарева;самовывоз;16;31.0
2026-04-28;Левітана;Glovo;5;19.0
2026-04-28;Левітана;доставка;39;155.0
2026-04-28;Левітана;самовывоз;14;41.0
2026-04-29;Лазарева;Glovo;11;29.0
2026-04-29;Лазарева;доставка;41;205.0
2026-04-29;Лазарева;самовывоз;21;63.0
2026-04-29;Левітана;Glovo;10;27.0
2026-04-29;Левітана;доставка;33;150.0
2026-04-29;Левітана;самовывоз;6;13.0
2026-04-30;Лазарева;Glovo;16;45.0
2026-04-30;Лазарева;доставка;33;140.0
2026-04-30;Лазарева;самовывоз;12;35.0
2026-04-30;Левітана;Glovo;10;27.0
2026-04-30;Левітана;доставка;45;185.0
2026-04-30;Левітана;самовывоз;6;19.0
2026-05-01;Лазарева;Glovo;21;68.0
2026-05-01;Лазарева;доставка;54;260.0
2026-05-01;Лазарева;самовывоз;10;35.0
2026-05-01;Левітана;Glovo;8;26.0
2026-05-01;Левітана;доставка;61;254.0
2026-05-01;Левітана;самовывоз;10;27.0
2026-05-02;Лазарева;Glovo;20;52.0
2026-05-02;Лазарева;доставка;41;182.0
2026-05-02;Лазарева;самовывоз;9;25.0
2026-05-02;Левітана;Glovo;9;20.0
2026-05-02;Левітана;доставка;49;192.0
2026-05-02;Левітана;самовывоз;8;47.0
2026-05-03;Лазарева;Glovo;7;30.0
2026-05-03;Лазарева;доставка;38;174.0
2026-05-03;Лазарева;самовывоз;13;27.0
2026-05-03;Левітана;Glovo;9;34.0
2026-05-03;Левітана;доставка;52;214.0
2026-05-03;Левітана;самовывоз;6;14.0
2026-05-04;Лазарева;Glovo;11;32.0
2026-05-04;Лазарева;доставка;28;119.0
2026-05-04;Лазарева;самовывоз;13;22.0
2026-05-04;Левітана;Glovo;7;24.0
2026-05-04;Левітана;доставка;27;104.0
2026-05-04;Левітана;самовывоз;6;11.0
2026-05-05;Лазарева;Glovo;17;47.0
2026-05-05;Лазарева;доставка;31;141.0
2026-05-05;Лазарева;самовывоз;13;26.0
2026-05-05;Левітана;Glovo;8;30.0
2026-05-05;Левітана;доставка;33;137.0
2026-05-05;Левітана;самовывоз;6;17.0
2026-05-06;Лазарева;Glovo;12;39.0
2026-05-06;Лазарева;доставка;33;138.0
2026-05-06;Лазарева;самовывоз;17;42.0
2026-05-06;Левітана;Glovo;13;32.0
2026-05-06;Левітана;доставка;48;209.0
2026-05-06;Левітана;самовывоз;10;34.0
2026-05-07;Лазарева;Glovo;8;29.0
2026-05-07;Лазарева;доставка;37;190.0
2026-05-07;Лазарева;самовывоз;11;22.0
2026-05-07;Левітана;Glovo;17;43.0
2026-05-07;Левітана;доставка;53;195.0
2026-05-07;Левітана;самовывоз;7;24.0
2026-05-08;Лазарева;Glovo;17;50.0
2026-05-08;Лазарева;доставка;46;175.0
2026-05-08;Лазарева;самовывоз;15;31.0
2026-05-08;Левітана;Glovo;15;41.0
2026-05-08;Левітана;доставка;54;227.0
2026-05-08;Левітана;самовывоз;16;57.0
2026-05-09;Лазарева;Glovo;22;55.0
2026-05-09;Лазарева;доставка;37;191.0
2026-05-09;Лазарева;самовывоз;7;20.0
2026-05-09;Левітана;Glovo;19;54.0
2026-05-09;Левітана;доставка;60;261.0
2026-05-09;Левітана;самовывоз;9;35.0
2026-05-10;Лазарева;Glovo;12;36.0
2026-05-10;Лазарева;доставка;58;519.0
2026-05-10;Лазарева;самовывоз;6;25.0
2026-05-10;Левітана;Glovo;14;39.0
2026-05-10;Левітана;доставка;63;666.0
2026-05-10;Левітана;самовывоз;17;60.0
2026-05-11;Лазарева;Glovo;11;36.0
2026-05-11;Лазарева;доставка;27;130.0
2026-05-11;Лазарева;самовывоз;11;31.0
2026-05-11;Левітана;Glovo;10;36.0
2026-05-11;Левітана;доставка;39;177.0
2026-05-11;Левітана;самовывоз;9;28.0
2026-05-12;Лазарева;Glovo;9;24.0
2026-05-12;Лазарева;доставка;30;126.0
2026-05-12;Лазарева;самовывоз;14;30.0
2026-05-12;Левітана;Glovo;18;50.0
2026-05-12;Левітана;доставка;48;202.0
2026-05-12;Левітана;самовывоз;16;28.0
2026-05-13;Лазарева;Glovo;14;38.0
2026-05-13;Лазарева;доставка;26;134.0
2026-05-13;Лазарева;самовывоз;17;53.0
2026-05-13;Левітана;Glovo;23;66.0
2026-05-13;Левітана;доставка;44;159.0
2026-05-13;Левітана;самовывоз;9;29.0
2026-05-14;Лазарева;Glovo;9;30.0
2026-05-14;Лазарева;доставка;39;157.0
2026-05-14;Лазарева;самовывоз;6;18.0
2026-05-14;Левітана;Glovo;18;49.0
2026-05-14;Левітана;доставка;38;230.0
2026-05-14;Левітана;самовывоз;8;25.0
2026-05-15;Лазарева;Glovo;11;29.0
2026-05-15;Лазарева;доставка;52;230.0
2026-05-15;Лазарева;самовывоз;8;21.0
2026-05-15;Левітана;Glovo;14;42.0
2026-05-15;Левітана;доставка;54;231.0
2026-05-15;Левітана;самовывоз;13;77.0
2026-05-16;Лазарева;Glovo;17;68.0
2026-05-16;Лазарева;доставка;49;232.0
2026-05-16;Лазарева;самовывоз;8;22.0
2026-05-16;Левітана;Glovo;17;48.0
2026-05-16;Левітана;доставка;49;236.0
2026-05-16;Левітана;самовывоз;12;37.0
2026-05-17;Лазарева;Glovo;15;51.0
2026-05-17;Лазарева;доставка;44;186.0
2026-05-17;Лазарева;самовывоз;9;24.0
2026-05-17;Левітана;Glovo;15;38.0
2026-05-17;Левітана;доставка;45;227.5
2026-05-17;Левітана;самовывоз;6;21.0
2026-05-18;Лазарева;Glovo;5;17.0
2026-05-18;Лазарева;доставка;44;181.0
2026-05-18;Лазарева;самовывоз;8;18.0
2026-05-18;Левітана;Glovo;10;34.0
2026-05-18;Левітана;доставка;33;131.0
2026-05-18;Левітана;самовывоз;6;22.0
2026-05-19;Лазарева;Glovo;8;26.0
2026-05-19;Лазарева;доставка;32;137.0
2026-05-19;Лазарева;самовывоз;16;42.0
2026-05-19;Левітана;Glovo;6;16.0
2026-05-19;Левітана;доставка;46;176.0
2026-05-19;Левітана;самовывоз;11;28.0
2026-05-20;Лазарева;Glovo;11;26.0
2026-05-20;Лазарева;доставка;37;163.0
2026-05-20;Лазарева;самовывоз;6;14.0
2026-05-20;Левітана;Glovo;15;38.0
2026-05-20;Левітана;доставка;43;189.0
2026-05-20;Левітана;самовывоз;8;27.0
2026-05-21;Лазарева;Glovo;10;30.0
2026-05-21;Лазарева;доставка;38;129.0
2026-05-21;Лазарева;самовывоз;8;31.0
2026-05-21;Левітана;Glovo;8;23.0
2026-05-21;Левітана;доставка;28;90.0
2026-05-21;Левітана;самовывоз;10;30.0
2026-05-22;Лазарева;Glovo;9;33.0
2026-05-22;Лазарева;доставка;44;204.0
2026-05-22;Лазарева;самовывоз;16;78.0
2026-05-22;Левітана;Glovo;17;106.0
2026-05-22;Левітана;доставка;44;181.0
2026-05-22;Левітана;самовывоз;12;33.0
2026-05-23;Лазарева;Glovo;13;39.0
2026-05-23;Лазарева;доставка;49;205.0
2026-05-23;Лазарева;самовывоз;4;16.0
2026-05-23;Левітана;Glovo;12;35.0
2026-05-23;Левітана;доставка;53;670.0
2026-05-23;Левітана;самовывоз;14;105.0
2026-05-24;Лазарева;Glovo;14;42.0
2026-05-24;Лазарева;доставка;34;140.0
2026-05-24;Лазарева;самовывоз;3;12.0
2026-05-24;Левітана;Glovo;10;29.0
2026-05-24;Левітана;доставка;51;212.0
2026-05-24;Левітана;самовывоз;11;42.0
2026-05-25;Лазарева;Glovo;6;18.0
2026-05-25;Лазарева;доставка;27;92.0
2026-05-25;Лазарева;самовывоз;2;6.0
2026-05-25;Левітана;Glovo;6;10.0
2026-05-25;Левітана;доставка;31;139.0
2026-05-25;Левітана;самовывоз;10;20.0
2026-05-26;Лазарева;Glovo;11;26.0
2026-05-26;Лазарева;доставка;33;128.0
2026-05-26;Лазарева;самовывоз;4;16.0
2026-05-26;Левітана;Glovo;6;11.0
2026-05-26;Левітана;доставка;43;175.0
2026-05-26;Левітана;самовывоз;11;26.0
2026-05-27;Лазарева;Glovo;5;17.0
2026-05-27;Лазарева;доставка;34;120.0
2026-05-27;Лазарева;самовывоз;7;20.0
2026-05-27;Левітана;Glovo;11;34.0
2026-05-27;Левітана;доставка;42;176.0
2026-05-27;Левітана;самовывоз;9;28.0
2026-05-28;Лазарева;Glovo;7;24.0
2026-05-28;Лазарева;доставка;36;189.0
2026-05-28;Лазарева;самовывоз;5;11.0
2026-05-28;Левітана;Glovo;17;45.0
2026-05-28;Левітана;доставка;39;166.0
2026-05-28;Левітана;самовывоз;10;28.0
2026-05-29;Лазарева;Glovo;8;26.0
2026-05-29;Лазарева;доставка;62;273.6
2026-05-29;Лазарева;самовывоз;1;3.0
2026-05-29;Левітана;Glovo;10;28.0
2026-05-29;Левітана;доставка;58;285.0
2026-05-29;Левітана;самовывоз;17;57.0
2026-05-30;Лазарева;Glovo;8;27.0
2026-05-30;Лазарева;доставка;51;255.0
2026-05-30;Лазарева;самовывоз;9;32.0
2026-05-30;Левітана;Glovo;9;27.0
2026-05-30;Левітана;доставка;72;328.0
2026-05-30;Левітана;самовывоз;11;35.0
2026-05-31;Лазарева;Glovo;9;27.0
2026-05-31;Лазарева;доставка;40;160.0
2026-05-31;Лазарева;самовывоз;10;44.0
2026-05-31;Левітана;Glovo;15;39.0
2026-05-31;Левітана;доставка;50;187.0
2026-05-31;Левітана;самовывоз;10;27.0
2026-06-01;Лазарева;Glovo;10;26.0
2026-06-01;Лазарева;доставка;31;135.0
2026-06-01;Лазарева;самовывоз;1;4.0
2026-06-01;Левітана;Glovo;8;24.0
2026-06-01;Левітана;доставка;42;199.0
2026-06-01;Левітана;самовывоз;5;15.0
2026-06-02;Лазарева;Glovo;7;17.0
2026-06-02;Лазарева;доставка;42;179.0
2026-06-02;Лазарева;самовывоз;4;10.0
2026-06-02;Левітана;Glovo;6;19.0
2026-06-02;Левітана;доставка;43;182.0
2026-06-02;Левітана;самовывоз;12;42.0
2026-06-03;Лазарева;Glovo;10;28.0
2026-06-03;Лазарева;доставка;37;164.0
2026-06-03;Лазарева;самовывоз;4;9.0
2026-06-03;Левітана;Glovo;22;62.0
2026-06-03;Левітана;доставка;48;195.0
2026-06-03;Левітана;самовывоз;5;13.0
2026-06-04;Лазарева;Glovo;12;31.0
2026-06-04;Лазарева;доставка;29;126.0
2026-06-04;Лазарева;самовывоз;6;14.0
2026-06-04;Левітана;Glovo;10;39.0
2026-06-04;Левітана;доставка;47;189.0
2026-06-04;Левітана;самовывоз;3;11.0
2026-06-05;Лазарева;Glovo;17;43.0
2026-06-05;Лазарева;доставка;45;187.0
2026-06-05;Лазарева;самовывоз;6;11.0
2026-06-05;Левітана;Glovo;16;52.0
2026-06-05;Левітана;доставка;50;177.0
2026-06-05;Левітана;самовывоз;14;34.0
2026-06-06;Лазарева;Glovo;9;28.0
2026-06-06;Лазарева;доставка;45;215.0
2026-06-06;Лазарева;самовывоз;9;26.0
2026-06-06;Левітана;Glovo;14;35.0
2026-06-06;Левітана;доставка;60;244.0
2026-06-06;Левітана;самовывоз;14;39.0
2026-06-07;Лазарева;Glovo;15;43.0
2026-06-07;Лазарева;доставка;44;181.0
2026-06-07;Лазарева;самовывоз;7;52.0
2026-06-07;Левітана;Glovo;11;29.0
2026-06-07;Левітана;доставка;50;189.0
2026-06-07;Левітана;самовывоз;19;72.0
2026-06-08;Лазарева;Glovo;7;22.0
2026-06-08;Лазарева;доставка;32;136.0
2026-06-08;Лазарева;самовывоз;6;15.0
2026-06-08;Левітана;Glovo;12;36.0
2026-06-08;Левітана;доставка;34;493.0
2026-06-08;Левітана;самовывоз;11;40.0
2026-06-09;Лазарева;Glovo;6;19.0
2026-06-09;Лазарева;доставка;40;242.0
2026-06-09;Лазарева;самовывоз;5;8.0
2026-06-09;Левітана;Glovo;16;40.0
2026-06-09;Левітана;доставка;35;146.0
2026-06-09;Левітана;самовывоз;10;59.0
2026-06-10;Лазарева;Glovo;2;70.0
2026-06-10;Лазарева;доставка;40;149.0
2026-06-10;Лазарева;самовывоз;11;19.0
2026-06-10;Левітана;Glovo;6;20.0
2026-06-10;Левітана;доставка;37;134.0
2026-06-10;Левітана;самовывоз;11;44.0
2026-06-11;Лазарева;Glovo;6;21.0
2026-06-11;Лазарева;доставка;39;151.0
2026-06-11;Лазарева;самовывоз;8;17.0
2026-06-11;Левітана;Glovo;8;21.0
2026-06-11;Левітана;доставка;47;315.0
2026-06-11;Левітана;самовывоз;11;18.0
2026-06-12;Лазарева;Glovo;6;14.0
2026-06-12;Лазарева;доставка;47;201.0
2026-06-12;Лазарева;самовывоз;10;59.0
2026-06-12;Левітана;Glovo;10;29.0
2026-06-12;Левітана;доставка;43;643.0
2026-06-12;Левітана;самовывоз;14;47.0
2026-06-13;Лазарева;Glovo;5;10.0
2026-06-13;Лазарева;доставка;59;280.0
2026-06-13;Лазарева;самовывоз;9;23.0
2026-06-13;Левітана;Glovo;5;20.0
2026-06-13;Левітана;доставка;49;207.0
2026-06-13;Левітана;самовывоз;13;57.0
2026-06-14;Лазарева;Glovo;6;18.0
2026-06-14;Лазарева;доставка;46;208.0
2026-06-14;Лазарева;самовывоз;7;17.0
2026-06-14;Левітана;Glovo;21;55.0
2026-06-14;Левітана;доставка;49;258.0
2026-06-14;Левітана;самовывоз;4;9.0
2026-06-15;Лазарева;Glovo;13;38.0
2026-06-15;Лазарева;доставка;31;139.0
2026-06-15;Лазарева;самовывоз;7;13.0
2026-06-15;Левітана;Glovo;12;36.0
2026-06-15;Левітана;доставка;33;114.0
2026-06-15;Левітана;самовывоз;9;25.0
2026-06-16;Лазарева;Glovo;7;21.0
2026-06-16;Лазарева;доставка;29;119.0
2026-06-16;Лазарева;самовывоз;4;8.0
2026-06-16;Левітана;Glovo;8;20.0
2026-06-16;Левітана;доставка;39;172.0
2026-06-16;Левітана;самовывоз;10;27.0
2026-06-17;Лазарева;Glovo;11;29.0
2026-06-17;Лазарева;доставка;41;189.0
2026-06-17;Лазарева;самовывоз;5;14.0
2026-06-17;Левітана;Glovo;13;31.0
2026-06-17;Левітана;доставка;37;131.0
2026-06-17;Левітана;самовывоз;5;14.0
2026-06-18;Лазарева;Glovo;7;22.0
2026-06-18;Лазарева;доставка;35;178.0
2026-06-18;Лазарева;самовывоз;5;7.0
2026-06-18;Левітана;Glovo;11;25.0
2026-06-18;Левітана;доставка;40;139.0
2026-06-18;Левітана;самовывоз;14;50.0
2026-06-19;Лазарева;Glovo;7;20.0
2026-06-19;Лазарева;доставка;41;148.0
2026-06-19;Лазарева;самовывоз;10;18.0
2026-06-19;Левітана;Glovo;11;31.0
2026-06-19;Левітана;доставка;58;211.0
2026-06-19;Левітана;самовывоз;8;32.0
2026-06-20;Лазарева;Glovo;14;38.0
2026-06-20;Лазарева;доставка;44;213.0
2026-06-20;Лазарева;самовывоз;6;12.0
2026-06-20;Левітана;Glovo;16;38.0
2026-06-20;Левітана;доставка;49;164.0
2026-06-20;Левітана;самовывоз;21;54.0
2026-06-21;Лазарева;Glovo;17;64.0
2026-06-21;Лазарева;доставка;31;122.0
2026-06-21;Лазарева;самовывоз;7;16.0
2026-06-21;Левітана;Glovo;9;25.0
2026-06-21;Левітана;доставка;48;235.0
2026-06-21;Левітана;самовывоз;12;33.0
2026-06-22;Лазарева;Glovo;6;22.0
2026-06-22;Лазарева;доставка;33;149.0
2026-06-22;Лазарева;самовывоз;6;20.0
2026-06-22;Левітана;Glovo;6;14.0
2026-06-22;Левітана;доставка;33;125.0
2026-06-22;Левітана;самовывоз;7;18.0
2026-06-23;Лазарева;Glovo;5;17.0
2026-06-23;Лазарева;доставка;36;546.0
2026-06-23;Лазарева;самовывоз;2;3.0
2026-06-23;Левітана;Glovo;10;34.0
2026-06-23;Левітана;доставка;32;135.0
2026-06-23;Левітана;самовывоз;10;32.0
2026-06-24;Лазарева;Glovo;10;23.0
2026-06-24;Лазарева;доставка;41;150.0
2026-06-24;Лазарева;самовывоз;5;7.0
2026-06-24;Левітана;Glovo;11;28.0
2026-06-24;Левітана;доставка;37;158.0
2026-06-24;Левітана;самовывоз;5;14.0
2026-06-25;Лазарева;Glovo;12;37.0
2026-06-25;Лазарева;доставка;48;205.0
2026-06-25;Лазарева;самовывоз;6;17.0
2026-06-25;Левітана;Glovo;6;15.0
2026-06-25;Левітана;доставка;42;209.0
2026-06-25;Левітана;самовывоз;16;26.0
2026-06-26;Лазарева;Glovo;9;17.0
2026-06-26;Лазарева;доставка;53;230.0
2026-06-26;Лазарева;самовывоз;4;4.0
2026-06-26;Левітана;Glovo;12;29.0
2026-06-26;Левітана;доставка;54;202.0
2026-06-26;Левітана;самовывоз;13;28.0
2026-06-27;Лазарева;Glovo;9;44.0
2026-06-27;Лазарева;доставка;42;184.0
2026-06-27;Лазарева;самовывоз;4;12.0
2026-06-27;Левітана;Glovo;7;14.0
2026-06-27;Левітана;доставка;52;660.0
2026-06-27;Левітана;самовывоз;8;26.0
2026-06-28;Лазарева;Glovo;8;23.0
2026-06-28;Лазарева;доставка;41;156.0
2026-06-28;Лазарева;самовывоз;9;25.0
2026-06-28;Левітана;Glovo;7;20.0
2026-06-28;Левітана;доставка;41;173.0
2026-06-28;Левітана;самовывоз;4;13.0
2026-06-29;Лазарева;Glovo;8;23.0
2026-06-29;Лазарева;доставка;41;793.0
2026-06-29;Лазарева;самовывоз;3;42.0
2026-06-29;Левітана;Glovo;9;23.0
2026-06-29;Левітана;доставка;47;176.0
2026-06-29;Левітана;самовывоз;10;21.0
2026-06-30;Лазарева;Glovo;10;26.0
2026-06-30;Лазарева;доставка;34;157.0
2026-06-30;Лазарева;самовывоз;10;27.0
2026-06-30;Левітана;Glovo;9;35.0
2026-06-30;Левітана;доставка;35;154.0
2026-06-30;Левітана;самовывоз;6;20.0
2026-07-01;Лазарева;Glovo;9;24.0
2026-07-01;Лазарева;доставка;44;187.0
2026-07-01;Лазарева;самовывоз;6;51.0
2026-07-01;Левітана;Glovo;10;30.0
2026-07-01;Левітана;доставка;38;161.0
2026-07-01;Левітана;самовывоз;11;30.0
2026-07-02;Лазарева;Glovo;14;33.0
2026-07-02;Лазарева;доставка;34;677.4
2026-07-02;Лазарева;самовывоз;8;56.0
2026-07-02;Левітана;Glovo;10;32.0
2026-07-02;Левітана;доставка;31;125.3
2026-07-02;Левітана;самовывоз;7;21.0
2026-07-03;Лазарева;Glovo;7;25.0
2026-07-03;Лазарева;доставка;55;210.0
2026-07-03;Лазарева;самовывоз;6;24.0
2026-07-03;Левітана;Glovo;12;34.0
2026-07-03;Левітана;доставка;63;225.2
2026-07-03;Левітана;самовывоз;13;41.0
2026-07-04;Лазарева;Glovo;10;31.0
2026-07-04;Лазарева;доставка;56;255.0
2026-07-04;Лазарева;самовывоз;6;11.0
2026-07-04;Левітана;Glovo;16;49.0
2026-07-04;Левітана;доставка;36;174.9
2026-07-04;Левітана;самовывоз;14;30.0
2026-07-05;Лазарева;Glovo;7;13.0
2026-07-05;Лазарева;доставка;43;167.0
2026-07-05;Лазарева;самовывоз;12;26.0
2026-07-05;Левітана;Glovo;18;38.0
2026-07-05;Левітана;доставка;56;247.0
2026-07-05;Левітана;самовывоз;9;25.0
2026-07-06;Лазарева;Glovo;12;27.0
2026-07-06;Лазарева;доставка;32;127.0
2026-07-06;Лазарева;самовывоз;7;22.0
2026-07-06;Левітана;Glovo;8;22.0
2026-07-06;Левітана;доставка;29;130.0
2026-07-06;Левітана;самовывоз;8;24.0
2026-07-07;Лазарева;Glovo;8;29.0
2026-07-07;Лазарева;доставка;32;147.0
2026-07-07;Лазарева;самовывоз;3;12.0
2026-07-07;Левітана;Glovo;9;35.0
2026-07-07;Левітана;доставка;50;192.0
2026-07-07;Левітана;самовывоз;14;58.0
2026-07-08;Лазарева;Glovo;8;23.0
2026-07-08;Лазарева;доставка;44;479.2
2026-07-08;Левітана;Glovo;13;36.0
2026-07-08;Левітана;доставка;50;177.0
2026-07-08;Левітана;самовывоз;5;20.0
2026-07-09;Лазарева;Glovo;9;32.0
2026-07-09;Лазарева;доставка;30;498.0
2026-07-09;Лазарева;самовывоз;4;6.0
2026-07-09;Левітана;Glovo;12;42.0
2026-07-09;Левітана;доставка;33;131.1
2026-07-09;Левітана;самовывоз;10;30.0
2026-07-10;Лазарева;Glovo;9;30.0
2026-07-10;Лазарева;доставка;46;283.0
2026-07-10;Лазарева;самовывоз;7;17.0
2026-07-10;Левітана;Glovo;16;52.0
2026-07-10;Левітана;доставка;59;301.0
2026-07-10;Левітана;самовывоз;11;32.0
2026-07-11;Лазарева;Glovo;6;20.0
2026-07-11;Лазарева;доставка;46;213.0
2026-07-11;Лазарева;самовывоз;9;26.0
2026-07-11;Левітана;Glovo;18;53.0
2026-07-11;Левітана;доставка;58;235.0
2026-07-11;Левітана;самовывоз;17;82.0
2026-07-12;Лазарева;Glovo;7;21.0
2026-07-12;Лазарева;доставка;40;482.0
2026-07-12;Лазарева;самовывоз;16;26.0
2026-07-12;Левітана;Glovo;19;58.0
2026-07-12;Левітана;доставка;60;630.0
2026-07-12;Левітана;самовывоз;9;40.0
2026-07-13;Лазарева;Glovo;16;43.0
2026-07-13;Лазарева;доставка;26;221.0
2026-07-13;Лазарева;самовывоз;8;12.0
2026-07-13;Левітана;Glovo;13;38.0
2026-07-13;Левітана;доставка;44;240.0
2026-07-13;Левітана;самовывоз;10;27.0
2026-07-14;Лазарева;Glovo;8;20.0
2026-07-14;Лазарева;доставка;36;155.0
2026-07-14;Лазарева;самовывоз;5;11.0
2026-07-14;Левітана;Glovo;15;45.0
2026-07-14;Левітана;доставка;39;134.0
2026-07-14;Левітана;самовывоз;8;28.0
2026-07-15;Лазарева;Glovo;6;21.0
2026-07-15;Лазарева;доставка;38;129.0
2026-07-15;Лазарева;самовывоз;8;17.0
2026-07-15;Левітана;Glovo;12;46.0
2026-07-15;Левітана;доставка;39;125.0
2026-07-15;Левітана;самовывоз;13;29.0
2026-07-16;Лазарева;Glovo;7;25.0
2026-07-16;Лазарева;доставка;50;231.0
2026-07-16;Лазарева;самовывоз;7;50.0
2026-07-16;Левітана;Glovo;13;35.0
2026-07-16;Левітана;доставка;40;950.0
2026-07-16;Левітана;самовывоз;17;84.0
2026-07-17;Лазарева;Glovo;8;18.0
2026-07-17;Лазарева;доставка;51;239.0
2026-07-17;Лазарева;самовывоз;4;10.0
2026-07-17;Левітана;Glovo;20;63.0
2026-07-17;Левітана;доставка;44;621.0
2026-07-17;Левітана;самовывоз;13;78.0
2026-07-18;Лазарева;Glovo;18;59.0
2026-07-18;Лазарева;доставка;42;178.0
2026-07-18;Лазарева;самовывоз;5;9.0
2026-07-18;Левітана;Glovo;18;58.0
2026-07-18;Левітана;доставка;45;187.0
2026-07-18;Левітана;самовывоз;13;38.0
2026-07-19;Лазарева;Glovo;8;25.0
2026-07-19;Лазарева;доставка;39;167.0
2026-07-19;Лазарева;самовывоз;8;15.0
2026-07-19;Левітана;Glovo;11;35.0
2026-07-19;Левітана;доставка;41;163.0
2026-07-19;Левітана;самовывоз;12;39.0
2026-07-20;Лазарева;Glovo;10;20.0
2026-07-20;Лазарева;доставка;41;166.0
2026-07-20;Лазарева;самовывоз;3;4.0
2026-07-20;Левітана;Glovo;7;22.0
2026-07-20;Левітана;доставка;37;390.0
2026-07-20;Левітана;самовывоз;8;24.0
2026-07-21;Лазарева;Glovo;10;37.0
2026-07-21;Лазарева;доставка;35;165.0
2026-07-21;Лазарева;самовывоз;4;6.0
2026-07-21;Левітана;Glovo;9;29.0
2026-07-21;Левітана;доставка;37;160.0
2026-07-21;Левітана;самовывоз;11;32.0
2026-07-22;Лазарева;Glovo;5;20.0
2026-07-22;Лазарева;доставка;33;165.0
2026-07-22;Лазарева;самовывоз;10;23.0
2026-07-22;Левітана;Glovo;16;50.0
2026-07-22;Левітана;доставка;37;142.0
2026-07-22;Левітана;самовывоз;18;65.0
2026-07-23;Лазарева;Glovo;11;31.0
2026-07-23;Лазарева;доставка;33;141.0
2026-07-23;Лазарева;самовывоз;7;9.0
2026-07-23;Левітана;Glovo;9;26.0
2026-07-23;Левітана;доставка;37;142.0
2026-07-23;Левітана;самовывоз;9;21.0
2026-07-24;Лазарева;Glovo;15;46.0
2026-07-24;Лазарева;доставка;46;382.0
2026-07-24;Лазарева;самовывоз;8;27.0
2026-07-24;Левітана;Glovo;17;52.0
2026-07-24;Левітана;доставка;54;192.0
2026-07-24;Левітана;самовывоз;12;45.0
2026-07-25;Лазарева;Glovo;15;57.0
2026-07-25;Лазарева;доставка;30;379.0
2026-07-25;Лазарева;самовывоз;8;31.0
2026-07-25;Левітана;Glovo;13;52.0
2026-07-25;Левітана;доставка;53;239.0
2026-07-25;Левітана;самовывоз;17;54.0
2026-07-26;Лазарева;Glovo;13;44.0
2026-07-26;Лазарева;доставка;40;210.0
2026-07-26;Лазарева;самовывоз;9;22.0
2026-07-26;Левітана;Glovo;11;35.0
2026-07-26;Левітана;доставка;41;142.0
2026-07-26;Левітана;самовывоз;11;28.0
2026-07-27;Лазарева;Glovo;6;26.0
2026-07-27;Лазарева;доставка;38;172.0
2026-07-27;Лазарева;самовывоз;6;15.0
2026-07-27;Левітана;Glovo;6;13.0
2026-07-27;Левітана;доставка;43;216.0
2026-07-27;Левітана;самовывоз;5;52.0
2026-07-28;Лазарева;Glovo;7;27.0
2026-07-28;Лазарева;доставка;29;149.0
2026-07-28;Лазарева;самовывоз;5;9.0
2026-07-28;Левітана;Glovo;17;47.0
2026-07-28;Левітана;доставка;30;120.0
2026-07-28;Левітана;самовывоз;8;26.0
2026-07-29;Лазарева;Glovo;7;18.0
2026-07-29;Лазарева;доставка;28;192.0
2026-07-29;Лазарева;самовывоз;4;8.0
2026-07-29;Левітана;Glovo;3;10.0
2026-07-29;Левітана;доставка;43;444.5
2026-07-29;Левітана;самовывоз;10;73.0
2026-07-30;Лазарева;Glovo;6;16.0
2026-07-30;Лазарева;доставка;36;152.0
2026-07-30;Лазарева;самовывоз;11;45.0
2026-07-30;Левітана;Glovo;6;17.0
2026-07-30;Левітана;доставка;40;165.0
2026-07-30;Левітана;самовывоз;17;32.0
2026-07-31;Лазарева;Glovo;15;50.0
2026-07-31;Лазарева;доставка;46;221.0
2026-07-31;Лазарева;самовывоз;5;9.0
2026-07-31;Левітана;Glovo;18;53.0
2026-07-31;Левітана;доставка;51;199.0
2026-07-31;Левітана;самовывоз;8;24.0
2026-08-01;Лазарева;Glovo;8;17.0
2026-08-01;Лазарева;доставка;40;255.0
2026-08-01;Лазарева;самовывоз;2;5.0
2026-08-01;Левітана;Glovo;22;72.0
2026-08-01;Левітана;доставка;55;242.0
2026-08-01;Левітана;самовывоз;11;28.0
2026-08-02;Лазарева;Glovo;10;26.0
2026-08-02;Лазарева;доставка;32;187.0
2026-08-02;Лазарева;самовывоз;4;17.0
2026-08-02;Левітана;Glovo;14;41.0
2026-08-02;Левітана;доставка;45;207.0
2026-08-02;Левітана;самовывоз;9;31.0
2026-08-03;Лазарева;Glovo;11;26.0
2026-08-03;Лазарева;доставка;36;145.0
2026-08-03;Лазарева;самовывоз;7;22.0
2026-08-03;Левітана;Glovo;11;50.0
2026-08-03;Левітана;доставка;31;126.0
2026-08-03;Левітана;самовывоз;7;17.0
2026-08-04;Лазарева;Glovo;7;18.0
2026-08-04;Лазарева;доставка;35;309.0
2026-08-04;Лазарева;самовывоз;6;7.0
2026-08-04;Левітана;Glovo;9;30.0
2026-08-04;Левітана;доставка;42;180.0
2026-08-04;Левітана;самовывоз;4;19.0
2026-08-05;Лазарева;Glovo;7;115.0
2026-08-05;Лазарева;доставка;30;123.0
2026-08-05;Лазарева;самовывоз;6;9.0
2026-08-05;Левітана;Glovo;7;21.0
2026-08-05;Левітана;доставка;39;175.0
2026-08-05;Левітана;самовывоз;13;26.0
2026-08-06;Лазарева;Glovo;9;25.0
2026-08-06;Лазарева;доставка;37;145.0
2026-08-06;Лазарева;самовывоз;9;15.0
2026-08-06;Левітана;Glovo;4;10.0
2026-08-06;Левітана;доставка;44;197.0
2026-08-06;Левітана;самовывоз;17;45.0
2026-08-07;Лазарева;Glovo;7;20.0
2026-08-07;Лазарева;доставка;48;230.0
2026-08-07;Лазарева;самовывоз;11;49.0
2026-08-07;Левітана;Glovo;10;33.0
2026-08-07;Левітана;доставка;57;231.0
2026-08-07;Левітана;самовывоз;14;53.0
2026-08-08;Лазарева;Glovo;7;20.0
2026-08-08;Лазарева;доставка;44;183.0
2026-08-08;Лазарева;самовывоз;5;14.0
2026-08-08;Левітана;Glovo;13;40.0
2026-08-08;Левітана;доставка;67;275.0
2026-08-08;Левітана;самовывоз;16;60.0
2026-08-09;Лазарева;Glovo;16;50.0
2026-08-09;Лазарева;доставка;35;157.0
2026-08-09;Лазарева;самовывоз;6;12.0
2026-08-09;Левітана;Glovo;13;37.0
2026-08-09;Левітана;доставка;43;192.0
2026-08-09;Левітана;самовывоз;9;35.0
2026-08-10;Лазарева;Glovo;6;12.0
2026-08-10;Лазарева;доставка;37;157.0
2026-08-10;Лазарева;самовывоз;1;38.0
2026-08-10;Левітана;Glovo;8;17.0
2026-08-10;Левітана;доставка;48;208.0
2026-08-10;Левітана;самовывоз;9;22.0
2026-08-11;Лазарева;Glovo;6;14.0
2026-08-11;Лазарева;доставка;51;294.0
2026-08-11;Лазарева;самовывоз;4;14.0
2026-08-11;Левітана;Glovo;9;28.0
2026-08-11;Левітана;доставка;47;160.0
2026-08-11;Левітана;самовывоз;4;47.0
2026-08-12;Лазарева;Glovo;8;34.0
2026-08-12;Лазарева;доставка;36;153.0
2026-08-12;Лазарева;самовывоз;5;15.0
2026-08-12;Левітана;Glovo;13;50.0
2026-08-12;Левітана;доставка;42;168.0
2026-08-12;Левітана;самовывоз;11;24.0
2026-08-13;Лазарева;Glovo;9;29.0
2026-08-13;Лазарева;доставка;35;155.0
2026-08-13;Лазарева;самовывоз;4;7.0
2026-08-13;Левітана;Glovo;11;27.0
2026-08-13;Левітана;доставка;40;151.0
2026-08-13;Левітана;самовывоз;14;84.0
2026-08-14;Лазарева;Glovo;6;16.0
2026-08-14;Лазарева;доставка;57;236.0
2026-08-14;Лазарева;самовывоз;2;6.0
2026-08-14;Левітана;Glovo;9;28.0
2026-08-14;Левітана;доставка;61;246.0
2026-08-14;Левітана;самовывоз;15;48.0
2026-08-15;Лазарева;Glovo;9;26.0
2026-08-15;Лазарева;доставка;45;202.0
2026-08-15;Лазарева;самовывоз;6;8.0
2026-08-15;Левітана;Glovo;19;62.0
2026-08-15;Левітана;доставка;44;197.0
2026-08-15;Левітана;самовывоз;11;34.0
2026-08-16;Лазарева;Glovo;13;54.0
2026-08-16;Лазарева;доставка;36;165.0
2026-08-16;Лазарева;самовывоз;6;8.0
2026-08-16;Левітана;Glovo;8;18.0
2026-08-16;Левітана;доставка;45;489.0
2026-08-16;Левітана;самовывоз;11;42.0
2026-08-17;Лазарева;Glovo;9;19.0
2026-08-17;Лазарева;доставка;33;171.0
2026-08-17;Лазарева;самовывоз;4;7.0
2026-08-17;Левітана;Glovo;13;39.0
2026-08-17;Левітана;доставка;28;120.0
2026-08-17;Левітана;самовывоз;16;49.0
2026-08-18;Лазарева;Glovo;9;23.0
2026-08-18;Лазарева;доставка;38;156.0
2026-08-18;Лазарева;самовывоз;9;29.0
2026-08-18;Левітана;Glovo;5;10.0
2026-08-18;Левітана;доставка;36;134.0
2026-08-18;Левітана;самовывоз;15;42.0
2026-08-19;Лазарева;Glovo;8;31.0
2026-08-19;Лазарева;доставка;22;109.0
2026-08-19;Лазарева;самовывоз;8;24.0
2026-08-19;Левітана;Glovo;12;32.0
2026-08-19;Левітана;доставка;40;168.0
2026-08-19;Левітана;самовывоз;4;11.0
2026-08-20;Лазарева;Glovo;7;29.0
2026-08-20;Лазарева;доставка;36;534.0
2026-08-20;Лазарева;самовывоз;2;5.0
2026-08-20;Левітана;Glovo;5;13.0
2026-08-20;Левітана;доставка;32;114.0
2026-08-20;Левітана;самовывоз;14;36.0
2026-08-21;Лазарева;Glovo;15;41.0
2026-08-21;Лазарева;доставка;41;174.0
2026-08-21;Лазарева;самовывоз;15;28.0
2026-08-21;Левітана;Glovo;5;14.0
2026-08-21;Левітана;доставка;56;220.0
2026-08-21;Левітана;самовывоз;9;22.0
2026-08-22;Лазарева;Glovo;12;40.0
2026-08-22;Лазарева;доставка;30;144.0
2026-08-22;Лазарева;самовывоз;6;20.0
2026-08-22;Левітана;Glovo;10;32.0
2026-08-22;Левітана;доставка;53;233.0
2026-08-22;Левітана;самовывоз;13;37.0
2026-08-23;Лазарева;Glovo;4;9.0
2026-08-23;Лазарева;доставка;49;219.0
2026-08-23;Лазарева;самовывоз;4;16.0
2026-08-23;Левітана;Glovo;13;38.0
2026-08-23;Левітана;доставка;55;255.0
2026-08-23;Левітана;самовывоз;7;19.0
2026-08-24;Лазарева;Glovo;10;30.0
2026-08-24;Лазарева;доставка;38;139.0
2026-08-24;Лазарева;самовывоз;7;9.0
2026-08-24;Левітана;Glovo;9;44.0
2026-08-24;Левітана;доставка;40;1338.0
2026-08-24;Левітана;самовывоз;12;25.0
2026-08-25;Лазарева;Glovo;3;12.0
2026-08-25;Лазарева;доставка;40;175.0
2026-08-25;Лазарева;самовывоз;4;7.0
2026-08-25;Левітана;Glovo;5;30.0
2026-08-25;Левітана;доставка;50;228.0
2026-08-25;Левітана;самовывоз;7;23.0
2026-08-26;Лазарева;Glovo;7;14.0
2026-08-26;Лазарева;доставка;35;561.0
2026-08-26;Лазарева;самовывоз;11;15.0
2026-08-26;Левітана;Glovo;8;19.0
2026-08-26;Левітана;доставка;43;162.0
2026-08-26;Левітана;самовывоз;14;41.0
2026-08-27;Лазарева;Glovo;4;12.0
2026-08-27;Лазарева;доставка;35;153.0
2026-08-27;Лазарева;самовывоз;6;13.0
2026-08-27;Левітана;Glovo;5;15.0
2026-08-27;Левітана;доставка;35;158.0
2026-08-27;Левітана;самовывоз;14;90.0
2026-08-28;Лазарева;Glovo;6;17.0
2026-08-28;Лазарева;доставка;48;935.0
2026-08-28;Лазарева;самовывоз;11;24.0
2026-08-28;Левітана;Glovo;8;25.0
2026-08-28;Левітана;доставка;44;756.0
2026-08-28;Левітана;самовывоз;12;50.0
2026-08-29;Лазарева;Glovo;3;8.0
2026-08-29;Лазарева;доставка;42;218.0
2026-08-29;Лазарева;самовывоз;8;14.0
2026-08-29;Левітана;Glovo;12;38.0
2026-08-29;Левітана;доставка;53;501.0
2026-08-29;Левітана;самовывоз;16;48.0
2026-08-30;Лазарева;Glovo;11;35.0
2026-08-30;Лазарева;доставка;35;133.0
2026-08-30;Лазарева;самовывоз;4;11.0
2026-08-30;Левітана;Glovo;9;24.0
2026-08-30;Левітана;доставка;52;209.0
2026-08-30;Левітана;самовывоз;9;33.0
2026-08-31;Лазарева;Glovo;6;15.0
2026-08-31;Лазарева;доставка;33;282.0
2026-08-31;Лазарева;самовывоз;1;16.0
2026-08-31;Левітана;Glovo;6;15.0
2026-08-31;Левітана;доставка;30;116.0
2026-08-31;Левітана;самовывоз;10;56.0
2026-09-01;Лазарева;Glovo;7;20.0
2026-09-01;Лазарева;доставка;46;204.0
2026-09-01;Лазарева;самовывоз;6;26.0
2026-09-01;Левітана;Glovo;7;21.0
2026-09-01;Левітана;доставка;51;213.0
2026-09-01;Левітана;самовывоз;20;70.0
2026-09-02;Лазарева;доставка;23;1454.0
2026-09-02;Лазарева;самовывоз;5;16.0
2026-09-02;Левітана;Glovo;10;26.0
2026-09-02;Левітана;доставка;53;232.0
2026-09-02;Левітана;самовывоз;8;25.0
2026-09-03;Лазарева;Glovo;10;22.0
2026-09-03;Лазарева;доставка;25;99.0
2026-09-03;Лазарева;самовывоз;6;26.0
2026-09-03;Левітана;Glovo;9;40.0
2026-09-03;Левітана;доставка;34;149.0
2026-09-03;Левітана;самовывоз;12;39.0
2026-09-04;Лазарева;Glovo;1;2.0
2026-09-04;Лазарева;доставка;49;218.0
2026-09-04;Лазарева;самовывоз;1;52.0
2026-09-04;Левітана;Glovo;15;49.0
2026-09-04;Левітана;доставка;42;160.0
2026-09-04;Левітана;самовывоз;10;57.0
2026-09-05;Лазарева;Glovo;6;14.0
2026-09-05;Лазарева;доставка;46;212.0
2026-09-05;Лазарева;самовывоз;4;17.0
2026-09-05;Левітана;Glovo;12;39.0
2026-09-05;Левітана;доставка;46;170.0
2026-09-05;Левітана;самовывоз;13;48.0
2026-09-06;Лазарева;Glovo;5;14.0
2026-09-06;Лазарева;доставка;43;179.0
2026-09-06;Лазарева;самовывоз;2;10.0
2026-09-06;Левітана;Glovo;6;18.0
2026-09-06;Левітана;доставка;48;405.0
2026-09-06;Левітана;самовывоз;10;42.0
2026-09-07;Лазарева;Glovo;8;21.0
2026-09-07;Лазарева;доставка;34;151.0
2026-09-07;Лазарева;самовывоз;4;7.0
2026-09-07;Левітана;Glovo;7;19.0
2026-09-07;Левітана;доставка;33;126.0
2026-09-07;Левітана;самовывоз;10;34.0
2026-09-08;Лазарева;Glovo;4;15.0
2026-09-08;Лазарева;доставка;29;117.0
2026-09-08;Лазарева;самовывоз;11;22.0
2026-09-08;Левітана;Glovo;7;19.0
2026-09-08;Левітана;доставка;34;125.0
2026-09-08;Левітана;самовывоз;8;28.0
2026-09-09;Лазарева;Glovo;9;22.0
2026-09-09;Лазарева;доставка;36;140.0
2026-09-09;Лазарева;самовывоз;5;8.0
2026-09-09;Левітана;Glovo;7;23.0
2026-09-09;Левітана;доставка;30;158.0
2026-09-09;Левітана;самовывоз;9;28.0
2026-09-10;Лазарева;Glovo;18;36.0
2026-09-10;Лазарева;доставка;21;75.0
2026-09-10;Лазарева;самовывоз;4;9.0
2026-09-10;Левітана;Glovo;14;46.0
2026-09-10;Левітана;доставка;34;164.0
2026-09-10;Левітана;самовывоз;9;17.0
