дата;точка;источник;отменено_заказов;сумма;причина
2025-01-01;Левітана;Glovo;1;1560.0;Отказ клиента
2025-01-01;Левітана;доставка;1;945.0;Отказ клиента
2025-01-04;Лазарева;доставка;1;644.0;Перенос на другую точку
2025-01-04;Лазарева;самовывоз;1;1848.0;Отказ клиента
2025-01-04;Левітана;доставка;1;1370.0;Отказ клиента
2025-01-05;Лазарева;доставка;3;1919.0;Отказ клиента
2025-01-05;Лазарева;доставка;1;1230.0;Перенос на другую точку
2025-01-05;Левітана;доставка;3;1780.0;Отказ клиента
2025-01-06;Лазарева;доставка;3;2105.0;Перенос на другую точку
2025-01-06;Левітана;доставка;2;4970.0;Отказ клиента
2025-01-07;Лазарева;Glovo;1;974.0;Отказ клиента
2025-01-07;Левітана;доставка;4;4071.0;Отказ клиента
2025-01-08;Лазарева;Glovo;1;1494.0;Отказ клиента
2025-01-08;Лазарева;доставка;3;4850.0;Отказ клиента
2025-01-08;Левітана;доставка;3;4769.0;Отказ клиента
2025-01-08;Левітана;доставка;1;1641.0;Перенос на другую точку
2025-01-09;Лазарева;доставка;1;3445.0;Отказ клиента
2025-01-09;Левітана;доставка;1;1380.0;Отказ клиента
2025-01-09;Левітана;самовывоз;1;295.0;Отказ клиента
2025-01-10;Лазарева;доставка;1;245.0;Перенос на другую точку
2025-01-10;Лазарева;самовывоз;1;1430.0;Отказ клиента
2025-01-10;Левітана;доставка;3;3761.0;Отказ клиента
2025-01-10;Левітана;доставка;1;995.0;Перенос на другую точку
2025-01-11;Лазарева;доставка;1;2090.0;Отказ клиента
2025-01-11;Левітана;доставка;2;1875.0;Отказ клиента
2025-01-12;Лазарева;доставка;1;285.0;Отказ клиента
2025-01-12;Лазарева;доставка;1;560.0;Перенос на другую точку
2025-01-12;Левітана;Glovo;1;599.0;Отказ клиента
2025-01-13;Левітана;доставка;1;752.0;Отказ клиента
2025-01-14;Лазарева;доставка;2;2989.0;Отказ клиента
2025-01-14;Лазарева;доставка;1;995.0;Перенос на другую точку
2025-01-14;Левітана;доставка;1;834.0;Отказ клиента
2025-01-15;Лазарева;Glovo;1;780.0;Отказ клиента
2025-01-15;Лазарева;доставка;2;3547.0;Отказ клиента
2025-01-15;Левітана;доставка;1;1324.0;Отказ клиента
2025-01-16;Лазарева;доставка;2;6159.0;Отказ клиента
2025-01-17;Лазарева;доставка;3;7843.0;Отказ клиента
2025-01-17;Левітана;доставка;1;2781.0;Отказ клиента
2025-01-18;Левітана;доставка;2;1280.0;Отказ клиента
2025-01-19;Лазарева;доставка;3;1853.0;Отказ клиента
2025-01-19;Левітана;доставка;1;2000.0;Отказ клиента
2025-01-20;Левітана;доставка;4;3336.0;Отказ клиента
2025-01-21;Лазарева;доставка;1;1040.0;Отказ клиента
2025-01-21;Левітана;доставка;4;7068.0;Отказ клиента
2025-01-22;Лазарева;доставка;2;2679.0;Отказ клиента
2025-01-22;Левітана;доставка;2;3389.0;Отказ клиента
2025-01-23;Лазарева;доставка;1;1068.0;Отказ клиента
2025-01-23;Левітана;Glovo;1;2820.0;Отказ клиента
2025-01-23;Левітана;доставка;2;3590.0;Отказ клиента
2025-01-24;Лазарева;доставка;1;1379.0;Отказ клиента
2025-01-25;Лазарева;Glovo;1;795.0;Отказ клиента
2025-01-25;Лазарева;доставка;5;4544.0;Отказ клиента
2025-01-25;Левітана;доставка;5;6955.0;Отказ клиента
2025-01-25;Левітана;доставка;1;795.0;Перенос на другую точку
2025-01-26;Левітана;доставка;3;2956.0;Отказ клиента
2025-01-26;Левітана;доставка;1;1870.0;Перенос на другую точку
2025-01-27;Лазарева;доставка;2;2264.0;Отказ клиента
2025-01-28;Лазарева;доставка;2;2539.0;Отказ клиента
2025-01-28;Левітана;доставка;1;3125.0;Отказ клиента
2025-01-29;Лазарева;доставка;1;1210.0;Отказ клиента
2025-01-30;Лазарева;доставка;1;900.0;Отказ клиента
2025-01-30;Левітана;доставка;1;1705.0;Отказ клиента
2025-01-31;Лазарева;доставка;2;3109.0;Отказ клиента
2025-02-01;Лазарева;доставка;1;2874.0;Отказ клиента
2025-02-01;Левітана;Glovo;1;260.0;Отказ клиента
2025-02-01;Левітана;доставка;3;6151.0;Отказ клиента
2025-02-02;Лазарева;доставка;1;700.0;Отказ клиента
2025-02-02;Левітана;доставка;3;2663.0;Отказ клиента
2025-02-03;Лазарева;доставка;1;1308.0;Перенос на другую точку
2025-02-04;Лазарева;доставка;2;2940.0;Отказ клиента
2025-02-04;Левітана;Glovo;1;4180.0;Отказ клиента
2025-02-04;Левітана;доставка;1;1354.0;Отказ клиента
2025-02-05;Лазарева;доставка;2;2120.0;Отказ клиента
2025-02-06;Лазарева;доставка;1;730.0;Отказ клиента
2025-02-06;Лазарева;самовывоз;1;316.0;Отказ клиента
2025-02-06;Лазарева;самовывоз;1;1025.0;Перенос на другую точку
2025-02-06;Левітана;доставка;1;1556.0;Отказ клиента
2025-02-07;Лазарева;Glovo;1;1075.0;Отказ клиента
2025-02-07;Лазарева;доставка;1;569.0;Перенос на другую точку
2025-02-07;Левітана;доставка;2;1954.0;Отказ клиента
2025-02-08;Лазарева;доставка;1;1050.0;Отказ клиента
2025-02-08;Левітана;доставка;3;4507.0;Отказ клиента
2025-02-09;Лазарева;Glovo;1;610.0;Отказ клиента
2025-02-09;Лазарева;доставка;1;1050.0;Отказ клиента
2025-02-10;Лазарева;доставка;1;1264.0;Перенос на другую точку
2025-02-10;Левітана;Glovo;1;925.0;Отказ клиента
2025-02-10;Левітана;доставка;1;1214.0;Отказ клиента
2025-02-11;Лазарева;доставка;3;2210.0;Отказ клиента
2025-02-11;Левітана;доставка;1;365.0;Отказ клиента
2025-02-12;Лазарева;доставка;2;2339.0;Отказ клиента
2025-02-12;Лазарева;доставка;1;1855.0;Перенос на другую точку
2025-02-12;Левітана;доставка;5;6143.0;Отказ клиента
2025-02-12;Левітана;самовывоз;1;1895.0;Отказ клиента
2025-02-13;Левітана;доставка;2;1765.0;Отказ клиента
2025-02-14;Лазарева;доставка;30;32317.0;Отказ клиента
2025-02-14;Лазарева;доставка;3;4665.0;Перенос на другую точку
2025-02-14;Лазарева;самовывоз;3;5740.0;Отказ клиента
2025-02-14;Левітана;доставка;19;22659.0;Отказ клиента
2025-02-14;Левітана;доставка;1;2044.0;Перенос на другую точку
2025-02-14;Левітана;самовывоз;11;15949.0;Отказ клиента
2025-02-14;Левітана;самовывоз;1;1045.0;Перенос на другую точку
2025-02-15;Лазарева;Glovo;1;295.0;Отказ клиента
2025-02-15;Лазарева;доставка;5;10724.0;Отказ клиента
2025-02-15;Левітана;доставка;4;4978.0;Отказ клиента
2025-02-16;Лазарева;самовывоз;1;710.0;Отказ клиента
2025-02-16;Левітана;доставка;1;2880.0;Отказ клиента
2025-02-17;Лазарева;доставка;3;3957.0;Отказ клиента
2025-02-17;Лазарева;самовывоз;1;445.0;Отказ клиента
2025-02-19;Лазарева;доставка;3;4017.0;Отказ клиента
2025-02-19;Левітана;доставка;2;1355.0;Отказ клиента
2025-02-20;Лазарева;доставка;2;1755.0;Отказ клиента
2025-02-21;Лазарева;доставка;2;1156.0;Отказ клиента
2025-02-21;Левітана;Glovo;1;924.0;Отказ клиента
2025-02-21;Левітана;доставка;1;2090.0;Отказ клиента
2025-02-22;Лазарева;доставка;1;728.0;Отказ клиента
2025-02-22;Левітана;доставка;1;2974.0;Отказ клиента
2025-02-23;Лазарева;доставка;1;1358.0;Отказ клиента
2025-02-23;Левітана;Glovo;1;1777.0;Отказ клиента
2025-02-24;Лазарева;доставка;8;15127.0;Отказ клиента
2025-02-25;Лазарева;доставка;2;2100.0;Отказ клиента
2025-02-25;Левітана;доставка;4;10844.0;Отказ клиента
2025-02-26;Лазарева;доставка;3;3509.0;Отказ клиента
2025-02-26;Лазарева;доставка;1;1173.0;Перенос на другую точку
2025-02-26;Лазарева;самовывоз;1;704.0;Отказ клиента
2025-02-26;Левітана;доставка;1;2614.0;Отказ клиента
2025-02-26;Левітана;доставка;1;1173.0;Перенос на другую точку
2025-02-27;Левітана;доставка;4;10499.0;Отказ клиента
2025-02-28;Лазарева;доставка;3;2140.0;Отказ клиента
2025-02-28;Лазарева;самовывоз;1;1360.0;Отказ клиента
2025-02-28;Левітана;доставка;4;7841.0;Отказ клиента
2025-03-01;Лазарева;Glovo;1;252.0;Отказ клиента
2025-03-01;Лазарева;доставка;2;7790.0;Отказ клиента
2025-03-01;Левітана;доставка;3;3735.0;Отказ клиента
2025-03-02;Лазарева;доставка;3;1545.0;Отказ клиента
2025-03-02;Левітана;доставка;4;6942.0;Отказ клиента
2025-03-03;Лазарева;доставка;1;3321.0;Отказ клиента
2025-03-03;Левітана;доставка;2;1154.0;Отказ клиента
2025-03-04;Левітана;доставка;2;1445.0;Отказ клиента
2025-03-05;Лазарева;доставка;3;2445.0;Отказ клиента
2025-03-05;Лазарева;самовывоз;1;345.0;Отказ клиента
2025-03-05;Левітана;Glovo;1;499.0;Отказ клиента
2025-03-05;Левітана;доставка;1;2350.0;Перенос на другую точку
2025-03-06;Лазарева;самовывоз;1;4474.0;Отказ клиента
2025-03-06;Левітана;доставка;1;690.0;Отказ клиента
2025-03-07;Лазарева;доставка;3;4192.0;Отказ клиента
2025-03-07;Левітана;доставка;3;2587.0;Отказ клиента
2025-03-08;Лазарева;доставка;25;25698.0;Отказ клиента
2025-03-08;Лазарева;самовывоз;2;1457.0;Отказ клиента
2025-03-08;Левітана;доставка;11;15058.0;Отказ клиента
2025-03-08;Левітана;самовывоз;4;5122.0;Отказ клиента
2025-03-09;Лазарева;доставка;1;3240.0;Перенос на другую точку
2025-03-09;Левітана;доставка;1;2059.0;Отказ клиента
2025-03-10;Лазарева;доставка;2;964.0;Отказ клиента
2025-03-10;Левітана;доставка;1;365.0;Отказ клиента
2025-03-11;Лазарева;доставка;2;3044.0;Отказ клиента
2025-03-12;Левітана;доставка;2;9046.0;Отказ клиента
2025-03-12;Левітана;доставка;1;2629.0;Перенос на другую точку
2025-03-13;Лазарева;доставка;1;1724.0;Отказ клиента
2025-03-13;Левітана;доставка;1;2735.0;Отказ клиента
2025-03-14;Левітана;доставка;2;2691.0;Отказ клиента
2025-03-14;Левітана;самовывоз;1;175.0;Отказ клиента
2025-03-15;Лазарева;доставка;3;6759.0;Отказ клиента
2025-03-15;Лазарева;самовывоз;1;3765.0;Отказ клиента
2025-03-16;Лазарева;доставка;4;5571.0;Отказ клиента
2025-03-16;Левітана;Glovo;1;1055.0;Отказ клиента
2025-03-16;Левітана;доставка;1;2048.0;Отказ клиента
2025-03-16;Левітана;доставка;1;1365.0;Перенос на другую точку
2025-03-17;Лазарева;доставка;3;3546.0;Отказ клиента
2025-03-18;Лазарева;доставка;3;3774.0;Отказ клиента
2025-03-18;Левітана;доставка;3;6205.0;Отказ клиента
2025-03-19;Лазарева;доставка;2;3380.0;Отказ клиента
2025-03-19;Лазарева;доставка;1;599.0;Перенос на другую точку
2025-03-19;Левітана;доставка;1;1650.0;Отказ клиента
2025-03-20;Лазарева;доставка;1;590.0;Отказ клиента
2025-03-20;Левітана;доставка;4;7224.0;Отказ клиента
2025-03-21;Лазарева;доставка;1;794.0;Отказ клиента
2025-03-21;Левітана;доставка;2;4201.0;Отказ клиента
2025-03-21;Левітана;самовывоз;1;702.0;Отказ клиента
2025-03-22;Лазарева;доставка;1;1930.0;Отказ клиента
2025-03-22;Лазарева;доставка;1;2427.0;Перенос на другую точку
2025-03-22;Лазарева;самовывоз;1;1014.0;Отказ клиента
2025-03-22;Левітана;доставка;1;305.0;Отказ клиента
2025-03-22;Левітана;самовывоз;1;640.0;Отказ клиента
2025-03-24;Лазарева;доставка;1;1544.0;Отказ клиента
2025-03-24;Лазарева;самовывоз;1;1055.0;Отказ клиента
2025-03-25;Лазарева;Glovo;1;670.0;Отказ клиента
2025-03-25;Лазарева;доставка;4;3953.0;Отказ клиента
2025-03-25;Лазарева;самовывоз;1;3148.0;Отказ клиента
2025-03-26;Лазарева;доставка;1;2299.0;Отказ клиента
2025-03-26;Левітана;доставка;1;3005.0;Отказ клиента
2025-03-27;Лазарева;Glovo;1;1420.0;Отказ клиента
2025-03-27;Лазарева;доставка;2;1400.0;Отказ клиента
2025-03-28;Лазарева;доставка;3;5685.0;Отказ клиента
2025-03-28;Левітана;Glovo;1;630.0;Отказ клиента
2025-03-28;Левітана;доставка;2;4060.0;Отказ клиента
2025-03-28;Левітана;самовывоз;1;396.0;Отказ клиента
2025-03-30;Лазарева;доставка;3;2684.0;Отказ клиента
2025-03-30;Левітана;доставка;1;1466.0;Отказ клиента
2025-03-31;Лазарева;доставка;2;2624.0;Отказ клиента
2025-03-31;Лазарева;доставка;1;945.0;Перенос на другую точку
2025-03-31;Левітана;доставка;4;6141.0;Отказ клиента
2025-03-31;Левітана;доставка;1;945.0;Перенос на другую точку
2025-03-31;Левітана;самовывоз;1;1520.0;Отказ клиента
2025-04-01;Лазарева;доставка;3;2375.0;Отказ клиента
2025-04-01;Левітана;Glovo;1;963.0;Отказ клиента
2025-04-01;Левітана;доставка;5;7682.0;Отказ клиента
2025-04-02;Лазарева;доставка;2;5419.0;Отказ клиента
2025-04-02;Левітана;доставка;3;5634.0;Отказ клиента
2025-04-03;Лазарева;Glovo;1;985.0;Отказ клиента
2025-04-03;Лазарева;доставка;1;1340.0;Перенос на другую точку
2025-04-03;Левітана;доставка;1;1095.0;Отказ клиента
2025-04-03;Левітана;самовывоз;1;1187.0;Отказ клиента
2025-04-04;Лазарева;доставка;1;1819.0;Отказ клиента
2025-04-04;Левітана;доставка;2;1893.0;Отказ клиента
2025-04-05;Лазарева;доставка;4;4731.0;Отказ клиента
2025-04-05;Левітана;доставка;1;820.0;Отказ клиента
2025-04-05;Левітана;самовывоз;1;530.0;Отказ клиента
2025-04-06;Левітана;доставка;2;1628.0;Отказ клиента
2025-04-06;Левітана;доставка;1;1260.0;Перенос на другую точку
2025-04-07;Лазарева;самовывоз;1;325.0;Отказ клиента
2025-04-07;Левітана;доставка;4;6340.0;Отказ клиента
2025-04-07;Левітана;самовывоз;1;1275.0;Отказ клиента
2025-04-08;Лазарева;доставка;2;4520.0;Отказ клиента
2025-04-08;Левітана;доставка;1;455.0;Отказ клиента
2025-04-10;Лазарева;Glovo;1;499.0;Отказ клиента
2025-04-10;Лазарева;доставка;4;8998.0;Отказ клиента
2025-04-10;Лазарева;самовывоз;2;320.0;Отказ клиента
2025-04-10;Левітана;доставка;1;2749.0;Отказ клиента
2025-04-11;Лазарева;доставка;6;6337.0;Отказ клиента
2025-04-11;Лазарева;самовывоз;11;15232.0;Отказ клиента
2025-04-11;Левітана;Glovo;1;1360.0;Отказ клиента
2025-04-11;Левітана;доставка;13;14746.0;Отказ клиента
2025-04-11;Левітана;самовывоз;2;1817.0;Отказ клиента
2025-04-12;Лазарева;самовывоз;2;1630.0;Отказ клиента
2025-04-12;Левітана;доставка;2;1853.0;Отказ клиента
2025-04-13;Лазарева;доставка;1;1685.0;Отказ клиента
2025-04-13;Левітана;доставка;1;1075.0;Отказ клиента
2025-04-14;Лазарева;доставка;1;2635.0;Отказ клиента
2025-04-14;Левітана;доставка;4;10428.0;Отказ клиента
2025-04-15;Лазарева;самовывоз;2;1190.0;Отказ клиента
2025-04-16;Лазарева;Glovo;1;375.0;Отказ клиента
2025-04-16;Лазарева;доставка;4;8444.0;Отказ клиента
2025-04-17;Лазарева;Glovo;1;641.0;Отказ клиента
2025-04-18;Лазарева;доставка;1;2568.0;Отказ клиента
2025-04-18;Левітана;доставка;1;2290.0;Отказ клиента
2025-04-19;Левітана;доставка;1;876.0;Отказ клиента
2025-04-20;Левітана;доставка;1;599.0;Отказ клиента
2025-04-21;Лазарева;доставка;1;690.0;Отказ клиента
2025-04-21;Левітана;Glovo;1;2595.0;Отказ клиента
2025-04-21;Левітана;доставка;2;4580.0;Отказ клиента
2025-04-23;Лазарева;доставка;2;2741.0;Отказ клиента
2025-04-23;Лазарева;самовывоз;2;1365.0;Отказ клиента
2025-04-23;Левітана;доставка;2;3028.0;Отказ клиента
2025-04-23;Левітана;самовывоз;1;1075.0;Отказ клиента
2025-04-24;Лазарева;доставка;2;1369.0;Отказ клиента
2025-04-24;Лазарева;самовывоз;1;530.0;Отказ клиента
2025-04-24;Левітана;доставка;2;2735.0;Отказ клиента
2025-04-24;Левітана;самовывоз;1;2213.0;Отказ клиента
2025-04-25;Лазарева;доставка;5;3554.0;Отказ клиента
2025-04-25;Левітана;доставка;3;2554.0;Отказ клиента
2025-04-25;Левітана;самовывоз;2;1745.0;Отказ клиента
2025-04-26;Лазарева;доставка;2;4194.0;Отказ клиента
2025-04-26;Левітана;доставка;1;610.0;Отказ клиента
2025-04-27;Лазарева;Glovo;1;710.0;Отказ клиента
2025-04-27;Лазарева;доставка;2;1625.0;Отказ клиента
2025-04-27;Левітана;доставка;3;4228.0;Отказ клиента
2025-04-28;Лазарева;доставка;2;1216.0;Отказ клиента
2025-04-28;Лазарева;самовывоз;2;919.0;Отказ клиента
2025-04-28;Левітана;Glovo;2;2094.0;Отказ клиента
2025-04-28;Левітана;доставка;1;1765.0;Отказ клиента
2025-04-28;Левітана;доставка;1;2509.0;Перенос на другую точку
2025-04-29;Лазарева;доставка;1;2105.0;Отказ клиента
2025-04-29;Лазарева;самовывоз;1;255.0;Отказ клиента
2025-04-29;Левітана;доставка;1;825.0;Отказ клиента
2025-04-30;Лазарева;доставка;1;1523.0;Отказ клиента
2025-04-30;Левітана;доставка;1;175.0;Отказ клиента
2025-05-01;Лазарева;Glovo;1;654.0;Отказ клиента
2025-05-01;Лазарева;доставка;1;1469.0;Отказ клиента
2025-05-01;Левітана;Glovo;1;990.0;Отказ клиента
2025-05-02;Лазарева;доставка;3;4265.0;Отказ клиента
2025-05-02;Лазарева;самовывоз;1;990.0;Отказ клиента
2025-05-02;Левітана;доставка;1;2305.0;Отказ клиента
2025-05-03;Лазарева;доставка;2;4014.0;Отказ клиента
2025-05-03;Лазарева;доставка;1;1044.0;Перенос на другую точку
2025-05-04;Лазарева;доставка;1;1534.0;Перенос на другую точку
2025-05-04;Левітана;доставка;2;1293.0;Отказ клиента
2025-05-05;Лазарева;доставка;2;3605.0;Отказ клиента
2025-05-05;Лазарева;доставка;1;375.0;Перенос на другую точку
2025-05-05;Левітана;доставка;1;1459.0;Отказ клиента
2025-05-05;Левітана;самовывоз;1;680.0;Отказ клиента
2025-05-06;Левітана;доставка;2;3495.0;Отказ клиента
2025-05-07;Лазарева;Glovo;1;385.0;Отказ клиента
2025-05-07;Лазарева;доставка;1;1795.0;Отказ клиента
2025-05-07;Лазарева;самовывоз;1;294.1;Отказ клиента
2025-05-07;Левітана;доставка;1;3969.0;Отказ клиента
2025-05-08;Лазарева;Glovo;1;555.0;Отказ клиента
2025-05-08;Лазарева;доставка;2;5054.0;Отказ клиента
2025-05-09;Лазарева;доставка;2;4820.0;Отказ клиента
2025-05-10;Лазарева;доставка;1;1085.0;Отказ клиента
2025-05-10;Лазарева;доставка;1;720.0;Перенос на другую точку
2025-05-10;Лазарева;самовывоз;1;3042.0;Отказ клиента
2025-05-10;Левітана;доставка;2;4117.0;Отказ клиента
2025-05-11;Лазарева;доставка;1;520.0;Отказ клиента
2025-05-11;Лазарева;доставка;3;2675.0;Перенос на другую точку
2025-05-11;Левітана;доставка;1;3065.0;Перенос на другую точку
2025-05-12;Левітана;доставка;2;1260.0;Отказ клиента
2025-05-13;Лазарева;доставка;1;2301.0;Отказ клиента
2025-05-14;Лазарева;Glovo;1;555.0;Отказ клиента
2025-05-14;Левітана;доставка;3;6612.0;Отказ клиента
2025-05-15;Лазарева;доставка;2;933.0;Отказ клиента
2025-05-15;Лазарева;доставка;1;1228.0;Перенос на другую точку
2025-05-15;Левітана;доставка;2;1685.0;Отказ клиента
2025-05-15;Левітана;самовывоз;1;1105.0;Отказ клиента
2025-05-16;Лазарева;доставка;1;1105.0;Отказ клиента
2025-05-16;Лазарева;доставка;2;5205.0;Перенос на другую точку
2025-05-16;Левітана;доставка;4;8998.0;Отказ клиента
2025-05-17;Лазарева;доставка;2;1210.0;Отказ клиента
2025-05-17;Левітана;Glovo;2;1548.0;Отказ клиента
2025-05-17;Левітана;доставка;4;4783.0;Отказ клиента
2025-05-18;Лазарева;Glovo;1;990.0;Отказ клиента
2025-05-19;Лазарева;доставка;2;4220.0;Отказ клиента
2025-05-20;Лазарева;доставка;1;1900.0;Отказ клиента
2025-05-20;Лазарева;доставка;1;375.0;Перенос на другую точку
2025-05-20;Лазарева;самовывоз;1;1195.0;Отказ клиента
2025-05-20;Левітана;доставка;3;4770.0;Отказ клиента
2025-05-21;Лазарева;Glovo;1;650.0;Отказ клиента
2025-05-22;Лазарева;Glovo;1;225.0;Отказ клиента
2025-05-22;Лазарева;доставка;2;1210.0;Отказ клиента
2025-05-22;Лазарева;доставка;1;2874.0;Перенос на другую точку
2025-05-22;Лазарева;самовывоз;2;2361.0;Отказ клиента
2025-05-22;Левітана;Glovo;1;710.0;Отказ клиента
2025-05-22;Левітана;доставка;1;1815.0;Отказ клиента
2025-05-22;Левітана;доставка;1;995.0;Перенос на другую точку
2025-05-23;Левітана;доставка;1;1975.0;Отказ клиента
2025-05-24;Левітана;доставка;1;1514.0;Отказ клиента
2025-05-25;Лазарева;доставка;1;3675.0;Отказ клиента
2025-05-25;Левітана;доставка;1;1763.0;Отказ клиента
2025-05-26;Лазарева;доставка;2;2293.0;Отказ клиента
2025-05-26;Левітана;доставка;4;3142.0;Отказ клиента
2025-05-27;Лазарева;доставка;2;3399.0;Отказ клиента
2025-05-27;Лазарева;доставка;4;4326.0;Перенос на другую точку
2025-05-27;Лазарева;самовывоз;1;225.3;Отказ клиента
2025-05-27;Левітана;доставка;1;815.0;Отказ клиента
2025-05-27;Левітана;самовывоз;1;375.0;Отказ клиента
2025-05-28;Лазарева;доставка;1;325.0;Отказ клиента
2025-05-28;Левітана;самовывоз;1;1020.0;Отказ клиента
2025-05-29;Лазарева;Glovo;1;599.0;Отказ клиента
2025-05-29;Лазарева;доставка;1;597.0;Перенос на другую точку
2025-05-29;Левітана;доставка;1;385.0;Отказ клиента
2025-05-30;Лазарева;Glovo;1;510.0;Отказ клиента
2025-05-30;Лазарева;доставка;6;6653.0;Отказ клиента
2025-05-30;Лазарева;доставка;1;1714.0;Перенос на другую точку
2025-05-30;Левітана;доставка;2;3067.0;Отказ клиента
2025-05-31;Лазарева;доставка;1;2160.0;Отказ клиента
2025-05-31;Левітана;доставка;1;325.0;Отказ клиента
2025-06-01;Лазарева;доставка;1;1582.0;Отказ клиента
2025-06-01;Лазарева;самовывоз;1;405.0;Отказ клиента
2025-06-01;Левітана;Glovo;1;1055.0;Отказ клиента
2025-06-01;Левітана;доставка;3;4668.0;Отказ клиента
2025-06-01;Левітана;доставка;1;2778.0;Перенос на другую точку
2025-06-02;Левітана;доставка;3;2669.0;Отказ клиента
2025-06-02;Левітана;самовывоз;1;295.0;Отказ клиента
2025-06-03;Левітана;доставка;1;2254.0;Отказ клиента
2025-06-04;Лазарева;Glovo;1;375.0;Перенос на другую точку
2025-06-04;Лазарева;доставка;2;3928.0;Отказ клиента
2025-06-04;Лазарева;доставка;1;325.0;Перенос на другую точку
2025-06-04;Лазарева;самовывоз;2;603.8;Отказ клиента
2025-06-04;Левітана;доставка;1;1400.0;Отказ клиента
2025-06-05;Лазарева;доставка;2;2903.0;Отказ клиента
2025-06-05;Левітана;доставка;1;405.0;Отказ клиента
2025-06-06;Лазарева;доставка;1;1185.0;Отказ клиента
2025-06-06;Левітана;доставка;1;760.0;Отказ клиента
2025-06-06;Левітана;самовывоз;1;225.0;Отказ клиента
2025-06-07;Лазарева;доставка;1;795.0;Перенос на другую точку
2025-06-07;Лазарева;самовывоз;1;600.0;Перенос на другую точку
2025-06-07;Левітана;доставка;2;2015.0;Отказ клиента
2025-06-08;Лазарева;Glovo;1;355.0;Отказ клиента
2025-06-08;Лазарева;доставка;2;2849.0;Отказ клиента
2025-06-08;Левітана;доставка;1;325.0;Отказ клиента
2025-06-10;Лазарева;Glovo;1;1460.0;Перенос на другую точку
2025-06-10;Лазарева;доставка;1;640.0;Отказ клиента
2025-06-10;Левітана;доставка;1;1834.0;Отказ клиента
2025-06-11;Лазарева;Glovo;1;375.0;Перенос на другую точку
2025-06-11;Лазарева;доставка;1;1005.0;Перенос на другую точку
2025-06-11;Левітана;доставка;1;1633.0;Отказ клиента
2025-06-12;Лазарева;доставка;4;3149.0;Отказ клиента
2025-06-12;Левітана;доставка;1;1305.0;Перенос на другую точку
2025-06-13;Лазарева;Glovo;3;3345.0;Отказ клиента
2025-06-13;Лазарева;доставка;5;4135.0;Отказ клиента
2025-06-13;Лазарева;доставка;2;2310.0;Перенос на другую точку
2025-06-13;Левітана;Glovo;2;2870.0;Отказ клиента
2025-06-13;Левітана;доставка;1;1705.0;Отказ клиента
2025-06-14;Лазарева;доставка;3;2634.0;Отказ клиента
2025-06-14;Лазарева;доставка;2;1835.0;Перенос на другую точку
2025-06-14;Левітана;доставка;2;1930.0;Отказ клиента
2025-06-14;Левітана;доставка;1;3813.0;Перенос на другую точку
2025-06-15;Левітана;доставка;2;1905.0;Отказ клиента
2025-06-16;Левітана;доставка;3;4059.0;Отказ клиента
2025-06-16;Левітана;самовывоз;1;235.0;Отказ клиента
2025-06-17;Лазарева;доставка;2;3172.0;Отказ клиента
2025-06-17;Левітана;доставка;1;964.0;Отказ клиента
2025-06-18;Лазарева;Glovo;1;680.0;Отказ клиента
2025-06-18;Лазарева;доставка;2;3535.0;Отказ клиента
2025-06-18;Лазарева;самовывоз;2;2667.0;Отказ клиента
2025-06-18;Левітана;доставка;1;940.0;Отказ клиента
2025-06-19;Лазарева;доставка;2;2328.0;Отказ клиента
2025-06-19;Левітана;самовывоз;1;915.0;Отказ клиента
2025-06-20;Левітана;доставка;3;3778.0;Отказ клиента
2025-06-21;Лазарева;Glovo;1;985.0;Отказ клиента
2025-06-21;Лазарева;доставка;1;560.0;Отказ клиента
2025-06-21;Лазарева;самовывоз;1;1356.0;Отказ клиента
2025-06-21;Левітана;самовывоз;1;795.0;Отказ клиента
2025-06-22;Левітана;Glovo;1;978.0;Отказ клиента
2025-06-22;Левітана;доставка;7;9159.0;Отказ клиента
2025-06-22;Левітана;самовывоз;1;995.0;Отказ клиента
2025-06-23;Лазарева;доставка;2;1094.0;Перенос на другую точку
2025-06-23;Лазарева;самовывоз;1;825.0;Отказ клиента
2025-06-24;Левітана;доставка;1;2150.0;Отказ клиента
2025-06-25;Лазарева;доставка;37;40388.0;Отказ клиента
2025-06-25;Лазарева;доставка;1;635.0;Перенос на другую точку
2025-06-25;Левітана;доставка;1;635.0;Отказ клиента
2025-06-26;Лазарева;доставка;2;1389.0;Отказ клиента
2025-06-26;Лазарева;самовывоз;1;910.0;Отказ клиента
2025-06-27;Лазарева;самовывоз;1;45.0;Отказ клиента
2025-06-27;Левітана;доставка;1;704.0;Отказ клиента
2025-06-28;Лазарева;доставка;3;3608.0;Отказ клиента
2025-06-28;Левітана;доставка;3;4800.0;Отказ клиента
2025-06-29;Лазарева;Glovo;1;690.0;Перенос на другую точку
2025-06-29;Лазарева;доставка;1;995.0;Отказ клиента
2025-06-29;Лазарева;доставка;2;1390.0;Перенос на другую точку
2025-06-29;Левітана;доставка;2;3290.0;Отказ клиента
2025-06-30;Левітана;доставка;1;1078.0;Отказ клиента
2025-07-01;Лазарева;доставка;1;810.0;Отказ клиента
2025-07-02;Лазарева;доставка;1;1440.0;Отказ клиента
2025-07-02;Лазарева;самовывоз;1;400.0;Отказ клиента
2025-07-02;Левітана;доставка;1;1429.0;Отказ клиента
2025-07-03;Лазарева;доставка;4;2814.0;Отказ клиента
2025-07-03;Лазарева;самовывоз;3;2952.0;Отказ клиента
2025-07-03;Левітана;доставка;4;4093.0;Отказ клиента
2025-07-03;Левітана;самовывоз;1;365.0;Отказ клиента
2025-07-04;Левітана;доставка;2;3928.0;Отказ клиента
2025-07-05;Лазарева;Glovo;1;295.0;Отказ клиента
2025-07-05;Левітана;Glovo;1;295.0;Отказ клиента
2025-07-05;Левітана;доставка;3;1264.0;Отказ клиента
2025-07-06;Лазарева;доставка;5;4204.0;Отказ клиента
2025-07-06;Левітана;Glovo;1;1395.0;Отказ клиента
2025-07-06;Левітана;доставка;1;2674.0;Отказ клиента
2025-07-07;Лазарева;доставка;4;4135.0;Отказ клиента
2025-07-08;Лазарева;доставка;2;1480.0;Отказ клиента
2025-07-08;Левітана;доставка;1;693.0;Отказ клиента
2025-07-08;Левітана;доставка;2;3319.0;Перенос на другую точку
2025-07-09;Лазарева;Glovo;2;720.0;Отказ клиента
2025-07-09;Лазарева;самовывоз;1;897.0;Отказ клиента
2025-07-09;Левітана;доставка;4;3330.0;Отказ клиента
2025-07-10;Лазарева;доставка;1;905.0;Отказ клиента
2025-07-10;Лазарева;самовывоз;1;874.0;Отказ клиента
2025-07-10;Левітана;Glovo;1;1294.0;Отказ клиента
2025-07-10;Левітана;доставка;2;4111.0;Отказ клиента
2025-07-10;Левітана;самовывоз;1;145.0;Отказ клиента
2025-07-11;Лазарева;доставка;6;6034.0;Отказ клиента
2025-07-11;Левітана;Glovo;1;690.0;Отказ клиента
2025-07-11;Левітана;доставка;2;1306.0;Отказ клиента
2025-07-12;Лазарева;доставка;7;8468.0;Отказ клиента
2025-07-12;Левітана;доставка;1;1235.0;Отказ клиента
2025-07-13;Левітана;доставка;3;3597.0;Отказ клиента
2025-07-13;Левітана;самовывоз;1;1095.0;Отказ клиента
2025-07-14;Лазарева;доставка;3;5687.0;Отказ клиента
2025-07-14;Лазарева;доставка;1;1369.0;Перенос на другую точку
2025-07-14;Левітана;доставка;1;1937.0;Отказ клиента
2025-07-15;Лазарева;доставка;3;3801.0;Отказ клиента
2025-07-15;Лазарева;доставка;1;1480.0;Перенос на другую точку
2025-07-15;Лазарева;самовывоз;1;635.7;Отказ клиента
2025-07-15;Левітана;доставка;3;4292.0;Отказ клиента
2025-07-16;Левітана;доставка;4;3365.0;Отказ клиента
2025-07-17;Лазарева;самовывоз;1;915.0;Отказ клиента
2025-07-18;Лазарева;доставка;2;2000.0;Отказ клиента
2025-07-18;Лазарева;самовывоз;1;1540.0;Отказ клиента
2025-07-18;Левітана;доставка;3;3485.0;Отказ клиента
2025-07-19;Лазарева;самовывоз;1;296.7;Отказ клиента
2025-07-19;Левітана;доставка;1;1110.0;Отказ клиента
2025-07-20;Лазарева;доставка;2;2220.0;Отказ клиента
2025-07-20;Лазарева;доставка;1;957.0;Перенос на другую точку
2025-07-20;Лазарева;самовывоз;1;296.7;Отказ клиента
2025-07-20;Левітана;Glovo;1;1035.0;Отказ клиента
2025-07-20;Левітана;доставка;3;4651.0;Отказ клиента
2025-07-21;Лазарева;самовывоз;2;1010.0;Отказ клиента
2025-07-21;Левітана;Glovo;1;380.0;Отказ клиента
2025-07-21;Левітана;доставка;3;2686.0;Отказ клиента
2025-07-21;Левітана;самовывоз;1;42.0;Отказ клиента
2025-07-22;Лазарева;Glovo;2;1664.0;Отказ клиента
2025-07-22;Лазарева;доставка;4;3263.0;Отказ клиента
2025-07-22;Лазарева;самовывоз;1;1947.0;Отказ клиента
2025-07-22;Левітана;Glovo;1;659.0;Отказ клиента
2025-07-22;Левітана;доставка;5;5855.0;Отказ клиента
2025-07-22;Левітана;самовывоз;1;335.0;Отказ клиента
2025-07-23;Лазарева;доставка;2;4294.0;Отказ клиента
2025-07-23;Левітана;доставка;1;1300.0;Отказ клиента
2025-07-24;Лазарева;доставка;2;520.0;Отказ клиента
2025-07-24;Левітана;доставка;2;3730.0;Отказ клиента
2025-07-24;Левітана;доставка;1;1227.0;Перенос на другую точку
2025-07-25;Лазарева;доставка;2;2465.0;Отказ клиента
2025-07-25;Левітана;доставка;7;6971.0;Отказ клиента
2025-07-26;Лазарева;Glovo;1;325.0;Отказ клиента
2025-07-26;Левітана;доставка;9;9884.0;Отказ клиента
2025-07-26;Левітана;доставка;1;1095.0;Перенос на другую точку
2025-07-27;Лазарева;Glovo;2;1103.0;Отказ клиента
2025-07-27;Лазарева;доставка;1;284.0;Отказ клиента
2025-07-27;Левітана;доставка;6;4826.0;Отказ клиента
2025-07-28;Лазарева;доставка;4;4715.0;Отказ клиента
2025-07-28;Левітана;Glovo;1;315.0;Отказ клиента
2025-07-28;Левітана;доставка;2;2450.0;Отказ клиента
2025-07-29;Лазарева;доставка;6;6200.0;Отказ клиента
2025-07-29;Лазарева;доставка;1;1524.0;Перенос на другую точку
2025-07-29;Левітана;Glovo;2;1960.0;Отказ клиента
2025-07-29;Левітана;доставка;6;3789.0;Отказ клиента
2025-07-30;Лазарева;доставка;2;2273.0;Отказ клиента
2025-07-30;Лазарева;доставка;1;1370.0;Перенос на другую точку
2025-07-30;Лазарева;самовывоз;2;1588.0;Отказ клиента
2025-07-30;Левітана;доставка;5;5808.0;Отказ клиента
2025-07-31;Лазарева;Glovo;1;995.0;Отказ клиента
2025-07-31;Лазарева;доставка;4;4434.0;Отказ клиента
2025-07-31;Лазарева;самовывоз;1;830.0;Перенос на другую точку
2025-07-31;Левітана;Glovo;1;815.0;Отказ клиента
2025-07-31;Левітана;доставка;1;345.0;Отказ клиента
2025-08-01;Лазарева;доставка;2;3713.0;Отказ клиента
2025-08-01;Левітана;Glovo;1;325.0;Отказ клиента
2025-08-01;Левітана;доставка;4;5024.0;Отказ клиента
2025-08-01;Левітана;доставка;1;1241.0;Перенос на другую точку
2025-08-02;Лазарева;доставка;2;1660.0;Отказ клиента
2025-08-02;Лазарева;самовывоз;1;1047.0;Отказ клиента
2025-08-02;Левітана;доставка;3;2222.0;Отказ клиента
2025-08-02;Левітана;самовывоз;1;568.0;Отказ клиента
2025-08-03;Лазарева;Glovo;2;1025.0;Отказ клиента
2025-08-03;Лазарева;доставка;1;1550.0;Отказ клиента
2025-08-03;Левітана;Glovo;2;1518.0;Отказ клиента
2025-08-03;Левітана;доставка;4;3670.0;Отказ клиента
2025-08-04;Левітана;доставка;3;3173.0;Отказ клиента
2025-08-05;Лазарева;доставка;5;6320.0;Отказ клиента
2025-08-05;Левітана;доставка;4;4604.0;Отказ клиента
2025-08-06;Лазарева;Glovo;3;2755.0;Отказ клиента
2025-08-06;Лазарева;доставка;3;4389.0;Отказ клиента
2025-08-06;Левітана;доставка;1;1750.0;Отказ клиента
2025-08-07;Лазарева;доставка;4;3084.0;Отказ клиента
2025-08-07;Лазарева;доставка;2;4869.0;Перенос на другую точку
2025-08-07;Лазарева;самовывоз;1;2920.0;Отказ клиента
2025-08-07;Левітана;Glovo;2;1360.0;Отказ клиента
2025-08-07;Левітана;доставка;4;6859.0;Отказ клиента
2025-08-07;Левітана;доставка;2;4869.0;Перенос на другую точку
2025-08-08;Лазарева;доставка;4;2752.0;Отказ клиента
2025-08-08;Левітана;доставка;3;3974.0;Отказ клиента
2025-08-09;Лазарева;Glovo;2;1795.0;Отказ клиента
2025-08-09;Лазарева;доставка;2;2090.0;Отказ клиента
2025-08-09;Лазарева;доставка;1;1404.0;Перенос на другую точку
2025-08-09;Левітана;доставка;4;2069.0;Отказ клиента
2025-08-10;Лазарева;Glovo;1;1365.0;Отказ клиента
2025-08-10;Лазарева;доставка;4;2593.0;Отказ клиента
2025-08-10;Левітана;Glovo;3;2505.0;Отказ клиента
2025-08-10;Левітана;доставка;3;2555.0;Отказ клиента
2025-08-11;Лазарева;доставка;2;3405.0;Отказ клиента
2025-08-11;Левітана;Glovo;1;1720.0;Отказ клиента
2025-08-11;Левітана;доставка;5;3536.0;Отказ клиента
2025-08-12;Лазарева;доставка;1;1095.0;Отказ клиента
2025-08-12;Левітана;Glovo;1;295.0;Отказ клиента
2025-08-12;Левітана;доставка;3;4654.0;Отказ клиента
2025-08-13;Лазарева;Glovo;2;2335.0;Отказ клиента
2025-08-13;Лазарева;доставка;1;3999.0;Отказ клиента
2025-08-13;Левітана;Glovo;1;245.0;Отказ клиента
2025-08-13;Левітана;доставка;7;5498.0;Отказ клиента
2025-08-14;Лазарева;доставка;1;1147.0;Отказ клиента
2025-08-14;Левітана;доставка;2;1046.0;Отказ клиента
2025-08-15;Лазарева;Glovo;1;1765.0;Отказ клиента
2025-08-15;Лазарева;доставка;2;2980.0;Отказ клиента
2025-08-15;Лазарева;доставка;2;1385.0;Перенос на другую точку
2025-08-15;Левітана;Glovo;2;775.0;Отказ клиента
2025-08-15;Левітана;доставка;4;1855.0;Отказ клиента
2025-08-16;Лазарева;доставка;1;2199.0;Перенос на другую точку
2025-08-16;Левітана;доставка;5;4550.0;Отказ клиента
2025-08-16;Левітана;самовывоз;2;3124.0;Отказ клиента
2025-08-17;Лазарева;Glovo;1;690.0;Отказ клиента
2025-08-17;Лазарева;доставка;10;6945.0;Отказ клиента
2025-08-17;Лазарева;самовывоз;1;1122.0;Отказ клиента
2025-08-17;Левітана;доставка;1;750.0;Отказ клиента
2025-08-18;Лазарева;Glovo;2;1170.0;Отказ клиента
2025-08-18;Лазарева;доставка;4;3478.0;Отказ клиента
2025-08-18;Левітана;доставка;5;4431.0;Отказ клиента
2025-08-19;Лазарева;Glovo;1;1675.0;Отказ клиента
2025-08-19;Левітана;Glovo;1;934.0;Отказ клиента
2025-08-19;Левітана;доставка;2;8539.0;Отказ клиента
2025-08-19;Левітана;самовывоз;1;599.0;Отказ клиента
2025-08-20;Лазарева;Glovo;1;2890.0;Отказ клиента
2025-08-20;Левітана;доставка;4;4964.0;Отказ клиента
2025-08-20;Левітана;самовывоз;1;1000.0;Отказ клиента
2025-08-21;Лазарева;Glovo;1;1091.0;Отказ клиента
2025-08-21;Лазарева;доставка;1;236.0;Отказ клиента
2025-08-21;Лазарева;доставка;1;790.0;Перенос на другую точку
2025-08-21;Левітана;доставка;1;4040.0;Отказ клиента
2025-08-22;Лазарева;Glovo;2;1430.0;Отказ клиента
2025-08-22;Лазарева;доставка;2;1639.0;Отказ клиента
2025-08-22;Левітана;доставка;2;520.0;Отказ клиента
2025-08-23;Лазарева;Glovo;2;2805.0;Отказ клиента
2025-08-23;Лазарева;доставка;4;2363.0;Отказ клиента
2025-08-23;Левітана;Glovo;3;2744.0;Отказ клиента
2025-08-23;Левітана;доставка;2;9598.0;Отказ клиента
2025-08-23;Левітана;самовывоз;1;2530.0;Отказ клиента
2025-08-24;Лазарева;доставка;3;2209.0;Отказ клиента
2025-08-24;Левітана;Glovo;2;2249.0;Отказ клиента
2025-08-24;Левітана;доставка;3;1990.0;Отказ клиента
2025-08-25;Лазарева;доставка;2;4099.0;Отказ клиента
2025-08-25;Лазарева;самовывоз;1;2899.0;Отказ клиента
2025-08-25;Левітана;доставка;2;2110.0;Отказ клиента
2025-08-26;Лазарева;Glovo;1;1585.0;Отказ клиента
2025-08-26;Лазарева;доставка;1;710.0;Отказ клиента
2025-08-26;Левітана;Glovo;1;355.0;Отказ клиента
2025-08-26;Левітана;доставка;5;6228.0;Отказ клиента
2025-08-26;Левітана;доставка;1;2541.0;Перенос на другую точку
2025-08-27;Лазарева;доставка;3;1990.0;Отказ клиента
2025-08-27;Левітана;доставка;4;3154.0;Отказ клиента
2025-08-28;Лазарева;доставка;6;6090.0;Отказ клиента
2025-08-28;Лазарева;доставка;2;7058.0;Перенос на другую точку
2025-08-28;Лазарева;самовывоз;1;740.0;Отказ клиента
2025-08-28;Левітана;доставка;4;1373.0;Отказ клиента
2025-08-29;Лазарева;Glovo;1;795.0;Отказ клиента
2025-08-29;Лазарева;доставка;11;10996.0;Отказ клиента
2025-08-29;Лазарева;самовывоз;2;1394.3;Отказ клиента
2025-08-29;Левітана;доставка;13;9560.8;Отказ клиента
2025-08-29;Левітана;самовывоз;1;120.0;Отказ клиента
2025-08-30;Лазарева;доставка;1;1605.0;Отказ клиента
2025-08-30;Лазарева;доставка;1;1263.0;Перенос на другую точку
2025-08-30;Левітана;доставка;2;2175.0;Отказ клиента
2025-08-31;Лазарева;Glovo;2;2150.0;Отказ клиента
2025-08-31;Лазарева;доставка;1;700.0;Отказ клиента
2025-08-31;Лазарева;доставка;1;780.0;Перенос на другую точку
2025-08-31;Левітана;доставка;2;1890.0;Отказ клиента
2025-08-31;Левітана;доставка;1;810.0;Перенос на другую точку
2025-09-01;Лазарева;Glovo;1;245.0;Отказ клиента
2025-09-01;Лазарева;доставка;7;7539.0;Отказ клиента
2025-09-01;Левітана;Glovo;1;1075.0;Отказ клиента
2025-09-01;Левітана;доставка;1;1460.0;Отказ клиента
2025-09-02;Левітана;Glovo;1;317.0;Отказ клиента
2025-09-02;Левітана;доставка;2;1163.0;Отказ клиента
2025-09-03;Лазарева;доставка;2;5784.0;Отказ клиента
2025-09-03;Левітана;Glovo;1;1195.0;Отказ клиента
2025-09-03;Левітана;доставка;3;4619.0;Отказ клиента
2025-09-04;Лазарева;Glovo;3;2168.0;Отказ клиента
2025-09-04;Лазарева;доставка;6;6463.0;Отказ клиента
2025-09-04;Левітана;доставка;2;1493.0;Отказ клиента
2025-09-05;Лазарева;доставка;4;3904.0;Отказ клиента
2025-09-05;Лазарева;самовывоз;1;299.0;Отказ клиента
2025-09-05;Левітана;доставка;2;2360.0;Отказ клиента
2025-09-06;Лазарева;доставка;4;2840.0;Отказ клиента
2025-09-06;Лазарева;доставка;1;760.0;Перенос на другую точку
2025-09-06;Левітана;доставка;3;3170.0;Отказ клиента
2025-09-07;Лазарева;доставка;2;1460.0;Отказ клиента
2025-09-07;Левітана;Glovo;2;965.0;Отказ клиента
2025-09-07;Левітана;доставка;5;3850.0;Отказ клиента
2025-09-08;Лазарева;Glovo;1;1215.0;Отказ клиента
2025-09-08;Лазарева;доставка;3;2197.0;Отказ клиента
2025-09-08;Лазарева;самовывоз;1;1045.0;Отказ клиента
2025-09-08;Левітана;доставка;2;1644.0;Отказ клиента
2025-09-09;Лазарева;доставка;1;1484.0;Отказ клиента
2025-09-09;Лазарева;самовывоз;1;412.3;Отказ клиента
2025-09-09;Левітана;Glovo;2;1585.0;Отказ клиента
2025-09-09;Левітана;доставка;2;2649.0;Отказ клиента
2025-09-09;Левітана;самовывоз;1;1625.0;Отказ клиента
2025-09-10;Лазарева;доставка;14;12840.0;Отказ клиента
2025-09-10;Левітана;Glovo;1;405.0;Отказ клиента
2025-09-10;Левітана;доставка;1;620.0;Отказ клиента
2025-09-10;Левітана;самовывоз;1;325.0;Отказ клиента
2025-09-11;Лазарева;доставка;14;10469.0;Отказ клиента
2025-09-11;Лазарева;доставка;1;1045.0;Перенос на другую точку
2025-09-11;Лазарева;самовывоз;1;651.8;Отказ клиента
2025-09-11;Левітана;доставка;1;580.0;Отказ клиента
2025-09-12;Лазарева;доставка;5;2594.0;Отказ клиента
2025-09-12;Лазарева;самовывоз;1;579.0;Отказ клиента
2025-09-12;Левітана;доставка;1;1765.0;Перенос на другую точку
2025-09-13;Лазарева;доставка;6;6353.0;Отказ клиента
2025-09-13;Левітана;Glovo;1;510.0;Отказ клиента
2025-09-13;Левітана;доставка;2;1619.0;Отказ клиента
2025-09-14;Лазарева;самовывоз;1;355.0;Отказ клиента
2025-09-15;Лазарева;Glovo;1;599.0;Отказ клиента
2025-09-15;Лазарева;доставка;2;2914.0;Отказ клиента
2025-09-15;Левітана;доставка;1;1312.0;Отказ клиента
2025-09-16;Лазарева;Glovo;2;914.0;Отказ клиента
2025-09-16;Лазарева;доставка;17;16584.0;Отказ клиента
2025-09-16;Лазарева;доставка;1;495.0;не указана
2025-09-16;Лазарева;самовывоз;1;1530.0;Отказ клиента
2025-09-16;Левітана;доставка;2;1075.0;Отказ клиента
2025-09-16;Левітана;самовывоз;1;599.0;Отказ клиента
2025-09-17;Лазарева;Glovo;2;1770.0;Отказ клиента
2025-09-17;Лазарева;доставка;6;3945.0;Отказ клиента
2025-09-17;Лазарева;самовывоз;2;1510.0;Отказ клиента
2025-09-17;Левітана;доставка;3;2605.0;Отказ клиента
2025-09-18;Лазарева;доставка;1;1542.0;Отказ клиента
2025-09-18;Левітана;Glovo;2;765.0;Отказ клиента
2025-09-18;Левітана;доставка;4;4035.0;Отказ клиента
2025-09-19;Лазарева;Glovo;1;229.0;Отказ клиента
2025-09-19;Лазарева;доставка;3;1649.0;Отказ клиента
2025-09-19;Лазарева;самовывоз;1;385.0;Отказ клиента
2025-09-19;Левітана;доставка;2;2745.0;Отказ клиента
2025-09-19;Левітана;самовывоз;1;2335.0;Отказ клиента
2025-09-20;Лазарева;Glovo;1;295.0;Отказ клиента
2025-09-20;Лазарева;доставка;6;7270.0;Отказ клиента
2025-09-20;Лазарева;доставка;1;3012.0;Перенос на другую точку
2025-09-20;Лазарева;самовывоз;6;4263.0;Отказ клиента
2025-09-20;Левітана;Glovo;1;1670.0;Отказ клиента
2025-09-20;Левітана;доставка;3;4872.0;Отказ клиента
2025-09-20;Левітана;самовывоз;2;881.0;Отказ клиента
2025-09-21;Лазарева;доставка;1;3485.0;Отказ клиента
2025-09-21;Лазарева;самовывоз;1;2055.0;Отказ клиента
2025-09-21;Левітана;Glovo;1;1035.0;Отказ клиента
2025-09-21;Левітана;доставка;2;1506.0;Отказ клиента
2025-09-22;Лазарева;доставка;3;3115.0;Отказ клиента
2025-09-22;Левітана;Glovo;1;599.0;Отказ клиента
2025-09-23;Лазарева;доставка;2;630.0;Отказ клиента
2025-09-23;Лазарева;доставка;1;904.0;Перенос на другую точку
2025-09-23;Левітана;самовывоз;1;335.0;Отказ клиента
2025-09-24;Лазарева;доставка;5;6524.0;Отказ клиента
2025-09-24;Лазарева;доставка;1;1807.0;Перенос на другую точку
2025-09-24;Лазарева;доставка;1;0.0;не указана
2025-09-24;Лазарева;самовывоз;4;1740.0;Отказ клиента
2025-09-24;Левітана;Glovo;1;1227.0;Отказ клиента
2025-09-24;Левітана;доставка;1;499.0;Отказ клиента
2025-09-25;Лазарева;доставка;1;680.0;Отказ клиента
2025-09-25;Левітана;доставка;1;2385.0;Отказ клиента
2025-09-25;Левітана;самовывоз;2;3634.0;Отказ клиента
2025-09-26;Лазарева;Glovo;1;345.0;Отказ клиента
2025-09-26;Лазарева;доставка;4;2426.0;Отказ клиента
2025-09-26;Лазарева;доставка;1;955.0;Перенос на другую точку
2025-09-26;Лазарева;самовывоз;1;95.0;Отказ клиента
2025-09-26;Левітана;доставка;4;6471.0;Отказ клиента
2025-09-27;Лазарева;доставка;10;10429.0;Отказ клиента
2025-09-27;Левітана;доставка;3;3494.0;Отказ клиента
2025-09-28;Лазарева;доставка;3;2479.0;Отказ клиента
2025-09-28;Лазарева;самовывоз;4;5438.0;Отказ клиента
2025-09-28;Левітана;Glovo;1;1025.0;Отказ клиента
2025-09-28;Левітана;доставка;3;3839.0;Отказ клиента
2025-09-29;Лазарева;доставка;3;4683.0;Отказ клиента
2025-09-29;Левітана;доставка;1;815.0;Отказ клиента
2025-09-30;Лазарева;доставка;12;14431.0;Отказ клиента
2025-09-30;Левітана;доставка;8;9974.0;Отказ клиента
2025-09-30;Левітана;самовывоз;1;1290.0;Отказ клиента
2025-10-01;Лазарева;Glovo;2;2060.0;Отказ клиента
2025-10-01;Лазарева;доставка;16;15854.0;Отказ клиента
2025-10-01;Левітана;Glovo;1;975.0;Отказ клиента
2025-10-01;Левітана;доставка;3;1729.0;Отказ клиента
2025-10-01;Левітана;самовывоз;1;1300.0;Отказ клиента
2025-10-02;Лазарева;самовывоз;1;355.0;Отказ клиента
2025-10-02;Левітана;Glovo;2;1778.0;Отказ клиента
2025-10-02;Левітана;доставка;2;2766.0;Отказ клиента
2025-10-03;Лазарева;Glovo;1;599.0;Отказ клиента
2025-10-03;Лазарева;доставка;2;1875.0;Отказ клиента
2025-10-03;Левітана;Glovo;2;1826.0;Отказ клиента
2025-10-03;Левітана;доставка;1;919.0;Отказ клиента
2025-10-03;Левітана;доставка;1;1413.0;Перенос на другую точку
2025-10-04;Лазарева;доставка;11;11937.0;Отказ клиента
2025-10-04;Лазарева;самовывоз;1;1375.0;Отказ клиента
2025-10-04;Левітана;доставка;5;3875.0;Отказ клиента
2025-10-04;Левітана;самовывоз;1;1835.0;Перенос на другую точку
2025-10-05;Лазарева;доставка;4;3066.0;Отказ клиента
2025-10-05;Лазарева;доставка;1;1005.0;Перенос на другую точку
2025-10-05;Левітана;доставка;2;2810.0;Отказ клиента
2025-10-05;Левітана;доставка;1;995.0;Перенос на другую точку
2025-10-06;Лазарева;доставка;3;2490.0;Отказ клиента
2025-10-06;Лазарева;самовывоз;2;1390.0;Отказ клиента
2025-10-07;Лазарева;доставка;1;730.0;Отказ клиента
2025-10-07;Лазарева;самовывоз;1;1782.0;Отказ клиента
2025-10-07;Левітана;Glovo;2;1745.0;Отказ клиента
2025-10-07;Левітана;доставка;1;1615.0;Отказ клиента
2025-10-08;Лазарева;доставка;2;1013.0;Отказ клиента
2025-10-09;Лазарева;доставка;2;3737.0;Отказ клиента
2025-10-09;Левітана;доставка;1;3524.0;Отказ клиента
2025-10-10;Лазарева;доставка;4;3878.0;Отказ клиента
2025-10-10;Левітана;доставка;3;2393.0;Отказ клиента
2025-10-11;Лазарева;Glovo;2;1492.0;Отказ клиента
2025-10-11;Лазарева;доставка;3;2417.0;Отказ клиента
2025-10-11;Лазарева;доставка;1;1394.0;Перенос на другую точку
2025-10-11;Лазарева;самовывоз;1;795.0;Перенос на другую точку
2025-10-12;Лазарева;доставка;3;2135.0;Отказ клиента
2025-10-13;Лазарева;Glovo;1;740.0;Отказ клиента
2025-10-13;Лазарева;доставка;3;3163.0;Отказ клиента
2025-10-13;Левітана;доставка;3;3997.0;Отказ клиента
2025-10-13;Левітана;доставка;1;674.0;Перенос на другую точку
2025-10-14;Лазарева;доставка;1;4083.0;Отказ клиента
2025-10-14;Лазарева;самовывоз;1;640.0;Отказ клиента
2025-10-15;Лазарева;доставка;2;2042.0;Отказ клиента
2025-10-16;Лазарева;доставка;6;5415.0;Отказ клиента
2025-10-16;Левітана;Glovo;1;975.0;Отказ клиента
2025-10-16;Левітана;доставка;1;2513.0;Отказ клиента
2025-10-17;Лазарева;доставка;3;2485.0;Отказ клиента
2025-10-17;Левітана;доставка;1;1019.0;Отказ клиента
2025-10-18;Лазарева;доставка;9;6562.0;Отказ клиента
2025-10-18;Лазарева;доставка;1;1107.0;Перенос на другую точку
2025-10-18;Левітана;Glovo;1;405.0;Отказ клиента
2025-10-18;Левітана;доставка;4;3744.0;Отказ клиента
2025-10-19;Лазарева;Glovo;1;599.0;Отказ клиента
2025-10-19;Лазарева;доставка;1;365.0;Отказ клиента
2025-10-20;Лазарева;доставка;6;9224.0;Отказ клиента
2025-10-20;Левітана;Glovo;1;3645.0;Отказ клиента
2025-10-20;Левітана;доставка;1;1803.0;Отказ клиента
2025-10-20;Левітана;самовывоз;1;365.0;Отказ клиента
2025-10-21;Лазарева;доставка;3;3304.0;Отказ клиента
2025-10-21;Лазарева;самовывоз;1;6480.0;Отказ клиента
2025-10-22;Лазарева;доставка;5;4581.0;Отказ клиента
2025-10-22;Лазарева;самовывоз;1;630.0;Отказ клиента
2025-10-23;Лазарева;доставка;4;6915.0;Отказ клиента
2025-10-23;Лазарева;доставка;1;1237.0;Перенос на другую точку
2025-10-23;Левітана;доставка;4;6796.0;Отказ клиента
2025-10-23;Левітана;самовывоз;3;1615.0;Отказ клиента
2025-10-24;Лазарева;доставка;4;2425.0;Отказ клиента
2025-10-24;Лазарева;доставка;1;1462.0;Перенос на другую точку
2025-10-24;Левітана;доставка;4;4924.0;Отказ клиента
2025-10-24;Левітана;доставка;1;1095.0;Перенос на другую точку
2025-10-25;Лазарева;доставка;2;2573.0;Отказ клиента
2025-10-25;Лазарева;доставка;2;2453.0;Перенос на другую точку
2025-10-25;Левітана;доставка;6;10788.0;Отказ клиента
2025-10-26;Лазарева;доставка;1;1237.0;Отказ клиента
2025-10-26;Левітана;доставка;4;4170.0;Отказ клиента
2025-10-27;Лазарева;Glovo;1;755.0;Отказ клиента
2025-10-27;Лазарева;доставка;2;1659.0;Отказ клиента
2025-10-27;Левітана;доставка;2;3585.0;Отказ клиента
2025-10-28;Лазарева;доставка;3;2715.0;Отказ клиента
2025-10-28;Левітана;доставка;2;3196.0;Отказ клиента
2025-10-28;Левітана;самовывоз;1;365.0;Отказ клиента
2025-10-29;Лазарева;доставка;2;879.0;Отказ клиента
2025-10-29;Лазарева;самовывоз;1;365.0;Отказ клиента
2025-10-29;Левітана;Glovo;1;875.0;Отказ клиента
2025-10-29;Левітана;доставка;1;1919.0;Отказ клиента
2025-10-30;Лазарева;самовывоз;1;5.0;Отказ клиента
2025-10-30;Левітана;доставка;3;3196.0;Отказ клиента
2025-10-30;Левітана;доставка;2;2997.0;Перенос на другую точку
2025-10-30;Левітана;самовывоз;1;644.0;Отказ клиента
2025-10-31;Лазарева;доставка;6;9945.0;Отказ клиента
2025-10-31;Лазарева;доставка;1;1580.0;Перенос на другую точку
2025-10-31;Левітана;доставка;2;2083.0;Отказ клиента
2025-10-31;Левітана;самовывоз;1;345.0;Отказ клиента
2025-11-01;Лазарева;доставка;3;3628.0;Отказ клиента
2025-11-02;Лазарева;Glovo;1;1765.0;Отказ клиента
2025-11-02;Лазарева;доставка;1;204.0;Отказ клиента
2025-11-02;Левітана;доставка;1;2011.0;Перенос на другую точку
2025-11-03;Лазарева;Glovo;2;1234.0;Отказ клиента
2025-11-03;Лазарева;доставка;3;4275.0;Отказ клиента
2025-11-03;Лазарева;самовывоз;1;434.0;Отказ клиента
2025-11-03;Левітана;доставка;3;2703.0;Отказ клиента
2025-11-03;Левітана;самовывоз;1;349.0;Отказ клиента
2025-11-04;Левітана;доставка;3;3898.0;Отказ клиента
2025-11-04;Левітана;самовывоз;2;690.0;Отказ клиента
2025-11-05;Левітана;Glovo;2;4080.0;Отказ клиента
2025-11-05;Левітана;доставка;3;2531.0;Отказ клиента
2025-11-06;Лазарева;доставка;2;2194.0;Отказ клиента
2025-11-06;Лазарева;доставка;5;4416.0;Перенос на другую точку
2025-11-06;Лазарева;самовывоз;1;239.0;Отказ клиента
2025-11-06;Лазарева;самовывоз;1;3490.0;Перенос на другую точку
2025-11-06;Левітана;Glovo;1;524.0;Отказ клиента
2025-11-06;Левітана;доставка;5;3475.0;Отказ клиента
2025-11-07;Лазарева;доставка;7;5591.0;Отказ клиента
2025-11-07;Левітана;доставка;3;3957.0;Отказ клиента
2025-11-08;Лазарева;доставка;5;5419.0;Отказ клиента
2025-11-08;Лазарева;доставка;1;1689.0;Перенос на другую точку
2025-11-08;Левітана;доставка;2;2435.0;Отказ клиента
2025-11-09;Лазарева;доставка;3;2750.0;Отказ клиента
2025-11-09;Левітана;Glovo;1;1364.0;Отказ клиента
2025-11-09;Левітана;доставка;7;11145.0;Отказ клиента
2025-11-09;Левітана;доставка;1;1398.0;Перенос на другую точку
2025-11-10;Лазарева;доставка;6;6252.0;Отказ клиента
2025-11-10;Лазарева;самовывоз;1;2565.0;Отказ клиента
2025-11-10;Левітана;доставка;3;2490.0;Отказ клиента
2025-11-12;Левітана;Glovo;2;1691.0;Отказ клиента
2025-11-12;Левітана;доставка;6;4276.0;Отказ клиента
2025-11-13;Левітана;доставка;2;1855.0;Отказ клиента
2025-11-13;Левітана;доставка;1;3663.0;Перенос на другую точку
2025-11-13;Левітана;самовывоз;5;3438.0;Отказ клиента
2025-11-14;Левітана;Glovo;1;1235.0;Отказ клиента
2025-11-14;Левітана;доставка;7;9949.0;Отказ клиента
2025-11-15;Левітана;Glovo;2;1434.0;Отказ клиента
2025-11-15;Левітана;доставка;6;6201.0;Отказ клиента
2025-11-16;Левітана;Glovo;1;730.0;Отказ клиента
2025-11-16;Левітана;доставка;2;1523.0;Отказ клиента
2025-11-17;Левітана;доставка;1;1753.0;Отказ клиента
2025-11-18;Лазарева;Glovo;61;50198.0;Отказ клиента
2025-11-18;Лазарева;доставка;137;167241.0;Отказ клиента
2025-11-18;Лазарева;доставка;5;10295.0;Перенос на другую точку
2025-11-18;Лазарева;самовывоз;8;8521.0;Отказ клиента
2025-11-18;Левітана;Glovo;1;995.0;Перенос на другую точку
2025-11-19;Лазарева;Glovo;1;335.0;Перенос на другую точку
2025-11-19;Лазарева;доставка;5;4582.0;Отказ клиента
2025-11-19;Лазарева;доставка;2;3152.0;Перенос на другую точку
2025-11-19;Левітана;доставка;1;710.0;Перенос на другую точку
2025-11-20;Лазарева;доставка;1;2680.0;Отказ клиента
2025-11-20;Левітана;Glovo;1;620.0;Отказ клиента
2025-11-20;Левітана;доставка;1;2245.0;Отказ клиента
2025-11-21;Лазарева;Glovo;2;1575.0;Перенос на другую точку
2025-11-21;Лазарева;доставка;1;2756.0;Перенос на другую точку
2025-11-21;Левітана;самовывоз;1;895.0;Отказ клиента
2025-11-22;Лазарева;Glovo;3;4953.0;Перенос на другую точку
2025-11-22;Лазарева;доставка;4;6487.0;Отказ клиента
2025-11-22;Лазарева;доставка;1;2665.0;Перенос на другую точку
2025-11-22;Левітана;Glovo;2;3296.0;Отказ клиента
2025-11-22;Левітана;Glovo;3;1728.0;Перенос на другую точку
2025-11-22;Левітана;доставка;3;3403.0;Отказ клиента
2025-11-22;Левітана;доставка;1;529.0;Перенос на другую точку
2025-11-23;Лазарева;доставка;2;2087.0;Отказ клиента
2025-11-24;Лазарева;Glovo;2;769.0;Перенос на другую точку
2025-11-24;Лазарева;доставка;3;2119.0;Отказ клиента
2025-11-24;Левітана;доставка;3;4937.0;Отказ клиента
2025-11-25;Лазарева;доставка;2;1230.0;Отказ клиента
2025-11-25;Левітана;доставка;1;365.0;Отказ клиента
2025-11-26;Лазарева;доставка;1;2249.0;Отказ клиента
2025-11-26;Левітана;доставка;3;5511.0;Отказ клиента
2025-11-27;Лазарева;доставка;2;1558.0;Отказ клиента
2025-11-27;Левітана;Glovo;1;1362.0;Отказ клиента
2025-11-27;Левітана;Glovo;1;1718.0;Перенос на другую точку
2025-11-27;Левітана;доставка;1;1362.0;Отказ клиента
2025-11-28;Лазарева;доставка;1;1273.0;Отказ клиента
2025-11-28;Левітана;Glovo;2;1297.0;Перенос на другую точку
2025-11-28;Левітана;доставка;1;994.0;Отказ клиента
2025-11-29;Лазарева;Glovo;2;1433.0;Отказ клиента
2025-11-29;Лазарева;Glovo;1;1447.0;Перенос на другую точку
2025-11-29;Лазарева;доставка;1;1059.0;Отказ клиента
2025-11-29;Левітана;доставка;2;3823.0;Отказ клиента
2025-11-30;Лазарева;Glovo;1;632.0;Отказ клиента
2025-11-30;Лазарева;доставка;4;4210.0;Отказ клиента
2025-11-30;Левітана;Glovo;2;2396.0;Отказ клиента
2025-11-30;Левітана;Glovo;1;1064.0;Перенос на другую точку
2025-11-30;Левітана;доставка;1;2329.0;Отказ клиента
2025-12-01;Лазарева;доставка;1;599.0;Отказ клиента
2025-12-01;Левітана;доставка;1;1185.0;Отказ клиента
2025-12-02;Лазарева;доставка;2;3584.0;Отказ клиента
2025-12-02;Лазарева;доставка;1;899.0;Перенос на другую точку
2025-12-02;Левітана;доставка;1;325.0;Отказ клиента
2025-12-03;Левітана;доставка;3;4164.0;Отказ клиента
2025-12-03;Левітана;самовывоз;1;379.0;Отказ клиента
2025-12-04;Лазарева;доставка;1;1940.0;Отказ клиента
2025-12-04;Лазарева;самовывоз;1;730.0;Отказ клиента
2025-12-05;Лазарева;Glovo;1;1444.0;Отказ клиента
2025-12-05;Лазарева;Glovo;1;1388.0;Перенос на другую точку
2025-12-05;Лазарева;доставка;2;3366.0;Отказ клиента
2025-12-05;Лазарева;доставка;1;2924.0;Перенос на другую точку
2025-12-05;Левітана;доставка;1;2942.0;Отказ клиента
2025-12-05;Левітана;доставка;1;1119.0;Перенос на другую точку
2025-12-06;Лазарева;Glovo;5;3813.0;Перенос на другую точку
2025-12-06;Лазарева;доставка;3;2759.0;Отказ клиента
2025-12-06;Левітана;Glovo;1;1509.0;Отказ клиента
2025-12-07;Лазарева;Glovo;1;1411.0;Перенос на другую точку
2025-12-07;Лазарева;доставка;2;1298.0;Отказ клиента
2025-12-07;Левітана;доставка;2;1198.0;Отказ клиента
2025-12-08;Лазарева;самовывоз;1;708.0;Отказ клиента
2025-12-08;Левітана;доставка;7;8223.0;Отказ клиента
2025-12-09;Лазарева;Glovo;1;395.0;Отказ клиента
2025-12-09;Лазарева;доставка;5;3949.0;Отказ клиента
2025-12-09;Лазарева;самовывоз;2;1484.0;Отказ клиента
2025-12-09;Левітана;Glovo;1;599.0;Перенос на другую точку
2025-12-09;Левітана;доставка;2;2620.0;Отказ клиента
2025-12-10;Лазарева;доставка;2;1712.0;Отказ клиента
2025-12-11;Лазарева;доставка;1;1985.0;Отказ клиента
2025-12-11;Левітана;доставка;2;3839.0;Отказ клиента
2025-12-12;Лазарева;доставка;2;2034.0;Отказ клиента
2025-12-12;Левітана;Glovo;1;1428.0;Отказ клиента
2025-12-12;Левітана;Glovo;4;4519.0;Перенос на другую точку
2025-12-12;Левітана;доставка;8;13229.0;Отказ клиента
2025-12-12;Левітана;доставка;1;1255.0;Перенос на другую точку
2025-12-12;Левітана;самовывоз;1;1115.0;Отказ клиента
2025-12-13;Лазарева;доставка;2;2587.0;Отказ клиента
2025-12-13;Лазарева;самовывоз;1;279.0;Отказ клиента
2025-12-13;Левітана;доставка;2;758.0;Отказ клиента
2025-12-14;Лазарева;доставка;6;4735.0;Отказ клиента
2025-12-14;Левітана;Glovo;1;1275.0;Перенос на другую точку
2025-12-14;Левітана;доставка;3;2910.0;Отказ клиента
2025-12-14;Левітана;самовывоз;1;1620.0;Отказ клиента
2025-12-15;Лазарева;Glovo;2;1380.0;Отказ клиента
2025-12-15;Лазарева;доставка;17;14168.0;Отказ клиента
2025-12-15;Лазарева;самовывоз;1;195.0;Отказ клиента
2025-12-15;Левітана;Glovo;3;3280.0;Отказ клиента
2025-12-15;Левітана;Glovo;2;1254.0;Перенос на другую точку
2025-12-15;Левітана;доставка;6;6808.0;Отказ клиента
2025-12-16;Лазарева;Glovo;2;2493.0;Перенос на другую точку
2025-12-16;Лазарева;доставка;3;4585.0;Отказ клиента
2025-12-16;Левітана;Glovo;1;2125.0;Перенос на другую точку
2025-12-16;Левітана;доставка;2;1798.0;Отказ клиента
2025-12-16;Левітана;самовывоз;2;1790.0;Отказ клиента
2025-12-17;Лазарева;доставка;3;2077.0;Отказ клиента
2025-12-17;Лазарева;самовывоз;1;855.0;Отказ клиента
2025-12-17;Левітана;Glovo;3;2683.0;Перенос на другую точку
2025-12-17;Левітана;доставка;5;5581.0;Отказ клиента
2025-12-18;Лазарева;доставка;1;1095.0;Отказ клиента
2025-12-18;Левітана;Glovo;1;819.0;Перенос на другую точку
2025-12-18;Левітана;доставка;1;994.0;Отказ клиента
2025-12-19;Лазарева;Glovo;1;814.0;Отказ клиента
2025-12-19;Лазарева;доставка;8;23402.0;Отказ клиента
2025-12-19;Левітана;доставка;4;6542.0;Отказ клиента
2025-12-20;Лазарева;Glovo;1;1009.0;Отказ клиента
2025-12-20;Лазарева;Glovo;1;939.0;Перенос на другую точку
2025-12-20;Лазарева;доставка;1;1884.0;Перенос на другую точку
2025-12-20;Левітана;Glovo;1;943.0;Отказ клиента
2025-12-20;Левітана;доставка;1;1735.0;Отказ клиента
2025-12-21;Лазарева;доставка;3;2034.0;Отказ клиента
2025-12-21;Левітана;доставка;3;4590.0;Отказ клиента
2025-12-22;Лазарева;доставка;1;669.0;Отказ клиента
2025-12-22;Лазарева;доставка;1;2823.0;Перенос на другую точку
2025-12-22;Левітана;доставка;4;5261.0;Отказ клиента
2025-12-23;Лазарева;доставка;1;835.0;Перенос на другую точку
2025-12-23;Левітана;доставка;1;289.0;Отказ клиента
2025-12-24;Лазарева;Glovo;3;3335.0;Перенос на другую точку
2025-12-24;Лазарева;доставка;6;7723.0;Отказ клиента
2025-12-24;Левітана;Glovo;1;795.0;Перенос на другую точку
2025-12-24;Левітана;доставка;5;12153.0;Отказ клиента
2025-12-24;Левітана;доставка;1;804.0;Перенос на другую точку
2025-12-24;Левітана;самовывоз;2;2504.0;Отказ клиента
2025-12-25;Лазарева;Glovo;1;790.0;Перенос на другую точку
2025-12-25;Лазарева;доставка;1;415.0;Отказ клиента
2025-12-25;Лазарева;самовывоз;1;624.0;Отказ клиента
2025-12-25;Левітана;доставка;1;1495.0;Перенос на другую точку
2025-12-25;Левітана;самовывоз;1;1075.0;Отказ клиента
2025-12-26;Лазарева;Glovo;3;2058.0;Перенос на другую точку
2025-12-26;Лазарева;доставка;2;3275.0;Отказ клиента
2025-12-26;Лазарева;доставка;1;1610.0;Перенос на другую точку
2025-12-26;Левітана;Glovo;2;698.0;Перенос на другую точку
2025-12-26;Левітана;доставка;4;5519.0;Отказ клиента
2025-12-27;Лазарева;Glovo;1;640.0;Перенос на другую точку
2025-12-27;Лазарева;доставка;4;8476.0;Отказ клиента
2025-12-27;Лазарева;самовывоз;1;265.0;Отказ клиента
2025-12-27;Левітана;доставка;1;345.0;Отказ клиента
2025-12-28;Лазарева;Glovo;4;3793.0;Перенос на другую точку
2025-12-28;Лазарева;доставка;1;1145.0;Отказ клиента
2025-12-28;Лазарева;доставка;1;520.0;Перенос на другую точку
2025-12-28;Лазарева;самовывоз;1;670.0;Перенос на другую точку
2025-12-28;Левітана;доставка;1;740.0;Отказ клиента
2025-12-29;Лазарева;Glovo;1;1033.0;Отказ клиента
2025-12-29;Лазарева;доставка;1;1605.0;Перенос на другую точку
2025-12-29;Левітана;Glovo;1;3030.0;Отказ клиента
2025-12-29;Левітана;Glovo;1;700.0;Перенос на другую точку
2025-12-29;Левітана;доставка;1;784.0;Отказ клиента
2025-12-30;Лазарева;доставка;3;6170.0;Отказ клиента
2025-12-30;Левітана;доставка;5;13565.0;Отказ клиента
2025-12-30;Левітана;самовывоз;1;660.0;Отказ клиента
2025-12-31;Лазарева;Glovo;3;3193.0;Перенос на другую точку
2025-12-31;Лазарева;доставка;15;17809.0;Отказ клиента
2025-12-31;Лазарева;доставка;1;4290.0;Перенос на другую точку
2025-12-31;Лазарева;самовывоз;1;2050.0;Отказ клиента
2025-12-31;Левітана;доставка;14;15059.0;Отказ клиента
2025-12-31;Левітана;доставка;1;2270.0;Перенос на другую точку
2025-12-31;Левітана;самовывоз;4;2463.0;Отказ клиента
2026-01-01;Лазарева;Glovo;5;4734.0;Перенос на другую точку
2026-01-01;Лазарева;доставка;8;4991.0;Отказ клиента
2026-01-01;Левітана;Glovo;1;1129.0;Отказ клиента
2026-01-01;Левітана;Glovo;1;825.0;Перенос на другую точку
2026-01-01;Левітана;доставка;2;1180.0;Отказ клиента
2026-01-02;Лазарева;доставка;1;1119.0;Отказ клиента
2026-01-02;Лазарева;доставка;1;1337.0;Перенос на другую точку
2026-01-02;Левітана;Glovo;1;1494.0;Отказ клиента
2026-01-02;Левітана;Glovo;1;325.0;Перенос на другую точку
2026-01-02;Левітана;доставка;1;1341.0;Отказ клиента
2026-01-03;Лазарева;Glovo;3;2875.0;Перенос на другую точку
2026-01-03;Лазарева;доставка;1;1879.0;Отказ клиента
2026-01-03;Лазарева;доставка;2;2493.0;Перенос на другую точку
2026-01-03;Левітана;Glovo;1;606.0;Отказ клиента
2026-01-03;Левітана;доставка;1;935.0;Отказ клиента
2026-01-04;Лазарева;доставка;1;698.0;Отказ клиента
2026-01-05;Лазарева;доставка;1;670.0;Отказ клиента
2026-01-06;Лазарева;доставка;1;710.0;Отказ клиента
2026-01-06;Левітана;доставка;5;5073.0;Отказ клиента
2026-01-06;Левітана;доставка;25;29982.0;Перенос на другую точку
2026-01-06;Левітана;самовывоз;3;1240.0;Отказ клиента
2026-01-06;Левітана;самовывоз;3;2653.0;Перенос на другую точку
2026-01-07;Лазарева;Glovo;1;1620.0;Перенос на другую точку
2026-01-07;Лазарева;доставка;2;2219.0;Отказ клиента
2026-01-07;Лазарева;доставка;1;2143.0;Перенос на другую точку
2026-01-07;Левітана;доставка;1;325.0;Отказ клиента
2026-01-08;Лазарева;Glovo;2;1883.0;Перенос на другую точку
2026-01-08;Лазарева;доставка;6;4761.0;Отказ клиента
2026-01-08;Левітана;самовывоз;1;480.0;Отказ клиента
2026-01-09;Лазарева;Glovo;2;1175.0;Перенос на другую точку
2026-01-09;Лазарева;самовывоз;1;504.0;Отказ клиента
2026-01-09;Левітана;Glovo;2;1769.0;Отказ клиента
2026-01-09;Левітана;доставка;1;190.0;Отказ клиента
2026-01-10;Лазарева;Glovo;2;2355.0;Отказ клиента
2026-01-10;Левітана;Glovo;2;650.0;Перенос на другую точку
2026-01-10;Левітана;доставка;3;7293.0;Отказ клиента
2026-01-10;Левітана;доставка;1;1810.0;Перенос на другую точку
2026-01-11;Лазарева;доставка;5;3616.0;Отказ клиента
2026-01-11;Лазарева;доставка;1;710.0;Перенос на другую точку
2026-01-11;Левітана;Glovo;1;1425.0;Отказ клиента
2026-01-11;Левітана;Glovo;1;649.0;Перенос на другую точку
2026-01-12;Лазарева;доставка;2;2218.0;Отказ клиента
2026-01-12;Лазарева;самовывоз;2;2685.0;Отказ клиента
2026-01-12;Левітана;Glovo;1;1865.0;Отказ клиента
2026-01-12;Левітана;доставка;1;1949.0;Отказ клиента
2026-01-13;Лазарева;доставка;5;28799.0;Отказ клиента
2026-01-13;Левітана;Glovo;1;819.0;Перенос на другую точку
2026-01-13;Левітана;доставка;9;87937.0;Отказ клиента
2026-01-13;Левітана;самовывоз;5;165379.0;Отказ клиента
2026-01-14;Лазарева;Glovo;2;2908.0;Перенос на другую точку
2026-01-14;Лазарева;доставка;2;2298.0;Отказ клиента
2026-01-14;Левітана;Glovo;1;1579.0;Отказ клиента
2026-01-14;Левітана;доставка;1;830.0;Отказ клиента
2026-01-15;Левітана;Glovo;1;700.0;Отказ клиента
2026-01-15;Левітана;Glovo;2;650.0;Перенос на другую точку
2026-01-15;Левітана;доставка;3;3563.0;Отказ клиента
2026-01-15;Левітана;доставка;1;845.0;Перенос на другую точку
2026-01-16;Лазарева;Glovo;1;818.0;Отказ клиента
2026-01-16;Лазарева;Glovo;5;4690.0;Перенос на другую точку
2026-01-16;Лазарева;доставка;5;7550.0;Отказ клиента
2026-01-16;Левітана;Glovo;1;1395.0;Отказ клиента
2026-01-16;Левітана;Glovo;1;315.0;Перенос на другую точку
2026-01-16;Левітана;доставка;2;2482.0;Отказ клиента
2026-01-17;Лазарева;доставка;8;9793.0;Отказ клиента
2026-01-17;Лазарева;доставка;2;2792.0;Перенос на другую точку
2026-01-17;Левітана;Glovo;3;2575.0;Перенос на другую точку
2026-01-17;Левітана;доставка;7;8807.0;Отказ клиента
2026-01-17;Левітана;доставка;1;805.0;Перенос на другую точку
2026-01-17;Левітана;самовывоз;1;315.0;Отказ клиента
2026-01-18;Лазарева;Glovo;1;295.0;Отказ клиента
2026-01-18;Лазарева;Glovo;2;1357.0;Перенос на другую точку
2026-01-18;Лазарева;доставка;1;605.0;Перенос на другую точку
2026-01-18;Лазарева;самовывоз;1;1517.0;Отказ клиента
2026-01-18;Левітана;доставка;2;3118.0;Отказ клиента
2026-01-19;Лазарева;Glovo;1;949.0;Перенос на другую точку
2026-01-19;Лазарева;самовывоз;2;930.0;Отказ клиента
2026-01-19;Левітана;Glovo;2;2955.0;Перенос на другую точку
2026-01-19;Левітана;доставка;5;3904.0;Отказ клиента
2026-01-20;Лазарева;Glovo;3;2684.0;Перенос на другую точку
2026-01-20;Лазарева;доставка;3;3272.0;Отказ клиента
2026-01-20;Левітана;Glovo;5;2983.0;Перенос на другую точку
2026-01-20;Левітана;доставка;3;3094.0;Отказ клиента
2026-01-20;Левітана;доставка;1;1400.0;Перенос на другую точку
2026-01-21;Лазарева;доставка;2;1019.0;Отказ клиента
2026-01-21;Лазарева;самовывоз;1;1026.7;Отказ клиента
2026-01-21;Левітана;Glovo;1;379.0;Отказ клиента
2026-01-21;Левітана;доставка;1;845.0;Отказ клиента
2026-01-22;Лазарева;Glovo;1;770.0;Перенос на другую точку
2026-01-22;Лазарева;доставка;6;8047.0;Отказ клиента
2026-01-22;Лазарева;доставка;1;2093.0;Перенос на другую точку
2026-01-22;Лазарева;самовывоз;1;685.0;Отказ клиента
2026-01-22;Левітана;Glovo;2;3912.0;Перенос на другую точку
2026-01-22;Левітана;доставка;1;415.0;Отказ клиента
2026-01-22;Левітана;доставка;1;365.0;Перенос на другую точку
2026-01-23;Лазарева;Glovo;3;3072.0;Перенос на другую точку
2026-01-23;Лазарева;доставка;13;13254.0;Отказ клиента
2026-01-23;Лазарева;доставка;3;5357.0;Перенос на другую точку
2026-01-23;Левітана;Glovo;3;2999.0;Перенос на другую точку
2026-01-23;Левітана;доставка;2;2973.0;Отказ клиента
2026-01-23;Левітана;самовывоз;1;780.0;Отказ клиента
2026-01-24;Лазарева;Glovo;3;6345.0;Перенос на другую точку
2026-01-24;Лазарева;доставка;3;3097.0;Отказ клиента
2026-01-24;Левітана;Glovo;1;939.0;Отказ клиента
2026-01-24;Левітана;Glovo;2;1815.0;Перенос на другую точку
2026-01-24;Левітана;доставка;2;748.0;Отказ клиента
2026-01-25;Лазарева;Glovo;3;3807.0;Перенос на другую точку
2026-01-25;Лазарева;доставка;4;5992.0;Отказ клиента
2026-01-25;Лазарева;самовывоз;1;330.0;Отказ клиента
2026-01-25;Левітана;Glovo;2;710.0;Перенос на другую точку
2026-01-25;Левітана;доставка;6;8631.0;Отказ клиента
2026-01-26;Лазарева;Glovo;1;1025.0;Отказ клиента
2026-01-26;Лазарева;Glovo;1;325.0;Перенос на другую точку
2026-01-26;Лазарева;доставка;3;3190.0;Отказ клиента
2026-01-26;Левітана;Glovo;1;1950.0;Перенос на другую точку
2026-01-26;Левітана;доставка;6;7057.0;Отказ клиента
2026-01-26;Левітана;доставка;1;1025.0;Перенос на другую точку
2026-01-26;Левітана;самовывоз;1;1025.0;Отказ клиента
2026-01-27;Лазарева;Glovo;1;205.0;Отказ клиента
2026-01-27;Лазарева;Glovo;1;670.0;Перенос на другую точку
2026-01-27;Лазарева;доставка;4;4747.0;Отказ клиента
2026-01-27;Левітана;Glovo;2;1615.0;Отказ клиента
2026-01-27;Левітана;Glovo;2;730.0;Перенос на другую точку
2026-01-27;Левітана;доставка;1;1025.0;Отказ клиента
2026-01-27;Левітана;доставка;1;1820.0;Перенос на другую точку
2026-01-28;Лазарева;доставка;2;2434.0;Отказ клиента
2026-01-28;Левітана;доставка;1;1545.0;Отказ клиента
2026-01-28;Левітана;доставка;1;1945.0;Перенос на другую точку
2026-01-28;Левітана;самовывоз;1;275.0;Отказ клиента
2026-01-29;Лазарева;доставка;1;3690.0;Отказ клиента
2026-01-29;Лазарева;доставка;1;2610.0;Перенос на другую точку
2026-01-29;Левітана;доставка;1;1197.0;Отказ клиента
2026-01-30;Лазарева;доставка;1;1020.0;Отказ клиента
2026-01-30;Лазарева;самовывоз;1;840.0;Отказ клиента
2026-01-30;Левітана;Glovo;1;710.0;Отказ клиента
2026-01-30;Левітана;доставка;2;1863.0;Отказ клиента
2026-01-31;Лазарева;Glovo;8;5783.0;Перенос на другую точку
2026-01-31;Лазарева;доставка;5;4362.0;Отказ клиента
2026-01-31;Лазарева;самовывоз;1;1100.0;Отказ клиента
2026-01-31;Левітана;Glovo;2;2355.0;Перенос на другую точку
2026-01-31;Левітана;доставка;11;11257.0;Отказ клиента
2026-01-31;Левітана;доставка;1;942.0;Перенос на другую точку
2026-02-01;Лазарева;Glovo;1;1163.0;Отказ клиента
2026-02-01;Лазарева;Glovo;5;4295.0;Перенос на другую точку
2026-02-01;Лазарева;доставка;2;2002.0;Отказ клиента
2026-02-01;Лазарева;доставка;1;984.0;Перенос на другую точку
2026-02-01;Левітана;Glovo;1;299.0;Отказ клиента
2026-02-01;Левітана;Glovo;3;1615.0;Перенос на другую точку
2026-02-01;Левітана;доставка;4;5714.0;Отказ клиента
2026-02-01;Левітана;доставка;1;1341.0;Перенос на другую точку
2026-02-01;Левітана;самовывоз;1;750.0;Отказ клиента
2026-02-02;Лазарева;Glovo;6;4212.0;Перенос на другую точку
2026-02-02;Лазарева;доставка;2;2030.0;Отказ клиента
2026-02-02;Лазарева;самовывоз;2;964.0;Отказ клиента
2026-02-02;Левітана;Glovo;1;750.0;Отказ клиента
2026-02-02;Левітана;Glovo;4;3135.0;Перенос на другую точку
2026-02-02;Левітана;доставка;4;3031.0;Отказ клиента
2026-02-03;Лазарева;доставка;5;6216.0;Отказ клиента
2026-02-03;Лазарева;доставка;1;1259.0;Перенос на другую точку
2026-02-03;Лазарева;самовывоз;1;1999.0;Отказ клиента
2026-02-03;Левітана;Glovo;1;415.0;Отказ клиента
2026-02-03;Левітана;Glovo;2;1130.0;Перенос на другую точку
2026-02-04;Лазарева;Glovo;1;664.0;Перенос на другую точку
2026-02-04;Лазарева;доставка;2;3264.0;Отказ клиента
2026-02-04;Левітана;доставка;2;4060.0;Отказ клиента
2026-02-04;Левітана;доставка;1;1943.0;Перенос на другую точку
2026-02-05;Лазарева;Glovo;1;660.0;Отказ клиента
2026-02-05;Лазарева;доставка;1;2093.0;Отказ клиента
2026-02-05;Лазарева;самовывоз;1;1330.0;Отказ клиента
2026-02-05;Левітана;Glovo;1;550.0;Отказ клиента
2026-02-06;Лазарева;Glovo;2;1220.0;Отказ клиента
2026-02-06;Лазарева;Glovo;2;815.0;Перенос на другую точку
2026-02-06;Лазарева;доставка;8;8618.0;Отказ клиента
2026-02-06;Лазарева;доставка;1;365.0;Перенос на другую точку
2026-02-06;Левітана;Glovo;2;1380.0;Отказ клиента
2026-02-06;Левітана;доставка;7;7234.0;Отказ клиента
2026-02-06;Левітана;доставка;1;1540.0;Перенос на другую точку
2026-02-07;Лазарева;Glovo;5;5059.0;Перенос на другую точку
2026-02-07;Лазарева;доставка;1;1095.0;Отказ клиента
2026-02-07;Лазарева;самовывоз;1;1754.0;Отказ клиента
2026-02-07;Левітана;Glovo;1;1318.0;Отказ клиента
2026-02-07;Левітана;доставка;3;4494.0;Отказ клиента
2026-02-08;Лазарева;доставка;4;3684.0;Отказ клиента
2026-02-08;Левітана;Glovo;2;1144.0;Отказ клиента
2026-02-08;Левітана;доставка;1;1200.0;Отказ клиента
2026-02-09;Лазарева;Glovo;1;1894.0;Перенос на другую точку
2026-02-09;Лазарева;самовывоз;1;1165.0;Отказ клиента
2026-02-09;Левітана;Glovo;1;1894.0;Отказ клиента
2026-02-10;Лазарева;доставка;4;4144.0;Отказ клиента
2026-02-10;Левітана;Glovo;1;840.0;Перенос на другую точку
2026-02-10;Левітана;доставка;1;720.0;Отказ клиента
2026-02-10;Левітана;самовывоз;1;1600.0;Отказ клиента
2026-02-11;Лазарева;доставка;3;2225.0;Отказ клиента
2026-02-11;Лазарева;самовывоз;1;1225.0;Отказ клиента
2026-02-11;Левітана;Glovo;1;570.0;Отказ клиента
2026-02-11;Левітана;доставка;1;475.0;Отказ клиента
2026-02-11;Левітана;самовывоз;1;349.0;Отказ клиента
2026-02-12;Лазарева;доставка;3;4585.0;Отказ клиента
2026-02-12;Левітана;Glovo;1;889.0;Перенос на другую точку
2026-02-12;Левітана;доставка;2;995.0;Отказ клиента
2026-02-13;Лазарева;доставка;6;4869.0;Отказ клиента
2026-02-13;Лазарева;доставка;1;2937.0;Перенос на другую точку
2026-02-13;Лазарева;самовывоз;1;765.0;Отказ клиента
2026-02-13;Левітана;Glovo;1;935.0;Перенос на другую точку
2026-02-13;Левітана;доставка;4;3883.0;Отказ клиента
2026-02-14;Лазарева;Glovo;2;2834.0;Отказ клиента
2026-02-14;Лазарева;Glovo;1;1640.0;Перенос на другую точку
2026-02-14;Лазарева;доставка;17;26595.0;Отказ клиента
2026-02-14;Лазарева;самовывоз;4;4474.0;Отказ клиента
2026-02-14;Левітана;доставка;21;28525.0;Отказ клиента
2026-02-14;Левітана;самовывоз;3;3423.0;Отказ клиента
2026-02-15;Лазарева;Glovo;4;5469.0;Перенос на другую точку
2026-02-15;Лазарева;доставка;2;2455.0;Отказ клиента
2026-02-15;Лазарева;самовывоз;1;790.3;Отказ клиента
2026-02-15;Левітана;Glovo;2;1690.0;Перенос на другую точку
2026-02-15;Левітана;доставка;2;1414.0;Отказ клиента
2026-02-16;Лазарева;Glovo;1;588.0;Отказ клиента
2026-02-16;Лазарева;Glovo;1;644.0;Перенос на другую точку
2026-02-16;Левітана;Glovo;1;335.0;Перенос на другую точку
2026-02-16;Левітана;доставка;1;1855.0;Отказ клиента
2026-02-16;Левітана;самовывоз;1;3139.0;Отказ клиента
2026-02-17;Лазарева;доставка;3;2426.0;Отказ клиента
2026-02-17;Лазарева;самовывоз;1;420.0;Отказ клиента
2026-02-17;Левітана;доставка;2;2031.0;Отказ клиента
2026-02-18;Лазарева;доставка;7;7892.0;Отказ клиента
2026-02-18;Левітана;Glovo;1;399.0;Отказ клиента
2026-02-18;Левітана;Glovo;1;1200.0;Перенос на другую точку
2026-02-18;Левітана;доставка;6;7929.0;Отказ клиента
2026-02-19;Лазарева;Glovo;1;365.0;Отказ клиента
2026-02-19;Лазарева;Glovo;2;1622.0;Перенос на другую точку
2026-02-19;Лазарева;доставка;3;2439.0;Отказ клиента
2026-02-19;Левітана;Glovo;1;1500.0;Отказ клиента
2026-02-19;Левітана;доставка;12;9620.0;Отказ клиента
2026-02-19;Левітана;доставка;1;365.0;Перенос на другую точку
2026-02-20;Лазарева;доставка;4;3107.0;Отказ клиента
2026-02-20;Лазарева;доставка;1;1065.0;Перенос на другую точку
2026-02-20;Левітана;Glovo;1;1295.0;Отказ клиента
2026-02-20;Левітана;Glovo;1;1049.0;Перенос на другую точку
2026-02-20;Левітана;доставка;3;6004.0;Отказ клиента
2026-02-21;Лазарева;доставка;1;1230.0;Отказ клиента
2026-02-21;Лазарева;самовывоз;2;1007.9;Отказ клиента
2026-02-21;Левітана;Glovo;2;2301.0;Отказ клиента
2026-02-21;Левітана;доставка;1;1061.0;Отказ клиента
2026-02-22;Лазарева;Glovo;2;1055.0;Перенос на другую точку
2026-02-22;Лазарева;доставка;3;4625.0;Отказ клиента
2026-02-22;Лазарева;самовывоз;1;1200.0;Отказ клиента
2026-02-22;Левітана;доставка;1;931.0;Отказ клиента
2026-02-23;Левітана;Glovo;2;1995.0;Перенос на другую точку
2026-02-24;Левітана;Glovo;1;375.0;Отказ клиента
2026-02-24;Левітана;доставка;3;7036.0;Отказ клиента
2026-02-25;Лазарева;доставка;2;1766.0;Отказ клиента
2026-02-25;Лазарева;доставка;1;1625.0;Перенос на другую точку
2026-02-25;Лазарева;самовывоз;1;372.0;Отказ клиента
2026-02-25;Левітана;доставка;1;1407.0;Отказ клиента
2026-02-26;Лазарева;Glovo;2;1620.0;Перенос на другую точку
2026-02-26;Лазарева;доставка;8;9070.0;Отказ клиента
2026-02-26;Лазарева;доставка;1;850.0;Перенос на другую точку
2026-02-26;Лазарева;самовывоз;1;299.0;Отказ клиента
2026-02-26;Левітана;доставка;1;1340.0;Отказ клиента
2026-02-26;Левітана;самовывоз;1;781.0;Отказ клиента
2026-02-27;Лазарева;доставка;5;5594.0;Отказ клиента
2026-02-27;Лазарева;доставка;3;7787.0;Перенос на другую точку
2026-02-27;Левітана;Glovo;1;707.0;Перенос на другую точку
2026-02-27;Левітана;доставка;1;365.0;Отказ клиента
2026-02-27;Левітана;доставка;1;2432.0;Перенос на другую точку
2026-02-28;Лазарева;Glovo;2;1845.0;Отказ клиента
2026-02-28;Левітана;Glovo;2;1005.0;Перенос на другую точку
2026-02-28;Левітана;доставка;3;6294.0;Отказ клиента
2026-02-28;Левітана;самовывоз;1;2170.0;Отказ клиента
2026-03-01;Лазарева;Glovo;1;315.0;Перенос на другую точку
2026-03-01;Лазарева;доставка;3;3291.0;Отказ клиента
2026-03-01;Лазарева;самовывоз;2;1162.0;Отказ клиента
2026-03-01;Левітана;доставка;5;8078.0;Отказ клиента
2026-03-02;Левітана;доставка;1;1065.0;Отказ клиента
2026-03-03;Лазарева;Glovo;2;1518.3;Перенос на другую точку
2026-03-03;Лазарева;доставка;5;9025.0;Отказ клиента
2026-03-03;Лазарева;доставка;2;5353.0;Перенос на другую точку
2026-03-03;Лазарева;самовывоз;1;1095.0;Отказ клиента
2026-03-03;Левітана;Glovo;1;886.9;Отказ клиента
2026-03-03;Левітана;Glovo;1;1592.9;Перенос на другую точку
2026-03-03;Левітана;доставка;1;2215.0;Отказ клиента
2026-03-03;Левітана;доставка;1;407.0;Перенос на другую точку
2026-03-03;Левітана;самовывоз;1;740.0;Отказ клиента
2026-03-04;Лазарева;Glovo;2;1289.4;Перенос на другую точку
2026-03-04;Лазарева;доставка;4;4347.0;Отказ клиента
2026-03-04;Левітана;Glovo;1;634.0;Перенос на другую точку
2026-03-04;Левітана;доставка;1;1210.0;Отказ клиента
2026-03-04;Левітана;доставка;1;830.0;Перенос на другую точку
2026-03-05;Лазарева;доставка;3;1925.0;Отказ клиента
2026-03-05;Левітана;доставка;1;375.0;Отказ клиента
2026-03-06;Лазарева;Glovo;1;699.0;Отказ клиента
2026-03-06;Лазарева;доставка;5;7081.0;Отказ клиента
2026-03-06;Лазарева;самовывоз;3;6160.0;Отказ клиента
2026-03-06;Левітана;Glovo;1;292.0;Отказ клиента
2026-03-06;Левітана;доставка;2;2045.0;Отказ клиента
2026-03-07;Лазарева;Glovo;1;300.0;Перенос на другую точку
2026-03-07;Лазарева;доставка;4;3933.0;Отказ клиента
2026-03-07;Левітана;Glovo;1;1745.0;Перенос на другую точку
2026-03-07;Левітана;доставка;1;1225.0;Отказ клиента
2026-03-07;Левітана;доставка;1;2570.0;Перенос на другую точку
2026-03-08;Лазарева;Glovo;3;3015.0;Перенос на другую точку
2026-03-08;Лазарева;доставка;17;22304.0;Отказ клиента
2026-03-08;Лазарева;самовывоз;7;7001.0;Отказ клиента
2026-03-08;Левітана;Glovo;2;1905.0;Перенос на другую точку
2026-03-08;Левітана;доставка;8;19454.0;Отказ клиента
2026-03-08;Левітана;доставка;1;894.0;Перенос на другую точку
2026-03-08;Левітана;самовывоз;3;3541.0;Отказ клиента
2026-03-09;Лазарева;доставка;3;4380.0;Отказ клиента
2026-03-09;Левітана;доставка;2;1782.0;Отказ клиента
2026-03-09;Левітана;доставка;2;1999.0;Перенос на другую точку
2026-03-10;Лазарева;Glovo;1;395.0;Отказ клиента
2026-03-10;Лазарева;Glovo;1;750.0;Перенос на другую точку
2026-03-10;Лазарева;доставка;10;14062.0;Отказ клиента
2026-03-10;Лазарева;самовывоз;1;1775.0;Отказ клиента
2026-03-10;Левітана;Glovo;1;1055.0;Отказ клиента
2026-03-10;Левітана;Glovo;1;560.0;Перенос на другую точку
2026-03-10;Левітана;доставка;5;6089.0;Отказ клиента
2026-03-10;Левітана;доставка;2;3103.0;Перенос на другую точку
2026-03-10;Левітана;самовывоз;1;650.0;Отказ клиента
2026-03-11;Лазарева;Glovo;1;1526.0;Отказ клиента
2026-03-11;Лазарева;Glovo;1;435.0;Перенос на другую точку
2026-03-11;Левітана;Glovo;1;1295.0;Отказ клиента
2026-03-11;Левітана;Glovo;1;375.0;Перенос на другую точку
2026-03-11;Левітана;доставка;1;970.0;Отказ клиента
2026-03-12;Лазарева;доставка;3;1474.0;Отказ клиента
2026-03-12;Лазарева;самовывоз;1;1200.0;Перенос на другую точку
2026-03-12;Левітана;Glovo;1;1602.0;Отказ клиента
2026-03-12;Левітана;доставка;2;2471.0;Отказ клиента
2026-03-13;Лазарева;Glovo;4;4507.0;Перенос на другую точку
2026-03-13;Лазарева;доставка;3;1293.0;Отказ клиента
2026-03-13;Лазарева;доставка;1;773.0;Перенос на другую точку
2026-03-13;Левітана;Glovo;1;1049.0;Отказ клиента
2026-03-13;Левітана;самовывоз;1;600.0;Отказ клиента
2026-03-14;Лазарева;доставка;3;3203.0;Отказ клиента
2026-03-14;Левітана;Glovo;1;620.0;Отказ клиента
2026-03-14;Левітана;Glovo;1;1735.0;Перенос на другую точку
2026-03-14;Левітана;доставка;1;1019.0;Отказ клиента
2026-03-14;Левітана;самовывоз;2;3562.0;Отказ клиента
2026-03-15;Лазарева;Glovo;3;1400.0;Перенос на другую точку
2026-03-15;Лазарева;доставка;1;570.0;Отказ клиента
2026-03-15;Левітана;доставка;1;2995.0;Отказ клиента
2026-03-16;Левітана;доставка;2;2486.0;Отказ клиента
2026-03-17;Лазарева;Glovo;2;2089.0;Перенос на другую точку
2026-03-17;Лазарева;доставка;2;3436.0;Отказ клиента
2026-03-17;Левітана;доставка;1;1880.0;Отказ клиента
2026-03-18;Левітана;доставка;1;2125.0;Отказ клиента
2026-03-19;Лазарева;Glovo;1;500.0;Перенос на другую точку
2026-03-19;Лазарева;доставка;1;2189.0;Перенос на другую точку
2026-03-19;Левітана;Glovo;1;495.0;Отказ клиента
2026-03-19;Левітана;доставка;1;1227.0;Отказ клиента
2026-03-19;Левітана;самовывоз;1;355.0;Отказ клиента
2026-03-20;Лазарева;доставка;1;680.0;Отказ клиента
2026-03-21;Лазарева;доставка;7;11673.0;Отказ клиента
2026-03-21;Левітана;Glovo;1;539.0;Перенос на другую точку
2026-03-22;Лазарева;доставка;2;3330.0;Отказ клиента
2026-03-22;Левітана;доставка;3;9288.0;Отказ клиента
2026-03-23;Левітана;доставка;2;2849.0;Отказ клиента
2026-03-24;Левітана;доставка;1;385.0;Отказ клиента
2026-03-25;Лазарева;доставка;1;3051.0;Отказ клиента
2026-03-25;Лазарева;доставка;1;850.0;Перенос на другую точку
2026-03-25;Лазарева;самовывоз;2;1665.0;Отказ клиента
2026-03-25;Левітана;Glovo;1;642.0;Перенос на другую точку
2026-03-25;Левітана;доставка;1;1245.0;Отказ клиента
2026-03-26;Лазарева;доставка;3;2665.0;Отказ клиента
2026-03-26;Лазарева;доставка;1;760.0;Перенос на другую точку
2026-03-26;Лазарева;самовывоз;2;970.0;Отказ клиента
2026-03-26;Левітана;доставка;1;1736.0;Отказ клиента
2026-03-27;Лазарева;самовывоз;1;325.0;Отказ клиента
2026-03-28;Лазарева;доставка;6;8392.0;Отказ клиента
2026-03-28;Лазарева;доставка;3;3465.0;Перенос на другую точку
2026-03-28;Лазарева;самовывоз;1;1605.0;Отказ клиента
2026-03-28;Левітана;доставка;2;3392.0;Отказ клиента
2026-03-28;Левітана;самовывоз;1;1699.0;Отказ клиента
2026-03-29;Лазарева;Glovo;1;660.0;Отказ клиента
2026-03-29;Лазарева;доставка;3;3602.0;Отказ клиента
2026-03-29;Лазарева;самовывоз;1;1740.0;Отказ клиента
2026-03-29;Левітана;Glovo;1;969.0;Отказ клиента
2026-03-29;Левітана;Glovo;1;275.0;Перенос на другую точку
2026-03-29;Левітана;доставка;1;1045.0;Отказ клиента
2026-03-30;Лазарева;доставка;2;1826.0;Отказ клиента
2026-03-30;Лазарева;самовывоз;1;1500.0;Отказ клиента
2026-03-30;Левітана;доставка;3;2929.0;Отказ клиента
2026-03-31;Лазарева;доставка;8;15152.0;Отказ клиента
2026-03-31;Лазарева;самовывоз;2;3790.0;Отказ клиента
2026-03-31;Левітана;доставка;2;3165.0;Отказ клиента
2026-04-01;Лазарева;Glovo;1;385.0;Перенос на другую точку
2026-04-01;Лазарева;доставка;2;2810.0;Отказ клиента
2026-04-01;Левітана;доставка;1;804.0;Отказ клиента
2026-04-01;Левітана;самовывоз;1;1095.0;Отказ клиента
2026-04-02;Лазарева;доставка;2;1009.0;Отказ клиента
2026-04-02;Лазарева;доставка;1;1165.0;Перенос на другую точку
2026-04-02;Лазарева;самовывоз;1;780.0;Отказ клиента
2026-04-02;Левітана;доставка;2;2364.0;Отказ клиента
2026-04-02;Левітана;самовывоз;1;268.0;Отказ клиента
2026-04-03;Лазарева;Glovo;1;960.0;Перенос на другую точку
2026-04-03;Лазарева;доставка;1;2247.0;Отказ клиента
2026-04-03;Лазарева;доставка;1;825.0;Перенос на другую точку
2026-04-03;Левітана;доставка;6;5438.0;Отказ клиента
2026-04-04;Лазарева;Glovo;1;600.0;Перенос на другую точку
2026-04-04;Лазарева;доставка;9;9651.0;Отказ клиента
2026-04-04;Лазарева;доставка;1;2140.0;Перенос на другую точку
2026-04-04;Левітана;доставка;3;3656.0;Отказ клиента
2026-04-04;Левітана;доставка;1;820.0;Перенос на другую точку
2026-04-05;Лазарева;доставка;1;1730.0;Отказ клиента
2026-04-05;Левітана;доставка;1;1760.0;Отказ клиента
2026-04-06;Лазарева;Glovo;1;614.0;Отказ клиента
2026-04-06;Лазарева;доставка;1;395.0;Отказ клиента
2026-04-06;Левітана;доставка;1;854.0;Отказ клиента
2026-04-06;Левітана;самовывоз;1;897.0;Отказ клиента
2026-04-07;Лазарева;Glovo;1;710.0;Перенос на другую точку
2026-04-07;Лазарева;доставка;1;1179.0;Отказ клиента
2026-04-07;Левітана;доставка;2;5463.0;Отказ клиента
2026-04-08;Лазарева;Glovo;4;5280.6;Перенос на другую точку
2026-04-08;Лазарева;доставка;5;8929.0;Отказ клиента
2026-04-08;Лазарева;доставка;1;966.0;Перенос на другую точку
2026-04-08;Левітана;Glovo;1;385.0;Отказ клиента
2026-04-08;Левітана;доставка;4;1899.0;Отказ клиента
2026-04-08;Левітана;доставка;3;2814.0;Перенос на другую точку
2026-04-09;Лазарева;доставка;2;2333.0;Отказ клиента
2026-04-09;Лазарева;самовывоз;1;1117.0;Отказ клиента
2026-04-09;Левітана;Glovo;1;1887.0;Отказ клиента
2026-04-09;Левітана;Glovo;1;1464.0;Перенос на другую точку
2026-04-10;Лазарева;доставка;1;387.0;Отказ клиента
2026-04-10;Лазарева;самовывоз;1;387.0;Отказ клиента
2026-04-10;Левітана;доставка;3;4600.0;Отказ клиента
2026-04-10;Левітана;доставка;1;820.0;Перенос на другую точку
2026-04-11;Лазарева;доставка;1;1285.0;Отказ клиента
2026-04-11;Левітана;Glovo;2;1209.0;Отказ клиента
2026-04-11;Левітана;доставка;1;844.0;Перенос на другую точку
2026-04-12;Лазарева;Glovo;3;2465.2;Перенос на другую точку
2026-04-12;Лазарева;доставка;1;2750.0;Отказ клиента
2026-04-12;Левітана;Glovo;1;407.0;Перенос на другую точку
2026-04-12;Левітана;доставка;3;2397.0;Отказ клиента
2026-04-12;Левітана;доставка;2;2970.0;Перенос на другую точку
2026-04-13;Лазарева;доставка;6;7088.0;Отказ клиента
2026-04-13;Левітана;доставка;1;1339.0;Отказ клиента
2026-04-14;Лазарева;доставка;16;11457.0;Отказ клиента
2026-04-14;Лазарева;самовывоз;1;375.0;Отказ клиента
2026-04-14;Левітана;доставка;24;31607.0;Отказ клиента
2026-04-14;Левітана;самовывоз;6;2025.0;Отказ клиента
2026-04-15;Лазарева;доставка;4;4467.0;Отказ клиента
2026-04-15;Лазарева;самовывоз;1;739.0;Отказ клиента
2026-04-15;Левітана;Glovo;1;898.0;Перенос на другую точку
2026-04-15;Левітана;доставка;3;3513.0;Отказ клиента
2026-04-16;Лазарева;Glovo;1;656.0;Перенос на другую точку
2026-04-16;Лазарева;доставка;8;4994.0;Отказ клиента
2026-04-16;Лазарева;самовывоз;2;1122.0;Отказ клиента
2026-04-16;Левітана;Glovo;2;650.0;Отказ клиента
2026-04-16;Левітана;доставка;41;49471.0;Отказ клиента
2026-04-16;Левітана;доставка;1;598.0;Перенос на другую точку
2026-04-16;Левітана;самовывоз;3;2724.0;Отказ клиента
2026-04-17;Лазарева;Glovo;1;1396.0;Перенос на другую точку
2026-04-17;Лазарева;доставка;8;8006.0;Отказ клиента
2026-04-17;Лазарева;доставка;1;1588.0;Перенос на другую точку
2026-04-17;Лазарева;самовывоз;2;287.0;Отказ клиента
2026-04-17;Левітана;доставка;13;11693.0;Отказ клиента
2026-04-17;Левітана;самовывоз;6;7048.0;Отказ клиента
2026-04-18;Лазарева;Glovo;1;674.0;Отказ клиента
2026-04-18;Лазарева;Glovo;2;1020.8;Перенос на другую точку
2026-04-18;Лазарева;доставка;5;5169.0;Отказ клиента
2026-04-18;Лазарева;доставка;1;1167.0;Перенос на другую точку
2026-04-18;Левітана;Glovo;1;744.0;Отказ клиента
2026-04-18;Левітана;Glovo;1;802.0;Перенос на другую точку
2026-04-19;Лазарева;Glovo;1;185.0;Перенос на другую точку
2026-04-19;Лазарева;доставка;2;2072.0;Отказ клиента
2026-04-19;Лазарева;доставка;1;824.0;Перенос на другую точку
2026-04-19;Левітана;доставка;1;2986.0;Отказ клиента
2026-04-19;Левітана;доставка;1;525.0;Перенос на другую точку
2026-04-20;Лазарева;Glovo;1;774.0;Перенос на другую точку
2026-04-20;Лазарева;доставка;1;3123.0;Отказ клиента
2026-04-20;Левітана;доставка;4;2334.0;Отказ клиента
2026-04-21;Лазарева;доставка;3;2399.0;Отказ клиента
2026-04-21;Лазарева;доставка;1;642.0;Перенос на другую точку
2026-04-21;Левітана;доставка;1;1510.0;Отказ клиента
2026-04-22;Лазарева;Glovo;1;1137.0;Перенос на другую точку
2026-04-22;Лазарева;доставка;3;4139.0;Отказ клиента
2026-04-22;Лазарева;доставка;1;1993.0;Перенос на другую точку
2026-04-22;Лазарева;самовывоз;1;105.0;Отказ клиента
2026-04-22;Левітана;доставка;3;1517.0;Отказ клиента
2026-04-22;Левітана;доставка;1;585.0;Перенос на другую точку
2026-04-22;Левітана;самовывоз;1;794.0;Отказ клиента
2026-04-23;Лазарева;Glovo;1;379.0;Отказ клиента
2026-04-23;Лазарева;доставка;2;5391.0;Отказ клиента
2026-04-23;Лазарева;доставка;1;1394.0;Перенос на другую точку
2026-04-23;Левітана;доставка;2;1043.0;Отказ клиента
2026-04-24;Лазарева;доставка;1;814.0;Отказ клиента
2026-04-24;Левітана;доставка;4;5259.0;Отказ клиента
2026-04-25;Лазарева;Glovo;1;1019.0;Отказ клиента
2026-04-25;Лазарева;доставка;1;261.0;Отказ клиента
2026-04-25;Лазарева;доставка;1;1910.0;Перенос на другую точку
2026-04-25;Лазарева;самовывоз;3;2103.0;Отказ клиента
2026-04-25;Левітана;Glovo;1;1065.0;Перенос на другую точку
2026-04-25;Левітана;доставка;2;1371.0;Отказ клиента
2026-04-25;Левітана;доставка;1;598.0;Перенос на другую точку
2026-04-26;Лазарева;Glovo;5;7323.6;Перенос на другую точку
2026-04-26;Лазарева;доставка;4;6032.0;Отказ клиента
2026-04-26;Левітана;доставка;2;2328.0;Отказ клиента
2026-04-26;Левітана;доставка;1;1123.0;Перенос на другую точку
2026-04-27;Лазарева;доставка;6;11288.0;Отказ клиента
2026-04-27;Лазарева;самовывоз;1;2135.0;Отказ клиента
2026-04-27;Левітана;Glovo;1;744.0;Перенос на другую точку
2026-04-27;Левітана;доставка;3;2321.0;Отказ клиента
2026-04-28;Лазарева;Glovo;1;782.0;Перенос на другую точку
2026-04-28;Лазарева;доставка;2;1819.0;Отказ клиента
2026-04-28;Левітана;доставка;3;3005.0;Отказ клиента
2026-04-28;Левітана;доставка;1;1621.0;Перенос на другую точку
2026-04-28;Левітана;самовывоз;2;1772.0;Отказ клиента
2026-04-29;Лазарева;Glovo;1;1217.0;Перенос на другую точку
2026-04-29;Лазарева;доставка;1;1582.0;Отказ клиента
2026-04-29;Левітана;доставка;2;735.0;Отказ клиента
2026-04-30;Лазарева;Glovo;1;1105.0;Перенос на другую точку
2026-04-30;Лазарева;доставка;1;1153.0;Отказ клиента
2026-04-30;Лазарева;доставка;2;1199.0;Перенос на другую точку
2026-04-30;Левітана;доставка;1;8648.0;Отказ клиента
2026-05-01;Лазарева;Glovo;1;878.0;Перенос на другую точку
2026-05-01;Лазарева;доставка;7;9294.6;Отказ клиента
2026-05-01;Лазарева;доставка;1;659.0;Перенос на другую точку
2026-05-01;Левітана;доставка;5;4978.0;Отказ клиента
2026-05-01;Левітана;самовывоз;3;4334.0;Отказ клиента
2026-05-02;Лазарева;доставка;1;1596.0;Отказ клиента
2026-05-02;Левітана;доставка;1;1427.0;Отказ клиента
2026-05-03;Лазарева;Glovo;1;1301.0;Отказ клиента
2026-05-03;Лазарева;доставка;2;1506.0;Отказ клиента
2026-05-03;Левітана;доставка;3;2104.0;Отказ клиента
2026-05-03;Левітана;самовывоз;1;475.0;Отказ клиента
2026-05-04;Лазарева;доставка;1;354.0;Отказ клиента
2026-05-04;Левітана;доставка;1;642.0;Перенос на другую точку
2026-05-04;Левітана;самовывоз;1;1005.0;Отказ клиента
2026-05-05;Лазарева;доставка;2;1681.0;Отказ клиента
2026-05-05;Левітана;доставка;2;3946.0;Отказ клиента
2026-05-05;Левітана;самовывоз;1;2266.0;Отказ клиента
2026-05-06;Лазарева;доставка;3;4661.0;Отказ клиента
2026-05-06;Лазарева;доставка;1;781.0;Перенос на другую точку
2026-05-06;Левітана;доставка;1;2861.0;Отказ клиента
2026-05-07;Лазарева;доставка;3;2940.0;Отказ клиента
2026-05-07;Лазарева;доставка;2;1779.0;Перенос на другую точку
2026-05-07;Лазарева;самовывоз;1;826.0;Отказ клиента
2026-05-07;Левітана;доставка;4;4027.0;Отказ клиента
2026-05-07;Левітана;самовывоз;2;1155.0;Отказ клиента
2026-05-08;Лазарева;Glovo;1;1350.0;Перенос на другую точку
2026-05-08;Лазарева;доставка;2;2740.0;Отказ клиента
2026-05-08;Лазарева;доставка;1;391.0;Перенос на другую точку
2026-05-08;Лазарева;самовывоз;1;395.0;Перенос на другую точку
2026-05-08;Левітана;доставка;4;6710.0;Отказ клиента
2026-05-08;Левітана;самовывоз;1;1630.0;Отказ клиента
2026-05-09;Лазарева;Glovo;1;1561.0;Отказ клиента
2026-05-09;Лазарева;Glovo;1;927.0;Перенос на другую точку
2026-05-09;Лазарева;доставка;5;5422.0;Отказ клиента
2026-05-09;Лазарева;доставка;1;814.0;Перенос на другую точку
2026-05-09;Левітана;доставка;6;6099.0;Отказ клиента
2026-05-10;Лазарева;доставка;18;21889.0;Отказ клиента
2026-05-10;Лазарева;самовывоз;1;3891.0;Отказ клиента
2026-05-10;Левітана;Glovo;1;969.0;Отказ клиента
2026-05-10;Левітана;доставка;11;14583.0;Отказ клиента
2026-05-10;Левітана;доставка;1;659.0;Перенос на другую точку
2026-05-11;Лазарева;Glovo;1;1299.0;Отказ клиента
2026-05-11;Лазарева;Glovo;1;1521.0;Перенос на другую точку
2026-05-11;Лазарева;доставка;4;3648.0;Отказ клиента
2026-05-11;Левітана;доставка;4;3723.0;Отказ клиента
2026-05-11;Левітана;доставка;1;999.0;Перенос на другую точку
2026-05-12;Лазарева;Glovo;2;1659.0;Перенос на другую точку
2026-05-12;Лазарева;доставка;12;13142.0;Отказ клиента
2026-05-12;Лазарева;доставка;1;3912.0;Перенос на другую точку
2026-05-12;Лазарева;самовывоз;1;370.0;Отказ клиента
2026-05-12;Левітана;Glovo;1;644.0;Отказ клиента
2026-05-12;Левітана;доставка;4;2565.0;Отказ клиента
2026-05-12;Левітана;самовывоз;2;1466.0;Отказ клиента
2026-05-13;Лазарева;Glovo;1;879.0;Отказ клиента
2026-05-13;Лазарева;Glovo;1;1718.0;Перенос на другую точку
2026-05-13;Лазарева;доставка;2;3314.0;Отказ клиента
2026-05-13;Лазарева;самовывоз;1;1064.0;Отказ клиента
2026-05-13;Левітана;Glovo;1;1427.0;Отказ клиента
2026-05-13;Левітана;доставка;1;1253.0;Отказ клиента
2026-05-14;Лазарева;Glovo;1;1746.0;Отказ клиента
2026-05-14;Лазарева;доставка;3;1144.0;Отказ клиента
2026-05-14;Левітана;доставка;3;2336.0;Отказ клиента
2026-05-14;Левітана;доставка;1;1434.0;Перенос на другую точку
2026-05-15;Лазарева;доставка;3;4235.0;Отказ клиента
2026-05-15;Лазарева;доставка;1;454.0;Перенос на другую точку
2026-05-15;Левітана;доставка;3;5268.0;Отказ клиента
2026-05-16;Лазарева;Glovo;1;2015.0;Отказ клиента
2026-05-16;Лазарева;Glovo;2;1528.0;Перенос на другую точку
2026-05-16;Лазарева;доставка;6;15935.0;Отказ клиента
2026-05-16;Левітана;Glovo;1;1539.0;Перенос на другую точку
2026-05-16;Левітана;доставка;2;5787.0;Отказ клиента
2026-05-17;Лазарева;Glovo;1;387.0;Перенос на другую точку
2026-05-17;Лазарева;доставка;2;2878.0;Отказ клиента
2026-05-17;Лазарева;самовывоз;1;269.0;Отказ клиента
2026-05-17;Левітана;доставка;5;7070.0;Отказ клиента
2026-05-18;Лазарева;Glovo;1;1617.0;Перенос на другую точку
2026-05-18;Лазарева;доставка;2;768.0;Отказ клиента
2026-05-18;Левітана;доставка;6;4360.0;Отказ клиента
2026-05-18;Левітана;доставка;1;1816.0;Перенос на другую точку
2026-05-19;Лазарева;Glovo;1;798.0;Отказ клиента
2026-05-19;Лазарева;доставка;2;4285.0;Отказ клиента
2026-05-19;Лазарева;доставка;1;875.0;Перенос на другую точку
2026-05-19;Лазарева;самовывоз;1;1242.0;Отказ клиента
2026-05-20;Лазарева;Glovo;1;489.0;Перенос на другую точку
2026-05-20;Лазарева;доставка;4;4639.0;Отказ клиента
2026-05-20;Лазарева;доставка;1;1293.0;Перенос на другую точку
2026-05-20;Левітана;Glovo;2;1033.0;Перенос на другую точку
2026-05-20;Левітана;доставка;8;4964.3;Отказ клиента
2026-05-21;Лазарева;доставка;3;5658.0;Отказ клиента
2026-05-21;Левітана;доставка;2;858.0;Отказ клиента
2026-05-21;Левітана;доставка;1;789.0;Перенос на другую точку
2026-05-22;Лазарева;доставка;4;3278.0;Отказ клиента
2026-05-22;Левітана;доставка;5;5541.0;Отказ клиента
2026-05-23;Лазарева;Glovo;2;1202.0;Перенос на другую точку
2026-05-23;Лазарева;доставка;11;8727.0;Отказ клиента
2026-05-23;Левітана;Glovo;1;1596.0;Отказ клиента
2026-05-23;Левітана;доставка;5;3380.0;Отказ клиента
2026-05-23;Левітана;доставка;1;898.0;Перенос на другую точку
2026-05-23;Левітана;самовывоз;1;1516.0;Отказ клиента
2026-05-24;Лазарева;Glovo;1;379.0;Отказ клиента
2026-05-24;Лазарева;доставка;1;2718.0;Перенос на другую точку
2026-05-24;Левітана;доставка;3;4705.0;Отказ клиента
2026-05-24;Левітана;доставка;1;2142.0;Перенос на другую точку
2026-05-25;Лазарева;доставка;1;284.0;Отказ клиента
2026-05-25;Левітана;доставка;1;1882.0;Отказ клиента
2026-05-25;Левітана;доставка;1;379.0;Перенос на другую точку
2026-05-26;Лазарева;доставка;2;2537.0;Отказ клиента
2026-05-26;Левітана;доставка;1;760.0;Отказ клиента
2026-05-26;Левітана;доставка;1;1327.0;Перенос на другую точку
2026-05-27;Лазарева;Glovo;1;354.0;Перенос на другую точку
2026-05-27;Лазарева;доставка;4;5487.0;Отказ клиента
2026-05-27;Лазарева;доставка;1;659.0;Перенос на другую точку
2026-05-27;Лазарева;самовывоз;1;9867.0;Отказ клиента
2026-05-27;Левітана;Glovo;1;1787.0;Отказ клиента
2026-05-27;Левітана;доставка;4;3793.0;Отказ клиента
2026-05-27;Левітана;самовывоз;1;863.0;Отказ клиента
2026-05-28;Лазарева;доставка;3;4102.0;Отказ клиента
2026-05-28;Лазарева;доставка;1;395.0;Перенос на другую точку
2026-05-28;Левітана;доставка;4;6921.0;Отказ клиента
2026-05-28;Левітана;самовывоз;1;659.0;Отказ клиента
2026-05-29;Лазарева;доставка;8;9922.0;Отказ клиента
2026-05-29;Левітана;доставка;12;11949.0;Отказ клиента
2026-05-30;Лазарева;Glovo;1;2423.0;Отказ клиента
2026-05-30;Лазарева;доставка;7;14352.0;Отказ клиента
2026-05-30;Лазарева;доставка;3;4427.0;Перенос на другую точку
2026-05-30;Лазарева;самовывоз;1;379.0;Отказ клиента
2026-05-30;Левітана;доставка;7;8354.0;Отказ клиента
2026-05-31;Лазарева;Glovo;1;315.0;Перенос на другую точку
2026-05-31;Лазарева;доставка;6;7404.0;Отказ клиента
2026-05-31;Лазарева;самовывоз;1;0.0;Отказ клиента
2026-05-31;Левітана;Glovo;1;1139.0;Отказ клиента
2026-05-31;Левітана;доставка;1;454.0;Отказ клиента
2026-05-31;Левітана;доставка;2;2699.0;Перенос на другую точку
2026-05-31;Левітана;самовывоз;3;399.0;Отказ клиента
2026-06-01;Лазарева;доставка;1;851.0;Отказ клиента
2026-06-01;Левітана;Glovo;1;380.0;Перенос на другую точку
2026-06-01;Левітана;доставка;3;6773.0;Отказ клиента
2026-06-02;Лазарева;доставка;1;529.0;Отказ клиента
2026-06-02;Левітана;доставка;5;4431.0;Отказ клиента
2026-06-02;Левітана;самовывоз;3;4219.0;Отказ клиента
2026-06-03;Лазарева;Glovo;2;1356.0;Перенос на другую точку
2026-06-03;Лазарева;доставка;4;2340.0;Отказ клиента
2026-06-03;Лазарева;самовывоз;1;459.0;Отказ клиента
2026-06-03;Левітана;Glovo;1;1123.0;Отказ клиента
2026-06-03;Левітана;доставка;4;4063.0;Отказ клиента
2026-06-04;Лазарева;Glovo;1;974.0;Отказ клиента
2026-06-04;Лазарева;доставка;3;1412.0;Отказ клиента
2026-06-04;Лазарева;доставка;1;1251.0;Перенос на другую точку
2026-06-04;Лазарева;самовывоз;1;1379.0;Отказ клиента
2026-06-04;Левітана;доставка;7;6062.9;Отказ клиента
2026-06-05;Лазарева;Glovo;1;1540.0;Перенос на другую точку
2026-06-05;Лазарева;доставка;4;8652.0;Отказ клиента
2026-06-05;Левітана;Glovo;3;3139.0;Перенос на другую точку
2026-06-05;Левітана;доставка;4;6932.0;Отказ клиента
2026-06-05;Левітана;доставка;3;4517.0;Перенос на другую точку
2026-06-06;Лазарева;доставка;5;6147.0;Отказ клиента
2026-06-06;Лазарева;доставка;2;3136.0;Перенос на другую точку
2026-06-06;Левітана;Glovo;1;354.0;Отказ клиента
2026-06-06;Левітана;Glovo;2;2801.0;Перенос на другую точку
2026-06-06;Левітана;доставка;7;6884.6;Отказ клиента
2026-06-06;Левітана;самовывоз;1;678.0;Отказ клиента
2026-06-07;Лазарева;Glovo;1;669.0;Перенос на другую точку
2026-06-07;Лазарева;доставка;5;3836.0;Отказ клиента
2026-06-07;Лазарева;доставка;2;3619.0;Перенос на другую точку
2026-06-07;Левітана;Glovo;3;3729.0;Отказ клиента
2026-06-07;Левітана;Glovo;3;3242.0;Перенос на другую точку
2026-06-07;Левітана;доставка;6;5277.0;Отказ клиента
2026-06-07;Левітана;самовывоз;2;2137.0;Отказ клиента
2026-06-08;Лазарева;Glovo;1;852.0;Перенос на другую точку
2026-06-08;Лазарева;доставка;1;1533.0;Отказ клиента
2026-06-08;Лазарева;доставка;2;2225.0;Перенос на другую точку
2026-06-08;Левітана;Glovo;1;698.0;Отказ клиента
2026-06-08;Левітана;доставка;1;1220.0;Отказ клиента
2026-06-08;Левітана;самовывоз;1;395.0;Отказ клиента
2026-06-09;Лазарева;доставка;4;7666.0;Отказ клиента
2026-06-09;Лазарева;самовывоз;1;579.0;Отказ клиента
2026-06-09;Левітана;Glovo;1;404.0;Отказ клиента
2026-06-09;Левітана;доставка;4;5493.0;Отказ клиента
2026-06-09;Левітана;доставка;1;1554.0;Перенос на другую точку
2026-06-09;Левітана;самовывоз;1;783.0;Отказ клиента
2026-06-10;Лазарева;Glovo;1;454.0;Перенос на другую точку
2026-06-10;Левітана;Glovo;1;2260.0;Отказ клиента
2026-06-10;Левітана;доставка;1;740.0;Отказ клиента
2026-06-11;Лазарева;доставка;2;2036.0;Отказ клиента
2026-06-11;Левітана;Glovo;2;1963.0;Перенос на другую точку
2026-06-11;Левітана;доставка;4;5113.0;Отказ клиента
2026-06-11;Левітана;самовывоз;2;4287.0;Отказ клиента
2026-06-12;Лазарева;Glovo;2;1125.0;Перенос на другую точку
2026-06-12;Лазарева;доставка;8;7865.0;Отказ клиента
2026-06-12;Лазарева;доставка;1;1885.0;Перенос на другую точку
2026-06-12;Лазарева;самовывоз;2;2062.0;Отказ клиента
2026-06-12;Левітана;Glovo;2;1148.0;Отказ клиента
2026-06-12;Левітана;доставка;4;5189.0;Отказ клиента
2026-06-12;Левітана;доставка;1;2270.0;Перенос на другую точку
2026-06-12;Левітана;самовывоз;1;289.0;Отказ клиента
2026-06-13;Лазарева;доставка;3;1772.0;Отказ клиента
2026-06-13;Левітана;доставка;4;4640.0;Отказ клиента
2026-06-13;Левітана;доставка;1;1499.0;Перенос на другую точку
2026-06-13;Левітана;самовывоз;1;344.0;Отказ клиента
2026-06-14;Лазарева;Glovo;1;1537.0;Перенос на другую точку
2026-06-14;Лазарева;доставка;2;2679.0;Отказ клиента
2026-06-14;Лазарева;доставка;1;354.0;Перенос на другую точку
2026-06-14;Левітана;Glovo;2;1941.0;Перенос на другую точку
2026-06-14;Левітана;доставка;8;7257.0;Отказ клиента
2026-06-14;Левітана;доставка;2;1810.0;Перенос на другую точку
2026-06-15;Лазарева;доставка;3;3396.0;Отказ клиента
2026-06-15;Левітана;Glovo;1;757.3;Перенос на другую точку
2026-06-15;Левітана;доставка;2;2089.0;Отказ клиента
2026-06-16;Лазарева;доставка;1;1409.0;Отказ клиента
2026-06-16;Левітана;доставка;6;6614.0;Отказ клиента
2026-06-17;Лазарева;доставка;9;9391.0;Отказ клиента
2026-06-17;Лазарева;доставка;1;1556.0;Перенос на другую точку
2026-06-17;Левітана;доставка;3;3473.0;Отказ клиента
2026-06-17;Левітана;доставка;1;1924.0;Перенос на другую точку
2026-06-17;Левітана;самовывоз;1;723.0;Отказ клиента
2026-06-18;Лазарева;доставка;8;10660.0;Отказ клиента
2026-06-18;Лазарева;доставка;1;837.0;Перенос на другую точку
2026-06-18;Левітана;доставка;5;8492.0;Отказ клиента
2026-06-18;Левітана;доставка;2;1581.0;Перенос на другую точку
2026-06-18;Левітана;самовывоз;6;4972.0;Отказ клиента
2026-06-19;Лазарева;доставка;4;6093.0;Отказ клиента
2026-06-19;Левітана;Glovo;1;374.0;Отказ клиента
2026-06-19;Левітана;Glovo;1;1309.0;Перенос на другую точку
2026-06-19;Левітана;доставка;6;6468.0;Отказ клиента
2026-06-20;Лазарева;доставка;2;2691.0;Отказ клиента
2026-06-20;Левітана;Glovo;1;2408.0;Отказ клиента
2026-06-20;Левітана;Glovo;1;679.0;Перенос на другую точку
2026-06-20;Левітана;доставка;1;1204.0;Отказ клиента
2026-06-21;Лазарева;доставка;5;3298.0;Отказ клиента
2026-06-21;Лазарева;доставка;1;930.0;Перенос на другую точку
2026-06-21;Левітана;доставка;5;6239.0;Отказ клиента
2026-06-21;Левітана;самовывоз;1;821.0;Перенос на другую точку
2026-06-22;Лазарева;доставка;3;5814.0;Отказ клиента
2026-06-22;Лазарева;доставка;1;838.0;Перенос на другую точку
2026-06-22;Лазарева;самовывоз;1;679.0;Отказ клиента
2026-06-22;Левітана;доставка;5;7234.0;Отказ клиента
2026-06-22;Левітана;доставка;1;2514.0;Перенос на другую точку
2026-06-23;Лазарева;доставка;5;5730.0;Отказ клиента
2026-06-23;Лазарева;доставка;2;2606.0;Перенос на другую точку
2026-06-23;Левітана;доставка;5;4995.0;Отказ клиента
2026-06-24;Лазарева;Glovo;2;1062.0;Отказ клиента
2026-06-24;Лазарева;доставка;7;8726.0;Отказ клиента
2026-06-24;Левітана;доставка;4;6846.0;Отказ клиента
2026-06-25;Лазарева;доставка;9;11581.0;Отказ клиента
2026-06-25;Лазарева;доставка;2;2838.0;Перенос на другую точку
2026-06-25;Лазарева;самовывоз;2;3756.0;Отказ клиента
2026-06-25;Левітана;Glovo;1;1093.0;Отказ клиента
2026-06-25;Левітана;доставка;2;3971.0;Отказ клиента
2026-06-25;Левітана;доставка;1;1116.0;Перенос на другую точку
2026-06-26;Лазарева;доставка;5;5422.0;Отказ клиента
2026-06-26;Лазарева;доставка;2;1919.0;Перенос на другую точку
2026-06-26;Лазарева;самовывоз;1;354.0;Отказ клиента
2026-06-26;Левітана;Glovo;1;787.0;Отказ клиента
2026-06-26;Левітана;доставка;4;3633.0;Отказ клиента
2026-06-26;Левітана;самовывоз;1;947.0;Отказ клиента
2026-06-27;Лазарева;доставка;7;9233.0;Отказ клиента
2026-06-27;Лазарева;самовывоз;1;988.0;Отказ клиента
2026-06-27;Левітана;Glovo;1;806.0;Отказ клиента
2026-06-27;Левітана;доставка;7;16912.0;Отказ клиента
2026-06-27;Левітана;доставка;3;4206.0;Перенос на другую точку
2026-06-27;Левітана;самовывоз;1;711.0;Отказ клиента
2026-06-28;Лазарева;Glovo;2;1808.0;Перенос на другую точку
2026-06-28;Лазарева;доставка;6;7635.0;Отказ клиента
2026-06-28;Лазарева;доставка;1;790.0;Перенос на другую точку
2026-06-28;Левітана;Glovo;1;1419.0;Отказ клиента
2026-06-28;Левітана;доставка;16;24011.0;Отказ клиента
2026-06-29;Лазарева;Glovo;1;414.0;Отказ клиента
2026-06-29;Лазарева;доставка;3;2862.0;Отказ клиента
2026-06-29;Лазарева;доставка;1;1248.0;Перенос на другую точку
2026-06-29;Левітана;Glovo;1;1458.0;Отказ клиента
2026-06-29;Левітана;Glovo;1;1354.0;Перенос на другую точку
2026-06-29;Левітана;доставка;1;853.0;Перенос на другую точку
2026-06-30;Лазарева;доставка;7;5604.0;Отказ клиента
2026-06-30;Левітана;доставка;3;2224.0;Отказ клиента
2026-07-01;Лазарева;Glovo;1;1477.0;Перенос на другую точку
2026-07-01;Лазарева;доставка;1;1646.0;Отказ клиента
2026-07-01;Лазарева;самовывоз;1;808.0;Отказ клиента
2026-07-01;Левітана;Glovo;1;389.0;Перенос на другую точку
2026-07-01;Левітана;доставка;12;11785.0;Отказ клиента
2026-07-01;Левітана;доставка;1;1631.0;Перенос на другую точку
2026-07-01;Левітана;самовывоз;3;2474.0;Отказ клиента
2026-07-02;Лазарева;доставка;3;2234.0;Отказ клиента
2026-07-02;Лазарева;доставка;1;763.0;Перенос на другую точку
2026-07-02;Левітана;Glovo;2;733.0;Перенос на другую точку
2026-07-02;Левітана;доставка;3;3925.0;Отказ клиента
2026-07-03;Лазарева;Glovo;1;685.0;Отказ клиента
2026-07-03;Лазарева;Glovo;1;414.0;Перенос на другую точку
2026-07-03;Лазарева;доставка;10;10848.0;Отказ клиента
2026-07-03;Лазарева;доставка;2;2020.0;Перенос на другую точку
2026-07-03;Левітана;Glovo;1;1338.0;Отказ клиента
2026-07-03;Левітана;Glovo;1;1277.0;Перенос на другую точку
2026-07-03;Левітана;доставка;10;13720.0;Отказ клиента
2026-07-04;Лазарева;Glovo;1;699.0;Отказ клиента
2026-07-04;Лазарева;доставка;4;4539.0;Отказ клиента
2026-07-04;Лазарева;доставка;1;1875.0;Перенос на другую точку
2026-07-04;Левітана;Glovo;1;841.0;Отказ клиента
2026-07-04;Левітана;доставка;1;1084.0;Отказ клиента
2026-07-04;Левітана;доставка;1;1153.0;Перенос на другую точку
2026-07-05;Лазарева;Glovo;2;758.0;Перенос на другую точку
2026-07-05;Лазарева;доставка;6;8651.0;Отказ клиента
2026-07-05;Лазарева;доставка;1;1277.0;Перенос на другую точку
2026-07-05;Левітана;доставка;5;4983.0;Отказ клиента
2026-07-06;Лазарева;доставка;1;711.0;Отказ клиента
2026-07-06;Лазарева;самовывоз;3;1112.0;Отказ клиента
2026-07-06;Левітана;доставка;6;6647.0;Отказ клиента
2026-07-06;Левітана;самовывоз;2;2713.0;Отказ клиента
2026-07-06;Левітана;самовывоз;1;1888.0;Перенос на другую точку
2026-07-07;Лазарева;Glovo;3;3508.0;Перенос на другую точку
2026-07-07;Лазарева;доставка;7;10972.0;Отказ клиента
2026-07-07;Левітана;доставка;1;749.0;Отказ клиента
2026-07-08;Лазарева;Glovo;1;1054.0;Отказ клиента
2026-07-08;Лазарева;доставка;11;12851.0;Отказ клиента
2026-07-08;Левітана;Glovo;2;1373.0;Перенос на другую точку
2026-07-08;Левітана;доставка;11;19281.0;Отказ клиента
2026-07-09;Лазарева;Glovo;3;3506.0;Перенос на другую точку
2026-07-09;Лазарева;доставка;2;1994.0;Отказ клиента
2026-07-09;Лазарева;доставка;1;1751.0;Перенос на другую точку
2026-07-09;Левітана;Glovo;2;1376.0;Перенос на другую точку
2026-07-09;Левітана;доставка;1;1124.0;Отказ клиента
2026-07-09;Левітана;самовывоз;1;933.0;Отказ клиента
2026-07-10;Лазарева;Glovo;2;1430.0;Перенос на другую точку
2026-07-10;Лазарева;доставка;10;12986.0;Отказ клиента
2026-07-10;Левітана;Glovo;2;1491.0;Отказ клиента
2026-07-10;Левітана;доставка;11;9711.0;Отказ клиента
2026-07-11;Лазарева;Glovo;1;1101.0;Перенос на другую точку
2026-07-11;Лазарева;доставка;4;6298.0;Отказ клиента
2026-07-11;Левітана;доставка;4;7208.0;Отказ клиента
2026-07-11;Левітана;доставка;1;708.0;Перенос на другую точку
2026-07-12;Лазарева;доставка;4;4982.0;Отказ клиента
2026-07-12;Лазарева;доставка;1;2888.0;Перенос на другую точку
2026-07-12;Лазарева;самовывоз;1;329.0;Отказ клиента
2026-07-12;Левітана;Glovo;1;995.0;Отказ клиента
2026-07-12;Левітана;доставка;9;12551.0;Отказ клиента
2026-07-12;Левітана;доставка;2;3446.0;Перенос на другую точку
2026-07-13;Лазарева;Glovo;1;399.0;Отказ клиента
2026-07-13;Лазарева;Glovo;1;395.3;Перенос на другую точку
2026-07-13;Лазарева;доставка;3;4609.0;Отказ клиента
2026-07-13;Лазарева;доставка;2;1535.0;Перенос на другую точку
2026-07-13;Лазарева;самовывоз;1;399.0;Отказ клиента
2026-07-13;Левітана;доставка;11;11494.0;Отказ клиента
2026-07-14;Лазарева;Glovo;1;317.0;Отказ клиента
2026-07-14;Лазарева;Glovo;3;2846.0;Перенос на другую точку
2026-07-14;Лазарева;доставка;4;5199.0;Отказ клиента
2026-07-14;Лазарева;доставка;1;693.0;Перенос на другую точку
2026-07-14;Левітана;Glovo;1;633.0;Отказ клиента
2026-07-14;Левітана;доставка;4;6497.0;Отказ клиента
2026-07-15;Лазарева;Glovo;1;884.0;Отказ клиента
2026-07-15;Лазарева;доставка;1;799.0;Отказ клиента
2026-07-15;Левітана;Glovo;2;1821.0;Отказ клиента
2026-07-15;Левітана;доставка;5;6512.0;Отказ клиента
2026-07-16;Лазарева;Glovo;2;2322.0;Перенос на другую точку
2026-07-16;Лазарева;доставка;15;18412.0;Отказ клиента
2026-07-16;Левітана;Glovo;2;1476.0;Перенос на другую точку
2026-07-16;Левітана;доставка;6;7571.0;Отказ клиента
2026-07-16;Левітана;самовывоз;2;2282.0;Отказ клиента
2026-07-17;Лазарева;доставка;2;1612.0;Отказ клиента
2026-07-17;Лазарева;доставка;2;2778.0;Перенос на другую точку
2026-07-17;Лазарева;самовывоз;1;1051.0;Отказ клиента
2026-07-17;Левітана;доставка;8;10639.0;Отказ клиента
2026-07-17;Левітана;самовывоз;1;778.0;Отказ клиента
2026-07-18;Лазарева;доставка;1;2097.0;Отказ клиента
2026-07-18;Лазарева;самовывоз;1;1774.0;Отказ клиента
2026-07-18;Левітана;доставка;7;11485.0;Отказ клиента
2026-07-18;Левітана;доставка;1;1122.0;Перенос на другую точку
2026-07-18;Левітана;самовывоз;1;1614.0;Отказ клиента
2026-07-19;Лазарева;доставка;3;3452.0;Отказ клиента
2026-07-19;Лазарева;доставка;3;4908.0;Перенос на другую точку
2026-07-19;Левітана;Glovo;2;978.0;Отказ клиента
2026-07-19;Левітана;Glovo;1;1108.0;Перенос на другую точку
2026-07-19;Левітана;доставка;10;12153.0;Отказ клиента
2026-07-19;Левітана;самовывоз;1;749.0;Отказ клиента
2026-07-20;Лазарева;доставка;11;8780.0;Отказ клиента
2026-07-20;Лазарева;доставка;1;2698.0;Перенос на другую точку
2026-07-20;Лазарева;самовывоз;1;189.0;Отказ клиента
2026-07-20;Левітана;Glovo;1;1102.0;Отказ клиента
2026-07-20;Левітана;доставка;10;13474.0;Отказ клиента
2026-07-20;Левітана;самовывоз;3;2737.0;Отказ клиента
2026-07-21;Лазарева;доставка;5;5542.0;Отказ клиента
2026-07-21;Левітана;Glovo;1;319.0;Отказ клиента
2026-07-21;Левітана;доставка;12;16121.0;Отказ клиента
2026-07-22;Лазарева;доставка;12;17864.0;Отказ клиента
2026-07-22;Лазарева;доставка;1;664.0;Перенос на другую точку
2026-07-22;Левітана;Glovo;1;1084.0;Отказ клиента
2026-07-22;Левітана;Glovo;1;1571.0;Перенос на другую точку
2026-07-22;Левітана;доставка;12;17240.0;Отказ клиента
2026-07-22;Левітана;доставка;2;2238.0;Перенос на другую точку
2026-07-22;Левітана;самовывоз;1;749.0;Отказ клиента
2026-07-23;Лазарева;Glovo;3;2847.0;Перенос на другую точку
2026-07-23;Лазарева;доставка;7;8449.0;Отказ клиента
2026-07-23;Левітана;самовывоз;1;699.0;Отказ клиента
2026-07-24;Лазарева;доставка;3;1939.0;Отказ клиента
2026-07-24;Лазарева;доставка;1;1249.0;Перенос на другую точку
2026-07-24;Левітана;доставка;6;4356.0;Отказ клиента
2026-07-25;Лазарева;Glovo;1;2225.0;Перенос на другую точку
2026-07-25;Лазарева;доставка;8;8426.0;Отказ клиента
2026-07-25;Лазарева;доставка;2;3387.0;Перенос на другую точку
2026-07-25;Лазарева;самовывоз;1;1203.0;Отказ клиента
2026-07-25;Левітана;доставка;6;6497.0;Отказ клиента
2026-07-25;Левітана;доставка;1;1435.0;Перенос на другую точку
2026-07-26;Лазарева;доставка;3;2070.0;Отказ клиента
2026-07-26;Лазарева;доставка;2;3316.0;Перенос на другую точку
2026-07-26;Левітана;Glovo;1;509.0;Отказ клиента
2026-07-26;Левітана;доставка;5;5150.0;Отказ клиента
2026-07-27;Лазарева;доставка;3;4175.0;Отказ клиента
2026-07-27;Левітана;Glovo;1;1625.0;Перенос на другую точку
2026-07-27;Левітана;доставка;3;5516.0;Отказ клиента
2026-07-27;Левітана;доставка;1;3471.0;Перенос на другую точку
2026-07-28;Лазарева;Glovo;1;433.0;Отказ клиента
2026-07-28;Лазарева;Glovo;2;1282.0;Перенос на другую точку
2026-07-28;Лазарева;доставка;4;2524.0;Отказ клиента
2026-07-28;Лазарева;доставка;1;394.0;Перенос на другую точку
2026-07-28;Левітана;доставка;2;3540.0;Отказ клиента
2026-07-29;Лазарева;Glovo;1;1134.0;Отказ клиента
2026-07-29;Лазарева;доставка;3;5801.0;Отказ клиента
2026-07-29;Лазарева;доставка;1;893.0;Перенос на другую точку
2026-07-29;Левітана;доставка;6;10923.0;Отказ клиента
2026-07-29;Левітана;доставка;3;3230.0;Перенос на другую точку
2026-07-29;Левітана;самовывоз;1;1549.0;Отказ клиента
2026-07-30;Лазарева;доставка;4;4629.0;Отказ клиента
2026-07-30;Лазарева;доставка;1;933.0;Перенос на другую точку
2026-07-30;Левітана;Glovo;1;1029.0;Отказ клиента
2026-07-30;Левітана;доставка;3;3279.0;Отказ клиента
2026-07-31;Лазарева;Glovo;1;389.0;Перенос на другую точку
2026-07-31;Лазарева;доставка;2;1866.0;Отказ клиента
2026-07-31;Лазарева;доставка;1;1152.0;Перенос на другую точку
2026-07-31;Левітана;Glovo;1;1222.0;Отказ клиента
2026-07-31;Левітана;доставка;4;5049.0;Отказ клиента
2026-07-31;Левітана;доставка;1;2233.0;Перенос на другую точку
2026-07-31;Левітана;самовывоз;1;1153.0;Перенос на другую точку
2026-08-01;Лазарева;Glovo;1;813.0;Перенос на другую точку
2026-08-01;Лазарева;доставка;6;7970.0;Отказ клиента
2026-08-01;Левітана;доставка;2;3138.0;Отказ клиента
2026-08-01;Левітана;доставка;2;3253.0;Перенос на другую точку
2026-08-01;Левітана;самовывоз;1;2651.0;Отказ клиента
2026-08-02;Лазарева;Glovo;1;1157.0;Перенос на другую точку
2026-08-02;Лазарева;доставка;9;11062.0;Отказ клиента
2026-08-02;Лазарева;доставка;1;1008.0;Перенос на другую точку
2026-08-02;Левітана;доставка;1;1032.0;Отказ клиента
2026-08-02;Левітана;доставка;1;1841.0;Перенос на другую точку
2026-08-03;Лазарева;Glovo;1;1077.0;Перенос на другую точку
2026-08-03;Лазарева;доставка;6;5678.0;Отказ клиента
2026-08-03;Левітана;доставка;8;10214.0;Отказ клиента
2026-08-04;Лазарева;Glovo;1;1243.0;Перенос на другую точку
2026-08-04;Лазарева;доставка;6;9700.0;Отказ клиента
2026-08-04;Левітана;Glovo;1;1368.0;Отказ клиента
2026-08-04;Левітана;доставка;1;1237.0;Отказ клиента
2026-08-05;Лазарева;Glovo;2;1420.0;Отказ клиента
2026-08-05;Лазарева;Glovo;1;1133.0;Перенос на другую точку
2026-08-05;Лазарева;доставка;4;3897.0;Отказ клиента
2026-08-05;Левітана;Glovo;2;1910.0;Отказ клиента
2026-08-05;Левітана;доставка;3;5508.0;Отказ клиента
2026-08-06;Лазарева;доставка;8;8950.0;Отказ клиента
2026-08-06;Лазарева;самовывоз;1;59.0;Отказ клиента
2026-08-06;Левітана;доставка;4;5950.0;Отказ клиента
2026-08-06;Левітана;доставка;1;404.0;Перенос на другую точку
2026-08-06;Левітана;самовывоз;1;693.0;Отказ клиента
2026-08-07;Лазарева;доставка;7;11588.0;Отказ клиента
2026-08-07;Лазарева;доставка;1;1395.0;Перенос на другую точку
2026-08-07;Лазарева;самовывоз;2;261.0;Отказ клиента
2026-08-07;Левітана;доставка;5;8391.0;Отказ клиента
2026-08-08;Лазарева;доставка;6;5657.0;Отказ клиента
2026-08-08;Лазарева;доставка;1;1892.0;Перенос на другую точку
2026-08-08;Левітана;доставка;30;35987.0;Отказ клиента
2026-08-08;Левітана;самовывоз;8;11844.0;Отказ клиента
2026-08-09;Лазарева;Glovo;2;1817.0;Перенос на другую точку
2026-08-09;Лазарева;доставка;5;6484.0;Отказ клиента
2026-08-09;Лазарева;доставка;1;1172.0;Перенос на другую точку
2026-08-09;Лазарева;самовывоз;1;1575.0;Отказ клиента
2026-08-09;Левітана;Glovo;1;1551.0;Отказ клиента
2026-08-09;Левітана;Glovo;1;1094.0;Перенос на другую точку
2026-08-09;Левітана;доставка;8;12890.0;Отказ клиента
2026-08-09;Левітана;доставка;1;913.0;Перенос на другую точку
2026-08-10;Лазарева;Glovo;1;823.0;Отказ клиента
2026-08-10;Лазарева;Glovo;1;394.0;Перенос на другую точку
2026-08-10;Лазарева;доставка;9;10293.0;Отказ клиента
2026-08-10;Лазарева;доставка;2;6433.0;Перенос на другую точку
2026-08-10;Левітана;Glovo;1;464.0;Перенос на другую точку
2026-08-10;Левітана;доставка;9;10519.0;Отказ клиента
2026-08-11;Лазарева;доставка;7;10549.0;Отказ клиента
2026-08-11;Лазарева;доставка;1;1688.0;Перенос на другую точку
2026-08-11;Левітана;доставка;2;1561.0;Отказ клиента
2026-08-12;Лазарева;Glovo;2;2943.0;Перенос на другую точку
2026-08-12;Лазарева;доставка;8;6146.0;Отказ клиента
2026-08-12;Левітана;Glovo;1;2378.0;Перенос на другую точку
2026-08-12;Левітана;доставка;10;19167.0;Отказ клиента
2026-08-12;Левітана;самовывоз;1;2020.0;Отказ клиента
2026-08-13;Лазарева;доставка;1;1426.0;Отказ клиента
2026-08-13;Левітана;доставка;4;4989.0;Отказ клиента
2026-08-14;Лазарева;доставка;9;12196.0;Отказ клиента
2026-08-14;Левітана;Glovo;1;1616.0;Отказ клиента
2026-08-14;Левітана;доставка;8;10993.0;Отказ клиента
2026-08-14;Левітана;самовывоз;3;2515.0;Отказ клиента
2026-08-15;Лазарева;Glovo;1;1596.0;Перенос на другую точку
2026-08-15;Лазарева;доставка;12;12728.0;Отказ клиента
2026-08-15;Левітана;Glovo;2;2496.0;Перенос на другую точку
2026-08-15;Левітана;доставка;4;7822.0;Отказ клиента
2026-08-16;Лазарева;Glovo;2;1197.0;Перенос на другую точку
2026-08-16;Лазарева;доставка;2;3087.0;Отказ клиента
2026-08-16;Лазарева;доставка;1;758.0;Перенос на другую точку
2026-08-16;Левітана;доставка;5;8771.0;Отказ клиента
2026-08-16;Левітана;самовывоз;1;709.0;Отказ клиента
2026-08-17;Лазарева;доставка;4;5495.0;Отказ клиента
2026-08-17;Лазарева;доставка;1;1083.0;Перенос на другую точку
2026-08-17;Лазарева;самовывоз;1;2163.0;Отказ клиента
2026-08-17;Левітана;доставка;2;3043.0;Отказ клиента
2026-08-18;Лазарева;Glovo;2;1819.0;Отказ клиента
2026-08-18;Лазарева;доставка;4;4970.0;Отказ клиента
2026-08-18;Лазарева;доставка;2;3366.0;Перенос на другую точку
2026-08-18;Левітана;доставка;5;5660.0;Отказ клиента
2026-08-19;Лазарева;Glovo;4;4517.0;Перенос на другую точку
2026-08-19;Лазарева;доставка;3;8789.0;Отказ клиента
2026-08-19;Лазарева;доставка;1;1854.0;Перенос на другую точку
2026-08-19;Левітана;Glovo;1;1185.0;Перенос на другую точку
2026-08-19;Левітана;доставка;8;20872.0;Отказ клиента
2026-08-19;Левітана;самовывоз;1;2826.0;Отказ клиента
2026-08-20;Лазарева;доставка;4;7304.0;Отказ клиента
2026-08-20;Лазарева;доставка;2;3999.0;Перенос на другую точку
2026-08-20;Левітана;Glovo;2;3714.0;Перенос на другую точку
2026-08-20;Левітана;доставка;1;1759.0;Отказ клиента
2026-08-21;Лазарева;доставка;1;364.0;Отказ клиента
2026-08-21;Лазарева;доставка;1;2024.0;Перенос на другую точку
2026-08-21;Левітана;Glovo;2;1768.0;Перенос на другую точку
2026-08-21;Левітана;доставка;10;14641.0;Отказ клиента
2026-08-21;Левітана;доставка;1;1743.0;Перенос на другую точку
2026-08-22;Лазарева;Glovo;1;1297.0;Отказ клиента
2026-08-22;Лазарева;Glovo;1;974.0;Перенос на другую точку
2026-08-22;Лазарева;доставка;4;6365.0;Отказ клиента
2026-08-22;Левітана;Glovo;1;1386.0;Перенос на другую точку
2026-08-22;Левітана;доставка;3;3394.0;Отказ клиента
2026-08-22;Левітана;самовывоз;1;1371.0;Отказ клиента
2026-08-23;Лазарева;доставка;5;6169.0;Отказ клиента
2026-08-23;Левітана;доставка;5;11599.0;Отказ клиента
2026-08-24;Лазарева;Glovo;1;793.0;Отказ клиента
2026-08-24;Лазарева;Glovo;3;2299.0;Перенос на другую точку
2026-08-24;Лазарева;доставка;4;4716.0;Отказ клиента
2026-08-24;Лазарева;самовывоз;2;4105.0;Отказ клиента
2026-08-24;Левітана;доставка;9;14387.0;Отказ клиента
2026-08-25;Лазарева;Glovo;2;1362.0;Отказ клиента
2026-08-25;Лазарева;Glovo;1;437.0;Перенос на другую точку
2026-08-25;Лазарева;доставка;1;757.0;Отказ клиента
2026-08-25;Левітана;Glovo;1;1930.0;Отказ клиента
2026-08-25;Левітана;доставка;16;17246.0;Отказ клиента
2026-08-25;Левітана;доставка;1;1166.0;Перенос на другую точку
2026-08-25;Левітана;самовывоз;1;1169.0;Отказ клиента
2026-08-26;Лазарева;доставка;3;1910.0;Отказ клиента
2026-08-26;Лазарева;самовывоз;2;5602.0;Отказ клиента
2026-08-26;Левітана;Glovo;1;399.0;Отказ клиента
2026-08-26;Левітана;доставка;2;955.0;Отказ клиента
2026-08-26;Левітана;доставка;1;504.0;Перенос на другую точку
2026-08-27;Лазарева;Glovo;1;819.0;Отказ клиента
2026-08-27;Лазарева;доставка;8;11957.0;Отказ клиента
2026-08-27;Лазарева;самовывоз;1;706.0;Отказ клиента
2026-08-27;Лазарева;самовывоз;2;1993.0;Перенос на другую точку
2026-08-27;Левітана;Glovo;1;819.0;Перенос на другую точку
2026-08-27;Левітана;доставка;4;6139.0;Отказ клиента
2026-08-27;Левітана;доставка;1;444.0;Перенос на другую точку
2026-08-27;Левітана;самовывоз;1;272.0;Отказ клиента
2026-08-28;Лазарева;доставка;4;4394.0;Отказ клиента
2026-08-28;Лазарева;самовывоз;1;6014.0;Отказ клиента
2026-08-28;Левітана;Glovo;2;2031.0;Отказ клиента
2026-08-28;Левітана;доставка;2;2671.0;Отказ клиента
2026-08-28;Левітана;доставка;2;2098.0;Перенос на другую точку
2026-08-28;Левітана;самовывоз;1;1169.0;Отказ клиента
2026-08-29;Лазарева;Glovo;1;1205.0;Перенос на другую точку
2026-08-29;Лазарева;доставка;1;568.0;Отказ клиента
2026-08-29;Лазарева;доставка;1;1422.0;Перенос на другую точку
2026-08-29;Левітана;Glovo;1;793.0;Отказ клиента
2026-08-29;Левітана;доставка;2;3903.0;Отказ клиента
2026-08-30;Лазарева;Glovo;1;1329.0;Перенос на другую точку
2026-08-30;Лазарева;доставка;3;3579.0;Отказ клиента
2026-08-30;Лазарева;доставка;2;1647.0;Перенос на другую точку
2026-08-30;Левітана;Glovo;1;1329.0;Отказ клиента
2026-08-30;Левітана;доставка;3;3744.0;Отказ клиента
2026-08-31;Лазарева;Glovo;1;1082.0;Отказ клиента
2026-08-31;Лазарева;доставка;4;9150.0;Отказ клиента
2026-09-01;Лазарева;доставка;7;10951.0;Отказ клиента
2026-09-01;Лазарева;самовывоз;1;729.0;Отказ клиента
2026-09-01;Левітана;Glovo;1;725.0;Отказ клиента
2026-09-01;Левітана;Glovo;1;779.0;Перенос на другую точку
2026-09-01;Левітана;доставка;10;11678.0;Отказ клиента
2026-09-01;Левітана;доставка;1;499.0;Перенос на другую точку
2026-09-02;Лазарева;доставка;16;18282.0;Отказ клиента
2026-09-02;Лазарева;доставка;2;4000.0;Перенос на другую точку
2026-09-02;Левітана;Glovo;1;856.0;Отказ клиента
2026-09-02;Левітана;доставка;12;15092.0;Отказ клиента
2026-09-02;Левітана;доставка;1;464.0;Перенос на другую точку
2026-09-03;Лазарева;доставка;8;11742.0;Отказ клиента
2026-09-03;Левітана;Glovo;1;409.0;Отказ клиента
2026-09-03;Левітана;Glovo;3;2393.0;Перенос на другую точку
2026-09-03;Левітана;доставка;14;18600.0;Отказ клиента
2026-09-03;Левітана;самовывоз;4;5811.0;Отказ клиента
2026-09-04;Лазарева;доставка;7;8316.0;Отказ клиента
2026-09-04;Левітана;Glovo;1;1077.0;Отказ клиента
2026-09-04;Левітана;Glovo;1;454.0;Перенос на другую точку
2026-09-04;Левітана;доставка;2;2129.0;Отказ клиента
2026-09-04;Левітана;доставка;1;504.0;Перенос на другую точку
2026-09-05;Лазарева;доставка;7;9588.0;Отказ клиента
2026-09-05;Лазарева;доставка;2;2804.0;Перенос на другую точку
2026-09-05;Левітана;доставка;4;3632.0;Отказ клиента
2026-09-05;Левітана;доставка;1;2851.0;Перенос на другую точку
2026-09-05;Левітана;самовывоз;1;1371.0;Отказ клиента
2026-09-06;Лазарева;доставка;3;1656.0;Отказ клиента
2026-09-06;Лазарева;доставка;2;1965.0;Перенос на другую точку
2026-09-06;Левітана;доставка;2;2064.0;Отказ клиента
2026-09-06;Левітана;доставка;1;464.0;Перенос на другую точку
2026-09-07;Лазарева;доставка;8;10072.0;Отказ клиента
2026-09-07;Левітана;Glovo;1;408.0;Отказ клиента
2026-09-07;Левітана;доставка;3;4701.0;Отказ клиента
2026-09-07;Левітана;доставка;1;1345.0;Перенос на другую точку
2026-09-08;Лазарева;доставка;7;7434.0;Отказ клиента
2026-09-08;Левітана;доставка;3;9990.0;Отказ клиента
2026-09-08;Левітана;доставка;1;503.0;Перенос на другую точку
2026-09-08;Левітана;самовывоз;1;1178.0;Отказ клиента
2026-09-09;Лазарева;доставка;3;4298.0;Отказ клиента
2026-09-09;Лазарева;доставка;1;1684.0;Перенос на другую точку
2026-09-09;Лазарева;самовывоз;1;729.0;Отказ клиента
2026-09-09;Левітана;доставка;1;945.0;Отказ клиента
2026-09-09;Левітана;доставка;3;3881.0;Перенос на другую точку
2026-09-10;Лазарева;Glovo;1;2147.0;Перенос на другую точку
2026-09-10;Лазарева;доставка;4;4878.0;Отказ клиента
2026-09-10;Левітана;Glovo;3;2546.0;Перенос на другую точку
2026-09-10;Левітана;доставка;6;6653.0;Отказ клиента
