месяц;точка;блюдо;артикул;категория;продано_шт;выручка
2025-01;Лазарева;.Гарного дня!;00944;Б_Прочие позиции;1482;0
2025-01;Лазарева;Cappiroll;00583;Б_Каппи_Роллы;58;21468.6
2025-01;Лазарева;Cappizza;02173;Б_Каппи_Пицца;46;13378.8
2025-01;Лазарева;G Антикризовий сет;02932;Б_Акції Глово;16;9584
2025-01;Лазарева;G Доставка;00984;Б_Каппи_Glovo;323;16129.1
2025-01;Лазарева;G Ебі сет;02936;Б_Акції Глово;2;2390
2025-01;Лазарева;G Лосось в темпурі;02763;Б_Акції Глово;6;1350
2025-01;Лазарева;G Пікантний краб;02933;Б_Акції Глово;6;1530
2025-01;Лазарева;G Рис з лососем та зеленою цибулею;02761;Б_Акції Глово;11;2585
2025-01;Лазарева;G Рол Курортний;02934;Б_Акції Глово;1;235
2025-01;Лазарева;G Салмон в бонито ;02884;Б_Акції Глово;2;458
2025-01;Лазарева;G Теплий сет;02883;Б_Акції Глово;10;7950
2025-01;Лазарева;GC_Доставка 0 грн;02503;Б_Глово_Модификаторы;12;0
2025-01;Лазарева;L`amour Сет;01729;Б_Каппи_Сет;18;18286.2
2025-01;Лазарева;Party-комбо ( Pepsi Cola з/б 0,33л -1шт та  Pepsi Cola Max з/б 0,33л - 1шт;02708;Б_Каппи_Акции;2;2190
2025-01;Лазарева;Rich 1 л. Апельсин;00352;Б_Общее_Напитки;9;937
2025-01;Лазарева;Rich 1 л. Экзотик;00172;Б_Общее_Напитки;2;210
2025-01;Лазарева;Rich 1 л. Яблуко;00415;Б_Общее_Напитки;5;516.1
2025-01;Лазарева;Імператор;00892;Б_Каппи_Роллы;22;9891.1
2025-01;Лазарева;Інь-Янь рол;01807;Б_Каппи_Роллы;12;4105.4
2025-01;Лазарева;Аляска;00513;Б_Каппи_Премиум ролл;14;5383
2025-01;Лазарева;Аморе;02781;Б_Каппи_Роллы;23;7728.6
2025-01;Лазарева;Антикризовий сет;00578;Б_Каппи_Сет;44;25646.1
2025-01;Лазарева;Банзай ;00528;Б_Каппи_Темпура ролл;174;57866.3
2025-01;Лазарева;Бао бургер з крабом;02966;Б_Каппи_БАО;9;2280
2025-01;Лазарева;Бао бургер з креветкою;02967;Б_Каппи_БАО;10;3397.2
2025-01;Лазарева;Бао бургер з лососем;02968;Б_Каппи_БАО;9;2588
2025-01;Лазарева;Без приборів!;01593;Б_Прочие позиции;56;0
2025-01;Лазарева;Боніто з лососем;00154;Б_Каппи_Роллы;17;4273.1
2025-01;Лазарева;Боніто з тунцем;00512;Б_Каппи_Роллы;9;2421.8
2025-01;Лазарева;Боул Дабл Фіш;01886;Б_Каппи_Боул;21;7698.7
2025-01;Лазарева;Боул Філадельфія;01887;Б_Каппи_Боул;20;6641.2
2025-01;Лазарева;Боул з Куркою;01891;Б_Каппи_Боул;13;3163.8
2025-01;Лазарева;Боул з Лососем;01890;Б_Каппи_Боул;15;5388.7
2025-01;Лазарева;Вершкова креветка;00775;Б_Каппи_Роллы;51;18049.6
2025-01;Лазарева;Веселка;00509;Б_Каппи_Роллы;68;25126.9
2025-01;Лазарева;Весняний Сет;01844;Б_Каппи_Сет;16;14486.4
2025-01;Лазарева;Вишуканий дует;02989;Б_Каппи_Акции;2;1115.5
2025-01;Лазарева;Вугор сет;02711;Б_Каппи_Сет;5;5275
2025-01;Лазарева;Вулкан Фудзіяма;02835;Б_Каппи_Роллы;1;355
2025-01;Лазарева;Вулкан з креветкою;02799;Б_Каппи_Роллы;31;8632
2025-01;Лазарева;Д Імбир Cappi 30 гр.;01049;Б_Каппи_Добавки;124;1462.3
2025-01;Лазарева;Д Васабі Cappi 7,5 гр.;01050;Б_Каппи_Добавки;132;1159.8
2025-01;Лазарева;Д Моцарела 100гКЦ;02920;Б_Каппи_Добавки;3;131.2
2025-01;Лазарева;Д Набір Cappi (додатковий);01038;Б_Каппи_Добавки;1;25.1
2025-01;Лазарева;Д Набір №1 (Соев.-1шт.,Імб.-1шт.,Вас.-1шт.);01916;Б_Каппи_Добавки;260;0
2025-01;Лазарева;Д Набір №2 (Соев.-2шт.,Імб.-1шт.,Вас.-1шт.);01917;Б_Каппи_Добавки;299;0
2025-01;Лазарева;Д Набір №3 (Соев.-3шт.,Імб.-2шт.,Вас.-1шт.);01918;Б_Каппи_Добавки;351;0
2025-01;Лазарева;Д Набір №4 (Соев.-4шт.,Імб.-2шт.,Вас.-2шт.);01919;Б_Каппи_Добавки;399;0
2025-01;Лазарева;Д Соус Барбекю;00501;Б_Каппи_Добавки;18;448.6
2025-01;Лазарева;Д Соус Часниковий;01323;Б_Каппи_Добавки;39;968.2
2025-01;Лазарева;Д Соус горіховий 20 гр.;00729;Б_Каппи_Добавки;14;387.7
2025-01;Лазарева;Д Соус соєвий Cappi 50 гр.;00695;Б_Каппи_Добавки;79;697
2025-01;Лазарева;Д Соус унагі 20 гр.;00728;Б_Каппи_Добавки;21;506.7
2025-01;Лазарева;Д Спайсі соус 10 гр.;02929;Б_Каппи_Добавки;7;70
2025-01;Лазарева;Дабл Тартар;02780;Б_Каппи_Роллы;33;11707
2025-01;Лазарева;Джаз;01109;Б_Каппи_Роллы;25;5437.3
2025-01;Лазарева;Дзен сет;01128;Б_Каппи_Сет;36;31929.8
2025-01;Лазарева;Доставка (зелена);00829;Б_Прочие позиции;20;739.9
2025-01;Лазарева;Доставка (помаранчева);01235;Б_Прочие позиции;20;917.7
2025-01;Лазарева;Доставка (синя);01051;Б_Прочие позиции;8;444.4
2025-01;Лазарева;Дружня парочка;00552;Б_Каппи_Акции;4;1683.6
2025-01;Лазарева;Ебі Грін;01790;Б_Каппи_Роллы;11;3154.6
2025-01;Лазарева;Ебі сет;02710;Б_Каппи_Сет;38;44386.6
2025-01;Лазарева;Екстра туна;02922;Б_Каппи_Премиум ролл;4;1691.1
2025-01;Лазарева;Зелений Дракон;00156;Б_Каппи_Роллы;20;7309.1
2025-01;Лазарева;Йоші рол;02776;Б_Каппи_Роллы;10;3451.2
2025-01;Лазарева;Каліфорнія ;00774;Б_Каппи_Роллы;30;9660
2025-01;Лазарева;Каліфорнія Мікс;00653;Б_Каппи_Роллы;17;6646.8
2025-01;Лазарева;Каліфорнія з креветкою;00654;Б_Каппи_Роллы;28;9244
2025-01;Лазарева;Камертон;00960;Б_Каппи_Роллы;19;6819.4
2025-01;Лазарева;Капричоза;02866;Б_Каппи_Пицца;18;4487.8
2025-01;Лазарева;Класика вдвох;02988;Б_Каппи_Акции;8;3953.9
2025-01;Лазарева;Кока-кола 0,75 л.;01731;Б_Общее_Напитки;55;3147.3
2025-01;Лазарева;Кока-кола жб 0,33 л.;01736;Б_Общее_Напитки;43;2335.7
2025-01;Лазарева;Кока-кола зеро жб 0,33 л.;01740;Б_Общее_Напитки;41;2243
2025-01;Лазарева;Комбо #1;02178;Б_Каппи_Акции;1;1195
2025-01;Лазарева;Комбо #2;02179;Б_Каппи_Акции;2;2130
2025-01;Лазарева;Комбо #3;02180;Б_Каппи_Акции;2;1980
2025-01;Лазарева;"Комбуча ""Бадьорий""";02896;Б_Общее_Напитки;11;1024.6
2025-01;Лазарева;"Комбуча ""Дивовижний""";02897;Б_Общее_Напитки;5;458.7
2025-01;Лазарева;"Комбуча ""Манливий""";02898;Б_Общее_Напитки;15;1393.1
2025-01;Лазарева;Компенсація за негоду;02771;;16;310.7
2025-01;Лазарева;Креветка в кунжуті;00511;Б_Каппи_Роллы;48;13749.4
2025-01;Лазарева;Креветка в темпурі;00533;Б_Каппи_Темпура ролл;126;33440
2025-01;Лазарева;Курка в Кисло-солодкому;01825;Б_Каппи_WOK;24;5619.2
2025-01;Лазарева;Курортний;02169;Б_Каппи_Роллы;48;2508.3
2025-01;Лазарева;Лимонад 0,5 л.;02057;Б_Общее_Напитки;30;2198.6
2025-01;Лазарева;Листівка до ДН;02061;Б_Прочие позиции;2;0
2025-01;Лазарева;Логістичний збір;02770;;1009;22509.4
2025-01;Лазарева;Лосось Пад Тай;02116;Б_Каппи_Роллы;21;6753
2025-01;Лазарева;Лосось в темпурі;00534;Б_Каппи_Темпура ролл;72;15595.9
2025-01;Лазарева;Лосось сет;00517;Б_Каппи_Сет;46;43268.3
2025-01;Лазарева;М Авокадо 20 г;02133;Б_Каппи_Модификаторы;2;78
2025-01;Лазарева;М Балик 100 г;01204;Б_Каппи_Модификаторы;10;448.1
2025-01;Лазарева;М Вершковий сир 20 г;02126;Б_Каппи_Модификаторы;1;19.2
2025-01;Лазарева;М Вугор 20 г;02125;Б_Каппи_Модификаторы;1;40.6
2025-01;Лазарева;М Горіховий соус 20 г;01651;Б_Каппи_Модификаторы;4;107.2
2025-01;Лазарева;М Гриби 50 г;01194;Б_Каппи_Модификаторы;20;351.8
2025-01;Лазарева;М Кальмар 20 г;02136;Б_Каппи_Модификаторы;8;280
2025-01;Лазарева;М Креветка 2 шт.;02123;Б_Каппи_Модификаторы;1;46.3
2025-01;Лазарева;М Креветка 2 шт.;02135;Б_Каппи_Модификаторы;13;635.8
2025-01;Лазарева;М Курка 20 г;02131;Б_Каппи_Модификаторы;12;287.1
2025-01;Лазарева;М Куряче філе 60 г;01195;Б_Каппи_Модификаторы;14;514.5
2025-01;Лазарева;М Маслини 20 г;01196;Б_Каппи_Модификаторы;10;141.6
2025-01;Лазарева;М Моцарела 100 г;01201;Б_Каппи_Модификаторы;5;245
2025-01;Лазарева;М Мідії 20 г;02137;Б_Каппи_Модификаторы;6;210
2025-01;Лазарева;М Огірок 20 г;02132;Б_Каппи_Модификаторы;2;30
2025-01;Лазарева;М Пармезан 20 г;01193;Б_Каппи_Модификаторы;15;511.8
2025-01;Лазарева;М Пепероні 50 г;01200;Б_Каппи_Модификаторы;3;195
2025-01;Лазарева;М Перець болгарський 40 г;01197;Б_Каппи_Модификаторы;3;75
2025-01;Лазарева;М Помідори 40 г;01199;Б_Каппи_Модификаторы;7;170
2025-01;Лазарева;М Соус Барбекю 1 шт.;01202;Б_Каппи_Модификаторы;1;25
2025-01;Лазарева;М Соус Пад Тай 10 г;02127;Б_Каппи_Модификаторы;8;80
2025-01;Лазарева;М Соус Соєвий порц.;02728;Б_Каппи_Модификаторы;15;130.5
2025-01;Лазарева;М Соус Теріякі 10 г;02130;Б_Каппи_Модификаторы;13;123.8
2025-01;Лазарева;М Соус Унагі 20 г;01650;Б_Каппи_Модификаторы;11;272.4
2025-01;Лазарева;М Соус Часниковий 1 шт.;01648;Б_Каппи_Модификаторы;8;197.2
2025-01;Лазарева;М Соус Шірачі 5 г;02129;Б_Каппи_Модификаторы;5;47.2
2025-01;Лазарева;М Спайсі соус 10 г;02128;Б_Каппи_Модификаторы;13;129.6
2025-01;Лазарева;М Халапеньйо 15 г;01198;Б_Каппи_Модификаторы;7;139
2025-01;Лазарева;Макі Вугор;00161;Б_Каппи_Роллы;14;2942
2025-01;Лазарева;Макі Лосось;00159;Б_Каппи_Роллы;28;5061.4
2025-01;Лазарева;Макі Огірок ;00506;Б_Каппи_Роллы;15;1395.6
2025-01;Лазарева;Макі Сирний;00504;Б_Каппи_Роллы;18;1488.9
2025-01;Лазарева;Макі Чука ;00507;Б_Каппи_Роллы;24;2739.8
2025-01;Лазарева;Мандаринова креветка;02630;Б_Каппи_Роллы;12;3942.1
2025-01;Лазарева;Монако;00636;Б_Каппи_Роллы;9;3730.9
2025-01;Лазарева;Морс Ягідний 0,5 л.;02697;Б_Общее_Напитки;61;3521.9
2025-01;Лазарева;Моршинська без газу 0,5 л.;00585;Б_Общее_Напитки;17;765
2025-01;Лазарева;Моршинська слаб.газ. 0,5 л.;00584;Б_Общее_Напитки;1;45
2025-01;Лазарева;Мочі Ананас-Білий шоколад;02620;Т_Десерты;9;1090
2025-01;Лазарева;Мочі Диня - Дор Блю;02869;Т_Десерты;15;1797
2025-01;Лазарева;Мочі Полуниця;02618;Т_Десерты;20;2440.6
2025-01;Лазарева;Мочі малина;02026;Т_Десерты;20;2421.7
2025-01;Лазарева;Мідія в темпурі;02167;Б_Каппи_Темпура ролл;6;1958.6
2025-01;Лазарева;Місо з тофу;00708;Б_Каппи_Супы;9;1575
2025-01;Лазарева;Навчальні палички;01021;Б_Прочие позиции;33;163.8
2025-01;Лазарева;Нью-Йорк ;02915;Б_Каппи_Роллы;54;23786
2025-01;Лазарева;Одеський сет;02170;Б_Каппи_Сет;16;12720
2025-01;Лазарева;Ойши сет;02819;Б_Каппи_Сет;11;10927.2
2025-01;Лазарева;Онлайн оплата;02940;;476;0
2025-01;Лазарева;Опен-фуд;02927;;4.7;3.8
2025-01;Лазарева;Осака;00589;Б_Каппи_Роллы;21;6431
2025-01;Лазарева;Париж;00657;Б_Каппи_Роллы;22;9435
2025-01;Лазарева;Преміум Креветка;00652;Б_Каппи_Роллы;22;9224.9
2025-01;Лазарева;Преміум сет;00658;Б_Каппи_Сет;10;16350
2025-01;Лазарева;Пікантний краб;00531;Б_Каппи_Темпура ролл;18;4278.2
2025-01;Лазарева;Пікантний лосось ;00532;Б_Каппи_Темпура ролл;34;8869.9
2025-01;Лазарева;Піца 4 сезони;02101;Б_Каппи_Пицца;9;3011.5
2025-01;Лазарева;Піца 4 сири;02118;Б_Каппи_Пицца;51;16574.2
2025-01;Лазарева;Піца Амерікано;02111;Б_Каппи_Пицца;21;6118.5
2025-01;Лазарева;Піца Верона;02912;Б_Каппи_Пицца;34;9139.9
2025-01;Лазарева;Піца Гавайська;02104;Б_Каппи_Пицца;38;11036.3
2025-01;Лазарева;Піца Груша Дор Блю;02175;Б_Каппи_Пицца;21;6072.2
2025-01;Лазарева;Піца Дитяча;02117;Б_Каппи_Пицца;22;6623.5
2025-01;Лазарева;Піца Діабло;02110;Б_Каппи_Пицца;13;3545.5
2025-01;Лазарева;Піца Курка та гриби;02177;Б_Каппи_Пицца;36;11273.2
2025-01;Лазарева;Піца М'ясна;02102;Б_Каппи_Пицца;74;23969.7
2025-01;Лазарева;Піца Маргарита;02174;Б_Каппи_Пицца;17;4265.5
2025-01;Лазарева;Піца Мисливська;02176;Б_Каппи_Пицца;50;14366.9
2025-01;Лазарева;Піца Океанія;02099;Б_Каппи_Пицца;23;8530.2
2025-01;Лазарева;Піца Пепероні;02172;Б_Каппи_Пицца;54;9691.5
2025-01;Лазарева;Піца Пепероні Блу Чіз;02119;Б_Каппи_Пицца;16;5103.3
2025-01;Лазарева;Піца Том Ям;02978;Б_Каппи_Пицца;24;8854.2
2025-01;Лазарева;Піца Чізбургер;02977;Б_Каппи_Пицца;44;14171.7
2025-01;Лазарева;Піца з креветками та брі;02911;Б_Каппи_Пицца;13;4988.3
2025-01;Лазарева;Рамен Том Ям;02606;Б_Каппи_Супы;27;9238.4
2025-01;Лазарева;Рамен Традиційний;02601;Б_Каппи_Супы;38;6552.8
2025-01;Лазарева;Рис з куркою Гострий;00855;Б_Каппи_WOK;12;2530.6
2025-01;Лазарева;Рис з лососем та зеленою цибулею;01855;Б_Каппи_WOK;9;2111.5
2025-01;Лазарева;Рол Пасаж;02168;Б_Каппи_Роллы;16;4857.3
2025-01;Лазарева;Рол-Дог з Креветкою;01787;Б_Каппи_Темпура ролл;19;5838.5
2025-01;Лазарева;Рол-Дог з Лососем;01788;Б_Каппи_Темпура ролл;10;2900
2025-01;Лазарева;Салат Грецький;02899;Б_Каппи_Салати;4;796
2025-01;Лазарева;Салат Чука-Вакаме;00602;Б_Каппи_Салати;27;5419.1
2025-01;Лазарева;Салат з вугрем та авокадо;02900;Б_Каппи_Салати;10;3427.2
2025-01;Лазарева;Салат з креветками, грушею та сиром Дор Блю		;02914;Б_Каппи_Салати;17;5560.5
2025-01;Лазарева;Салат з тофу та овочами;02904;Б_Каппи_Салати;3;825
2025-01;Лазарева;Салмон в боніто ;00538;Б_Каппи_Роллы;17;3189.6
2025-01;Лазарева;Сервісний збір_Glovo;01934;Б_Каппи_Glovo;103;900
2025-01;Лазарева;Сет 2х2;01175;Б_Каппи_Сет;27;23946.1
2025-01;Лазарева;Сет Mandarin;02987;Б_Сезонные блюда;5;5387.7
2025-01;Лазарева;Сирний Вулкан;01863;Б_Каппи_Роллы;7;2246.8
2025-01;Лазарева;Спайсі Вулкан;02113;Б_Каппи_Роллы;12;4069.8
2025-01;Лазарева;Спайсі туна;02782;Б_Каппи_Роллы;8;3041
2025-01;Лазарева;Спрайт жб 0,33 л.;01749;Б_Общее_Напитки;7;382
2025-01;Лазарева;Супер Комбо;02181;Б_Каппи_Акции;8;6381
2025-01;Лазарева;Суші бургер з Креветкой;02943;Б_Каппи_Бургер;69;19504.7
2025-01;Лазарева;Суші бургер з Лососем;02944;Б_Каппи_Бургер;97;29066.3
2025-01;Лазарева;ТОП сет;00362;Б_Каппи_Сет;29;38606.1
2025-01;Лазарева;Темпура сет;00559;Б_Каппи_Сет;11;12926.6
2025-01;Лазарева;Теплий сет;02712;Б_Каппи_Сет;34;26865.6
2025-01;Лазарева;Том Ям;02597;Б_Каппи_Супы;45;14942.4
2025-01;Лазарева;Тропік ;01862;Б_Каппи_Роллы;30;8588.7
2025-01;Лазарева;Тропічний Вулкан;02112;Б_Каппи_Роллы;9;3153.3
2025-01;Лазарева;Туна Вакаме;02908;Б_Каппи_Роллы;11;3262.3
2025-01;Лазарева;Удон з креветками;01813;Б_Каппи_WOK;22;6465.4
2025-01;Лазарева;Удон з куркою Теріякі;00856;Б_Каппи_WOK;52;12450.1
2025-01;Лазарева;Унагі Брі;02906;Б_Каппи_Роллы;11;4008.2
2025-01;Лазарева;Унагі Фаєр Рол;00656;Б_Каппи_Премиум ролл;8;3382.6
2025-01;Лазарева;Унагі чіз;02923;Б_Каппи_Премиум ролл;4;1522.7
2025-01;Лазарева;Фанта жб 0,33 л.;01743;Б_Общее_Напитки;5;275
2025-01;Лазарева;Фреш Філадельфія;02800;Б_Каппи_Роллы;11;3800.6
2025-01;Лазарева;Фудзі темпура;00911;Б_Каппи_Темпура ролл;30;9400.7
2025-01;Лазарева;Футо мандарин;01661;Б_Сезонные блюда;3;931.6
2025-01;Лазарева;Філа Ланч;02706;Б_Каппи_Акции;26;9677.1
2025-01;Лазарева;Філадельфія;00168;Б_Каппи_Роллы;170;58020
2025-01;Лазарева;Філадельфія Класік;00459;Б_Каппи_Роллы;97;17517.4
2025-01;Лазарева;Філадельфія Преміум;00611;Б_Каппи_Роллы;44;16744.3
2025-01;Лазарева;Філадельфія з креветкою;02798;Б_Каппи_Роллы;51;18601.4
2025-01;Лазарева;Філадельфія з манго;00612;Б_Каппи_Роллы;41;10880.8
2025-01;Лазарева;Філадельфія з тунцем;00516;Б_Каппи_Роллы;20;7322
2025-01;Лазарева;Філадельфія мандарин;01658;Б_Сезонные блюда;6;2163.1
2025-01;Лазарева;Цезар з куркою;02803;Б_Каппи_Салати;21;5634.7
2025-01;Лазарева;Цезар з лососем;02992;Б_Каппи_Салати;9;2631.2
2025-01;Лазарева;Чорний Дракон;00170;Б_Каппи_Роллы;36;13014.6
2025-01;Лазарева;Чізі Креветка;01113;Б_Каппи_Роллы;31;7467.4
2025-01;Лазарева;Чізі лосось;02921;Б_Каппи_Премиум ролл;8;3250.8
2025-01;Лазарева;Юме сет;02818;Б_Каппи_Сет;15;15075
2025-01;Лазарева;Які Ебі Манго;02946;Б_Каппи_Запеч_Роллы;42;11802
2025-01;Лазарева;Які Салмон;02950;Б_Каппи_Запеч_Роллы;19;6168.1
2025-01;Лазарева;Які Спайсі Краб;02949;Б_Каппи_Запеч_Роллы;46;12236.6
2025-01;Лазарева;Які Туна ;02942;Б_Каппи_Запеч_Роллы;17;5138.2
2025-01;Лазарева;Які Унагі;02945;Б_Каппи_Запеч_Роллы;33;9499.8
2025-01;Лазарева;Яєчна з куркою та креветками;01815;Б_Каппи_WOK;14;3990.1
2025-01;Лазарева;Яєчна з морепродуктами;00859;Б_Каппи_WOK;18;5237.8
2025-01;Левітана;.Гарного дня!;00944;Б_Прочие позиции;1791;0
2025-01;Левітана;Cappiroll;00583;Б_Каппи_Роллы;68;25025.3
2025-01;Левітана;Cappizza;02173;Б_Каппи_Пицца;42;12272.2
2025-01;Левітана;G Антикризовий сет;02932;Б_Акції Глово;10;5990
2025-01;Левітана;G Вугор сет;02935;Б_Акції Глово;3;3165
2025-01;Левітана;G Доставка;00984;Б_Каппи_Glovo;351;17390.8
2025-01;Левітана;G Ебі сет;02936;Б_Акції Глово;7;8365
2025-01;Левітана;G Кока-кола зеро жб 0,33 л.;02828;Б_Общее_Напитки;1;39
2025-01;Левітана;G Лосось в темпурі;02763;Б_Акції Глово;9;2025
2025-01;Левітана;G Пікантний краб;02933;Б_Акції Глово;4;1020
2025-01;Левітана;G Рис з лососем та зеленою цибулею;02761;Б_Акції Глово;5;1175
2025-01;Левітана;G Рол Курортний;02934;Б_Акції Глово;3;705
2025-01;Левітана;G Салмон в бонито ;02884;Б_Акції Глово;1;229
2025-01;Левітана;G Теплий сет;02883;Б_Акції Глово;22;17490
2025-01;Левітана;GC_Доставка 0 грн;02503;Б_Глово_Модификаторы;12;0
2025-01;Левітана;L`amour Сет;01729;Б_Каппи_Сет;17;17439.2
2025-01;Левітана;Party-комбо ( Pepsi Cola з/б 0,33л -1шт та  Pepsi Cola Max з/б 0,33л - 1шт;02708;Б_Каппи_Акции;1;1095
2025-01;Левітана;Rich 1 л. Апельсин;00352;Б_Общее_Напитки;8;832
2025-01;Левітана;Rich 1 л. Экзотик;00172;Б_Общее_Напитки;7;735
2025-01;Левітана;Rich 1 л. Яблуко;00415;Б_Общее_Напитки;4;412
2025-01;Левітана;Імператор;00892;Б_Каппи_Роллы;21;9319.8
2025-01;Левітана;Інь-Янь рол;01807;Б_Каппи_Роллы;19;6669.4
2025-01;Левітана;Аляска;00513;Б_Каппи_Премиум ролл;19;7097.3
2025-01;Левітана;Аморе;02781;Б_Каппи_Роллы;40;13623.2
2025-01;Левітана;Антикризовий сет;00578;Б_Каппи_Сет;31;18568
2025-01;Левітана;Банзай ;00528;Б_Каппи_Темпура ролл;202;67653.2
2025-01;Левітана;Бао бургер з крабом;02966;Б_Каппи_БАО;14;3709.4
2025-01;Левітана;Бао бургер з креветкою;02967;Б_Каппи_БАО;19;6039.6
2025-01;Левітана;Бао бургер з лососем;02968;Б_Каппи_БАО;5;1439.9
2025-01;Левітана;Без приборів!;01593;Б_Прочие позиции;59;0
2025-01;Левітана;Боніто з лососем;00154;Б_Каппи_Роллы;19;4724.3
2025-01;Левітана;Боніто з тунцем;00512;Б_Каппи_Роллы;8;2131.1
2025-01;Левітана;Боул Дабл Фіш;01886;Б_Каппи_Боул;31;11074.5
2025-01;Левітана;Боул Філадельфія;01887;Б_Каппи_Боул;37;12552.2
2025-01;Левітана;Боул з Куркою;01891;Б_Каппи_Боул;14;3324.1
2025-01;Левітана;Боул з Лососем;01890;Б_Каппи_Боул;13;3832.5
2025-01;Левітана;Вершкова креветка;00775;Б_Каппи_Роллы;51;18132.7
2025-01;Левітана;Веселка;00509;Б_Каппи_Роллы;71;26047.3
2025-01;Левітана;Весняний Сет;01844;Б_Каппи_Сет;12;10954.7
2025-01;Левітана;Вишуканий дует;02989;Б_Каппи_Акции;6;3351.8
2025-01;Левітана;Вугор сет;02711;Б_Каппи_Сет;2;2110
2025-01;Левітана;Вулкан Фудзіяма;02835;Б_Каппи_Роллы;2;710
2025-01;Левітана;Вулкан з креветкою;02799;Б_Каппи_Роллы;45;12804.4
2025-01;Левітана;Д Імбир Cappi 30 гр.;01049;Б_Каппи_Добавки;163;1912.9
2025-01;Левітана;Д Васабі Cappi 7,5 гр.;01050;Б_Каппи_Добавки;186;1651.6
2025-01;Левітана;Д Моцарела 100гКЦ;02920;Б_Каппи_Добавки;5;245
2025-01;Левітана;Д Набір №1 (Соев.-1шт.,Імб.-1шт.,Вас.-1шт.);01916;Б_Каппи_Добавки;346;0
2025-01;Левітана;Д Набір №2 (Соев.-2шт.,Імб.-1шт.,Вас.-1шт.);01917;Б_Каппи_Добавки;368;0
2025-01;Левітана;Д Набір №3 (Соев.-3шт.,Імб.-2шт.,Вас.-1шт.);01918;Б_Каппи_Добавки;345;0
2025-01;Левітана;Д Набір №4 (Соев.-4шт.,Імб.-2шт.,Вас.-2шт.);01919;Б_Каппи_Добавки;439;0
2025-01;Левітана;Д Соус Барбекю;00501;Б_Каппи_Добавки;22;547.3
2025-01;Левітана;Д Соус Часниковий;01323;Б_Каппи_Добавки;28;700
2025-01;Левітана;Д Соус горіховий 20 гр.;00729;Б_Каппи_Добавки;12;341
2025-01;Левітана;Д Соус соєвий Cappi 50 гр.;00695;Б_Каппи_Добавки;70;619.8
2025-01;Левітана;Д Соус унагі 20 гр.;00728;Б_Каппи_Добавки;8;200
2025-01;Левітана;Д Спайсі соус 10 гр.;02929;Б_Каппи_Добавки;14;133.5
2025-01;Левітана;Дабл Тартар;02780;Б_Каппи_Роллы;50;18031.4
2025-01;Левітана;Джаз;01109;Б_Каппи_Роллы;30;6633.4
2025-01;Левітана;Дзен сет;01128;Б_Каппи_Сет;28;24532.9
2025-01;Левітана;Доставка (зелена);00829;Б_Прочие позиции;55;2027.4
2025-01;Левітана;Доставка (помаранчева);01235;Б_Прочие позиции;15;690.7
2025-01;Левітана;Дружня парочка;00552;Б_Каппи_Акции;2;882.2
2025-01;Левітана;Ебі Грін;01790;Б_Каппи_Роллы;10;2817.7
2025-01;Левітана;Ебі сет;02710;Б_Каппи_Сет;37;43494.1
2025-01;Левітана;Екстра туна;02922;Б_Каппи_Премиум ролл;2;823.2
2025-01;Левітана;Заміна інгрідієнта;02139;Б_Прочие позиции;2;60
2025-01;Левітана;Зелений Дракон;00156;Б_Каппи_Роллы;24;8879.3
2025-01;Левітана;Йоші рол;02776;Б_Каппи_Роллы;19;6375.6
2025-01;Левітана;Каліфорнія ;00774;Б_Каппи_Роллы;26;8356.4
2025-01;Левітана;Каліфорнія Мікс;00653;Б_Каппи_Роллы;19;7196.4
2025-01;Левітана;Каліфорнія з креветкою;00654;Б_Каппи_Роллы;37;11782.9
2025-01;Левітана;Камертон;00960;Б_Каппи_Роллы;35;12340.4
2025-01;Левітана;Капричоза;02866;Б_Каппи_Пицца;18;4685.5
2025-01;Левітана;Класика вдвох;02988;Б_Каппи_Акции;17;8178.5
2025-01;Левітана;Кока-кола 0,75 л.;01731;Б_Общее_Напитки;49;2792.2
2025-01;Левітана;Кока-кола жб 0,33 л.;01736;Б_Общее_Напитки;36;1904.1
2025-01;Левітана;Кока-кола зеро жб 0,33 л.;01740;Б_Общее_Напитки;34;1827.5
2025-01;Левітана;Комбо #1;02178;Б_Каппи_Акции;5;5926.8
2025-01;Левітана;Комбо #2;02179;Б_Каппи_Акции;1;1085
2025-01;Левітана;Комбо #3;02180;Б_Каппи_Акции;2;1955.4
2025-01;Левітана;"Комбуча ""Бадьорий""";02896;Б_Общее_Напитки;7;637.2
2025-01;Левітана;"Комбуча ""Дивовижний""";02897;Б_Общее_Напитки;4;379.1
2025-01;Левітана;"Комбуча ""Манливий""";02898;Б_Общее_Напитки;8;750.4
2025-01;Левітана;Компенсація за негоду;02771;;25;469.1
2025-01;Левітана;Креветка в кунжуті;00511;Б_Каппи_Роллы;62;17575.9
2025-01;Левітана;Креветка в темпурі;00533;Б_Каппи_Темпура ролл;111;29763.1
2025-01;Левітана;Курка в Кисло-солодкому;01825;Б_Каппи_WOK;18;4210.6
2025-01;Левітана;Курортний;02169;Б_Каппи_Роллы;53;3945.5
2025-01;Левітана;Лимонад 0,5 л.;02057;Б_Общее_Напитки;39;2875.7
2025-01;Левітана;Листівка до ДН;02061;Б_Прочие позиции;4;0
2025-01;Левітана;Логістичний збір;02770;;1119;24621.8
2025-01;Левітана;Лосось Пад Тай;02116;Б_Каппи_Роллы;31;10298.3
2025-01;Левітана;Лосось в темпурі;00534;Б_Каппи_Темпура ролл;66;14378
2025-01;Левітана;Лосось сет;00517;Б_Каппи_Сет;36;34247.8
2025-01;Левітана;М Авокадо 20 г;02133;Б_Каппи_Модификаторы;1;39
2025-01;Левітана;М Балик 100 г;01204;Б_Каппи_Модификаторы;10;444.9
2025-01;Левітана;М Вершковий сир 20 г;02126;Б_Каппи_Модификаторы;6;120
2025-01;Левітана;М Вугор 20 г;02125;Б_Каппи_Модификаторы;5;245
2025-01;Левітана;М Горіховий соус 20 г;01651;Б_Каппи_Модификаторы;7;203
2025-01;Левітана;М Гриби 50 г;01194;Б_Каппи_Модификаторы;15;249.7
2025-01;Левітана;М Кальмар 20 г;02136;Б_Каппи_Модификаторы;8;272.4
2025-01;Левітана;М Креветка 2 шт.;02123;Б_Каппи_Модификаторы;3;147
2025-01;Левітана;М Креветка 2 шт.;02135;Б_Каппи_Модификаторы;11;539
2025-01;Левітана;М Курка 20 г;02131;Б_Каппи_Модификаторы;21;463.5
2025-01;Левітана;М Куряче філе 60 г;01195;Б_Каппи_Модификаторы;9;342.8
2025-01;Левітана;М Лосось 20 г;02122;Б_Каппи_Модификаторы;1;49
2025-01;Левітана;М Маслини 20 г;01196;Б_Каппи_Модификаторы;4;60
2025-01;Левітана;М Моцарела 100 г;01201;Б_Каппи_Модификаторы;3;147
2025-01;Левітана;М Мідії 20 г;02137;Б_Каппи_Модификаторы;9;307.4
2025-01;Левітана;М Пармезан 20 г;01193;Б_Каппи_Модификаторы;8;278
2025-01;Левітана;М Пепероні 50 г;01200;Б_Каппи_Модификаторы;11;683.6
2025-01;Левітана;М Перець болгарський 40 г;01197;Б_Каппи_Модификаторы;3;75
2025-01;Левітана;М Помідори 40 г;01199;Б_Каппи_Модификаторы;8;200
2025-01;Левітана;М Соус Барбекю 1 шт.;01202;Б_Каппи_Модификаторы;1;25
2025-01;Левітана;М Соус Пад Тай 10 г;02127;Б_Каппи_Модификаторы;11;109.6
2025-01;Левітана;М Соус Соєвий порц.;02728;Б_Каппи_Модификаторы;28;247.4
2025-01;Левітана;М Соус Теріякі 10 г;02130;Б_Каппи_Модификаторы;13;127.6
2025-01;Левітана;М Соус Унагі 20 г;01650;Б_Каппи_Модификаторы;13;325
2025-01;Левітана;М Соус Часниковий 1 шт.;01648;Б_Каппи_Модификаторы;7;175
2025-01;Левітана;М Соус Шірачі 5 г;02129;Б_Каппи_Модификаторы;4;38.3
2025-01;Левітана;М Спайсі соус 10 г;02128;Б_Каппи_Модификаторы;11;108
2025-01;Левітана;М Тофу 20 г;02138;Б_Каппи_Модификаторы;1;29
2025-01;Левітана;М Тунець 20 г;02124;Б_Каппи_Модификаторы;4;196
2025-01;Левітана;М Халапеньйо 15 г;01198;Б_Каппи_Модификаторы;8;160
2025-01;Левітана;Макі Вугор;00161;Б_Каппи_Роллы;10;2117.1
2025-01;Левітана;Макі Лосось;00159;Б_Каппи_Роллы;36;6049.1
2025-01;Левітана;Макі Огірок ;00506;Б_Каппи_Роллы;33;2950.5
2025-01;Левітана;Макі Сирний;00504;Б_Каппи_Роллы;25;2025
2025-01;Левітана;Макі Чука ;00507;Б_Каппи_Роллы;19;2177.1
2025-01;Левітана;Мандаринова креветка;02630;Б_Каппи_Роллы;10;3081.9
2025-01;Левітана;Мандариновий лосось;02631;Б_Каппи_Роллы;3;979.1
2025-01;Левітана;Монако;00636;Б_Каппи_Роллы;18;7859.9
2025-01;Левітана;Морс Ягідний 0,5 л.;02697;Б_Общее_Напитки;44;2734.1
2025-01;Левітана;Моршинська без газу 0,5 л.;00585;Б_Общее_Напитки;3;135
2025-01;Левітана;Моршинська слаб.газ. 0,5 л.;00584;Б_Общее_Напитки;1;45
2025-01;Левітана;Мочі Ананас-Білий шоколад;02620;Т_Десерты;3;375
2025-01;Левітана;Мочі Диня - Дор Блю;02869;Т_Десерты;2;250
2025-01;Левітана;Мочі Полуниця;02618;Т_Десерты;10;1215.7
2025-01;Левітана;Мочі малина;02026;Т_Десерты;9;1114.8
2025-01;Левітана;Мідія в темпурі;02167;Б_Каппи_Темпура ролл;10;3328.6
2025-01;Левітана;Місо з тофу;00708;Б_Каппи_Супы;14;2439.7
2025-01;Левітана;Навчальні палички;01021;Б_Прочие позиции;31;150.2
2025-01;Левітана;Нью-Йорк ;02915;Б_Каппи_Роллы;36;15428.6
2025-01;Левітана;Одеський сет;02170;Б_Каппи_Сет;11;8659.5
2025-01;Левітана;Ойши сет;02819;Б_Каппи_Сет;15;14899.3
2025-01;Левітана;Онлайн оплата;02940;;553;0
2025-01;Левітана;Опен-фуд;02927;;1261;1230.4
2025-01;Левітана;Осака;00589;Б_Каппи_Роллы;49;14771.5
2025-01;Левітана;Париж;00657;Б_Каппи_Роллы;31;12646.9
2025-01;Левітана;Преміум Креветка;00652;Б_Каппи_Роллы;17;6863.9
2025-01;Левітана;Преміум сет;00658;Б_Каппи_Сет;21;34204.9
2025-01;Левітана;Пікантний краб;00531;Б_Каппи_Темпура ролл;25;6018.4
2025-01;Левітана;Пікантний лосось ;00532;Б_Каппи_Темпура ролл;28;7520.2
2025-01;Левітана;Піца 4 сезони;02101;Б_Каппи_Пицца;15;5016.1
2025-01;Левітана;Піца 4 сири;02118;Б_Каппи_Пицца;60;18864.9
2025-01;Левітана;Піца Амерікано;02111;Б_Каппи_Пицца;18;5258
2025-01;Левітана;Піца Верона;02912;Б_Каппи_Пицца;29;7404.6
2025-01;Левітана;Піца Гавайська;02104;Б_Каппи_Пицца;65;18696.2
2025-01;Левітана;Піца Груша Дор Блю;02175;Б_Каппи_Пицца;26;7388.3
2025-01;Левітана;Піца Дитяча;02117;Б_Каппи_Пицца;10;3005.9
2025-01;Левітана;Піца Діабло;02110;Б_Каппи_Пицца;13;3705
2025-01;Левітана;Піца Курка та гриби;02177;Б_Каппи_Пицца;22;6876.2
2025-01;Левітана;Піца М'ясна;02102;Б_Каппи_Пицца;92;29027.2
2025-01;Левітана;Піца Маргарита;02174;Б_Каппи_Пицца;23;5629.3
2025-01;Левітана;Піца Мисливська;02176;Б_Каппи_Пицца;45;13070.9
2025-01;Левітана;Піца Океанія;02099;Б_Каппи_Пицца;26;9380.9
2025-01;Левітана;Піца Пепероні;02172;Б_Каппи_Пицца;78;15939.2
2025-01;Левітана;Піца Пепероні Блу Чіз;02119;Б_Каппи_Пицца;30;9763.4
2025-01;Левітана;Піца Том Ям;02978;Б_Каппи_Пицца;22;7918.7
2025-01;Левітана;Піца Чізбургер;02977;Б_Каппи_Пицца;35;11425.8
2025-01;Левітана;Піца з креветками та брі;02911;Б_Каппи_Пицца;30;11001.2
2025-01;Левітана;Рамен Том Ям;02606;Б_Каппи_Супы;25;8582
2025-01;Левітана;Рамен Традиційний;02601;Б_Каппи_Супы;53;8853.7
2025-01;Левітана;Рис з куркою Гострий;00855;Б_Каппи_WOK;22;4377.1
2025-01;Левітана;Рис з лососем та зеленою цибулею;01855;Б_Каппи_WOK;17;3795.5
2025-01;Левітана;Рол Курортний (акц);02767;Б_Каппи_Акции;1;139
2025-01;Левітана;Рол Пасаж;02168;Б_Каппи_Роллы;20;6213.6
2025-01;Левітана;Рол-Дог з Креветкою;01787;Б_Каппи_Темпура ролл;18;5619.3
2025-01;Левітана;Рол-Дог з Лососем;01788;Б_Каппи_Темпура ролл;17;4909.2
2025-01;Левітана;Салат Грецький;02899;Б_Каппи_Салати;7;1379
2025-01;Левітана;Салат Чука-Вакаме;00602;Б_Каппи_Салати;22;4333.1
2025-01;Левітана;Салат з вугрем та авокадо;02900;Б_Каппи_Салати;2;689.8
2025-01;Левітана;Салат з креветками, грушею та сиром Дор Блю		;02914;Б_Каппи_Салати;9;3035
2025-01;Левітана;Салат з тофу та овочами;02904;Б_Каппи_Салати;1;275
2025-01;Левітана;Салмон в боніто ;00538;Б_Каппи_Роллы;26;4319.8
2025-01;Левітана;Семга штат 200грн/кг;02824;;4;800
2025-01;Левітана;Сервісний збір_Glovo;01934;Б_Каппи_Glovo;99;825.8
2025-01;Левітана;Сет 2х2;01175;Б_Каппи_Сет;17;15007.6
2025-01;Левітана;Сет Mandarin;02987;Б_Сезонные блюда;3;3220.1
2025-01;Левітана;Сирний Вулкан;01863;Б_Каппи_Роллы;7;2234.2
2025-01;Левітана;Спайсі Вулкан;02113;Б_Каппи_Роллы;13;4279.2
2025-01;Левітана;Спайсі туна;02782;Б_Каппи_Роллы;5;1926.7
2025-01;Левітана;Спрайт жб 0,33 л.;01749;Б_Общее_Напитки;6;310.9
2025-01;Левітана;Супер Комбо;02181;Б_Каппи_Акции;11;8710.9
2025-01;Левітана;Суші бургер з Креветкой;02943;Б_Каппи_Бургер;97;27317.4
2025-01;Левітана;Суші бургер з Лососем;02944;Б_Каппи_Бургер;140;41756.5
2025-01;Левітана;ТОП сет;00362;Б_Каппи_Сет;26;34660.1
2025-01;Левітана;Темпура сет;00559;Б_Каппи_Сет;19;22381.7
2025-01;Левітана;Теплий сет;02712;Б_Каппи_Сет;38;29953.1
2025-01;Левітана;Том Ям;02597;Б_Каппи_Супы;69;23356
2025-01;Левітана;Тропік ;01862;Б_Каппи_Роллы;19;5530.2
2025-01;Левітана;Тропічний Вулкан;02112;Б_Каппи_Роллы;16;5469.1
2025-01;Левітана;Туна Вакаме;02908;Б_Каппи_Роллы;9;2612.6
2025-01;Левітана;Удон з креветками;01813;Б_Каппи_WOK;30;8531.7
2025-01;Левітана;Удон з куркою Теріякі;00856;Б_Каппи_WOK;54;13015.4
2025-01;Левітана;Унагі Брі;02906;Б_Каппи_Роллы;20;7320.2
2025-01;Левітана;Унагі Фаєр Рол;00656;Б_Каппи_Премиум ролл;10;4220.3
2025-01;Левітана;Унагі чіз;02923;Б_Каппи_Премиум ролл;2;823.5
2025-01;Левітана;Упаковка д/роллов (доп);01174;МБП Упаковка;4;40
2025-01;Левітана;Фанта жб 0,33 л.;01743;Б_Общее_Напитки;5;261.6
2025-01;Левітана;Фреш Філадельфія;02800;Б_Каппи_Роллы;7;2398.1
2025-01;Левітана;Фудзі темпура;00911;Б_Каппи_Темпура ролл;31;9772.2
2025-01;Левітана;Футо мандарин;01661;Б_Сезонные блюда;1;329
2025-01;Левітана;Філа Ланч;02706;Б_Каппи_Акции;15;5547.6
2025-01;Левітана;Філадельфія;00168;Б_Каппи_Роллы;236;79515.5
2025-01;Левітана;Філадельфія Класік;00459;Б_Каппи_Роллы;113;23507.2
2025-01;Левітана;Філадельфія Преміум;00611;Б_Каппи_Роллы;96;36962.2
2025-01;Левітана;Філадельфія з креветкою;02798;Б_Каппи_Роллы;61;21825.2
2025-01;Левітана;Філадельфія з манго;00612;Б_Каппи_Роллы;50;13548.1
2025-01;Левітана;Філадельфія з тунцем;00516;Б_Каппи_Роллы;18;6731.6
2025-01;Левітана;Філадельфія мандарин;01658;Б_Сезонные блюда;9;3282.2
2025-01;Левітана;Цезар з куркою;02803;Б_Каппи_Салати;19;5340.3
2025-01;Левітана;Цезар з лососем;02992;Б_Каппи_Салати;8;2346.3
2025-01;Левітана;Чорний Дракон;00170;Б_Каппи_Роллы;37;13863.8
2025-01;Левітана;Чізі Креветка;01113;Б_Каппи_Роллы;28;6500.6
2025-01;Левітана;Чізі лосось;02921;Б_Каппи_Премиум ролл;9;3607.7
2025-01;Левітана;Юме сет;02818;Б_Каппи_Сет;22;21968.3
2025-01;Левітана;Які Ебі Манго;02946;Б_Каппи_Запеч_Роллы;55;15255.2
2025-01;Левітана;Які Салмон;02950;Б_Каппи_Запеч_Роллы;12;3927.2
2025-01;Левітана;Які Спайсі Краб;02949;Б_Каппи_Запеч_Роллы;57;15326.6
2025-01;Левітана;Які Туна ;02942;Б_Каппи_Запеч_Роллы;16;5122.4
2025-01;Левітана;Які Унагі;02945;Б_Каппи_Запеч_Роллы;42;12439.6
2025-01;Левітана;Яєчна з куркою та креветками;01815;Б_Каппи_WOK;21;5735.5
2025-01;Левітана;Яєчна з морепродуктами;00859;Б_Каппи_WOK;25;7061.8
2025-02;Лазарева;.Гарного дня!;00944;Б_Прочие позиции;1600;0
2025-02;Лазарева;Affinity сет;03015;Б_Каппи_Сет;25;25885
2025-02;Лазарева;Cappiroll;00583;Б_Каппи_Роллы;50;18285.9
2025-02;Лазарева;Cappizza;02173;Б_Каппи_Пицца;26;7865.7
2025-02;Лазарева;G Антикризовий сет;02932;Б_Акції Глово;28;16772
2025-02;Лазарева;G Вугор сет;02935;Б_Акції Глово;2;2110
2025-02;Лазарева;G Доставка;00984;Б_Каппи_Glovo;345;17218
2025-02;Лазарева;G Ебі сет;02936;Б_Акції Глово;6;7170
2025-02;Лазарева;G Лосось в темпурі;02763;Б_Акції Глово;4;900
2025-02;Лазарева;G Пікантний краб;02933;Б_Акції Глово;4;1020
2025-02;Лазарева;G Рис з лососем та зеленою цибулею;02761;Б_Акції Глово;3;705
2025-02;Лазарева;G Рол Курортний;02934;Б_Акції Глово;1;235
2025-02;Лазарева;G Теплий сет;02883;Б_Акції Глово;9;7155
2025-02;Лазарева;GC_Доставка 0 грн;02503;Б_Глово_Модификаторы;17;0
2025-02;Лазарева;L`amour Сет;01729;Б_Каппи_Сет;21;21725.7
2025-02;Лазарева;Party-комбо ( Pepsi Cola з/б 0,33л -1шт та  Pepsi Cola Max з/б 0,33л - 1шт;02708;Б_Каппи_Акции;5;5475
2025-02;Лазарева;Rich 1 л. Апельсин;00352;Б_Общее_Напитки;11;1127.9
2025-02;Лазарева;Rich 1 л. Экзотик;00172;Б_Общее_Напитки;4;420
2025-02;Лазарева;Rich 1 л. Яблуко;00415;Б_Общее_Напитки;5;525
2025-02;Лазарева;Імператор;00892;Б_Каппи_Роллы;19;8448.8
2025-02;Лазарева;Аляска;00513;Б_Каппи_Премиум ролл;11;4291.1
2025-02;Лазарева;Аморе;02781;Б_Каппи_Роллы;38;13172.5
2025-02;Лазарева;Антикризовий сет;00578;Б_Каппи_Сет;60;35336.4
2025-02;Лазарева;Банзай ;00528;Б_Каппи_Темпура ролл;186;63247.4
2025-02;Лазарева;Бао бургер з крабом;02966;Б_Каппи_БАО;10;2717.5
2025-02;Лазарева;Бао бургер з креветкою;02967;Б_Каппи_БАО;11;3506.7
2025-02;Лазарева;Бао бургер з лососем;02968;Б_Каппи_БАО;5;1675
2025-02;Лазарева;Без приборів!;01593;Б_Прочие позиции;67;0
2025-02;Лазарева;Боніто з лососем;00154;Б_Каппи_Роллы;13;3184
2025-02;Лазарева;Боніто з тунцем;00512;Б_Каппи_Роллы;4;1100
2025-02;Лазарева;Боул Дабл Фіш;01886;Б_Каппи_Боул;19;7057.3
2025-02;Лазарева;Боул Філадельфія;01887;Б_Каппи_Боул;30;10694.9
2025-02;Лазарева;Боул з Куркою;01891;Б_Каппи_Боул;7;1702
2025-02;Лазарева;Боул з Лососем;01890;Б_Каппи_Боул;17;6016.7
2025-02;Лазарева;Вершкова креветка;00775;Б_Каппи_Роллы;38;13398.4
2025-02;Лазарева;Веселка;00509;Б_Каппи_Роллы;64;23743.6
2025-02;Лазарева;Весняний Сет;01844;Б_Каппи_Сет;16;14781.5
2025-02;Лазарева;Вишуканий дует;02989;Б_Каппи_Акции;1;595
2025-02;Лазарева;Вугор сет;02711;Б_Каппи_Сет;7;7332.8
2025-02;Лазарева;Вулкан з креветкою;02799;Б_Каппи_Роллы;28;7479.8
2025-02;Лазарева;Д Імбир Cappi 30 гр.;01049;Б_Каппи_Добавки;145;1944
2025-02;Лазарева;Д Васабі Cappi 7,5 гр.;01050;Б_Каппи_Добавки;124;1105.5
2025-02;Лазарева;Д Набір №1 (Соев.-1шт.,Імб.-1шт.,Вас.-1шт.);01916;Б_Каппи_Добавки;274;0
2025-02;Лазарева;Д Набір №2 (Соев.-2шт.,Імб.-1шт.,Вас.-1шт.);01917;Б_Каппи_Добавки;296;0
2025-02;Лазарева;Д Набір №3 (Соев.-3шт.,Імб.-2шт.,Вас.-1шт.);01918;Б_Каппи_Добавки;408;0
2025-02;Лазарева;Д Набір №4 (Соев.-4шт.,Імб.-2шт.,Вас.-2шт.);01919;Б_Каппи_Добавки;468;0
2025-02;Лазарева;Д Соус Барбекю;00501;Б_Каппи_Добавки;30;742.7
2025-02;Лазарева;Д Соус Часниковий;01323;Б_Каппи_Добавки;48;1226.8
2025-02;Лазарева;Д Соус горіховий 20 гр.;00729;Б_Каппи_Добавки;4;115.3
2025-02;Лазарева;Д Соус соєвий Cappi 50 гр.;00695;Б_Каппи_Добавки;54;564.3
2025-02;Лазарева;Д Соус унагі 20 гр.;00728;Б_Каппи_Добавки;10;247.1
2025-02;Лазарева;Д Спайсі соус 10 гр.;02929;Б_Каппи_Добавки;6;60
2025-02;Лазарева;Дабл Тартар;02780;Б_Каппи_Роллы;34;12057.5
2025-02;Лазарева;Джаз;01109;Б_Каппи_Роллы;21;4574.6
2025-02;Лазарева;Дзен сет;01128;Б_Каппи_Сет;38;33662.5
2025-02;Лазарева;Доставка (зелена);00829;Б_Прочие позиции;16;593
2025-02;Лазарева;Доставка (помаранчева);01235;Б_Прочие позиции;14;675.9
2025-02;Лазарева;Доставка (синя);01051;Б_Прочие позиции;6;351
2025-02;Лазарева;Дружня парочка;00552;Б_Каппи_Акции;1;447
2025-02;Лазарева;Ебі Грін;01790;Б_Каппи_Роллы;12;3439
2025-02;Лазарева;Ебі сет;02710;Б_Каппи_Сет;46;54656.3
2025-02;Лазарева;Заміна інгрідієнта;02139;Б_Прочие позиции;3;88.5
2025-02;Лазарева;Зелений Дракон;00156;Б_Каппи_Роллы;13;4886
2025-02;Лазарева;Йоші рол;02776;Б_Каппи_Роллы;12;4294.4
2025-02;Лазарева;Каліфорнія ;00774;Б_Каппи_Роллы;33;10446.9
2025-02;Лазарева;Каліфорнія Мікс;00653;Б_Каппи_Роллы;10;3979.4
2025-02;Лазарева;Каліфорнія з креветкою;00654;Б_Каппи_Роллы;22;7448.5
2025-02;Лазарева;Камертон;00960;Б_Каппи_Роллы;34;12355.4
2025-02;Лазарева;Капричоза;02866;Б_Каппи_Пицца;14;3727.5
2025-02;Лазарева;Класика вдвох;02988;Б_Каппи_Акции;13;6467
2025-02;Лазарева;Кока-кола 0,75 л.;01731;Б_Общее_Напитки;64;3759.7
2025-02;Лазарева;Кока-кола жб 0,33 л.;01736;Б_Общее_Напитки;44;2358.6
2025-02;Лазарева;Кока-кола зеро жб 0,33 л.;01740;Б_Общее_Напитки;40;2174.2
2025-02;Лазарева;Комбо #1;02178;Б_Каппи_Акции;6;7220
2025-02;Лазарева;Комбо #2;02179;Б_Каппи_Акции;5;5425
2025-02;Лазарева;Комбо #3;02180;Б_Каппи_Акции;1;995
2025-02;Лазарева;"Комбуча ""Бадьорий""";02896;Б_Общее_Напитки;8;741
2025-02;Лазарева;"Комбуча ""Дивовижний""";02897;Б_Общее_Напитки;7;665
2025-02;Лазарева;"Комбуча ""Манливий""";02898;Б_Общее_Напитки;12;1140
2025-02;Лазарева;Компенсація за негоду;02771;;6;111.3
2025-02;Лазарева;Креветка в кунжуті;00511;Б_Каппи_Роллы;43;12146.9
2025-02;Лазарева;Креветка в темпурі;00533;Б_Каппи_Темпура ролл;110;30764
2025-02;Лазарева;Курка в Кисло-солодкому;01825;Б_Каппи_WOK;19;4565.5
2025-02;Лазарева;Курортний;02169;Б_Каппи_Роллы;74;3371.3
2025-02;Лазарева;Кімурай;03012;Б_Каппи_Роллы;56;19443.3
2025-02;Лазарева;Лимонад 0,5 л.;02057;Б_Общее_Напитки;37;2724.5
2025-02;Лазарева;Листівка до ДН;02061;Б_Прочие позиции;4;0
2025-02;Лазарева;Листівка сюрприз;02062;Б_Прочие позиции;1;0
2025-02;Лазарева;Логістичний збір;02770;;1050;25602
2025-02;Лазарева;Лосось Пад Тай;02116;Б_Каппи_Роллы;24;8046.9
2025-02;Лазарева;Лосось в темпурі;00534;Б_Каппи_Темпура ролл;61;13272
2025-02;Лазарева;Лосось сет;00517;Б_Каппи_Сет;32;30603.3
2025-02;Лазарева;М Авокадо 20 г;02133;Б_Каппи_Модификаторы;1;39
2025-02;Лазарева;М Балик 100 г;01204;Б_Каппи_Модификаторы;9;402.6
2025-02;Лазарева;М Вершковий сир 20 г;02126;Б_Каппи_Модификаторы;5;98.9
2025-02;Лазарева;М Вугор 20 г;02125;Б_Каппи_Модификаторы;4;208
2025-02;Лазарева;М Горіховий соус 20 г;01651;Б_Каппи_Модификаторы;7;198.2
2025-02;Лазарева;М Гриби 50 г;01194;Б_Каппи_Модификаторы;10;173.6
2025-02;Лазарева;М Кальмар 20 г;02136;Б_Каппи_Модификаторы;15;514.5
2025-02;Лазарева;М Креветка 2 шт.;02123;Б_Каппи_Модификаторы;3;126.8
2025-02;Лазарева;М Креветка 2 шт.;02135;Б_Каппи_Модификаторы;16;771.4
2025-02;Лазарева;М Курка 20 г;02131;Б_Каппи_Модификаторы;10;241.5
2025-02;Лазарева;М Куряче філе 60 г;01195;Б_Каппи_Модификаторы;10;388.4
2025-02;Лазарева;М Лосось 20 г;02122;Б_Каппи_Модификаторы;3;147
2025-02;Лазарева;М Маслини 20 г;01196;Б_Каппи_Модификаторы;9;147.4
2025-02;Лазарева;М Моцарела 100 г;01201;Б_Каппи_Модификаторы;6;282.5
2025-02;Лазарева;М Мідії 20 г;02137;Б_Каппи_Модификаторы;3;102.9
2025-02;Лазарева;М Пармезан 20 г;01193;Б_Каппи_Модификаторы;19;678.3
2025-02;Лазарева;М Пепероні 50 г;01200;Б_Каппи_Модификаторы;5;355
2025-02;Лазарева;М Перець болгарський 40 г;01197;Б_Каппи_Модификаторы;4;98.3
2025-02;Лазарева;М Помідори 40 г;01199;Б_Каппи_Модификаторы;19;467.4
2025-02;Лазарева;М Соус Барбекю 1 шт.;01202;Б_Каппи_Модификаторы;4;100
2025-02;Лазарева;М Соус Пад Тай 10 г;02127;Б_Каппи_Модификаторы;7;70
2025-02;Лазарева;М Соус Соєвий порц.;02728;Б_Каппи_Модификаторы;23;206.2
2025-02;Лазарева;М Соус Теріякі 10 г;02130;Б_Каппи_Модификаторы;13;129.5
2025-02;Лазарева;М Соус Унагі 20 г;01650;Б_Каппи_Модификаторы;11;273.2
2025-02;Лазарева;М Соус Часниковий 1 шт.;01648;Б_Каппи_Модификаторы;10;258.3
2025-02;Лазарева;М Соус Шірачі 5 г;02129;Б_Каппи_Модификаторы;4;39.3
2025-02;Лазарева;М Спайсі соус 10 г;02128;Б_Каппи_Модификаторы;12;119
2025-02;Лазарева;М Тофу 20 г;02138;Б_Каппи_Модификаторы;1;27.4
2025-02;Лазарева;М Тунець 20 г;02124;Б_Каппи_Модификаторы;1;55
2025-02;Лазарева;М Халапеньйо 15 г;01198;Б_Каппи_Модификаторы;5;96.6
2025-02;Лазарева;Макі Вугор;00161;Б_Каппи_Роллы;18;3839
2025-02;Лазарева;Макі Лосось;00159;Б_Каппи_Роллы;46;8284.3
2025-02;Лазарева;Макі Огірок ;00506;Б_Каппи_Роллы;24;2223.9
2025-02;Лазарева;Макі Сирний;00504;Б_Каппи_Роллы;22;1849.9
2025-02;Лазарева;Макі Чука ;00507;Б_Каппи_Роллы;16;1823.9
2025-02;Лазарева;Монако;00636;Б_Каппи_Роллы;13;5490.4
2025-02;Лазарева;Морс Ягідний 0,5 л.;02697;Б_Общее_Напитки;54;2454
2025-02;Лазарева;Моршинська без газу 0,5 л.;00585;Б_Общее_Напитки;38;1710
2025-02;Лазарева;Моршинська слаб.газ. 0,5 л.;00584;Б_Общее_Напитки;1;45
2025-02;Лазарева;Мочі Ананас-Білий шоколад;02620;Т_Десерты;12;1462.1
2025-02;Лазарева;Мочі Диня - Дор Блю;02869;Т_Десерты;13;1615.6
2025-02;Лазарева;Мочі Полуниця;02618;Т_Десерты;22;2683.2
2025-02;Лазарева;Мочі малина;02026;Т_Десерты;24;2990.6
2025-02;Лазарева;Мідія в темпурі;02167;Б_Каппи_Темпура ролл;8;2637.1
2025-02;Лазарева;Місо з тофу;00708;Б_Каппи_Супы;5;875
2025-02;Лазарева;Навчальні палички;01021;Б_Прочие позиции;21;104.6
2025-02;Лазарева;Нью-Йорк ;02915;Б_Каппи_Роллы;55;23975.4
2025-02;Лазарева;Одеський сет;02170;Б_Каппи_Сет;21;16662.6
2025-02;Лазарева;Ойши сет;02819;Б_Каппи_Сет;13;13325
2025-02;Лазарева;Онлайн оплата;02940;;488;0
2025-02;Лазарева;Опен-фуд;02927;;249;227.8
2025-02;Лазарева;Осака;00589;Б_Каппи_Роллы;38;12168.6
2025-02;Лазарева;Париж;00657;Б_Каппи_Роллы;20;8766.6
2025-02;Лазарева;Преміум Креветка;00652;Б_Каппи_Роллы;25;10929.1
2025-02;Лазарева;Преміум сет;00658;Б_Каппи_Сет;14;22890
2025-02;Лазарева;Пікантний краб;00531;Б_Каппи_Темпура ролл;37;9166.3
2025-02;Лазарева;Пікантний лосось ;00532;Б_Каппи_Темпура ролл;25;7379.9
2025-02;Лазарева;Піца 4 сезони;02101;Б_Каппи_Пицца;8;2706.3
2025-02;Лазарева;Піца 4 сири;02118;Б_Каппи_Пицца;69;22895.4
2025-02;Лазарева;Піца Амерікано;02111;Б_Каппи_Пицца;24;6864.3
2025-02;Лазарева;Піца Верона;02912;Б_Каппи_Пицца;31;8296.7
2025-02;Лазарева;Піца Гавайська;02104;Б_Каппи_Пицца;36;10335.6
2025-02;Лазарева;Піца Груша Дор Блю;02175;Б_Каппи_Пицца;21;6018.2
2025-02;Лазарева;Піца Дитяча;02117;Б_Каппи_Пицца;15;4520
2025-02;Лазарева;Піца Діабло;02110;Б_Каппи_Пицца;18;5130
2025-02;Лазарева;Піца Курка та гриби;02177;Б_Каппи_Пицца;45;14298.9
2025-02;Лазарева;Піца М'ясна;02102;Б_Каппи_Пицца;56;18558.7
2025-02;Лазарева;Піца Маргарита;02174;Б_Каппи_Пицца;16;3932.7
2025-02;Лазарева;Піца Мисливська;02176;Б_Каппи_Пицца;45;12626.4
2025-02;Лазарева;Піца Океанія;02099;Б_Каппи_Пицца;22;8097.7
2025-02;Лазарева;Піца Пепероні;02172;Б_Каппи_Пицца;41;11899.9
2025-02;Лазарева;Піца Пепероні Блу Чіз;02119;Б_Каппи_Пицца;23;7471.9
2025-02;Лазарева;Піца Том Ям;02978;Б_Каппи_Пицца;26;9623
2025-02;Лазарева;Піца Чізбургер;02977;Б_Каппи_Пицца;31;10152.5
2025-02;Лазарева;Піца з креветками та брі;02911;Б_Каппи_Пицца;13;4447
2025-02;Лазарева;Рамен Том Ям;02606;Б_Каппи_Супы;22;7459.4
2025-02;Лазарева;Рамен Традиційний;02601;Б_Каппи_Супы;32;5417.1
2025-02;Лазарева;Рис з куркою Гострий;00855;Б_Каппи_WOK;15;3186.1
2025-02;Лазарева;Рис з лососем та зеленою цибулею;01855;Б_Каппи_WOK;11;2485.5
2025-02;Лазарева;Рол Пасаж;02168;Б_Каппи_Роллы;6;1850.2
2025-02;Лазарева;Рол-Дог з Креветкою;01787;Б_Каппи_Темпура ролл;10;3066
2025-02;Лазарева;Рол-Дог з Лососем;01788;Б_Каппи_Темпура ролл;8;2334
2025-02;Лазарева;Салат Грецький;02899;Б_Каппи_Салати;3;597
2025-02;Лазарева;Салат Чука-Вакаме;00602;Б_Каппи_Салати;32;6435.5
2025-02;Лазарева;Салат з вугрем та авокадо;02900;Б_Каппи_Салати;7;2465
2025-02;Лазарева;Салат з креветками, грушею та сиром Дор Блю		;02914;Б_Каппи_Салати;11;3816.5
2025-02;Лазарева;Салат з тофу та овочами;02904;Б_Каппи_Салати;4;1017.9
2025-02;Лазарева;Салмон в боніто ;00538;Б_Каппи_Роллы;23;4365.1
2025-02;Лазарева;Сервісний збір_Glovo;01934;Б_Каппи_Glovo;109;843.1
2025-02;Лазарева;Сет 2х2;01175;Б_Каппи_Сет;30;26802.3
2025-02;Лазарева;Сирний Вулкан;01863;Б_Каппи_Роллы;4;1250.7
2025-02;Лазарева;Спайсі Вулкан;02113;Б_Каппи_Роллы;18;6202.2
2025-02;Лазарева;Спайсі туна;02782;Б_Каппи_Роллы;8;3124.7
2025-02;Лазарева;Спрайт жб 0,33 л.;01749;Б_Общее_Напитки;5;275
2025-02;Лазарева;Супер Комбо;02181;Б_Каппи_Акции;6;4929.8
2025-02;Лазарева;Суші бургер з Креветкой;02943;Б_Каппи_Бургер;97;27901
2025-02;Лазарева;Суші бургер з Лососем;02944;Б_Каппи_Бургер;111;34600.2
2025-02;Лазарева;ТОП сет;00362;Б_Каппи_Сет;35;47402.1
2025-02;Лазарева;Темпура сет;00559;Б_Каппи_Сет;25;29789.9
2025-02;Лазарева;Теплий сет;02712;Б_Каппи_Сет;31;24061.4
2025-02;Лазарева;Том Ям;02597;Б_Каппи_Супы;49;16630.4
2025-02;Лазарева;Тропік ;01862;Б_Каппи_Роллы;24;7035.2
2025-02;Лазарева;Тропікана;03014;Б_Каппи_Роллы;65;21423.4
2025-02;Лазарева;Тропічний Вулкан;02112;Б_Каппи_Роллы;12;4277.2
2025-02;Лазарева;Туна Чіз;03013;Б_Каппи_Роллы;9;2414.2
2025-02;Лазарева;Удон з креветками;01813;Б_Каппи_WOK;28;8115.7
2025-02;Лазарева;Удон з куркою Теріякі;00856;Б_Каппи_WOK;59;14389
2025-02;Лазарева;Унагамі;03011;Б_Каппи_Роллы;25;8023.6
2025-02;Лазарева;Унагі Брі;02906;Б_Каппи_Роллы;6;2189.1
2025-02;Лазарева;Унагі Фаєр Рол;00656;Б_Каппи_Премиум ролл;5;2215
2025-02;Лазарева;Унагі чіз;02923;Б_Каппи_Премиум ролл;8;3328
2025-02;Лазарева;Фанта жб 0,33 л.;01743;Б_Общее_Напитки;8;440
2025-02;Лазарева;Фреш Філадельфія;02800;Б_Каппи_Роллы;10;3432.6
2025-02;Лазарева;Фудзі темпура;00911;Б_Каппи_Темпура ролл;52;16084
2025-02;Лазарева;Філа Ланч;02706;Б_Каппи_Акции;21;8164.7
2025-02;Лазарева;Філадельфія;00168;Б_Каппи_Роллы;152;54031
2025-02;Лазарева;Філадельфія Класік;00459;Б_Каппи_Роллы;86;15580.8
2025-02;Лазарева;Філадельфія Преміум;00611;Б_Каппи_Роллы;67;25926.8
2025-02;Лазарева;Філадельфія з креветкою;02798;Б_Каппи_Роллы;38;14005.8
2025-02;Лазарева;Філадельфія з манго;00612;Б_Каппи_Роллы;44;12553.5
2025-02;Лазарева;Філадельфія з тунцем;00516;Б_Каппи_Роллы;16;6059.7
2025-02;Лазарева;Цезар з куркою;02803;Б_Каппи_Салати;14;3906.8
2025-02;Лазарева;Цезар з лососем;02992;Б_Каппи_Салати;15;4226.9
2025-02;Лазарева;Чорний Дракон;00170;Б_Каппи_Роллы;24;9095.4
2025-02;Лазарева;Чізі Креветка;01113;Б_Каппи_Роллы;28;6689.1
2025-02;Лазарева;Чізі лосось;02921;Б_Каппи_Премиум ролл;12;4792.7
2025-02;Лазарева;Юме сет;02818;Б_Каппи_Сет;16;16581.1
2025-02;Лазарева;Які Ебі Манго;02946;Б_Каппи_Запеч_Роллы;39;10646.4
2025-02;Лазарева;Які Салмон;02950;Б_Каппи_Запеч_Роллы;36;11152.1
2025-02;Лазарева;Які Спайсі Краб;02949;Б_Каппи_Запеч_Роллы;62;16160.8
2025-02;Лазарева;Які Туна ;02942;Б_Каппи_Запеч_Роллы;23;6783.2
2025-02;Лазарева;Які Унагі;02945;Б_Каппи_Запеч_Роллы;45;12636.6
2025-02;Лазарева;Яєчна з куркою та креветками;01815;Б_Каппи_WOK;18;5129.1
2025-02;Лазарева;Яєчна з морепродуктами;00859;Б_Каппи_WOK;16;4768
2025-02;Левітана;.Гарного дня!;00944;Б_Прочие позиции;1739;0
2025-02;Левітана;Affinity сет;03015;Б_Каппи_Сет;29;29861
2025-02;Левітана;Cappiroll;00583;Б_Каппи_Роллы;71;26346.3
2025-02;Левітана;Cappizza;02173;Б_Каппи_Пицца;25;7433.3
2025-02;Левітана;G Антикризовий сет;02932;Б_Акції Глово;7;4193
2025-02;Левітана;G Вугор сет;02935;Б_Акції Глово;1;1055
2025-02;Левітана;G Доставка;00984;Б_Каппи_Glovo;332;16578.2
2025-02;Левітана;G Ебі сет;02936;Б_Акції Глово;2;2390
2025-02;Левітана;G Лосось в темпурі;02763;Б_Акції Глово;8;1800
2025-02;Левітана;G Моршинська без газу 0,5 л.;02830;Б_Общее_Напитки;4;156
2025-02;Левітана;G Пікантний краб;02933;Б_Акції Глово;7;1785
2025-02;Левітана;G Рис з лососем та зеленою цибулею;02761;Б_Акції Глово;6;1400.6
2025-02;Левітана;G Рол Курортний;02934;Б_Акції Глово;1;235
2025-02;Левітана;G Салмон в бонито ;02884;Б_Акції Глово;2;458
2025-02;Левітана;G Теплий сет;02883;Б_Акції Глово;8;6360
2025-02;Левітана;GC_Доставка 0 грн;02503;Б_Глово_Модификаторы;34;0
2025-02;Левітана;L`amour Сет;01729;Б_Каппи_Сет;23;24224.1
2025-02;Левітана;Rich 1 л. Апельсин;00352;Б_Общее_Напитки;10;1039.9
2025-02;Левітана;Rich 1 л. Экзотик;00172;Б_Общее_Напитки;8;835
2025-02;Левітана;Rich 1 л. Яблуко;00415;Б_Общее_Напитки;2;199.1
2025-02;Левітана;Імператор;00892;Б_Каппи_Роллы;14;6199
2025-02;Левітана;Аляска;00513;Б_Каппи_Премиум ролл;15;5885.2
2025-02;Левітана;Аморе;02781;Б_Каппи_Роллы;32;11198.3
2025-02;Левітана;Антикризовий сет;00578;Б_Каппи_Сет;49;28681.8
2025-02;Левітана;Банзай ;00528;Б_Каппи_Темпура ролл;189;64112.6
2025-02;Левітана;Бао бургер з крабом;02966;Б_Каппи_БАО;13;3425.5
2025-02;Левітана;Бао бургер з креветкою;02967;Б_Каппи_БАО;12;3908.2
2025-02;Левітана;Бао бургер з лососем;02968;Б_Каппи_БАО;7;2170.5
2025-02;Левітана;Без приборів!;01593;Б_Прочие позиции;57;0
2025-02;Левітана;Боніто з лососем;00154;Б_Каппи_Роллы;19;4596.8
2025-02;Левітана;Боніто з тунцем;00512;Б_Каппи_Роллы;5;1352.7
2025-02;Левітана;Боул Дабл Фіш;01886;Б_Каппи_Боул;16;5683.9
2025-02;Левітана;Боул Філадельфія;01887;Б_Каппи_Боул;28;9560.9
2025-02;Левітана;Боул з Куркою;01891;Б_Каппи_Боул;15;3721.5
2025-02;Левітана;Боул з Лососем;01890;Б_Каппи_Боул;20;6847.2
2025-02;Левітана;Вершкова креветка;00775;Б_Каппи_Роллы;40;14181.2
2025-02;Левітана;Веселка;00509;Б_Каппи_Роллы;66;24601.5
2025-02;Левітана;Весняний Сет;01844;Б_Каппи_Сет;29;26537.5
2025-02;Левітана;Вишуканий дует;02989;Б_Каппи_Акции;4;2380
2025-02;Левітана;Вугор сет;02711;Б_Каппи_Сет;3;3165
2025-02;Левітана;Вулкан з креветкою;02799;Б_Каппи_Роллы;30;8735.8
2025-02;Левітана;Д Імбир Cappi 30 гр.;01049;Б_Каппи_Добавки;102;1372.1
2025-02;Левітана;Д Васабі Cappi 7,5 гр.;01050;Б_Каппи_Добавки;130;1145.9
2025-02;Левітана;Д Набір №1 (Соев.-1шт.,Імб.-1шт.,Вас.-1шт.);01916;Б_Каппи_Добавки;298;0
2025-02;Левітана;Д Набір №2 (Соев.-2шт.,Імб.-1шт.,Вас.-1шт.);01917;Б_Каппи_Добавки;347;0
2025-02;Левітана;Д Набір №3 (Соев.-3шт.,Імб.-2шт.,Вас.-1шт.);01918;Б_Каппи_Добавки;389;0
2025-02;Левітана;Д Набір №4 (Соев.-4шт.,Імб.-2шт.,Вас.-2шт.);01919;Б_Каппи_Добавки;474;0
2025-02;Левітана;Д Соус Барбекю;00501;Б_Каппи_Добавки;13;324.3
2025-02;Левітана;Д Соус Часниковий;01323;Б_Каппи_Добавки;17;445.9
2025-02;Левітана;Д Соус горіховий 20 гр.;00729;Б_Каппи_Добавки;18;504.3
2025-02;Левітана;Д Соус соєвий Cappi 50 гр.;00695;Б_Каппи_Добавки;38;410.6
2025-02;Левітана;Д Соус унагі 20 гр.;00728;Б_Каппи_Добавки;8;188.8
2025-02;Левітана;Д Спайсі соус 10 гр.;02929;Б_Каппи_Добавки;14;129.8
2025-02;Левітана;Дабл Тартар;02780;Б_Каппи_Роллы;47;16602.9
2025-02;Левітана;Джаз;01109;Б_Каппи_Роллы;36;7964.8
2025-02;Левітана;Дзен сет;01128;Б_Каппи_Сет;51;45108.5
2025-02;Левітана;Доставка (зелена);00829;Б_Прочие позиции;37;1378.9
2025-02;Левітана;Доставка (помаранчева);01235;Б_Прочие позиции;13;614.3
2025-02;Левітана;Ебі Грін;01790;Б_Каппи_Роллы;9;2571.4
2025-02;Левітана;Ебі сет;02710;Б_Каппи_Сет;50;59297.5
2025-02;Левітана;Заміна інгрідієнта;02139;Б_Прочие позиции;3;89.7
2025-02;Левітана;Зелений Дракон;00156;Б_Каппи_Роллы;25;9482.4
2025-02;Левітана;Йоші рол;02776;Б_Каппи_Роллы;12;4263.9
2025-02;Левітана;Каліфорнія ;00774;Б_Каппи_Роллы;19;5967.1
2025-02;Левітана;Каліфорнія Мікс;00653;Б_Каппи_Роллы;15;6065
2025-02;Левітана;Каліфорнія з креветкою;00654;Б_Каппи_Роллы;34;11407
2025-02;Левітана;Камертон;00960;Б_Каппи_Роллы;28;9877.6
2025-02;Левітана;Капричоза;02866;Б_Каппи_Пицца;11;3015.1
2025-02;Левітана;Класика вдвох;02988;Б_Каппи_Акции;5;2495
2025-02;Левітана;Кока-кола 0,75 л.;01731;Б_Общее_Напитки;51;2929.5
2025-02;Левітана;Кока-кола жб 0,33 л.;01736;Б_Общее_Напитки;26;1411.6
2025-02;Левітана;Кока-кола зеро жб 0,33 л.;01740;Б_Общее_Напитки;38;2036.5
2025-02;Левітана;Комбо #1;02178;Б_Каппи_Акции;7;8310.3
2025-02;Левітана;Комбо #2;02179;Б_Каппи_Акции;3;3052
2025-02;Левітана;Комбо #3;02180;Б_Каппи_Акции;1;525.9
2025-02;Левітана;"Комбуча ""Бадьорий""";02896;Б_Общее_Напитки;14;1277.2
2025-02;Левітана;"Комбуча ""Дивовижний""";02897;Б_Общее_Напитки;7;646
2025-02;Левітана;"Комбуча ""Манливий""";02898;Б_Общее_Напитки;14;1293.7
2025-02;Левітана;Компенсація за негоду;02771;;6;116.9
2025-02;Левітана;Креветка в кунжуті;00511;Б_Каппи_Роллы;53;15294.4
2025-02;Левітана;Креветка в темпурі;00533;Б_Каппи_Темпура ролл;126;35899.8
2025-02;Левітана;Курка в Кисло-солодкому;01825;Б_Каппи_WOK;22;5374.2
2025-02;Левітана;Курортний;02169;Б_Каппи_Роллы;68;3431
2025-02;Левітана;Кімурай;03012;Б_Каппи_Роллы;66;23641.3
2025-02;Левітана;Лимонад 0,5 л.;02057;Б_Общее_Напитки;42;3093.9
2025-02;Левітана;Листівка до ДН;02061;Б_Прочие позиции;1;0
2025-02;Левітана;Листівка сюрприз;02062;Б_Прочие позиции;1;0
2025-02;Левітана;Логістичний збір;02770;;1080;26189.3
2025-02;Левітана;Лосось Пад Тай;02116;Б_Каппи_Роллы;27;9061.3
2025-02;Левітана;Лосось в темпурі;00534;Б_Каппи_Темпура ролл;75;16482.3
2025-02;Левітана;Лосось сет;00517;Б_Каппи_Сет;41;39061
2025-02;Левітана;М Балик 100 г;01204;Б_Каппи_Модификаторы;11;503.3
2025-02;Левітана;М Вершковий сир 20 г;02126;Б_Каппи_Модификаторы;1;20
2025-02;Левітана;М Вугор 20 г;02125;Б_Каппи_Модификаторы;3;153
2025-02;Левітана;М Горіховий соус 20 г;01651;Б_Каппи_Модификаторы;7;201.4
2025-02;Левітана;М Гриби 50 г;01194;Б_Каппи_Модификаторы;10;173.9
2025-02;Левітана;М Кальмар 20 г;02136;Б_Каппи_Модификаторы;6;210
2025-02;Левітана;М Креветка 2 шт.;02123;Б_Каппи_Модификаторы;1;49
2025-02;Левітана;М Креветка 2 шт.;02135;Б_Каппи_Модификаторы;19;927.9
2025-02;Левітана;М Курка 20 г;02131;Б_Каппи_Модификаторы;11;270
2025-02;Левітана;М Куряче філе 60 г;01195;Б_Каппи_Модификаторы;16;638.9
2025-02;Левітана;М Лосось 20 г;02122;Б_Каппи_Модификаторы;3;147
2025-02;Левітана;М Маслини 20 г;01196;Б_Каппи_Модификаторы;6;117.5
2025-02;Левітана;М Моцарела 100 г;01201;Б_Каппи_Модификаторы;6;288
2025-02;Левітана;М Мідії 20 г;02137;Б_Каппи_Модификаторы;3;105
2025-02;Левітана;М Огірок 20 г;02132;Б_Каппи_Модификаторы;1;15
2025-02;Левітана;М Пармезан 20 г;01193;Б_Каппи_Модификаторы;7;241.8
2025-02;Левітана;М Пепероні 50 г;01200;Б_Каппи_Модификаторы;8;514.1
2025-02;Левітана;М Перець болгарський 40 г;01197;Б_Каппи_Модификаторы;3;72.9
2025-02;Левітана;М Помідори 40 г;01199;Б_Каппи_Модификаторы;7;171
2025-02;Левітана;М Соус Барбекю 1 шт.;01202;Б_Каппи_Модификаторы;3;75
2025-02;Левітана;М Соус Пад Тай 10 г;02127;Б_Каппи_Модификаторы;6;57.2
2025-02;Левітана;М Соус Соєвий порц.;02728;Б_Каппи_Модификаторы;37;332.4
2025-02;Левітана;М Соус Теріякі 10 г;02130;Б_Каппи_Модификаторы;11;110
2025-02;Левітана;М Соус Унагі 20 г;01650;Б_Каппи_Модификаторы;16;395.3
2025-02;Левітана;М Соус Часниковий 1 шт.;01648;Б_Каппи_Модификаторы;14;352.4
2025-02;Левітана;М Соус Шірачі 5 г;02129;Б_Каппи_Модификаторы;5;50
2025-02;Левітана;М Спайсі соус 10 г;02128;Б_Каппи_Модификаторы;17;169.4
2025-02;Левітана;М Тофу 20 г;02138;Б_Каппи_Модификаторы;2;58
2025-02;Левітана;М Тунець 20 г;02124;Б_Каппи_Модификаторы;1;30.2
2025-02;Левітана;М Халапеньйо 15 г;01198;Б_Каппи_Модификаторы;5;94.9
2025-02;Левітана;Макі Вугор;00161;Б_Каппи_Роллы;11;2347.1
2025-02;Левітана;Макі Лосось;00159;Б_Каппи_Роллы;42;7298.9
2025-02;Левітана;Макі Огірок ;00506;Б_Каппи_Роллы;30;2614
2025-02;Левітана;Макі Сирний;00504;Б_Каппи_Роллы;31;2554.6
2025-02;Левітана;Макі Чука ;00507;Б_Каппи_Роллы;23;2564.9
2025-02;Левітана;Монако;00636;Б_Каппи_Роллы;9;3966.8
2025-02;Левітана;Морс Ягідний 0,5 л.;02697;Б_Общее_Напитки;53;2728
2025-02;Левітана;Моршинська без газу 0,5 л.;00585;Б_Общее_Напитки;20;896.4
2025-02;Левітана;Моршинська слаб.газ. 0,5 л.;00584;Б_Общее_Напитки;5;225
2025-02;Левітана;Мочі Ананас-Білий шоколад;02620;Т_Десерты;12;1491.2
2025-02;Левітана;Мочі Диня - Дор Блю;02869;Т_Десерты;11;1339.4
2025-02;Левітана;Мочі Полуниця;02618;Т_Десерты;18;2239.7
2025-02;Левітана;Мочі малина;02026;Т_Десерты;15;1867.8
2025-02;Левітана;Мідія в темпурі;02167;Б_Каппи_Темпура ролл;7;2345
2025-02;Левітана;Місо з тофу;00708;Б_Каппи_Супы;11;1907.8
2025-02;Левітана;Навчальні палички;01021;Б_Прочие позиции;28;135.9
2025-02;Левітана;Нью-Йорк ;02915;Б_Каппи_Роллы;49;21016.9
2025-02;Левітана;Одеський сет;02170;Б_Каппи_Сет;7;5551.4
2025-02;Левітана;Ойши сет;02819;Б_Каппи_Сет;14;14043.2
2025-02;Левітана;Онлайн оплата;02940;;519;0
2025-02;Левітана;Опен-фуд;02927;;36;34.6
2025-02;Левітана;Осака;00589;Б_Каппи_Роллы;52;16071.3
2025-02;Левітана;Париж;00657;Б_Каппи_Роллы;30;12955
2025-02;Левітана;Преміум Креветка;00652;Б_Каппи_Роллы;15;6302.1
2025-02;Левітана;Преміум сет;00658;Б_Каппи_Сет;9;14714
2025-02;Левітана;Пікантний краб;00531;Б_Каппи_Темпура ролл;27;6674.3
2025-02;Левітана;Пікантний лосось ;00532;Б_Каппи_Темпура ролл;35;10219.8
2025-02;Левітана;Піца 4 сезони;02101;Б_Каппи_Пицца;18;6390
2025-02;Левітана;Піца 4 сири;02118;Б_Каппи_Пицца;57;19315
2025-02;Левітана;Піца Амерікано;02111;Б_Каппи_Пицца;20;5570.1
2025-02;Левітана;Піца Верона;02912;Б_Каппи_Пицца;27;7330.5
2025-02;Левітана;Піца Гавайська;02104;Б_Каппи_Пицца;34;9927.6
2025-02;Левітана;Піца Груша Дор Блю;02175;Б_Каппи_Пицца;21;6033.1
2025-02;Левітана;Піца Дитяча;02117;Б_Каппи_Пицца;12;3500.2
2025-02;Левітана;Піца Діабло;02110;Б_Каппи_Пицца;23;6255.8
2025-02;Левітана;Піца Курка та гриби;02177;Б_Каппи_Пицца;39;12033.4
2025-02;Левітана;Піца М'ясна;02102;Б_Каппи_Пицца;59;19339.8
2025-02;Левітана;Піца Маргарита;02174;Б_Каппи_Пицца;19;4508.5
2025-02;Левітана;Піца Мисливська;02176;Б_Каппи_Пицца;51;14495.4
2025-02;Левітана;Піца Океанія;02099;Б_Каппи_Пицца;19;6443
2025-02;Левітана;Піца Пепероні;02172;Б_Каппи_Пицца;44;12086.2
2025-02;Левітана;Піца Пепероні Блу Чіз;02119;Б_Каппи_Пицца;22;6874.3
2025-02;Левітана;Піца Том Ям;02978;Б_Каппи_Пицца;23;8474.5
2025-02;Левітана;Піца Чізбургер;02977;Б_Каппи_Пицца;47;15443.4
2025-02;Левітана;Піца з креветками та брі;02911;Б_Каппи_Пицца;23;8614.9
2025-02;Левітана;Рамен Том Ям;02606;Б_Каппи_Супы;14;4829.8
2025-02;Левітана;Рамен Традиційний;02601;Б_Каппи_Супы;36;5996.1
2025-02;Левітана;Рис з куркою Гострий;00855;Б_Каппи_WOK;17;3587.3
2025-02;Левітана;Рис з лососем та зеленою цибулею;01855;Б_Каппи_WOK;8;1812.4
2025-02;Левітана;Рол Пасаж;02168;Б_Каппи_Роллы;27;8307.9
2025-02;Левітана;Рол-Дог з Креветкою;01787;Б_Каппи_Темпура ролл;23;6898.9
2025-02;Левітана;Рол-Дог з Лососем;01788;Б_Каппи_Темпура ролл;18;5205.7
2025-02;Левітана;Салат Грецький;02899;Б_Каппи_Салати;7;1368
2025-02;Левітана;Салат Чука-Вакаме;00602;Б_Каппи_Салати;30;6090.1
2025-02;Левітана;Салат з вугрем та авокадо;02900;Б_Каппи_Салати;4;1407.2
2025-02;Левітана;Салат з креветками, грушею та сиром Дор Блю		;02914;Б_Каппи_Салати;10;3524.8
2025-02;Левітана;Салат з тофу та овочами;02904;Б_Каппи_Салати;2;570
2025-02;Левітана;Салмон в боніто ;00538;Б_Каппи_Роллы;17;3318.9
2025-02;Левітана;Сервісний збір_Glovo;01934;Б_Каппи_Glovo;115;973.3
2025-02;Левітана;Сет 2х2;01175;Б_Каппи_Сет;21;18460.3
2025-02;Левітана;Сирний Вулкан;01863;Б_Каппи_Роллы;8;2572.8
2025-02;Левітана;Спайсі Вулкан;02113;Б_Каппи_Роллы;19;6378.6
2025-02;Левітана;Спайсі туна;02782;Б_Каппи_Роллы;4;1580
2025-02;Левітана;Спрайт жб 0,33 л.;01749;Б_Общее_Напитки;9;491.9
2025-02;Левітана;Супер Комбо;02181;Б_Каппи_Акции;2;1670
2025-02;Левітана;Суші бургер з Креветкой;02943;Б_Каппи_Бургер;92;26021.9
2025-02;Левітана;Суші бургер з Лососем;02944;Б_Каппи_Бургер;112;34364
2025-02;Левітана;ТОП сет;00362;Б_Каппи_Сет;35;47134.6
2025-02;Левітана;Темпура сет;00559;Б_Каппи_Сет;20;23856.5
2025-02;Левітана;Теплий сет;02712;Б_Каппи_Сет;35;27500.2
2025-02;Левітана;Том Ям;02597;Б_Каппи_Супы;66;22319.7
2025-02;Левітана;Тропік ;01862;Б_Каппи_Роллы;14;4081.7
2025-02;Левітана;Тропікана;03014;Б_Каппи_Роллы;91;29687.5
2025-02;Левітана;Тропічний Вулкан;02112;Б_Каппи_Роллы;12;4228.1
2025-02;Левітана;Туна Чіз;03013;Б_Каппи_Роллы;9;2716
2025-02;Левітана;Удон з креветками;01813;Б_Каппи_WOK;33;9519.3
2025-02;Левітана;Удон з куркою Теріякі;00856;Б_Каппи_WOK;52;12758.6
2025-02;Левітана;Унагамі;03011;Б_Каппи_Роллы;33;10915
2025-02;Левітана;Унагі Брі;02906;Б_Каппи_Роллы;8;2957.2
2025-02;Левітана;Унагі Фаєр Рол;00656;Б_Каппи_Премиум ролл;12;4977.5
2025-02;Левітана;Унагі чіз;02923;Б_Каппи_Премиум ролл;4;1657.2
2025-02;Левітана;Фанта жб 0,33 л.;01743;Б_Общее_Напитки;10;539.1
2025-02;Левітана;Фреш Філадельфія;02800;Б_Каппи_Роллы;10;3478.4
2025-02;Левітана;Фудзі темпура;00911;Б_Каппи_Темпура ролл;50;14894.7
2025-02;Левітана;Філа Ланч;02706;Б_Каппи_Акции;15;5702.5
2025-02;Левітана;Філадельфія;00168;Б_Каппи_Роллы;183;64463.7
2025-02;Левітана;Філадельфія Класік;00459;Б_Каппи_Роллы;108;20148.9
2025-02;Левітана;Філадельфія Преміум;00611;Б_Каппи_Роллы;80;30878.4
2025-02;Левітана;Філадельфія з креветкою;02798;Б_Каппи_Роллы;51;18545.2
2025-02;Левітана;Філадельфія з манго;00612;Б_Каппи_Роллы;35;9714.1
2025-02;Левітана;Філадельфія з тунцем;00516;Б_Каппи_Роллы;13;4963.9
2025-02;Левітана;Цезар з куркою;02803;Б_Каппи_Салати;20;5649.2
2025-02;Левітана;Цезар з лососем;02992;Б_Каппи_Салати;5;1495
2025-02;Левітана;Чорний Дракон;00170;Б_Каппи_Роллы;30;11316.2
2025-02;Левітана;Чізі Креветка;01113;Б_Каппи_Роллы;27;6386.6
2025-02;Левітана;Чізі лосось;02921;Б_Каппи_Премиум ролл;9;3475.4
2025-02;Левітана;Юме сет;02818;Б_Каппи_Сет;9;9405
2025-02;Левітана;Які Ебі Манго;02946;Б_Каппи_Запеч_Роллы;48;12452
2025-02;Левітана;Які Салмон;02950;Б_Каппи_Запеч_Роллы;30;9051.2
2025-02;Левітана;Які Спайсі Краб;02949;Б_Каппи_Запеч_Роллы;42;10522.3
2025-02;Левітана;Які Туна ;02942;Б_Каппи_Запеч_Роллы;28;8368
2025-02;Левітана;Які Унагі;02945;Б_Каппи_Запеч_Роллы;44;12680.1
2025-02;Левітана;Яєчна з куркою та креветками;01815;Б_Каппи_WOK;11;3280.1
2025-02;Левітана;Яєчна з морепродуктами;00859;Б_Каппи_WOK;21;6165.6
2025-03;Лазарева;.Гарного дня!;00944;Б_Прочие позиции;1778;0
2025-03;Лазарева;Affinity сет;03015;Б_Каппи_Сет;19;19831.3
2025-03;Лазарева;Cappiroll;00583;Б_Каппи_Роллы;70;26102.3
2025-03;Лазарева;Cappizza;02173;Б_Каппи_Пицца;45;13363.6
2025-03;Лазарева;G Антикризовий сет;02932;Б_Акції Глово;23;13777
2025-03;Лазарева;G Вугор сет;02935;Б_Акції Глово;3;3165
2025-03;Лазарева;G Доставка;00984;Б_Каппи_Glovo;411;20537.8
2025-03;Лазарева;G Ебі сет;02936;Б_Акції Глово;7;8365
2025-03;Лазарева;G Лосось в темпурі;02763;Б_Акції Глово;7;1575
2025-03;Лазарева;G Пікантний краб;02933;Б_Акції Глово;5;1275
2025-03;Лазарева;G Рис з лососем та зеленою цибулею;02761;Б_Акції Глово;9;2115
2025-03;Лазарева;G Салмон в бонито ;02884;Б_Акції Глово;8;1832
2025-03;Лазарева;G Теплий сет;02883;Б_Акції Глово;12;9540
2025-03;Лазарева;GC_Доставка 0 грн;02503;Б_Глово_Модификаторы;13;0
2025-03;Лазарева;Glovo <800 ;03025;;19;1045.7
2025-03;Лазарева;L`amour Сет;01729;Б_Каппи_Сет;22;23407.3
2025-03;Лазарева;Party-комбо ( Pepsi Cola з/б 0,33л -1шт та  Pepsi Cola Max з/б 0,33л - 1шт;02708;Б_Каппи_Акции;4;4099.5
2025-03;Лазарева;Rich 1 л. Апельсин;00352;Б_Общее_Напитки;10;1040.7
2025-03;Лазарева;Rich 1 л. Экзотик;00172;Б_Общее_Напитки;10;1044.9
2025-03;Лазарева;Rich 1 л. Яблуко;00415;Б_Общее_Напитки;4;414.9
2025-03;Лазарева;VIP-комбо;02709;Б_Каппи_Акции;1;1975
2025-03;Лазарева;Імператор;00892;Б_Каппи_Роллы;19;8496.5
2025-03;Лазарева;Акаї;03023;Б_Каппи_Премиум ролл;24;9056.7
2025-03;Лазарева;Аляска;00513;Б_Каппи_Премиум ролл;14;5300.2
2025-03;Лазарева;Аморе;02781;Б_Каппи_Роллы;55;19715.3
2025-03;Лазарева;Антикризовий сет;00578;Б_Каппи_Сет;55;32115.6
2025-03;Лазарева;Банзай ;00528;Б_Каппи_Темпура ролл;167;59712.5
2025-03;Лазарева;Бао бургер з крабом;02966;Б_Каппи_БАО;12;3372.7
2025-03;Лазарева;Бао бургер з креветкою;02967;Б_Каппи_БАО;18;6024
2025-03;Лазарева;Бао бургер з лососем;02968;Б_Каппи_БАО;5;1745
2025-03;Лазарева;Без приборів!;01593;Б_Прочие позиции;58;0
2025-03;Лазарева;Боніто з лососем;00154;Б_Каппи_Роллы;16;3973.8
2025-03;Лазарева;Боніто з тунцем;00512;Б_Каппи_Роллы;16;4364.6
2025-03;Лазарева;Боул Дабл Фіш;01886;Б_Каппи_Боул;23;8732.4
2025-03;Лазарева;Боул Філадельфія;01887;Б_Каппи_Боул;21;7269.9
2025-03;Лазарева;Боул з Куркою;01891;Б_Каппи_Боул;15;3784.4
2025-03;Лазарева;Боул з Лососем;01890;Б_Каппи_Боул;22;7796.8
2025-03;Лазарева;Вершкова креветка;00775;Б_Каппи_Роллы;77;24994.6
2025-03;Лазарева;Веселка;00509;Б_Каппи_Роллы;64;24087
2025-03;Лазарева;Весняний Сет;01844;Б_Каппи_Сет;17;15592.8
2025-03;Лазарева;Вишуканий дует;02989;Б_Каппи_Акции;1;595
2025-03;Лазарева;Вугор сет;02711;Б_Каппи_Сет;7;7293.6
2025-03;Лазарева;Вулкан з креветкою;02799;Б_Каппи_Роллы;37;11445.5
2025-03;Лазарева;Д Імбир Cappi 30 гр.;01049;Б_Каппи_Добавки;139;1652.9
2025-03;Лазарева;Д Васабі Cappi 7,5 гр.;01050;Б_Каппи_Добавки;169;1508.3
2025-03;Лазарева;Д Набір №1 (Соев.-1шт.,Імб.-1шт.,Вас.-1шт.);01916;Б_Каппи_Добавки;315;0
2025-03;Лазарева;Д Набір №2 (Соев.-2шт.,Імб.-1шт.,Вас.-1шт.);01917;Б_Каппи_Добавки;331;0
2025-03;Лазарева;Д Набір №3 (Соев.-3шт.,Імб.-2шт.,Вас.-1шт.);01918;Б_Каппи_Добавки;408;0
2025-03;Лазарева;Д Набір №4 (Соев.-4шт.,Імб.-2шт.,Вас.-2шт.);01919;Б_Каппи_Добавки;525;0
2025-03;Лазарева;Д Соус Барбекю;00501;Б_Каппи_Добавки;7;173.9
2025-03;Лазарева;Д Соус Часниковий;01323;Б_Каппи_Добавки;30;857.5
2025-03;Лазарева;Д Соус горіховий 20 гр.;00729;Б_Каппи_Добавки;13;367.6
2025-03;Лазарева;Д Соус соєвий Cappi 50 гр.;00695;Б_Каппи_Добавки;81;717.6
2025-03;Лазарева;Д Соус унагі 20 гр.;00728;Б_Каппи_Добавки;25;602.8
2025-03;Лазарева;Д Спайсі соус 10 гр.;02929;Б_Каппи_Добавки;4;39.6
2025-03;Лазарева;Дабл Тартар;02780;Б_Каппи_Роллы;34;12281.4
2025-03;Лазарева;Джаз;01109;Б_Каппи_Роллы;32;6986.3
2025-03;Лазарева;Дзен сет;01128;Б_Каппи_Сет;25;21873.8
2025-03;Лазарева;Доставка (зелена);00829;Б_Прочие позиции;33;1217.9
2025-03;Лазарева;Доставка (помаранчева);01235;Б_Прочие позиции;12;561.9
2025-03;Лазарева;Доставка (рожева);03017;Б_Прочие позиции;2;300
2025-03;Лазарева;Доставка (синя);01051;Б_Прочие позиции;4;240
2025-03;Лазарева;Доставка (фіолетова);03016;Б_Прочие позиции;23;2219
2025-03;Лазарева;Ебі Грін;01790;Б_Каппи_Роллы;9;2607.4
2025-03;Лазарева;Ебі сет;02710;Б_Каппи_Сет;51;60565.2
2025-03;Лазарева;Заміна інгрідієнта;02139;Б_Прочие позиции;2;60
2025-03;Лазарева;Зелений Дракон;00156;Б_Каппи_Роллы;17;6254.9
2025-03;Лазарева;Йоші рол;02776;Б_Каппи_Роллы;11;3922.1
2025-03;Лазарева;Каліфорнія ;00774;Б_Каппи_Роллы;37;11654.8
2025-03;Лазарева;Каліфорнія Мікс;00653;Б_Каппи_Роллы;18;6992.8
2025-03;Лазарева;Каліфорнія з креветкою;00654;Б_Каппи_Роллы;42;13738.6
2025-03;Лазарева;Камертон;00960;Б_Каппи_Роллы;36;12887.9
2025-03;Лазарева;Капричоза;02866;Б_Каппи_Пицца;18;4720.2
2025-03;Лазарева;Класика вдвох;02988;Б_Каппи_Акции;8;3992
2025-03;Лазарева;Кока-кола 0,75 л.;01731;Б_Общее_Напитки;70;4105
2025-03;Лазарева;Кока-кола жб 0,33 л.;01736;Б_Общее_Напитки;58;3109.7
2025-03;Лазарева;Кока-кола зеро жб 0,33 л.;01740;Б_Общее_Напитки;46;2466.4
2025-03;Лазарева;Комбо #1;02178;Б_Каппи_Акции;3;3765
2025-03;Лазарева;Комбо #2;02179;Б_Каппи_Акции;1;1099
2025-03;Лазарева;"Комбуча ""Бадьорий""";02896;Б_Общее_Напитки;11;1009.6
2025-03;Лазарева;"Комбуча ""Дивовижний""";02897;Б_Общее_Напитки;3;279.1
2025-03;Лазарева;"Комбуча ""Манливий""";02898;Б_Общее_Напитки;9;819.1
2025-03;Лазарева;Компенсація за негоду;02771;;42;792.2
2025-03;Лазарева;Креветка в кунжуті;00511;Б_Каппи_Роллы;53;15700.7
2025-03;Лазарева;Креветка в темпурі;00533;Б_Каппи_Темпура ролл;156;45599.5
2025-03;Лазарева;Курка в Кисло-солодкому;01825;Б_Каппи_WOK;11;2653.7
2025-03;Лазарева;Курортний;02169;Б_Каппи_Роллы;62;3569
2025-03;Лазарева;Кімурай;03012;Б_Каппи_Роллы;38;14325.9
2025-03;Лазарева;Лимонад 0,5 л.;02057;Б_Общее_Напитки;46;3395.9
2025-03;Лазарева;Листівка до ДН;02061;Б_Прочие позиции;1;0
2025-03;Лазарева;Логістичний збір;02770;;1141;27695.9
2025-03;Лазарева;Лосось Пад Тай;02116;Б_Каппи_Роллы;31;10609.1
2025-03;Лазарева;Лосось в темпурі;00534;Б_Каппи_Темпура ролл;61;13181.9
2025-03;Лазарева;Лосось сет;00517;Б_Каппи_Сет;39;37531.2
2025-03;Лазарева;М Балик 100 г;01204;Б_Каппи_Модификаторы;15;733.6
2025-03;Лазарева;М Вершковий сир 20 г;02126;Б_Каппи_Модификаторы;5;100
2025-03;Лазарева;М Вугор 20 г;02125;Б_Каппи_Модификаторы;4;220
2025-03;Лазарева;М Горіховий соус 20 г;01651;Б_Каппи_Модификаторы;8;220.3
2025-03;Лазарева;М Гриби 50 г;01194;Б_Каппи_Модификаторы;17;302
2025-03;Лазарева;М Кальмар 20 г;02136;Б_Каппи_Модификаторы;11;379.4
2025-03;Лазарева;М Креветка 2 шт.;02123;Б_Каппи_Модификаторы;3;147
2025-03;Лазарева;М Креветка 2 шт.;02135;Б_Каппи_Модификаторы;5;234.2
2025-03;Лазарева;М Курка 20 г;02131;Б_Каппи_Модификаторы;3;72.1
2025-03;Лазарева;М Куряче філе 60 г;01195;Б_Каппи_Модификаторы;19;851.7
2025-03;Лазарева;М Лосось 20 г;02122;Б_Каппи_Модификаторы;2;98
2025-03;Лазарева;М Маслини 20 г;01196;Б_Каппи_Модификаторы;19;463.2
2025-03;Лазарева;М Моцарела 100 г;01201;Б_Каппи_Модификаторы;14;765.8
2025-03;Лазарева;М Мідії 20 г;02137;Б_Каппи_Модификаторы;4;140
2025-03;Лазарева;М Пармезан 20 г;01193;Б_Каппи_Модификаторы;17;660
2025-03;Лазарева;М Пепероні 50 г;01200;Б_Каппи_Модификаторы;7;525
2025-03;Лазарева;М Перець болгарський 40 г;01197;Б_Каппи_Модификаторы;5;145
2025-03;Лазарева;М Помідори 40 г;01199;Б_Каппи_Модификаторы;20;487.1
2025-03;Лазарева;М Соус Барбекю 1 шт.;01202;Б_Каппи_Модификаторы;5;121.6
2025-03;Лазарева;М Соус Пад Тай 10 г;02127;Б_Каппи_Модификаторы;8;80
2025-03;Лазарева;М Соус Соєвий порц.;02728;Б_Каппи_Модификаторы;21;189
2025-03;Лазарева;М Соус Теріякі 10 г;02130;Б_Каппи_Модификаторы;10;99.2
2025-03;Лазарева;М Соус Унагі 20 г;01650;Б_Каппи_Модификаторы;16;394.4
2025-03;Лазарева;М Соус Часниковий 1 шт.;01648;Б_Каппи_Модификаторы;10;288.6
2025-03;Лазарева;М Соус Шірачі 5 г;02129;Б_Каппи_Модификаторы;4;39.8
2025-03;Лазарева;М Спайсі соус 10 г;02128;Б_Каппи_Модификаторы;15;148.7
2025-03;Лазарева;М Тунець 20 г;02124;Б_Каппи_Модификаторы;2;110
2025-03;Лазарева;М Халапеньйо 15 г;01198;Б_Каппи_Модификаторы;12;237
2025-03;Лазарева;Макі Вугор;00161;Б_Каппи_Роллы;23;4875.9
2025-03;Лазарева;Макі Лосось;00159;Б_Каппи_Роллы;52;9182
2025-03;Лазарева;Макі Огірок ;00506;Б_Каппи_Роллы;17;1591.3
2025-03;Лазарева;Макі Сирний;00504;Б_Каппи_Роллы;23;1891.5
2025-03;Лазарева;Макі Чука ;00507;Б_Каппи_Роллы;27;3060.8
2025-03;Лазарева;Монако;00636;Б_Каппи_Роллы;13;5781.5
2025-03;Лазарева;Морс Ягідний 0,5 л.;02697;Б_Общее_Напитки;66;3859.3
2025-03;Лазарева;Моршинська без газу 0,5 л.;00585;Б_Общее_Напитки;66;2970
2025-03;Лазарева;Мочі Ананас-Білий шоколад;02620;Т_Десерты;7;857.2
2025-03;Лазарева;Мочі Диня - Дор Блю;02869;Т_Десерты;10;1201.3
2025-03;Лазарева;Мочі Полуниця;02618;Т_Десерты;26;3146.7
2025-03;Лазарева;Мочі малина;02026;Т_Десерты;15;1755.6
2025-03;Лазарева;Мідорі;03021;Б_Каппи_Премиум ролл;8;3057.5
2025-03;Лазарева;Мідія в темпурі;02167;Б_Каппи_Темпура ролл;10;3329.7
2025-03;Лазарева;Місо з тофу;00708;Б_Каппи_Супы;9;1541.5
2025-03;Лазарева;Навчальні палички;01021;Б_Прочие позиции;35;173.3
2025-03;Лазарева;Нью-Йорк ;02915;Б_Каппи_Роллы;50;21607.1
2025-03;Лазарева;Одеський сет;02170;Б_Каппи_Сет;15;11866.9
2025-03;Лазарева;Ойши сет;02819;Б_Каппи_Сет;14;13988.7
2025-03;Лазарева;Онлайн оплата;02940;;542;0
2025-03;Лазарева;Опен-фуд;02927;;120.7;119
2025-03;Лазарева;Осака;00589;Б_Каппи_Роллы;39;12587.6
2025-03;Лазарева;Париж;00657;Б_Каппи_Роллы;32;14058.6
2025-03;Лазарева;Преміум Креветка;00652;Б_Каппи_Роллы;22;9276
2025-03;Лазарева;Преміум сет;00658;Б_Каппи_Сет;12;19365.6
2025-03;Лазарева;Пікантний краб;00531;Б_Каппи_Темпура ролл;40;9867.2
2025-03;Лазарева;Пікантний лосось ;00532;Б_Каппи_Темпура ролл;32;9512.7
2025-03;Лазарева;Піца 4 сезони;02101;Б_Каппи_Пицца;17;5827.8
2025-03;Лазарева;Піца 4 сири;02118;Б_Каппи_Пицца;42;14180.6
2025-03;Лазарева;Піца Амерікано;02111;Б_Каппи_Пицца;23;6639.2
2025-03;Лазарева;Піца Верона;02912;Б_Каппи_Пицца;26;6956.8
2025-03;Лазарева;Піца Гавайська;02104;Б_Каппи_Пицца;49;14188.6
2025-03;Лазарева;Піца Груша Дор Блю;02175;Б_Каппи_Пицца;34;9939.2
2025-03;Лазарева;Піца Дитяча;02117;Б_Каппи_Пицца;14;4221.8
2025-03;Лазарева;Піца Діабло;02110;Б_Каппи_Пицца;13;3629.1
2025-03;Лазарева;Піца Курка та гриби;02177;Б_Каппи_Пицца;46;14523.2
2025-03;Лазарева;Піца М'ясна;02102;Б_Каппи_Пицца;79;26503.7
2025-03;Лазарева;Піца Маргарита;02174;Б_Каппи_Пицца;24;6002.2
2025-03;Лазарева;Піца Мисливська;02176;Б_Каппи_Пицца;50;13762.1
2025-03;Лазарева;Піца Океанія;02099;Б_Каппи_Пицца;30;11107.5
2025-03;Лазарева;Піца Пепероні;02172;Б_Каппи_Пицца;49;14293.4
2025-03;Лазарева;Піца Пепероні Блу Чіз;02119;Б_Каппи_Пицца;22;7143.8
2025-03;Лазарева;Піца Том Ям;02978;Б_Каппи_Пицца;20;7414.3
2025-03;Лазарева;Піца Чізбургер;02977;Б_Каппи_Пицца;37;12076.8
2025-03;Лазарева;Піца з креветками та брі;02911;Б_Каппи_Пицца;25;9524.1
2025-03;Лазарева;Рамен Том Ям;02606;Б_Каппи_Супы;31;10582.5
2025-03;Лазарева;Рамен Традиційний;02601;Б_Каппи_Супы;27;4578.4
2025-03;Лазарева;Рис з куркою Гострий;00855;Б_Каппи_WOK;24;5086.7
2025-03;Лазарева;Рис з лососем та зеленою цибулею;01855;Б_Каппи_WOK;10;2281.1
2025-03;Лазарева;Рол Пасаж;02168;Б_Каппи_Роллы;5;1557.4
2025-03;Лазарева;Рол-Дог з Креветкою;01787;Б_Каппи_Темпура ролл;19;5722.1
2025-03;Лазарева;Рол-Дог з Лососем;01788;Б_Каппи_Темпура ролл;8;2473.6
2025-03;Лазарева;Романтик-комбо;02916;Б_Каппи_Акции;2;2998
2025-03;Лазарева;Салат Чука-Вакаме;00602;Б_Каппи_Салати;32;6329
2025-03;Лазарева;Салат з вугрем та авокадо;02900;Б_Каппи_Салати;6;2090.9
2025-03;Лазарева;Салат з креветками, грушею та сиром Дор Блю		;02914;Б_Каппи_Салати;8;2722.2
2025-03;Лазарева;Салат з тофу та овочами;02904;Б_Каппи_Салати;5;1425
2025-03;Лазарева;Салмон в боніто ;00538;Б_Каппи_Роллы;20;4073.1
2025-03;Лазарева;Сенкай;03022;Б_Каппи_Премиум ролл;17;6413.3
2025-03;Лазарева;Сервісний збір_Glovo;01934;Б_Каппи_Glovo;120;938.3
2025-03;Лазарева;Сет 2х2;01175;Б_Каппи_Сет;31;27232.1
2025-03;Лазарева;Сирний Вулкан;01863;Б_Каппи_Роллы;2;658.6
2025-03;Лазарева;Спайсі Вулкан;02113;Б_Каппи_Роллы;10;3561.9
2025-03;Лазарева;Спайсі туна;02782;Б_Каппи_Роллы;8;3115
2025-03;Лазарева;Спрайт жб 0,33 л.;01749;Б_Общее_Напитки;5;275
2025-03;Лазарева;Супер Комбо;02181;Б_Каппи_Акции;5;4065
2025-03;Лазарева;Суші бургер з Креветкой;02943;Б_Каппи_Бургер;97;28784.3
2025-03;Лазарева;Суші бургер з Лососем;02944;Б_Каппи_Бургер;76;24277
2025-03;Лазарева;ТОП сет;00362;Б_Каппи_Сет;36;48474.9
2025-03;Лазарева;Тайфун;03024;Б_Каппи_Темпура ролл;25;8773.8
2025-03;Лазарева;Темпура сет;00559;Б_Каппи_Сет;22;25881.1
2025-03;Лазарева;Теплий сет;02712;Б_Каппи_Сет;35;27635.8
2025-03;Лазарева;Том Ям;02597;Б_Каппи_Супы;47;15792.7
2025-03;Лазарева;Тропік ;01862;Б_Каппи_Роллы;16;4716.9
2025-03;Лазарева;Тропікана;03014;Б_Каппи_Роллы;53;18938.9
2025-03;Лазарева;Тропічний Вулкан;02112;Б_Каппи_Роллы;10;3531.6
2025-03;Лазарева;Туна Чіз;03013;Б_Каппи_Роллы;13;4075.1
2025-03;Лазарева;Удон з креветками;01813;Б_Каппи_WOK;24;6623.1
2025-03;Лазарева;Удон з куркою Теріякі;00856;Б_Каппи_WOK;63;15340.2
2025-03;Лазарева;Унагамі;03011;Б_Каппи_Роллы;19;6985.2
2025-03;Лазарева;Унагі Брі;02906;Б_Каппи_Роллы;11;4197
2025-03;Лазарева;Унагі Фаєр Рол;00656;Б_Каппи_Премиум ролл;9;3962.7
2025-03;Лазарева;Унагі чіз;02923;Б_Каппи_Премиум ролл;5;2125
2025-03;Лазарева;Упаковка д/роллов (доп);01174;МБП Упаковка;1;10
2025-03;Лазарева;Фанта жб 0,33 л.;01743;Б_Общее_Напитки;16;879.5
2025-03;Лазарева;Фреш Філадельфія;02800;Б_Каппи_Роллы;12;4336.8
2025-03;Лазарева;Фудзі темпура;00911;Б_Каппи_Темпура ролл;36;11742.9
2025-03;Лазарева;Філа Ланч;02706;Б_Каппи_Акции;19;7332.2
2025-03;Лазарева;Філадельфія;00168;Б_Каппи_Роллы;179;63368.9
2025-03;Лазарева;Філадельфія Класік;00459;Б_Каппи_Роллы;113;20441.4
2025-03;Лазарева;Філадельфія Преміум;00611;Б_Каппи_Роллы;67;25490.4
2025-03;Лазарева;Філадельфія з креветкою;02798;Б_Каппи_Роллы;96;31486.6
2025-03;Лазарева;Філадельфія з манго;00612;Б_Каппи_Роллы;43;12375.3
2025-03;Лазарева;Філадельфія з тунцем;00516;Б_Каппи_Роллы;22;8429.8
2025-03;Лазарева;Цезар з куркою;02803;Б_Каппи_Салати;28;7832.4
2025-03;Лазарева;Цезар з лососем;02992;Б_Каппи_Салати;8;2320.9
2025-03;Лазарева;Чорний Дракон;00170;Б_Каппи_Роллы;40;14948
2025-03;Лазарева;Чізі Креветка;01113;Б_Каппи_Роллы;25;5872.1
2025-03;Лазарева;Чізі лосось;02921;Б_Каппи_Премиум ролл;13;5367.1
2025-03;Лазарева;Юме сет;02818;Б_Каппи_Сет;16;16730
2025-03;Лазарева;Які Ебі Манго;02946;Б_Каппи_Запеч_Роллы;59;15156.2
2025-03;Лазарева;Які Салмон;02950;Б_Каппи_Запеч_Роллы;36;10376.1
2025-03;Лазарева;Які Спайсі Краб;02949;Б_Каппи_Запеч_Роллы;50;11867
2025-03;Лазарева;Які Туна ;02942;Б_Каппи_Запеч_Роллы;21;6036.5
2025-03;Лазарева;Які Унагі;02945;Б_Каппи_Запеч_Роллы;64;17495.9
2025-03;Лазарева;Яєчна з куркою та креветками;01815;Б_Каппи_WOK;17;5014.2
2025-03;Лазарева;Яєчна з морепродуктами;00859;Б_Каппи_WOK;38;11096.6
2025-03;Левітана; G Фанта жб 0,33 л.;02826;Б_Общее_Напитки;1;39
2025-03;Левітана;.Гарного дня!;00944;Б_Прочие позиции;1922;0
2025-03;Левітана;Affinity сет;03015;Б_Каппи_Сет;19;19885.4
2025-03;Левітана;Cappiroll;00583;Б_Каппи_Роллы;63;23777.1
2025-03;Левітана;Cappizza;02173;Б_Каппи_Пицца;33;9869.2
2025-03;Левітана;G Антикризовий сет;02932;Б_Акції Глово;14;8386
2025-03;Левітана;G Вугор сет;02935;Б_Акції Глово;4;4220
2025-03;Левітана;G Доставка;00984;Б_Каппи_Glovo;396;19771.2
2025-03;Левітана;G Ебі сет;02936;Б_Акції Глово;8;9560
2025-03;Левітана;G Лосось в темпурі;02763;Б_Акції Глово;7;1575
2025-03;Левітана;G Пікантний краб;02933;Б_Акції Глово;8;2040
2025-03;Левітана;G Рис з лососем та зеленою цибулею;02761;Б_Акції Глово;3;705
2025-03;Левітана;G Рол Курортний;02934;Б_Акції Глово;2;470
2025-03;Левітана;G Салмон в бонито ;02884;Б_Акції Глово;1;229
2025-03;Левітана;G Теплий сет;02883;Б_Акції Глово;8;6360
2025-03;Левітана;GC_Доставка 0 грн;02503;Б_Глово_Модификаторы;39;0
2025-03;Левітана;L`amour Сет;01729;Б_Каппи_Сет;23;24454.2
2025-03;Левітана;Party-комбо ( Pepsi Cola з/б 0,33л -1шт та  Pepsi Cola Max з/б 0,33л - 1шт;02708;Б_Каппи_Акции;4;4380
2025-03;Левітана;Rich 1 л. Апельсин;00352;Б_Общее_Напитки;14;1454.3
2025-03;Левітана;Rich 1 л. Экзотик;00172;Б_Общее_Напитки;13;1365
2025-03;Левітана;Rich 1 л. Яблуко;00415;Б_Общее_Напитки;9;928.7
2025-03;Левітана;Імператор;00892;Б_Каппи_Роллы;12;5090.3
2025-03;Левітана;Акаї;03023;Б_Каппи_Премиум ролл;20;7673.7
2025-03;Левітана;Аляска;00513;Б_Каппи_Премиум ролл;21;8154.4
2025-03;Левітана;Аморе;02781;Б_Каппи_Роллы;41;14619.9
2025-03;Левітана;Антикризовий сет;00578;Б_Каппи_Сет;48;28408
2025-03;Левітана;Банзай ;00528;Б_Каппи_Темпура ролл;183;65071.2
2025-03;Левітана;Бао бургер з крабом;02966;Б_Каппи_БАО;8;2143.3
2025-03;Левітана;Бао бургер з креветкою;02967;Б_Каппи_БАО;14;4242.8
2025-03;Левітана;Бао бургер з лососем;02968;Б_Каппи_БАО;2;663.8
2025-03;Левітана;Без приборів!;01593;Б_Прочие позиции;59;0
2025-03;Левітана;Боніто з лососем;00154;Б_Каппи_Роллы;18;4499.3
2025-03;Левітана;Боніто з тунцем;00512;Б_Каппи_Роллы;11;2996.6
2025-03;Левітана;Боул Дабл Фіш;01886;Б_Каппи_Боул;27;10323.7
2025-03;Левітана;Боул Філадельфія;01887;Б_Каппи_Боул;35;12239.4
2025-03;Левітана;Боул з Куркою;01891;Б_Каппи_Боул;14;3420.3
2025-03;Левітана;Боул з Лососем;01890;Б_Каппи_Боул;22;7190.3
2025-03;Левітана;Вершкова креветка;00775;Б_Каппи_Роллы;62;20194.9
2025-03;Левітана;Веселка;00509;Б_Каппи_Роллы;64;24091.7
2025-03;Левітана;Весняний Сет;01844;Б_Каппи_Сет;22;20190
2025-03;Левітана;Вишуканий дует;02989;Б_Каппи_Акции;2;1183.6
2025-03;Левітана;Вугор сет;02711;Б_Каппи_Сет;10;10603.7
2025-03;Левітана;Вулкан з креветкою;02799;Б_Каппи_Роллы;27;7942.6
2025-03;Левітана;Д Імбир Cappi 30 гр.;01049;Б_Каппи_Добавки;140;1656.3
2025-03;Левітана;Д Васабі Cappi 7,5 гр.;01050;Б_Каппи_Добавки;172;1520.1
2025-03;Левітана;Д Набір Cappi (додатковий);01038;Б_Каппи_Добавки;2;58
2025-03;Левітана;Д Набір №1 (Соев.-1шт.,Імб.-1шт.,Вас.-1шт.);01916;Б_Каппи_Добавки;377;0
2025-03;Левітана;Д Набір №2 (Соев.-2шт.,Імб.-1шт.,Вас.-1шт.);01917;Б_Каппи_Добавки;366;0
2025-03;Левітана;Д Набір №3 (Соев.-3шт.,Імб.-2шт.,Вас.-1шт.);01918;Б_Каппи_Добавки;416;0
2025-03;Левітана;Д Набір №4 (Соев.-4шт.,Імб.-2шт.,Вас.-2шт.);01919;Б_Каппи_Добавки;493;0
2025-03;Левітана;Д Соус Барбекю;00501;Б_Каппи_Добавки;15;371
2025-03;Левітана;Д Соус Часниковий;01323;Б_Каппи_Добавки;27;777.2
2025-03;Левітана;Д Соус горіховий 20 гр.;00729;Б_Каппи_Добавки;18;502.8
2025-03;Левітана;Д Соус соєвий Cappi 50 гр.;00695;Б_Каппи_Добавки;86;769.8
2025-03;Левітана;Д Соус унагі 20 гр.;00728;Б_Каппи_Добавки;11;259.6
2025-03;Левітана;Д Спайсі соус 10 гр.;02929;Б_Каппи_Добавки;9;86.2
2025-03;Левітана;Дабл Тартар;02780;Б_Каппи_Роллы;50;17601.6
2025-03;Левітана;Джаз;01109;Б_Каппи_Роллы;43;9333.8
2025-03;Левітана;Дзен сет;01128;Б_Каппи_Сет;35;31023.3
2025-03;Левітана;Доставка (зелена);00829;Б_Прочие позиции;44;1600
2025-03;Левітана;Доставка (помаранчева);01235;Б_Прочие позиции;14;656.8
2025-03;Левітана;Доставка (синя);01051;Б_Прочие позиции;2;120
2025-03;Левітана;Ебі Грін;01790;Б_Каппи_Роллы;14;4105.8
2025-03;Левітана;Ебі сет;02710;Б_Каппи_Сет;48;56445.5
2025-03;Левітана;Заміна інгрідієнта;02139;Б_Прочие позиции;1;30
2025-03;Левітана;Зелений Дракон;00156;Б_Каппи_Роллы;24;8933.7
2025-03;Левітана;Йоші рол;02776;Б_Каппи_Роллы;17;6093.3
2025-03;Левітана;Каліфорнія ;00774;Б_Каппи_Роллы;37;11692.4
2025-03;Левітана;Каліфорнія Мікс;00653;Б_Каппи_Роллы;21;8146.1
2025-03;Левітана;Каліфорнія з креветкою;00654;Б_Каппи_Роллы;20;6483.3
2025-03;Левітана;Камертон;00960;Б_Каппи_Роллы;32;11750.1
2025-03;Левітана;Капричоза;02866;Б_Каппи_Пицца;8;2203.7
2025-03;Левітана;Класика вдвох;02988;Б_Каппи_Акции;10;4910.5
2025-03;Левітана;Кока-кола 0,75 л.;01731;Б_Общее_Напитки;65;3704
2025-03;Левітана;Кока-кола жб 0,33 л.;01736;Б_Общее_Напитки;17;931.2
2025-03;Левітана;Кока-кола зеро жб 0,33 л.;01740;Б_Общее_Напитки;47;2499
2025-03;Левітана;Комбо #1;02178;Б_Каппи_Акции;2;2520
2025-03;Левітана;Комбо #2;02179;Б_Каппи_Акции;2;1978.2
2025-03;Левітана;"Комбуча ""Бадьорий""";02896;Б_Общее_Напитки;13;1212.1
2025-03;Левітана;"Комбуча ""Дивовижний""";02897;Б_Общее_Напитки;4;380
2025-03;Левітана;"Комбуча ""Манливий""";02898;Б_Общее_Напитки;11;1045
2025-03;Левітана;Компенсація за негоду;02771;;54;1051.4
2025-03;Левітана;Креветка в кунжуті;00511;Б_Каппи_Роллы;41;11942.4
2025-03;Левітана;Креветка в темпурі;00533;Б_Каппи_Темпура ролл;141;41094
2025-03;Левітана;Курка в Кисло-солодкому;01825;Б_Каппи_WOK;24;5921.4
2025-03;Левітана;Курортний;02169;Б_Каппи_Роллы;51;4351.1
2025-03;Левітана;Кімурай;03012;Б_Каппи_Роллы;38;14341
2025-03;Левітана;Лимонад 0,5 л.;02057;Б_Общее_Напитки;41;2988.5
2025-03;Левітана;Листівка до ДН;02061;Б_Прочие позиции;1;0
2025-03;Левітана;Логістичний збір;02770;;1196;28958.2
2025-03;Левітана;Лосось Пад Тай;02116;Б_Каппи_Роллы;25;8452
2025-03;Левітана;Лосось в темпурі;00534;Б_Каппи_Темпура ролл;83;18156.9
2025-03;Левітана;Лосось сет;00517;Б_Каппи_Сет;36;34500.7
2025-03;Левітана;М Авокадо 20 г;02133;Б_Каппи_Модификаторы;2;78
2025-03;Левітана;М Балик 100 г;01204;Б_Каппи_Модификаторы;15;731.4
2025-03;Левітана;М Вершковий сир 20 г;02126;Б_Каппи_Модификаторы;3;59.1
2025-03;Левітана;М Вугор 20 г;02125;Б_Каппи_Модификаторы;4;217
2025-03;Левітана;М Горіховий соус 20 г;01651;Б_Каппи_Модификаторы;16;445.4
2025-03;Левітана;М Гриби 50 г;01194;Б_Каппи_Модификаторы;13;233.1
2025-03;Левітана;М Кальмар 20 г;02136;Б_Каппи_Модификаторы;13;446.6
2025-03;Левітана;М Креветка 2 шт.;02123;Б_Каппи_Модификаторы;4;196
2025-03;Левітана;М Креветка 2 шт.;02135;Б_Каппи_Модификаторы;23;1119.2
2025-03;Левітана;М Курка 20 г;02131;Б_Каппи_Модификаторы;7;175
2025-03;Левітана;М Куряче філе 60 г;01195;Б_Каппи_Модификаторы;23;1035
2025-03;Левітана;М Лосось 20 г;02122;Б_Каппи_Модификаторы;2;95.3
2025-03;Левітана;М Маслини 20 г;01196;Б_Каппи_Модификаторы;12;283.6
2025-03;Левітана;М Моцарела 100 г;01201;Б_Каппи_Модификаторы;6;330
2025-03;Левітана;М Мідії 20 г;02137;Б_Каппи_Модификаторы;9;314
2025-03;Левітана;М Огірок 20 г;02132;Б_Каппи_Модификаторы;1;25
2025-03;Левітана;М Пармезан 20 г;01193;Б_Каппи_Модификаторы;9;326.5
2025-03;Левітана;М Пепероні 50 г;01200;Б_Каппи_Модификаторы;10;750
2025-03;Левітана;М Перець болгарський 40 г;01197;Б_Каппи_Модификаторы;6;174
2025-03;Левітана;М Помідори 40 г;01199;Б_Каппи_Модификаторы;11;272.9
2025-03;Левітана;М Соус Барбекю 1 шт.;01202;Б_Каппи_Модификаторы;7;175
2025-03;Левітана;М Соус Пад Тай 10 г;02127;Б_Каппи_Модификаторы;4;40
2025-03;Левітана;М Соус Соєвий порц.;02728;Б_Каппи_Модификаторы;31;279
2025-03;Левітана;М Соус Теріякі 10 г;02130;Б_Каппи_Модификаторы;15;148.6
2025-03;Левітана;М Соус Унагі 20 г;01650;Б_Каппи_Модификаторы;25;616.3
2025-03;Левітана;М Соус Часниковий 1 шт.;01648;Б_Каппи_Модификаторы;10;290
2025-03;Левітана;М Соус Шірачі 5 г;02129;Б_Каппи_Модификаторы;1;10
2025-03;Левітана;М Спайсі соус 10 г;02128;Б_Каппи_Модификаторы;16;156.8
2025-03;Левітана;М Тунець 20 г;02124;Б_Каппи_Модификаторы;3;165
2025-03;Левітана;М Халапеньйо 15 г;01198;Б_Каппи_Модификаторы;10;197
2025-03;Левітана;Макі Вугор;00161;Б_Каппи_Роллы;19;3992.7
2025-03;Левітана;Макі Лосось;00159;Б_Каппи_Роллы;28;4993.1
2025-03;Левітана;Макі Огірок ;00506;Б_Каппи_Роллы;31;2867.9
2025-03;Левітана;Макі Сирний;00504;Б_Каппи_Роллы;28;2216.6
2025-03;Левітана;Макі Чука ;00507;Б_Каппи_Роллы;21;2349.3
2025-03;Левітана;Монако;00636;Б_Каппи_Роллы;12;5236.4
2025-03;Левітана;Морс Ягідний 0,5 л.;02697;Б_Общее_Напитки;63;3631.5
2025-03;Левітана;Моршинська без газу 0,5 л.;00585;Б_Общее_Напитки;20;900
2025-03;Левітана;Мочі Ананас-Білий шоколад;02620;Т_Десерты;10;1232.6
2025-03;Левітана;Мочі Диня - Дор Блю;02869;Т_Десерты;10;1215.9
2025-03;Левітана;Мочі Полуниця;02618;Т_Десерты;18;2118.2
2025-03;Левітана;Мочі малина;02026;Т_Десерты;21;2587
2025-03;Левітана;Мідорі;03021;Б_Каппи_Премиум ролл;7;2632.3
2025-03;Левітана;Мідія в темпурі;02167;Б_Каппи_Темпура ролл;12;3868.8
2025-03;Левітана;Місо з тофу;00708;Б_Каппи_Супы;13;2234.5
2025-03;Левітана;Навчальні палички;01021;Б_Прочие позиции;35;174.3
2025-03;Левітана;Нью-Йорк ;02915;Б_Каппи_Роллы;55;23812
2025-03;Левітана;Одеський сет;02170;Б_Каппи_Сет;14;11130
2025-03;Левітана;Ойши сет;02819;Б_Каппи_Сет;14;13663.8
2025-03;Левітана;Онлайн оплата;02940;;578;0
2025-03;Левітана;Опен-фуд;02927;;69;64.2
2025-03;Левітана;Осака;00589;Б_Каппи_Роллы;46;14749.3
2025-03;Левітана;Париж;00657;Б_Каппи_Роллы;31;13382.9
2025-03;Левітана;Преміум Креветка;00652;Б_Каппи_Роллы;17;7371.4
2025-03;Левітана;Преміум сет;00658;Б_Каппи_Сет;15;24466.6
2025-03;Левітана;Пікантний краб;00531;Б_Каппи_Темпура ролл;27;6668.8
2025-03;Левітана;Пікантний лосось ;00532;Б_Каппи_Темпура ролл;29;8723.9
2025-03;Левітана;Піца 4 сезони;02101;Б_Каппи_Пицца;15;5191.6
2025-03;Левітана;Піца 4 сири;02118;Б_Каппи_Пицца;89;30103.4
2025-03;Левітана;Піца Амерікано;02111;Б_Каппи_Пицца;21;5881
2025-03;Левітана;Піца Верона;02912;Б_Каппи_Пицца;27;7328.4
2025-03;Левітана;Піца Гавайська;02104;Б_Каппи_Пицца;47;13791.7
2025-03;Левітана;Піца Груша Дор Блю;02175;Б_Каппи_Пицца;36;10398
2025-03;Левітана;Піца Дитяча;02117;Б_Каппи_Пицца;9;2692.2
2025-03;Левітана;Піца Діабло;02110;Б_Каппи_Пицца;8;2203.8
2025-03;Левітана;Піца Курка та гриби;02177;Б_Каппи_Пицца;38;11802.9
2025-03;Левітана;Піца М'ясна;02102;Б_Каппи_Пицца;73;24721.2
2025-03;Левітана;Піца Маргарита;02174;Б_Каппи_Пицца;23;5724.7
2025-03;Левітана;Піца Мисливська;02176;Б_Каппи_Пицца;56;16232.2
2025-03;Левітана;Піца Океанія;02099;Б_Каппи_Пицца;20;7406.5
2025-03;Левітана;Піца Пепероні;02172;Б_Каппи_Пицца;70;20335.3
2025-03;Левітана;Піца Пепероні Блу Чіз;02119;Б_Каппи_Пицца;28;8991.7
2025-03;Левітана;Піца Том Ям;02978;Б_Каппи_Пицца;25;9115.8
2025-03;Левітана;Піца Чізбургер;02977;Б_Каппи_Пицца;43;14037.6
2025-03;Левітана;Піца з креветками та брі;02911;Б_Каппи_Пицца;26;9645
2025-03;Левітана;Рамен Том Ям;02606;Б_Каппи_Супы;34;11580.3
2025-03;Левітана;Рамен Традиційний;02601;Б_Каппи_Супы;27;4689.8
2025-03;Левітана;Рис з куркою Гострий;00855;Б_Каппи_WOK;22;4541.2
2025-03;Левітана;Рис з лососем та зеленою цибулею;01855;Б_Каппи_WOK;19;4279.7
2025-03;Левітана;Рол Пасаж;02168;Б_Каппи_Роллы;15;4590.2
2025-03;Левітана;Рол-Дог з Креветкою;01787;Б_Каппи_Темпура ролл;20;6217.3
2025-03;Левітана;Рол-Дог з Лососем;01788;Б_Каппи_Темпура ролл;15;4638
2025-03;Левітана;Салат Чука-Вакаме;00602;Б_Каппи_Салати;55;11140.3
2025-03;Левітана;Салат з вугрем та авокадо;02900;Б_Каппи_Салати;8;2811.4
2025-03;Левітана;Салат з креветками, грушею та сиром Дор Блю		;02914;Б_Каппи_Салати;11;3820.2
2025-03;Левітана;Салат з тофу та овочами;02904;Б_Каппи_Салати;3;855
2025-03;Левітана;Салмон в боніто ;00538;Б_Каппи_Роллы;26;5189.2
2025-03;Левітана;Сенкай;03022;Б_Каппи_Премиум ролл;23;8858.8
2025-03;Левітана;Сервісний збір_Glovo;01934;Б_Каппи_Glovo;125;988.8
2025-03;Левітана;Сет 2х2;01175;Б_Каппи_Сет;22;19478.4
2025-03;Левітана;Сирний Вулкан;01863;Б_Каппи_Роллы;3;1005
2025-03;Левітана;Спайсі Вулкан;02113;Б_Каппи_Роллы;29;9876.2
2025-03;Левітана;Спайсі туна;02782;Б_Каппи_Роллы;10;3694.8
2025-03;Левітана;Спрайт жб 0,33 л.;01749;Б_Общее_Напитки;10;539.3
2025-03;Левітана;Супер Комбо;02181;Б_Каппи_Акции;5;4220
2025-03;Левітана;Суші бургер з Креветкой;02943;Б_Каппи_Бургер;123;36147.3
2025-03;Левітана;Суші бургер з Лососем;02944;Б_Каппи_Бургер;140;44550.6
2025-03;Левітана;ТОП сет;00362;Б_Каппи_Сет;48;64665.5
2025-03;Левітана;Тайфун;03024;Б_Каппи_Темпура ролл;13;4709.7
2025-03;Левітана;Темпура сет;00559;Б_Каппи_Сет;26;30202.1
2025-03;Левітана;Теплий сет;02712;Б_Каппи_Сет;46;36164.9
2025-03;Левітана;Том Ям;02597;Б_Каппи_Супы;73;24954.1
2025-03;Левітана;Тропік ;01862;Б_Каппи_Роллы;19;5686.9
2025-03;Левітана;Тропікана;03014;Б_Каппи_Роллы;49;17273.8
2025-03;Левітана;Тропічний Вулкан;02112;Б_Каппи_Роллы;15;5200.6
2025-03;Левітана;Туна Чіз;03013;Б_Каппи_Роллы;11;3682.3
2025-03;Левітана;Удон з креветками;01813;Б_Каппи_WOK;52;14910
2025-03;Левітана;Удон з куркою Теріякі;00856;Б_Каппи_WOK;49;11890.3
2025-03;Левітана;Унагамі;03011;Б_Каппи_Роллы;26;9445
2025-03;Левітана;Унагі Брі;02906;Б_Каппи_Роллы;16;6038.2
2025-03;Левітана;Унагі Фаєр Рол;00656;Б_Каппи_Премиум ролл;17;7289.6
2025-03;Левітана;Унагі чіз;02923;Б_Каппи_Премиум ролл;7;2890
2025-03;Левітана;Фанта жб 0,33 л.;01743;Б_Общее_Напитки;3;165
2025-03;Левітана;Фреш Філадельфія;02800;Б_Каппи_Роллы;9;3270.2
2025-03;Левітана;Фудзі темпура;00911;Б_Каппи_Темпура ролл;39;12494.4
2025-03;Левітана;Філа Ланч;02706;Б_Каппи_Акции;17;6689.9
2025-03;Левітана;Філадельфія;00168;Б_Каппи_Роллы;233;81590.1
2025-03;Левітана;Філадельфія Класік;00459;Б_Каппи_Роллы;141;22607.2
2025-03;Левітана;Філадельфія Преміум;00611;Б_Каппи_Роллы;80;30483.7
2025-03;Левітана;Філадельфія з креветкою;02798;Б_Каппи_Роллы;101;33267.1
2025-03;Левітана;Філадельфія з манго;00612;Б_Каппи_Роллы;37;10772.6
2025-03;Левітана;Філадельфія з тунцем;00516;Б_Каппи_Роллы;22;8260.9
2025-03;Левітана;Цезар з куркою;02803;Б_Каппи_Салати;23;6429.6
2025-03;Левітана;Цезар з лососем;02992;Б_Каппи_Салати;9;2619
2025-03;Левітана;Чорний Дракон;00170;Б_Каппи_Роллы;26;10018.4
2025-03;Левітана;Чізі Креветка;01113;Б_Каппи_Роллы;18;4172.6
2025-03;Левітана;Чізі лосось;02921;Б_Каппи_Премиум ролл;10;3885.5
2025-03;Левітана;Юме сет;02818;Б_Каппи_Сет;16;16682.6
2025-03;Левітана;Які Ебі Манго;02946;Б_Каппи_Запеч_Роллы;65;16636
2025-03;Левітана;Які Салмон;02950;Б_Каппи_Запеч_Роллы;33;9593.9
2025-03;Левітана;Які Спайсі Краб;02949;Б_Каппи_Запеч_Роллы;36;8618.3
2025-03;Левітана;Які Туна ;02942;Б_Каппи_Запеч_Роллы;11;3140.8
2025-03;Левітана;Які Унагі;02945;Б_Каппи_Запеч_Роллы;50;13106.7
2025-03;Левітана;Яєчна з куркою та креветками;01815;Б_Каппи_WOK;24;6970.1
2025-03;Левітана;Яєчна з морепродуктами;00859;Б_Каппи_WOK;32;9263.4
2025-04;Лазарева;.Гарного дня!;00944;Б_Прочие позиции;1828;0
2025-04;Лазарева;Affinity сет;03015;Б_Каппи_Сет;14;15050
2025-04;Лазарева;Cappiroll;00583;Б_Каппи_Роллы;48;17586.6
2025-04;Лазарева;Cappizza;02173;Б_Каппи_Пицца;35;9723
2025-04;Лазарева;G Антикризовий сет;02932;Б_Акції Глово;15;8883.2
2025-04;Лазарева;G Вугор сет;02935;Б_Акції Глово;2;2150
2025-04;Лазарева;G Доставка;00984;Б_Каппи_Glovo;368;18329.1
2025-04;Лазарева;G Ебі сет;02936;Б_Акції Глово;4;4780
2025-04;Лазарева;G Лосось в темпурі;02763;Б_Акції Глово;9;2025
2025-04;Лазарева;G Пікантний краб;02933;Б_Акції Глово;4;1020
2025-04;Лазарева;G Рис з лососем та зеленою цибулею;02761;Б_Акції Глово;4;940
2025-04;Лазарева;G Рол Курортний;02934;Б_Акції Глово;2;470
2025-04;Лазарева;G Салмон в бонито ;02884;Б_Акції Глово;1;229
2025-04;Лазарева;G Теплий сет;02883;Б_Акції Глово;7;5565
2025-04;Лазарева;GC_Доставка 0 грн;02503;Б_Глово_Модификаторы;9;0
2025-04;Лазарева;Glovo <800 ;03025;;44;2537.8
2025-04;Лазарева;L`amour Сет;01729;Б_Каппи_Сет;24;25815.2
2025-04;Лазарева;MOVA світле пиво безалкогольне 0.33 л.;03049;Б_Общее_Напитки;6;416.4
2025-04;Лазарева;MOVA темне пиво безалкогольне 0,33 л.;03048;Б_Общее_Напитки;5;314.2
2025-04;Лазарева;Rich 1 л Апельсин ;03077;Б_Каппи_Glovo;2;202.5
2025-04;Лазарева;Rich 1 л. Апельсин;00352;Б_Общее_Напитки;8;753.1
2025-04;Лазарева;Rich 1 л. Экзотик;00172;Б_Общее_Напитки;3;308
2025-04;Лазарева;Rich 1 л. Яблуко;00415;Б_Общее_Напитки;2;208.9
2025-04;Лазарева;_Комбо 1;03031;Б_Каппи_Glovo;16;4428.4
2025-04;Лазарева;_Комбо 2;03035;Б_Каппи_Glovo;4;971.1
2025-04;Лазарева;_Комбо 3;03034;Б_Каппи_Glovo;11;3375
2025-04;Лазарева;_Комбо 4;03033;Б_Каппи_Glovo;6;1648.4
2025-04;Лазарева;Імператор;00892;Б_Каппи_Роллы;15;6771.7
2025-04;Лазарева;Акаї;03023;Б_Каппи_Премиум ролл;41;18988.6
2025-04;Лазарева;Аляска;00513;Б_Каппи_Премиум ролл;15;5957.3
2025-04;Лазарева;Аморе;02781;Б_Каппи_Роллы;32;11792.6
2025-04;Лазарева;Антикризовий сет;00578;Б_Каппи_Сет;56;32732.9
2025-04;Лазарева;Банзай ;00528;Б_Каппи_Темпура ролл;137;48633.6
2025-04;Лазарева;Бао бургер з крабом;02966;Б_Каппи_БАО;4;1180
2025-04;Лазарева;Бао бургер з креветкою;02967;Б_Каппи_БАО;9;3046.7
2025-04;Лазарева;Бао бургер з лососем;02968;Б_Каппи_БАО;2;698
2025-04;Лазарева;Без приборів!;01593;Б_Прочие позиции;74;0
2025-04;Лазарева;Боніто з лососем;00154;Б_Каппи_Роллы;25;6206.8
2025-04;Лазарева;Боніто з тунцем;00512;Б_Каппи_Роллы;12;3135.2
2025-04;Лазарева;Борщ зі свининою;03028;Б_Каппи_Glovo;16;2812.2
2025-04;Лазарева;Боул Дабл Фіш;01886;Б_Каппи_Боул;28;10689.1
2025-04;Лазарева;Боул Філадельфія;01887;Б_Каппи_Боул;16;5594
2025-04;Лазарева;Боул з Куркою;01891;Б_Каппи_Боул;6;1496.4
2025-04;Лазарева;Боул з Лососем;01890;Б_Каппи_Боул;14;4971.1
2025-04;Лазарева;Бульон курячий;03029;Б_Каппи_Glovo;17;2825
2025-04;Лазарева;Вершкова креветка;00775;Б_Каппи_Роллы;64;21686.2
2025-04;Лазарева;Веселка;00509;Б_Каппи_Роллы;60;22826.2
2025-04;Лазарева;Весняний Сет;01844;Б_Каппи_Сет;14;13131.6
2025-04;Лазарева;Вишуканий дует;02989;Б_Каппи_Акции;6;3486.2
2025-04;Лазарева;Вугор сет;02711;Б_Каппи_Сет;8;8537.3
2025-04;Лазарева;Вулкан з креветкою;02799;Б_Каппи_Роллы;50;12729.8
2025-04;Лазарева;Відбивна куряча;03039;Б_Каппи_Glovo;4;780
2025-04;Лазарева;Вінегрет;03060;Б_Каппи_Glovo;11;1256.8
2025-04;Лазарева;Гречана каша;03053;Б_Каппи_Glovo;6;480
2025-04;Лазарева;Д Імбир Cappi 30 гр.;01049;Б_Каппи_Добавки;160;1895.9
2025-04;Лазарева;Д Васабі Cappi 7,5 гр.;01050;Б_Каппи_Добавки;182;1618.9
2025-04;Лазарева;Д Набір Cappi (додатковий);01038;Б_Каппи_Добавки;1;29
2025-04;Лазарева;Д Набір №1 (Соев.-1шт.,Імб.-1шт.,Вас.-1шт.);01916;Б_Каппи_Добавки;326;0
2025-04;Лазарева;Д Набір №2 (Соев.-2шт.,Імб.-1шт.,Вас.-1шт.);01917;Б_Каппи_Добавки;315;0
2025-04;Лазарева;Д Набір №3 (Соев.-3шт.,Імб.-2шт.,Вас.-1шт.);01918;Б_Каппи_Добавки;367;0
2025-04;Лазарева;Д Набір №4 (Соев.-4шт.,Імб.-2шт.,Вас.-2шт.);01919;Б_Каппи_Добавки;464;0
2025-04;Лазарева;Д Соус Барбекю;00501;Б_Каппи_Добавки;3;75
2025-04;Лазарева;Д Соус Часниковий;01323;Б_Каппи_Добавки;11;312
2025-04;Лазарева;Д Соус горіховий 20 гр.;00729;Б_Каппи_Добавки;9;250.3
2025-04;Лазарева;Д Соус соєвий Cappi 50 гр.;00695;Б_Каппи_Добавки;81;723.2
2025-04;Лазарева;Д Соус унагі 20 гр.;00728;Б_Каппи_Добавки;14;348.4
2025-04;Лазарева;Д Спайсі соус 10 гр.;02929;Б_Каппи_Добавки;8;79.5
2025-04;Лазарева;Дабл Тартар;02780;Б_Каппи_Роллы;31;11320.9
2025-04;Лазарева;Деруни зі сметаною;03054;Б_Каппи_Glovo;12;1294
2025-04;Лазарева;Джаз;01109;Б_Каппи_Роллы;19;4187.8
2025-04;Лазарева;Дзен сет;01128;Б_Каппи_Сет;22;20182.7
2025-04;Лазарева;Доставка (зелена);00829;Б_Прочие позиции;25;829.2
2025-04;Лазарева;Доставка (помаранчева);01235;Б_Прочие позиции;22;913.8
2025-04;Лазарева;Доставка (рожева);03017;Б_Прочие позиции;7;1014.3
2025-04;Лазарева;Доставка (синя);01051;Б_Прочие позиции;3;180
2025-04;Лазарева;Доставка (фіолетова);03016;Б_Прочие позиции;53;5135.6
2025-04;Лазарева;Ебі Грін;01790;Б_Каппи_Роллы;9;2642.3
2025-04;Лазарева;Ебі сет;02710;Б_Каппи_Сет;38;45263.1
2025-04;Лазарева;Ебі темпура;02986;Б_Каппи_Закуски;15;3643.4
2025-04;Лазарева;Екзотік;03041;Б_Каппи_Роллы;2;550
2025-04;Лазарева;Заміна інгрідієнта;02139;Б_Прочие позиции;12;360
2025-04;Лазарева;Зелений Дракон;00156;Б_Каппи_Роллы;10;3799
2025-04;Лазарева;Йоші рол;02776;Б_Каппи_Роллы;12;4200.8
2025-04;Лазарева;Каліфорнія ;00774;Б_Каппи_Роллы;31;9605.6
2025-04;Лазарева;Каліфорнія Мікс;00653;Б_Каппи_Роллы;18;7026
2025-04;Лазарева;Каліфорнія з креветкою;00654;Б_Каппи_Роллы;19;6481.6
2025-04;Лазарева;Камамбер фрі;03093;Б_Каппи_Закуски;9;2460
2025-04;Лазарева;Камертон;00960;Б_Каппи_Роллы;38;11937.9
2025-04;Лазарева;Капричоза;02866;Б_Каппи_Пицца;10;2811.8
2025-04;Лазарева;Картопля по-домашньому  ;03051;Б_Каппи_Glovo;2;260
2025-04;Лазарева;Класика вдвох;02988;Б_Каппи_Акции;11;5120.1
2025-04;Лазарева;Кока-кола 0,75 л БОРЩИК\ГЛОВО;03074;Б_Каппи_Glovo;1;59
2025-04;Лазарева;Кока-кола 0,75 л.;01731;Б_Общее_Напитки;55;3220.4
2025-04;Лазарева;Кока-кола жб 0,33 л.;01736;Б_Общее_Напитки;31;1565
2025-04;Лазарева;Кока-кола зеро жб 0,33 л БОРЩИК\ГЛОВО;03076;Б_Каппи_Glovo;2;110
2025-04;Лазарева;Кока-кола зеро жб 0,33 л.;01740;Б_Общее_Напитки;22;1208.1
2025-04;Лазарева;Комбо #1;02178;Б_Каппи_Акции;3;3805.3
2025-04;Лазарева;Комбо #2;02179;Б_Каппи_Акции;1;1009
2025-04;Лазарева;Комбо #3;02180;Б_Каппи_Акции;6;5157.2
2025-04;Лазарева;"Комбуча  ""Бадьорий""";03082;Б_Каппи_Glovo;1;95
2025-04;Лазарева;"Комбуча  ""Дивовижний""";03083;Б_Каппи_Glovo;2;190
2025-04;Лазарева;"Комбуча ""Бадьорий""";02896;Б_Общее_Напитки;9;812.9
2025-04;Лазарева;"Комбуча ""Дивовижний""";02897;Б_Общее_Напитки;6;565.7
2025-04;Лазарева;"Комбуча ""Манливий""";02898;Б_Общее_Напитки;5;475
2025-04;Лазарева;Компенсація за негоду;02771;;106;2048.6
2025-04;Лазарева;Концепция-Борщик;03072;;74;0
2025-04;Лазарева;Котлета по-київськи ;03055;Б_Каппи_Glovo;7;1155
2025-04;Лазарева;Креветка в кунжуті;00511;Б_Каппи_Роллы;45;13771.2
2025-04;Лазарева;Креветка в темпурі;00533;Б_Каппи_Темпура ролл;117;33717.7
2025-04;Лазарева;Курка в Кисло-солодкому;01825;Б_Каппи_WOK;16;4018.6
2025-04;Лазарева;Курортний;02169;Б_Каппи_Роллы;65;3267
2025-04;Лазарева;Кімурай;03012;Б_Каппи_Роллы;30;11456.8
2025-04;Лазарева;Лимонад 0,5 л.;02057;Б_Общее_Напитки;38;2822.1
2025-04;Лазарева;Лимонад БОРЩИК\ГЛОВО;03085;Б_Каппи_Glovo;10;750
2025-04;Лазарева;Листівка до ДН;02061;Б_Прочие позиции;3;0
2025-04;Лазарева;Логістичний збір;02770;;1043;25177.7
2025-04;Лазарева;Лосось Пад Тай;02116;Б_Каппи_Роллы;21;7204.1
2025-04;Лазарева;Лосось в темпурі;00534;Б_Каппи_Темпура ролл;46;10120.6
2025-04;Лазарева;Лосось сет;00517;Б_Каппи_Сет;50;46016.3
2025-04;Лазарева;М Балик 100 г;01204;Б_Каппи_Модификаторы;11;529.1
2025-04;Лазарева;М Вершковий сир 20 г;02126;Б_Каппи_Модификаторы;4;78.7
2025-04;Лазарева;М Горіховий соус 20 г;01651;Б_Каппи_Модификаторы;12;330.2
2025-04;Лазарева;М Гриби 50 г;01194;Б_Каппи_Модификаторы;9;158.1
2025-04;Лазарева;М Кальмар 20 г;02136;Б_Каппи_Модификаторы;8;280
2025-04;Лазарева;М Креветка 2 шт.;02123;Б_Каппи_Модификаторы;2;94.8
2025-04;Лазарева;М Креветка 2 шт.;02135;Б_Каппи_Модификаторы;7;343
2025-04;Лазарева;М Курка 20 г;02131;Б_Каппи_Модификаторы;6;150
2025-04;Лазарева;М Куряче філе 60 г;01195;Б_Каппи_Модификаторы;10;440.8
2025-04;Лазарева;М Лосось 20 г;02122;Б_Каппи_Модификаторы;2;98
2025-04;Лазарева;М Маслини 20 г;01196;Б_Каппи_Модификаторы;9;212
2025-04;Лазарева;М Моцарела 100 г;01201;Б_Каппи_Модификаторы;4;220
2025-04;Лазарева;М Мідії 20 г;02137;Б_Каппи_Модификаторы;4;140
2025-04;Лазарева;М Пармезан 20 г;01193;Б_Каппи_Модификаторы;4;156
2025-04;Лазарева;М Пепероні 50 г;01200;Б_Каппи_Модификаторы;2;150
2025-04;Лазарева;М Перець болгарський 40 г;01197;Б_Каппи_Модификаторы;3;87
2025-04;Лазарева;М Помідори 40 г;01199;Б_Каппи_Модификаторы;9;218.9
2025-04;Лазарева;М Соус Барбекю 1 шт.;01202;Б_Каппи_Модификаторы;5;125
2025-04;Лазарева;М Соус Пад Тай 10 г;02127;Б_Каппи_Модификаторы;3;30
2025-04;Лазарева;М Соус Соєвий порц.;02728;Б_Каппи_Модификаторы;24;216
2025-04;Лазарева;М Соус Теріякі 10 г;02130;Б_Каппи_Модификаторы;13;129.5
2025-04;Лазарева;М Соус Унагі 20 г;01650;Б_Каппи_Модификаторы;15;365
2025-04;Лазарева;М Соус Часниковий 1 шт.;01648;Б_Каппи_Модификаторы;10;283.2
2025-04;Лазарева;М Соус Шірачі 5 г;02129;Б_Каппи_Модификаторы;3;30
2025-04;Лазарева;М Спайсі соус 10 г;02128;Б_Каппи_Модификаторы;17;170
2025-04;Лазарева;М Халапеньйо 15 г;01198;Б_Каппи_Модификаторы;18;335.8
2025-04;Лазарева;М'ясо по-французьки;03056;Б_Каппи_Glovo;6;1302
2025-04;Лазарева;Макі Вугор;00161;Б_Каппи_Роллы;22;4626.8
2025-04;Лазарева;Макі Лосось;00159;Б_Каппи_Роллы;42;7359.7
2025-04;Лазарева;Макі Огірок ;00506;Б_Каппи_Роллы;12;1112.3
2025-04;Лазарева;Макі Сирний;00504;Б_Каппи_Роллы;19;1584.2
2025-04;Лазарева;Макі Чука ;00507;Б_Каппи_Роллы;24;2724.4
2025-04;Лазарева;Млинці з яблуками;03061;Б_Каппи_Glovo;6;1005
2025-04;Лазарева;Монако;00636;Б_Каппи_Роллы;8;3332.3
2025-04;Лазарева;Морс Ягідний 0,5 л.;02697;Б_Общее_Напитки;75;3842.9
2025-04;Лазарева;Моршинська без газу 0,5 л БОРЩИК\ГЛОВО;03087;Б_Каппи_Glovo;1;45
2025-04;Лазарева;Моршинська без газу 0,5 л.;00585;Б_Общее_Напитки;129;5805
2025-04;Лазарева;Моршинська слаб.газ. 0,5 л.;00584;Б_Общее_Напитки;3;135
2025-04;Лазарева;Мочі Ананас-Білий шоколад;02620;Т_Десерты;12;1473
2025-04;Лазарева;Мочі Диня - Дор Блю;02869;Т_Десерты;11;1339.2
2025-04;Лазарева;Мочі Полуниця;02618;Т_Десерты;22;2710.3
2025-04;Лазарева;Мочі малина;02026;Т_Десерты;25;3081.5
2025-04;Лазарева;Мідорі;03021;Б_Каппи_Премиум ролл;10;4579.4
2025-04;Лазарева;Мідія в темпурі;02167;Б_Каппи_Темпура ролл;15;4860.4
2025-04;Лазарева;Місо з тофу;00708;Б_Каппи_Супы;9;1516
2025-04;Лазарева;Навчальні палички;01021;Б_Прочие позиции;38;188.3
2025-04;Лазарева;Нью-Йорк ;02915;Б_Каппи_Роллы;39;16943.5
2025-04;Лазарева;Одеський сет;02170;Б_Каппи_Сет;17;13445.5
2025-04;Лазарева;Ойши сет;02819;Б_Каппи_Сет;11;11419.1
2025-04;Лазарева;Онлайн оплата;02940;;533;0
2025-04;Лазарева;Опен-фуд;02927;;133;132
2025-04;Лазарева;Осака;00589;Б_Каппи_Роллы;36;11794.1
2025-04;Лазарева;Париж;00657;Б_Каппи_Роллы;22;9591.6
2025-04;Лазарева;Пательня з куркою ;02995;Б_Глово_Lunch Box time;1;250
2025-04;Лазарева;Пательня з куркою.;03036;Б_Каппи_Glovo;10;2500
2025-04;Лазарева;Пательня зі свининою;03030;Б_Каппи_Glovo;17;4165
2025-04;Лазарева;Пательня мисливська.;03037;Б_Каппи_Glovo;10;2650
2025-04;Лазарева;Пересип +;03045;;83;0
2025-04;Лазарева;Преміум Креветка;00652;Б_Каппи_Роллы;10;4450
2025-04;Лазарева;Преміум сет;00658;Б_Каппи_Сет;11;17792
2025-04;Лазарева;Пюре;03052;Б_Каппи_Glovo;1;130
2025-04;Лазарева;Пікантний краб;00531;Б_Каппи_Темпура ролл;34;8406.3
2025-04;Лазарева;Пікантний лосось ;00532;Б_Каппи_Темпура ролл;27;6987.7
2025-04;Лазарева;Піца 4 сезони;02101;Б_Каппи_Пицца;8;2867.5
2025-04;Лазарева;Піца 4 сири;02118;Б_Каппи_Пицца;60;18760.2
2025-04;Лазарева;Піца Амерікано;02111;Б_Каппи_Пицца;18;4974.1
2025-04;Лазарева;Піца Верона;02912;Б_Каппи_Пицца;26;6732.5
2025-04;Лазарева;Піца Гавайська;02104;Б_Каппи_Пицца;43;12896.1
2025-04;Лазарева;Піца Груша Дор Блю;02175;Б_Каппи_Пицца;23;6536.9
2025-04;Лазарева;Піца Дитяча;02117;Б_Каппи_Пицца;13;4095
2025-04;Лазарева;Піца Діабло;02110;Б_Каппи_Пицца;16;4369.5
2025-04;Лазарева;Піца Курка та гриби;02177;Б_Каппи_Пицца;49;15493.2
2025-04;Лазарева;Піца М'ясна;02102;Б_Каппи_Пицца;81;24473.5
2025-04;Лазарева;Піца Маргарита;02174;Б_Каппи_Пицца;16;4169.5
2025-04;Лазарева;Піца Мисливська;02176;Б_Каппи_Пицца;48;13190.6
2025-04;Лазарева;Піца Океанія;02099;Б_Каппи_Пицца;14;5354.7
2025-04;Лазарева;Піца Пепероні;02172;Б_Каппи_Пицца;51;13726.9
2025-04;Лазарева;Піца Пепероні Блу Чіз;02119;Б_Каппи_Пицца;28;8885
2025-04;Лазарева;Піца Том Ям;02978;Б_Каппи_Пицца;21;8006
2025-04;Лазарева;Піца Чізбургер;02977;Б_Каппи_Пицца;29;9315.5
2025-04;Лазарева;Піца з креветками та брі;02911;Б_Каппи_Пицца;18;6244.9
2025-04;Лазарева;Рамен Том Ям;02606;Б_Каппи_Супы;17;5994
2025-04;Лазарева;Рамен Традиційний;02601;Б_Каппи_Супы;30;5179.6
2025-04;Лазарева;Рис з куркою Гострий;00855;Б_Каппи_WOK;16;3374
2025-04;Лазарева;Рис з лососем та зеленою цибулею;01855;Б_Каппи_WOK;7;1625.4
2025-04;Лазарева;Рол Пасаж;02168;Б_Каппи_Роллы;15;4529.7
2025-04;Лазарева;Рол-Дог з Креветкою;01787;Б_Каппи_Темпура ролл;15;4489.9
2025-04;Лазарева;Рол-Дог з Лососем;01788;Б_Каппи_Темпура ролл;12;3247.9
2025-04;Лазарева;"Салат ""Олів'є"" з куркою";03059;Б_Каппи_Glovo;11;1716.2
2025-04;Лазарева;Салат Цезар з куркою (борщик);03057;Б_Каппи_Glovo;6;1266.5
2025-04;Лазарева;Салат Чука-Вакаме;00602;Б_Каппи_Салати;16;3146
2025-04;Лазарева;Салат з вугрем та авокадо;02900;Б_Каппи_Салати;3;1057
2025-04;Лазарева;Салат з креветками, грушею та сиром Дор Блю		;02914;Б_Каппи_Салати;5;1793.1
2025-04;Лазарева;Салат з тофу та овочами;02904;Б_Каппи_Салати;3;855
2025-04;Лазарева;Салат крабовий;03058;Б_Каппи_Glovo;10;2050
2025-04;Лазарева;Салмон в боніто ;00538;Б_Каппи_Роллы;21;3357.2
2025-04;Лазарева;Світле пиво безалкогольне БОРЩИК\ГЛОВО;03080;Б_Каппи_Glovo;4;300
2025-04;Лазарева;Сенкай;03022;Б_Каппи_Премиум ролл;23;10594.8
2025-04;Лазарева;Сервісний збір_Glovo;01934;Б_Каппи_Glovo;110;1034.6
2025-04;Лазарева;Сет 2х2;01175;Б_Каппи_Сет;36;32018.2
2025-04;Лазарева;Сет Бюджетний;03043;Б_Каппи_Сет;12;10002.2
2025-04;Лазарева;Сирний Вулкан;01863;Б_Каппи_Роллы;9;3116.2
2025-04;Лазарева;Сирники з малиною;03063;Б_Каппи_Glovo;3;495
2025-04;Лазарева;Сирники з родзинками;03062;Б_Каппи_Glovo;1;165
2025-04;Лазарева;Солянка;03038;Б_Каппи_Glovo;7;1608
2025-04;Лазарева;Спайсі Вулкан;02113;Б_Каппи_Роллы;7;2505.3
2025-04;Лазарева;Спайсі туна;02782;Б_Каппи_Роллы;8;3155.1
2025-04;Лазарева;Спрайт жб 0,33 л.;01749;Б_Общее_Напитки;8;437.1
2025-04;Лазарева;Супер Комбо;02181;Б_Каппи_Акции;3;2645
2025-04;Лазарева;Суші бургер з Креветкой;02943;Б_Каппи_Бургер;86;26141.7
2025-04;Лазарева;Суші бургер з Лососем;02944;Б_Каппи_Бургер;96;30205.8
2025-04;Лазарева;Сушіріто з креветкою ;03018;Б_Каппи_Суширито;50;8285.2
2025-04;Лазарева;Сушіріто з куркою;03019;Б_Каппи_Суширито;16;2303.1
2025-04;Лазарева;Сушіріто з лососем;03020;Б_Каппи_Суширито;42;8237.8
2025-04;Лазарева;ТОП сет;00362;Б_Каппи_Сет;35;47503.5
2025-04;Лазарева;Тайфун;03024;Б_Каппи_Темпура ролл;13;5835.6
2025-04;Лазарева;Темне пиво безалкогольне БОРЩИК\ГЛОВО;03081;Б_Каппи_Glovo;1;75
2025-04;Лазарева;Темпура сет;00559;Б_Каппи_Сет;23;25109.9
2025-04;Лазарева;Теплий сет;02712;Б_Каппи_Сет;33;25880.4
2025-04;Лазарева;Том Ям;02597;Б_Каппи_Супы;59;20473.6
2025-04;Лазарева;Тропік ;01862;Б_Каппи_Роллы;22;6451
2025-04;Лазарева;Тропікана;03014;Б_Каппи_Роллы;35;12397.5
2025-04;Лазарева;Тропічний Вулкан;02112;Б_Каппи_Роллы;14;5088.6
2025-04;Лазарева;Туна Чіз;03013;Б_Каппи_Роллы;8;2760
2025-04;Лазарева;Удон з креветками;01813;Б_Каппи_WOK;21;6292
2025-04;Лазарева;Удон з куркою Теріякі;00856;Б_Каппи_WOK;49;12053.4
2025-04;Лазарева;Унагамі;03011;Б_Каппи_Роллы;12;4557.9
2025-04;Лазарева;Унагі Брі;02906;Б_Каппи_Роллы;6;2333.3
2025-04;Лазарева;Унагі Фаєр Рол;00656;Б_Каппи_Премиум ролл;8;3536.5
2025-04;Лазарева;Унагі чіз;02923;Б_Каппи_Премиум ролл;3;1275
2025-04;Лазарева;Упаковка д/роллов (доп);01174;МБП Упаковка;2;20
2025-04;Лазарева;Фанта жб 0,33 л БОРЩИК\ГЛОВО;03090;Б_Каппи_Glovo;1;55
2025-04;Лазарева;Фанта жб 0,33 л.;01743;Б_Общее_Напитки;21;1121.9
2025-04;Лазарева;Фреш Філадельфія;02800;Б_Каппи_Роллы;11;3961.3
2025-04;Лазарева;Фудзі темпура;00911;Б_Каппи_Темпура ролл;47;13202.9
2025-04;Лазарева;Філа Ланч;02706;Б_Каппи_Акции;21;8292
2025-04;Лазарева;Філадельфія;00168;Б_Каппи_Роллы;134;49004.2
2025-04;Лазарева;Філадельфія Класік;00459;Б_Каппи_Роллы;126;18453.2
2025-04;Лазарева;Філадельфія Преміум;00611;Б_Каппи_Роллы;82;31424.4
2025-04;Лазарева;Філадельфія з креветкою;02798;Б_Каппи_Роллы;106;35760.5
2025-04;Лазарева;Філадельфія з манго;00612;Б_Каппи_Роллы;41;11818.3
2025-04;Лазарева;Філадельфія з тунцем;00516;Б_Каппи_Роллы;16;6060.4
2025-04;Лазарева;Цезар з куркою;02803;Б_Каппи_Салати;15;4260
2025-04;Лазарева;Цезар з лососем;02992;Б_Каппи_Салати;9;2691
2025-04;Лазарева;Чорний Дракон;00170;Б_Каппи_Роллы;31;12081.5
2025-04;Лазарева;Чізі Креветка;01113;Б_Каппи_Роллы;23;5447.8
2025-04;Лазарева;Чізі лосось;02921;Б_Каппи_Премиум ролл;5;2125
2025-04;Лазарева;Юме сет;02818;Б_Каппи_Сет;20;20884.2
2025-04;Лазарева;Які Ебі Манго;02946;Б_Каппи_Запеч_Роллы;43;13355.6
2025-04;Лазарева;Які Салмон;02950;Б_Каппи_Запеч_Роллы;21;7226
2025-04;Лазарева;Які Спайсі Краб;02949;Б_Каппи_Запеч_Роллы;36;10366.8
2025-04;Лазарева;Які Туна ;02942;Б_Каппи_Запеч_Роллы;19;6362.7
2025-04;Лазарева;Які Унагі;02945;Б_Каппи_Запеч_Роллы;36;11542.5
2025-04;Лазарева;Яєчна з куркою та креветками;01815;Б_Каппи_WOK;18;5484.8
2025-04;Лазарева;Яєчна з морепродуктами;00859;Б_Каппи_WOK;36;10720.9
2025-04;Левітана;.Гарного дня!;00944;Б_Прочие позиции;1699;0
2025-04;Левітана;Affinity сет;03015;Б_Каппи_Сет;11;11395
2025-04;Левітана;Cappiroll;00583;Б_Каппи_Роллы;52;18964.6
2025-04;Левітана;Cappizza;02173;Б_Каппи_Пицца;26;7798.8
2025-04;Левітана;G Антикризовий сет;02932;Б_Акції Глово;22;13052.7
2025-04;Левітана;G Вугор сет;02935;Б_Акції Глово;1;1075
2025-04;Левітана;G Доставка;00984;Б_Каппи_Glovo;345;17192
2025-04;Левітана;G Ебі сет;02936;Б_Акції Глово;6;7170
2025-04;Левітана;G Лосось в темпурі;02763;Б_Акції Глово;6;1350
2025-04;Левітана;G Пікантний краб;02933;Б_Акції Глово;6;1530
2025-04;Левітана;G Рис з лососем та зеленою цибулею;02761;Б_Акції Глово;2;470
2025-04;Левітана;G Рол Курортний;02934;Б_Акції Глово;1;235
2025-04;Левітана;G Салмон в бонито ;02884;Б_Акції Глово;1;229
2025-04;Левітана;G Теплий сет;02883;Б_Акції Глово;14;11130
2025-04;Левітана;GC_Доставка 0 грн;02503;Б_Глово_Модификаторы;36;0
2025-04;Левітана;L`amour Сет;01729;Б_Каппи_Сет;20;21162
2025-04;Левітана;MOVA світле пиво безалкогольне 0.33 л.;03049;Б_Общее_Напитки;7;471.5
2025-04;Левітана;MOVA темне пиво безалкогольне 0,33 л.;03048;Б_Общее_Напитки;4;293.1
2025-04;Левітана;Rich 1 л. Апельсин;00352;Б_Общее_Напитки;9;945
2025-04;Левітана;Rich 1 л. Экзотик;00172;Б_Общее_Напитки;5;519.2
2025-04;Левітана;Rich 1 л. Яблуко;00415;Б_Общее_Напитки;2;210
2025-04;Левітана;Імператор;00892;Б_Каппи_Роллы;10;4528.9
2025-04;Левітана;Акаї;03023;Б_Каппи_Премиум ролл;30;14492.3
2025-04;Левітана;Аляска;00513;Б_Каппи_Премиум ролл;8;3195.1
2025-04;Левітана;Аморе;02781;Б_Каппи_Роллы;22;8060.7
2025-04;Левітана;Антикризовий сет;00578;Б_Каппи_Сет;54;32193.5
2025-04;Левітана;Банзай ;00528;Б_Каппи_Темпура ролл;145;51494.4
2025-04;Левітана;Бао бургер з крабом;02966;Б_Каппи_БАО;5;1475
2025-04;Левітана;Бао бургер з креветкою;02967;Б_Каппи_БАО;4;1408
2025-04;Левітана;Бао бургер з лососем;02968;Б_Каппи_БАО;5;1624.5
2025-04;Левітана;Без приборів!;01593;Б_Прочие позиции;63;0
2025-04;Левітана;Боніто з лососем;00154;Б_Каппи_Роллы;20;4837.2
2025-04;Левітана;Боніто з тунцем;00512;Б_Каппи_Роллы;4;1017.3
2025-04;Левітана;Боул Дабл Фіш;01886;Б_Каппи_Боул;17;6244.3
2025-04;Левітана;Боул Філадельфія;01887;Б_Каппи_Боул;33;10920
2025-04;Левітана;Боул з Куркою;01891;Б_Каппи_Боул;15;3691.8
2025-04;Левітана;Боул з Лососем;01890;Б_Каппи_Боул;16;5621.9
2025-04;Левітана;Вершкова креветка;00775;Б_Каппи_Роллы;41;14394.8
2025-04;Левітана;Веселка;00509;Б_Каппи_Роллы;58;21566.2
2025-04;Левітана;Весняний Сет;01844;Б_Каппи_Сет;20;18900
2025-04;Левітана;Вишуканий дует;02989;Б_Каппи_Акции;3;1919
2025-04;Левітана;Вугор сет;02711;Б_Каппи_Сет;6;6365.5
2025-04;Левітана;Вулкан з креветкою;02799;Б_Каппи_Роллы;42;10793.8
2025-04;Левітана;Д Імбир Cappi 30 гр.;01049;Б_Каппи_Добавки;121;1416.9
2025-04;Левітана;Д Васабі Cappi 7,5 гр.;01050;Б_Каппи_Добавки;139;1222.2
2025-04;Левітана;Д Набір №1 (Соев.-1шт.,Імб.-1шт.,Вас.-1шт.);01916;Б_Каппи_Добавки;300;0
2025-04;Левітана;Д Набір №2 (Соев.-2шт.,Імб.-1шт.,Вас.-1шт.);01917;Б_Каппи_Добавки;359;0
2025-04;Левітана;Д Набір №3 (Соев.-3шт.,Імб.-2шт.,Вас.-1шт.);01918;Б_Каппи_Добавки;332;0
2025-04;Левітана;Д Набір №4 (Соев.-4шт.,Імб.-2шт.,Вас.-2шт.);01919;Б_Каппи_Добавки;427;0
2025-04;Левітана;Д Соус Барбекю;00501;Б_Каппи_Добавки;26;622.8
2025-04;Левітана;Д Соус Часниковий;01323;Б_Каппи_Добавки;23;666
2025-04;Левітана;Д Соус горіховий 20 гр.;00729;Б_Каппи_Добавки;23;636.4
2025-04;Левітана;Д Соус соєвий Cappi 50 гр.;00695;Б_Каппи_Добавки;50;446.5
2025-04;Левітана;Д Соус унагі 20 гр.;00728;Б_Каппи_Добавки;9;221
2025-04;Левітана;Д Спайсі соус 10 гр.;02929;Б_Каппи_Добавки;12;116.8
2025-04;Левітана;Д_Креветка 2 шт;03098;Б_Каппи_Добавки;1;49
2025-04;Левітана;Дабл Тартар;02780;Б_Каппи_Роллы;41;14564.8
2025-04;Левітана;Джаз;01109;Б_Каппи_Роллы;24;5294.7
2025-04;Левітана;Дзен сет;01128;Б_Каппи_Сет;20;18369.3
2025-04;Левітана;Доставка (зелена);00829;Б_Прочие позиции;42;1574.7
2025-04;Левітана;Доставка (помаранчева);01235;Б_Прочие позиции;21;992.7
2025-04;Левітана;Доставка (синя);01051;Б_Прочие позиции;2;102.1
2025-04;Левітана;Ебі Грін;01790;Б_Каппи_Роллы;16;4635.4
2025-04;Левітана;Ебі сет;02710;Б_Каппи_Сет;44;52205
2025-04;Левітана;Ебі темпура;02986;Б_Каппи_Закуски;17;4036.1
2025-04;Левітана;Екзотік;03041;Б_Каппи_Роллы;1;275
2025-04;Левітана;Заміна інгрідієнта;02139;Б_Прочие позиции;1;30
2025-04;Левітана;Зелений Дракон;00156;Б_Каппи_Роллы;15;5801.5
2025-04;Левітана;Йоші рол;02776;Б_Каппи_Роллы;5;1764.7
2025-04;Левітана;Каліфорнія ;00774;Б_Каппи_Роллы;33;10526.4
2025-04;Левітана;Каліфорнія Мікс;00653;Б_Каппи_Роллы;18;7076.7
2025-04;Левітана;Каліфорнія з креветкою;00654;Б_Каппи_Роллы;32;10677.5
2025-04;Левітана;Камамбер фрі;03093;Б_Каппи_Закуски;6;1638.5
2025-04;Левітана;Камертон;00960;Б_Каппи_Роллы;57;17994.3
2025-04;Левітана;Капричоза;02866;Б_Каппи_Пицца;13;3686.5
2025-04;Левітана;Класика вдвох;02988;Б_Каппи_Акции;9;4431.9
2025-04;Левітана;Кока-кола 0,75 л БОРЩИК\ГЛОВО;03074;Б_Каппи_Glovo;1;59
2025-04;Левітана;Кока-кола 0,75 л.;01731;Б_Общее_Напитки;52;2994.2
2025-04;Левітана;Кока-кола жб 0,33 л.;01736;Б_Общее_Напитки;16;873
2025-04;Левітана;Кока-кола зеро жб 0,33 л БОРЩИК\ГЛОВО;03076;Б_Каппи_Glovo;3;146.4
2025-04;Левітана;Кока-кола зеро жб 0,33 л.;01740;Б_Общее_Напитки;57;3084.7
2025-04;Левітана;Комбо #1;02178;Б_Каппи_Акции;1;1275
2025-04;Левітана;Комбо #2;02179;Б_Каппи_Акции;2;2154.2
2025-04;Левітана;Комбо #3;02180;Б_Каппи_Акции;3;2985
2025-04;Левітана;"Комбуча ""Бадьорий""";02896;Б_Общее_Напитки;9;788.7
2025-04;Левітана;"Комбуча ""Дивовижний""";02897;Б_Общее_Напитки;3;285
2025-04;Левітана;"Комбуча ""Манливий""";02898;Б_Общее_Напитки;7;649.8
2025-04;Левітана;Компенсація за негоду;02771;;131;2524.6
2025-04;Левітана;Креветка в кунжуті;00511;Б_Каппи_Роллы;29;8750.8
2025-04;Левітана;Креветка в темпурі;00533;Б_Каппи_Темпура ролл;112;32640
2025-04;Левітана;Курка в Кисло-солодкому;01825;Б_Каппи_WOK;21;5038.3
2025-04;Левітана;Курортний;02169;Б_Каппи_Роллы;62;3647.2
2025-04;Левітана;Кімурай;03012;Б_Каппи_Роллы;34;13247.1
2025-04;Левітана;Лимонад 0,5 л.;02057;Б_Общее_Напитки;48;3539.3
2025-04;Левітана;Листівка до ДН;02061;Б_Прочие позиции;8;0
2025-04;Левітана;Логістичний збір;02770;;1035;25032.6
2025-04;Левітана;Лосось Пад Тай;02116;Б_Каппи_Роллы;24;8106.8
2025-04;Левітана;Лосось в темпурі;00534;Б_Каппи_Темпура ролл;63;13840.9
2025-04;Левітана;Лосось сет;00517;Б_Каппи_Сет;39;37973.2
2025-04;Левітана;М Авокадо 20 г;02133;Б_Каппи_Модификаторы;1;39
2025-04;Левітана;М Балик 100 г;01204;Б_Каппи_Модификаторы;6;275.1
2025-04;Левітана;М Вершковий сир 20 г;02126;Б_Каппи_Модификаторы;5;99
2025-04;Левітана;М Вугор 20 г;02125;Б_Каппи_Модификаторы;3;165
2025-04;Левітана;М Горіховий соус 20 г;01651;Б_Каппи_Модификаторы;13;342
2025-04;Левітана;М Гриби 50 г;01194;Б_Каппи_Модификаторы;13;224.3
2025-04;Левітана;М Кальмар 20 г;02136;Б_Каппи_Модификаторы;17;595
2025-04;Левітана;М Креветка 2 шт.;02123;Б_Каппи_Модификаторы;10;480.1
2025-04;Левітана;М Креветка 2 шт.;02135;Б_Каппи_Модификаторы;9;431.9
2025-04;Левітана;М Курка 20 г;02131;Б_Каппи_Модификаторы;17;420.2
2025-04;Левітана;М Куряче філе 60 г;01195;Б_Каппи_Модификаторы;15;665.4
2025-04;Левітана;М Лосось 20 г;02122;Б_Каппи_Модификаторы;3;147
2025-04;Левітана;М Маслини 20 г;01196;Б_Каппи_Модификаторы;16;379.8
2025-04;Левітана;М Моцарела 100 г;01201;Б_Каппи_Модификаторы;8;440
2025-04;Левітана;М Мідії 20 г;02137;Б_Каппи_Модификаторы;6;210
2025-04;Левітана;М Пармезан 20 г;01193;Б_Каппи_Модификаторы;8;295.2
2025-04;Левітана;М Пепероні 50 г;01200;Б_Каппи_Модификаторы;7;520
2025-04;Левітана;М Перець болгарський 40 г;01197;Б_Каппи_Модификаторы;5;132
2025-04;Левітана;М Помідори 40 г;01199;Б_Каппи_Модификаторы;13;315.9
2025-04;Левітана;М Соус Барбекю 1 шт.;01202;Б_Каппи_Модификаторы;5;124
2025-04;Левітана;М Соус Пад Тай 10 г;02127;Б_Каппи_Модификаторы;3;30
2025-04;Левітана;М Соус Соєвий порц.;02728;Б_Каппи_Модификаторы;21;189
2025-04;Левітана;М Соус Теріякі 10 г;02130;Б_Каппи_Модификаторы;16;158.7
2025-04;Левітана;М Соус Унагі 20 г;01650;Б_Каппи_Модификаторы;14;348.3
2025-04;Левітана;М Соус Часниковий 1 шт.;01648;Б_Каппи_Модификаторы;10;290
2025-04;Левітана;М Соус Шірачі 5 г;02129;Б_Каппи_Модификаторы;5;50
2025-04;Левітана;М Спайсі соус 10 г;02128;Б_Каппи_Модификаторы;22;219
2025-04;Левітана;М Тунець 20 г;02124;Б_Каппи_Модификаторы;3;165
2025-04;Левітана;М Халапеньйо 15 г;01198;Б_Каппи_Модификаторы;3;58.2
2025-04;Левітана;Макі Вугор;00161;Б_Каппи_Роллы;11;2365
2025-04;Левітана;Макі Лосось;00159;Б_Каппи_Роллы;29;5187.7
2025-04;Левітана;Макі Огірок ;00506;Б_Каппи_Роллы;23;2118.4
2025-04;Левітана;Макі Сирний;00504;Б_Каппи_Роллы;20;1647.3
2025-04;Левітана;Макі Чука ;00507;Б_Каппи_Роллы;12;1352.9
2025-04;Левітана;Монако;00636;Б_Каппи_Роллы;10;4268.5
2025-04;Левітана;Морс Ягідний 0,5 л.;02697;Б_Общее_Напитки;52;3027.3
2025-04;Левітана;Моршинська без газу 0,5 л.;00585;Б_Общее_Напитки;21;940.8
2025-04;Левітана;Моршинська слаб.газ. 0,5 л.;00584;Б_Общее_Напитки;5;225
2025-04;Левітана;Мочі Ананас-Білий шоколад;02620;Т_Десерты;9;1061.1
2025-04;Левітана;Мочі Диня - Дор Блю;02869;Т_Десерты;10;1137.5
2025-04;Левітана;Мочі Полуниця;02618;Т_Десерты;11;1321
2025-04;Левітана;Мочі малина;02026;Т_Десерты;16;1925.8
2025-04;Левітана;Мідорі;03021;Б_Каппи_Премиум ролл;3;1358
2025-04;Левітана;Мідія в темпурі;02167;Б_Каппи_Темпура ролл;6;1971.8
2025-04;Левітана;Місо з тофу;00708;Б_Каппи_Супы;11;1862.6
2025-04;Левітана;Навчальні палички;01021;Б_Прочие позиции;47;233.3
2025-04;Левітана;Нью-Йорк ;02915;Б_Каппи_Роллы;33;14410.5
2025-04;Левітана;Одеський сет;02170;Б_Каппи_Сет;14;11130
2025-04;Левітана;Ойши сет;02819;Б_Каппи_Сет;5;5225
2025-04;Левітана;Онлайн оплата;02940;;537;0
2025-04;Левітана;Опен-фуд;02927;;289;285.4
2025-04;Левітана;Осака;00589;Б_Каппи_Роллы;35;11452.8
2025-04;Левітана;Париж;00657;Б_Каппи_Роллы;21;9101
2025-04;Левітана;Преміум Креветка;00652;Б_Каппи_Роллы;18;7744.5
2025-04;Левітана;Преміум сет;00658;Б_Каппи_Сет;10;16125.8
2025-04;Левітана;Пікантний краб;00531;Б_Каппи_Темпура ролл;25;6073.3
2025-04;Левітана;Пікантний лосось ;00532;Б_Каппи_Темпура ролл;37;10142.4
2025-04;Левітана;Піца 4 сезони;02101;Б_Каппи_Пицца;6;2190
2025-04;Левітана;Піца 4 сири;02118;Б_Каппи_Пицца;67;21371.5
2025-04;Левітана;Піца Амерікано;02111;Б_Каппи_Пицца;12;3522.4
2025-04;Левітана;Піца Верона;02912;Б_Каппи_Пицца;24;6515.5
2025-04;Левітана;Піца Гавайська;02104;Б_Каппи_Пицца;41;12449
2025-04;Левітана;Піца Груша Дор Блю;02175;Б_Каппи_Пицца;21;6057.8
2025-04;Левітана;Піца Дитяча;02117;Б_Каппи_Пицца;8;2501
2025-04;Левітана;Піца Діабло;02110;Б_Каппи_Пицца;11;3029.5
2025-04;Левітана;Піца Курка та гриби;02177;Б_Каппи_Пицца;37;12004.5
2025-04;Левітана;Піца М'ясна;02102;Б_Каппи_Пицца;90;27603.4
2025-04;Левітана;Піца Маргарита;02174;Б_Каппи_Пицца;23;5910.1
2025-04;Левітана;Піца Мисливська;02176;Б_Каппи_Пицца;37;10641.4
2025-04;Левітана;Піца Океанія;02099;Б_Каппи_Пицца;16;5849.2
2025-04;Левітана;Піца Пепероні;02172;Б_Каппи_Пицца;48;13633.8
2025-04;Левітана;Піца Пепероні Блу Чіз;02119;Б_Каппи_Пицца;33;10983
2025-04;Левітана;Піца Том Ям;02978;Б_Каппи_Пицца;24;9077.4
2025-04;Левітана;Піца Чізбургер;02977;Б_Каппи_Пицца;37;12237.8
2025-04;Левітана;Піца з креветками та брі;02911;Б_Каппи_Пицца;25;8777.8
2025-04;Левітана;Рамен Том Ям;02606;Б_Каппи_Супы;25;8677.9
2025-04;Левітана;Рамен Традиційний;02601;Б_Каппи_Супы;34;5934.4
2025-04;Левітана;Рис з куркою Гострий;00855;Б_Каппи_WOK;19;3983.2
2025-04;Левітана;Рис з лососем та зеленою цибулею;01855;Б_Каппи_WOK;9;2101.3
2025-04;Левітана;Рол Пасаж;02168;Б_Каппи_Роллы;11;3437.4
2025-04;Левітана;Рол-Дог з Креветкою;01787;Б_Каппи_Темпура ролл;22;6569.1
2025-04;Левітана;Рол-Дог з Лососем;01788;Б_Каппи_Темпура ролл;18;5016.2
2025-04;Левітана;Романтик-комбо;02916;Б_Каппи_Акции;1;1549
2025-04;Левітана;Салат Чука-Вакаме;00602;Б_Каппи_Салати;33;6533.5
2025-04;Левітана;Салат з вугрем та авокадо;02900;Б_Каппи_Салати;5;1784.8
2025-04;Левітана;Салат з креветками, грушею та сиром Дор Блю		;02914;Б_Каппи_Салати;9;3160.3
2025-04;Левітана;Салат з тофу та овочами;02904;Б_Каппи_Салати;6;1693.5
2025-04;Левітана;Салмон в боніто ;00538;Б_Каппи_Роллы;14;3043.5
2025-04;Левітана;Сенкай;03022;Б_Каппи_Премиум ролл;27;13013.9
2025-04;Левітана;Сервісний збір_Glovo;01934;Б_Каппи_Glovo;116;1067.2
2025-04;Левітана;Сет 2х2;01175;Б_Каппи_Сет;13;11601.9
2025-04;Левітана;Сет Бюджетний;03043;Б_Каппи_Сет;4;3350.9
2025-04;Левітана;Сирний Вулкан;01863;Б_Каппи_Роллы;8;2694.1
2025-04;Левітана;Спайсі Вулкан;02113;Б_Каппи_Роллы;13;4753.5
2025-04;Левітана;Спайсі туна;02782;Б_Каппи_Роллы;6;2187.2
2025-04;Левітана;Спрайт жб 0,33 л.;01749;Б_Общее_Напитки;4;219.2
2025-04;Левітана;Суші бургер з Креветкой;02943;Б_Каппи_Бургер;95;29340.9
2025-04;Левітана;Суші бургер з Лососем;02944;Б_Каппи_Бургер;101;32062.7
2025-04;Левітана;Сушіріто з креветкою ;03018;Б_Каппи_Суширито;48;8201.2
2025-04;Левітана;Сушіріто з куркою;03019;Б_Каппи_Суширито;13;2138.6
2025-04;Левітана;Сушіріто з лососем;03020;Б_Каппи_Суширито;41;7922.5
2025-04;Левітана;ТОП сет;00362;Б_Каппи_Сет;39;53120.6
2025-04;Левітана;Тайфун;03024;Б_Каппи_Темпура ролл;22;9787.2
2025-04;Левітана;Темпура сет;00559;Б_Каппи_Сет;22;23709.2
2025-04;Левітана;Теплий сет;02712;Б_Каппи_Сет;34;26703.8
2025-04;Левітана;Том Ям;02597;Б_Каппи_Супы;54;17970.2
2025-04;Левітана;Тропік ;01862;Б_Каппи_Роллы;19;5554.2
2025-04;Левітана;Тропікана;03014;Б_Каппи_Роллы;43;15811.8
2025-04;Левітана;Тропічний Вулкан;02112;Б_Каппи_Роллы;12;3983.6
2025-04;Левітана;Туна Чіз;03013;Б_Каппи_Роллы;8;2413.7
2025-04;Левітана;Удон з креветками;01813;Б_Каппи_WOK;30;9034.4
2025-04;Левітана;Удон з куркою Теріякі;00856;Б_Каппи_WOK;45;10878.7
2025-04;Левітана;Унагамі;03011;Б_Каппи_Роллы;17;6076.5
2025-04;Левітана;Унагі Брі;02906;Б_Каппи_Роллы;4;1496.4
2025-04;Левітана;Унагі Фаєр Рол;00656;Б_Каппи_Премиум ролл;6;2639.6
2025-04;Левітана;Унагі чіз;02923;Б_Каппи_Премиум ролл;3;1158.2
2025-04;Левітана;Фанта жб 0,33 л.;01743;Б_Общее_Напитки;4;220
2025-04;Левітана;Фламмі;03040;Б_Каппи_Роллы;2;532.3
2025-04;Левітана;Фреш Філадельфія;02800;Б_Каппи_Роллы;15;5391.5
2025-04;Левітана;Фудзі темпура;00911;Б_Каппи_Темпура ролл;57;16248.4
2025-04;Левітана;Філа Ланч;02706;Б_Каппи_Акции;20;8183.8
2025-04;Левітана;Філадельфія;00168;Б_Каппи_Роллы;151;54281.8
2025-04;Левітана;Філадельфія Класік;00459;Б_Каппи_Роллы;118;16186.9
2025-04;Левітана;Філадельфія Преміум;00611;Б_Каппи_Роллы;94;36364.9
2025-04;Левітана;Філадельфія з креветкою;02798;Б_Каппи_Роллы;79;26440.5
2025-04;Левітана;Філадельфія з манго;00612;Б_Каппи_Роллы;22;6577.5
2025-04;Левітана;Філадельфія з тунцем;00516;Б_Каппи_Роллы;24;8978.3
2025-04;Левітана;Цезар з куркою;02803;Б_Каппи_Салати;19;5332.4
2025-04;Левітана;Цезар з лососем;02992;Б_Каппи_Салати;8;2368.6
2025-04;Левітана;Чорний Дракон;00170;Б_Каппи_Роллы;25;9637.3
2025-04;Левітана;Чізі Креветка;01113;Б_Каппи_Роллы;16;3836.4
2025-04;Левітана;Чізі лосось;02921;Б_Каппи_Премиум ролл;3;1190
2025-04;Левітана;Юме сет;02818;Б_Каппи_Сет;12;12598.2
2025-04;Левітана;Які Ебі Манго;02946;Б_Каппи_Запеч_Роллы;60;18571.6
2025-04;Левітана;Які Салмон;02950;Б_Каппи_Запеч_Роллы;21;7380.2
2025-04;Левітана;Які Спайсі Краб;02949;Б_Каппи_Запеч_Роллы;35;10118.1
2025-04;Левітана;Які Туна ;02942;Б_Каппи_Запеч_Роллы;16;5359.2
2025-04;Левітана;Які Унагі;02945;Б_Каппи_Запеч_Роллы;38;12098.2
2025-04;Левітана;Яєчна з куркою та креветками;01815;Б_Каппи_WOK;20;5366.1
2025-04;Левітана;Яєчна з морепродуктами;00859;Б_Каппи_WOK;27;7871
2025-05;Лазарева;.Гарного дня!;00944;Б_Прочие позиции;2174;0
2025-05;Лазарева;Affinity сет;03015;Б_Каппи_Сет;15;16108
2025-05;Лазарева;Cappiroll;00583;Б_Каппи_Роллы;58;21841.2
2025-05;Лазарева;Cappizza;02173;Б_Каппи_Пицца;29;8718.4
2025-05;Лазарева;G Антикризовий сет;02932;Б_Акції Глово;18;10748
2025-05;Лазарева;G Вугор сет;02935;Б_Акції Глово;2;2150
2025-05;Лазарева;G Доставка;00984;Б_Каппи_Glovo;393;19558.6
2025-05;Лазарева;G Ебі сет;02936;Б_Акції Глово;7;8289.1
2025-05;Лазарева;G Лосось в темпурі;02763;Б_Акції Глово;7;1568.5
2025-05;Лазарева;G Пікантний краб;02933;Б_Акції Глово;6;1530
2025-05;Лазарева;G Рис з лососем та зеленою цибулею;02761;Б_Акції Глово;1;235
2025-05;Лазарева;G Рол Курортний;02934;Б_Акції Глово;1;235
2025-05;Лазарева;G Салмон в бонито ;02884;Б_Акції Глово;4;916
2025-05;Лазарева;G Теплий сет;02883;Б_Акції Глово;15;11925
2025-05;Лазарева;GC_Доставка 0 грн;02503;Б_Глово_Модификаторы;12;0
2025-05;Лазарева;Glovo <800 ;03025;;46;2426.2
2025-05;Лазарева;L`amour Сет;01729;Б_Каппи_Сет;21;22925.6
2025-05;Лазарева;MOVA світле пиво безалкогольне 0.33 л.;03049;Б_Общее_Напитки;9;683.2
2025-05;Лазарева;MOVA темне пиво безалкогольне 0,33 л.;03048;Б_Общее_Напитки;8;609.2
2025-05;Лазарева;Party-комбо ( Pepsi Cola з/б 0,33л -1шт та  Pepsi Cola Max з/б 0,33л - 1шт;02708;Б_Каппи_Акции;4;4685.6
2025-05;Лазарева;Rich 1 л Экзотик;03078;Б_Каппи_Glovo;2;210
2025-05;Лазарева;Rich 1 л Яблуко;03079;Б_Каппи_Glovo;2;210
2025-05;Лазарева;Rich 1 л. Апельсин;00352;Б_Общее_Напитки;6;603.5
2025-05;Лазарева;Rich 1 л. Экзотик;00172;Б_Общее_Напитки;11;1136.4
2025-05;Лазарева;Rich 1 л. Яблуко;00415;Б_Общее_Напитки;2;210
2025-05;Лазарева;_Барбекю;03064;Б_Глово_Модификаторы;2;50
2025-05;Лазарева;_Гірчиця;03065;Б_Глово_Модификаторы;2;40
2025-05;Лазарева;_Кетчуп;03066;Б_Глово_Модификаторы;2;40
2025-05;Лазарева;_Комбо 1;03031;Б_Каппи_Glovo;38;11464.4
2025-05;Лазарева;_Комбо 2;03035;Б_Каппи_Glovo;4;971.1
2025-05;Лазарева;_Комбо 3;03034;Б_Каппи_Glovo;22;7228
2025-05;Лазарева;_Комбо 4;03033;Б_Каппи_Glovo;13;4235
2025-05;Лазарева;_Комбо 5;03136;Б_Каппи_Glovo;3;771
2025-05;Лазарева;_Комбо 6;03139;Б_Каппи_Glovo;2;670
2025-05;Лазарева;_Майонез;03067;Б_Глово_Модификаторы;7;140
2025-05;Лазарева;_Сметана;03068;Б_Глово_Модификаторы;16;320
2025-05;Лазарева;_Хліб;03069;Б_Глово_Модификаторы;24;360
2025-05;Лазарева;Імператор;00892;Б_Каппи_Роллы;16;7018.2
2025-05;Лазарева;Акаї;03023;Б_Каппи_Премиум ролл;37;17876
2025-05;Лазарева;Аляска;00513;Б_Каппи_Премиум ролл;6;2448.9
2025-05;Лазарева;Аморе;02781;Б_Каппи_Роллы;31;11504.1
2025-05;Лазарева;Антикризовий сет;00578;Б_Каппи_Сет;70;41460
2025-05;Лазарева;Банзай ;00528;Б_Каппи_Темпура ролл;223;75707.9
2025-05;Лазарева;Бао бургер з крабом;02966;Б_Каппи_БАО;9;2608.2
2025-05;Лазарева;Бао бургер з креветкою;02967;Б_Каппи_БАО;12;4287
2025-05;Лазарева;Бао бургер з лососем;02968;Б_Каппи_БАО;8;2786.7
2025-05;Лазарева;Без приборів!;01593;Б_Прочие позиции;74;0
2025-05;Лазарева;Боніто з лососем;00154;Б_Каппи_Роллы;18;4640.7
2025-05;Лазарева;Боніто з тунцем;00512;Б_Каппи_Роллы;8;2099.5
2025-05;Лазарева;Борщ зі свининою;03028;Б_Каппи_Glovo;56;10170.3
2025-05;Лазарева;Боул Дабл Фіш;01886;Б_Каппи_Боул;19;7262.6
2025-05;Лазарева;Боул Філадельфія;01887;Б_Каппи_Боул;27;9725.3
2025-05;Лазарева;Боул з Куркою;01891;Б_Каппи_Боул;17;4127.5
2025-05;Лазарева;Боул з Лососем;01890;Б_Каппи_Боул;19;6814.6
2025-05;Лазарева;Бульон курячий;03029;Б_Каппи_Glovo;35;6029
2025-05;Лазарева;Вершкова креветка;00775;Б_Каппи_Роллы;44;15820.5
2025-05;Лазарева;Веселка;00509;Б_Каппи_Роллы;45;16582
2025-05;Лазарева;Весняний Сет;01844;Б_Каппи_Сет;20;19161
2025-05;Лазарева;Вишуканий дует;02989;Б_Каппи_Акции;1;621
2025-05;Лазарева;Вугор сет;02711;Б_Каппи_Сет;6;6198.9
2025-05;Лазарева;Вулкан Токара;03126;Б_Каппи_Роллы;13;4099.5
2025-05;Лазарева;Вулкан з креветкою;02799;Б_Каппи_Роллы;29;8939
2025-05;Лазарева;Відбивна куряча;03039;Б_Каппи_Glovo;5;1005
2025-05;Лазарева;Вінегрет;03060;Б_Каппи_Glovo;6;690
2025-05;Лазарева;Гречана каша;03053;Б_Каппи_Glovo;7;560
2025-05;Лазарева;Гурме;03127;Б_Каппи_Роллы;7;1880.6
2025-05;Лазарева;Д Імбир Cappi 30 гр.;01049;Б_Каппи_Добавки;153;1800.4
2025-05;Лазарева;Д Васабі Cappi 7,5 гр.;01050;Б_Каппи_Добавки;157;1386
2025-05;Лазарева;Д Набір Cappi (додатковий);01038;Б_Каппи_Добавки;1;29
2025-05;Лазарева;Д Набір №1 (Соев.-1шт.,Імб.-1шт.,Вас.-1шт.);01916;Б_Каппи_Добавки;335;0
2025-05;Лазарева;Д Набір №2 (Соев.-2шт.,Імб.-1шт.,Вас.-1шт.);01917;Б_Каппи_Добавки;356;0
2025-05;Лазарева;Д Набір №3 (Соев.-3шт.,Імб.-2шт.,Вас.-1шт.);01918;Б_Каппи_Добавки;410;0
2025-05;Лазарева;Д Набір №4 (Соев.-4шт.,Імб.-2шт.,Вас.-2шт.);01919;Б_Каппи_Добавки;539;0
2025-05;Лазарева;Д Соус Барбекю;00501;Б_Каппи_Добавки;9;224.5
2025-05;Лазарева;Д Соус Часниковий;01323;Б_Каппи_Добавки;35;999.4
2025-05;Лазарева;Д Соус горіховий 20 гр.;00729;Б_Каппи_Добавки;4;111
2025-05;Лазарева;Д Соус соєвий Cappi 50 гр.;00695;Б_Каппи_Добавки;104;917.9
2025-05;Лазарева;Д Соус унагі 20 гр.;00728;Б_Каппи_Добавки;23;568.9
2025-05;Лазарева;Д Спайсі соус 10 гр.;02929;Б_Каппи_Добавки;3;29.7
2025-05;Лазарева;Дабл Тартар;02780;Б_Каппи_Роллы;38;14207.9
2025-05;Лазарева;Деруни зі сметаною;03054;Б_Каппи_Glovo;10;1200
2025-05;Лазарева;Джаз;01109;Б_Каппи_Роллы;26;5372.9
2025-05;Лазарева;Дзен сет;01128;Б_Каппи_Сет;19;17609.4
2025-05;Лазарева;Доставка (зелена);00829;Б_Прочие позиции;27;956.4
2025-05;Лазарева;Доставка (помаранчева);01235;Б_Прочие позиции;11;521.7
2025-05;Лазарева;Доставка (рожева);03017;Б_Прочие позиции;5;745.9
2025-05;Лазарева;Доставка (синя);01051;Б_Прочие позиции;6;349.4
2025-05;Лазарева;Доставка (фіолетова);03016;Б_Прочие позиции;49;4756.6
2025-05;Лазарева;Ебі Грін;01790;Б_Каппи_Роллы;6;1755.8
2025-05;Лазарева;Ебі сет;02710;Б_Каппи_Сет;63;74624.9
2025-05;Лазарева;Ебі темпура;02986;Б_Каппи_Закуски;75;18284.6
2025-05;Лазарева;Екзотік;03041;Б_Каппи_Роллы;15;4028.6
2025-05;Лазарева;Заміна інгрідієнта;02139;Б_Прочие позиции;4;120
2025-05;Лазарева;Зелений Дракон;00156;Б_Каппи_Роллы;11;4262.6
2025-05;Лазарева;Йоші рол;02776;Б_Каппи_Роллы;9;3370.6
2025-05;Лазарева;Каліфорнія ;00774;Б_Каппи_Роллы;37;11730.8
2025-05;Лазарева;Каліфорнія Мікс;00653;Б_Каппи_Роллы;18;7242.5
2025-05;Лазарева;Каліфорнія з креветкою;00654;Б_Каппи_Роллы;20;6877.2
2025-05;Лазарева;Камамбер фрі;03093;Б_Каппи_Закуски;30;7717.8
2025-05;Лазарева;Камертон;00960;Б_Каппи_Роллы;51;18935.5
2025-05;Лазарева;Капричоза;02866;Б_Каппи_Пицца;13;3464.9
2025-05;Лазарева;Капібара полюбляє;03141;Б_Каппи_Сет;3;3077.2
2025-05;Лазарева;Картопля по-домашньому  ;03051;Б_Каппи_Glovo;7;925
2025-05;Лазарева;Класика вдвох;02988;Б_Каппи_Акции;8;3787.2
2025-05;Лазарева;Кока-кола 0,75 л БОРЩИК\ГЛОВО;03074;Б_Каппи_Glovo;4;236
2025-05;Лазарева;Кока-кола 0,75 л.;01731;Б_Общее_Напитки;73;4225.2
2025-05;Лазарева;Кока-кола жб 0,33 л.;01736;Б_Общее_Напитки;45;2434.2
2025-05;Лазарева;Кока-кола зеро жб 0,33 л БОРЩИК\ГЛОВО;03076;Б_Каппи_Glovo;2;110
2025-05;Лазарева;Кока-кола зеро жб 0,33 л.;01740;Б_Общее_Напитки;52;2815.7
2025-05;Лазарева;Комбо #1;02178;Б_Каппи_Акции;3;3835
2025-05;Лазарева;Комбо #3;02180;Б_Каппи_Акции;6;5925.1
2025-05;Лазарева;"Комбуча ""Бадьорий""";02896;Б_Общее_Напитки;10;941.9
2025-05;Лазарева;"Комбуча ""Дивовижний""";02897;Б_Общее_Напитки;6;529.6
2025-05;Лазарева;"Комбуча ""Манливий""";02898;Б_Общее_Напитки;6;565.3
2025-05;Лазарева;Компенсація за негоду;02771;;33;641.7
2025-05;Лазарева;Концепция-Борщик;03072;;155;0
2025-05;Лазарева;Котлета кордон-блю;03140;Б_Каппи_Glovo;1;205
2025-05;Лазарева;Котлета куряча;03091;Б_Каппи_Glovo;6;630
2025-05;Лазарева;Котлета по-київськи ;03055;Б_Каппи_Glovo;3;495
2025-05;Лазарева;Креветка в кунжуті;00511;Б_Каппи_Роллы;52;16193.8
2025-05;Лазарева;Креветка в темпурі;00533;Б_Каппи_Темпура ролл;126;39058.3
2025-05;Лазарева;Курка в Кисло-солодкому;01825;Б_Каппи_WOK;21;5289.6
2025-05;Лазарева;Курортний;02169;Б_Каппи_Роллы;61;3198
2025-05;Лазарева;Кімурай;03012;Б_Каппи_Роллы;26;10059.8
2025-05;Лазарева;Лимонад 0,5 л.;02057;Б_Общее_Напитки;47;3426.8
2025-05;Лазарева;Лимонад БОРЩИК\ГЛОВО;03085;Б_Каппи_Glovo;17;1275
2025-05;Лазарева;Листівка до ДН;02061;Б_Прочие позиции;7;0
2025-05;Лазарева;Логістичний збір;02770;;1218;32362.1
2025-05;Лазарева;Лосось Пад Тай;02116;Б_Каппи_Роллы;36;12175.7
2025-05;Лазарева;Лосось в темпурі;00534;Б_Каппи_Темпура ролл;61;13388.7
2025-05;Лазарева;Лосось сет;00517;Б_Каппи_Сет;52;50647.7
2025-05;Лазарева;М Авокадо 20 г;02133;Б_Каппи_Модификаторы;3;117
2025-05;Лазарева;М Балик 100 г;01204;Б_Каппи_Модификаторы;5;245
2025-05;Лазарева;М Вершковий сир 20 г;02126;Б_Каппи_Модификаторы;5;100
2025-05;Лазарева;М Вугор 20 г;02125;Б_Каппи_Модификаторы;3;165
2025-05;Лазарева;М Горіховий соус 20 г;01651;Б_Каппи_Модификаторы;11;308.6
2025-05;Лазарева;М Гриби 50 г;01194;Б_Каппи_Модификаторы;12;216
2025-05;Лазарева;М Кальмар 20 г;02136;Б_Каппи_Модификаторы;5;175
2025-05;Лазарева;М Креветка 2 шт.;02123;Б_Каппи_Модификаторы;4;196
2025-05;Лазарева;М Креветка 2 шт.;02135;Б_Каппи_Модификаторы;8;392
2025-05;Лазарева;М Курка 20 г;02131;Б_Каппи_Модификаторы;11;273.9
2025-05;Лазарева;М Куряче філе 60 г;01195;Б_Каппи_Модификаторы;6;270
2025-05;Лазарева;М Маслини 20 г;01196;Б_Каппи_Модификаторы;8;197.6
2025-05;Лазарева;М Моцарела 100 г;01201;Б_Каппи_Модификаторы;4;215.1
2025-05;Лазарева;М Мідії 20 г;02137;Б_Каппи_Модификаторы;2;70
2025-05;Лазарева;М Пармезан 20 г;01193;Б_Каппи_Модификаторы;5;195
2025-05;Лазарева;М Пепероні 50 г;01200;Б_Каппи_Модификаторы;6;450
2025-05;Лазарева;М Перець болгарський 40 г;01197;Б_Каппи_Модификаторы;3;87
2025-05;Лазарева;М Помідори 40 г;01199;Б_Каппи_Модификаторы;5;122.3
2025-05;Лазарева;М Соус Барбекю 1 шт.;01202;Б_Каппи_Модификаторы;7;174
2025-05;Лазарева;М Соус Пад Тай 10 г;02127;Б_Каппи_Модификаторы;6;58.3
2025-05;Лазарева;М Соус Соєвий порц.;02728;Б_Каппи_Модификаторы;21;188.1
2025-05;Лазарева;М Соус Теріякі 10 г;02130;Б_Каппи_Модификаторы;12;119.5
2025-05;Лазарева;М Соус Унагі 20 г;01650;Б_Каппи_Модификаторы;20;481.8
2025-05;Лазарева;М Соус Часниковий 1 шт.;01648;Б_Каппи_Модификаторы;14;401.1
2025-05;Лазарева;М Соус Шірачі 5 г;02129;Б_Каппи_Модификаторы;3;30
2025-05;Лазарева;М Спайсі соус 10 г;02128;Б_Каппи_Модификаторы;11;106.2
2025-05;Лазарева;М Тофу 20 г;02138;Б_Каппи_Модификаторы;1;35
2025-05;Лазарева;М Тунець 20 г;02124;Б_Каппи_Модификаторы;4;217.2
2025-05;Лазарева;М Халапеньйо 15 г;01198;Б_Каппи_Модификаторы;16;309.6
2025-05;Лазарева;М'ясо по-французьки;03056;Б_Каппи_Glovo;9;2053
2025-05;Лазарева;Макі Вугор;00161;Б_Каппи_Роллы;16;3378.9
2025-05;Лазарева;Макі Лосось;00159;Б_Каппи_Роллы;44;7759.5
2025-05;Лазарева;Макі Огірок ;00506;Б_Каппи_Роллы;13;1225.4
2025-05;Лазарева;Макі Сирний;00504;Б_Каппи_Роллы;24;2012.6
2025-05;Лазарева;Макі Чука ;00507;Б_Каппи_Роллы;19;2130.5
2025-05;Лазарева;Млинці з яблуками;03061;Б_Каппи_Glovo;5;869
2025-05;Лазарева;Монако;00636;Б_Каппи_Роллы;16;6859.3
2025-05;Лазарева;Морс Ягідний 0,5 л.;02697;Б_Общее_Напитки;83;4748.5
2025-05;Лазарева;Моршинська без газу 0,5 л БОРЩИК\ГЛОВО;03087;Б_Каппи_Glovo;3;135
2025-05;Лазарева;Моршинська без газу 0,5 л.;00585;Б_Общее_Напитки;167;7496.7
2025-05;Лазарева;Моршинська слаб.газ 0,5 л БОРЩИК\ГЛОВО;03088;Б_Каппи_Glovo;4;180
2025-05;Лазарева;Моршинська слаб.газ. 0,5 л.;00584;Б_Общее_Напитки;4;180
2025-05;Лазарева;Мочі Ананас-Білий шоколад;02620;Т_Десерты;9;1114.8
2025-05;Лазарева;Мочі Диня - Дор Блю;02869;Т_Десерты;9;1097
2025-05;Лазарева;Мочі Полуниця;02618;Т_Десерты;17;2115.1
2025-05;Лазарева;Мочі малина;02026;Т_Десерты;13;1568.6
2025-05;Лазарева;Мідорі;03021;Б_Каппи_Премиум ролл;5;2335.3
2025-05;Лазарева;Мідія в темпурі;02167;Б_Каппи_Темпура ролл;12;3972.4
2025-05;Лазарева;Місо з тофу;00708;Б_Каппи_Супы;2;370
2025-05;Лазарева;Навчальні палички;01021;Б_Прочие позиции;63;313.8
2025-05;Лазарева;Нью-Йорк ;02915;Б_Каппи_Роллы;50;21307.1
2025-05;Лазарева;Одеський сет;02170;Б_Каппи_Сет;12;9527.5
2025-05;Лазарева;Ойши сет;02819;Б_Каппи_Сет;14;14857
2025-05;Лазарева;Онлайн оплата;02940;;646;0
2025-05;Лазарева;Опен-фуд;02927;;136;128.4
2025-05;Лазарева;Осака;00589;Б_Каппи_Роллы;52;17123
2025-05;Лазарева;Париж;00657;Б_Каппи_Роллы;26;11090.6
2025-05;Лазарева;Пательня з куркою.;03036;Б_Каппи_Glovo;22;5400
2025-05;Лазарева;Пательня зі свининою;03030;Б_Каппи_Glovo;23;5655
2025-05;Лазарева;Пательня мисливська.;03037;Б_Каппи_Glovo;6;1620
2025-05;Лазарева;Пересип +;03045;;105;0
2025-05;Лазарева;Преміум Креветка;00652;Б_Каппи_Роллы;18;7768.5
2025-05;Лазарева;Преміум сет;00658;Б_Каппи_Сет;21;34032.8
2025-05;Лазарева;Пюре;03052;Б_Каппи_Glovo;10;1300
2025-05;Лазарева;Пікантний краб;00531;Б_Каппи_Темпура ролл;38;9501.8
2025-05;Лазарева;Пікантний лосось ;00532;Б_Каппи_Темпура ролл;35;9704.9
2025-05;Лазарева;Піца 4 сезони;02101;Б_Каппи_Пицца;15;5347.6
2025-05;Лазарева;Піца 4 сири;02118;Б_Каппи_Пицца;86;26755.6
2025-05;Лазарева;Піца Амерікано;02111;Б_Каппи_Пицца;18;5563.3
2025-05;Лазарева;Піца Верона;02912;Б_Каппи_Пицца;15;3996.6
2025-05;Лазарева;Піца Гавайська;02104;Б_Каппи_Пицца;48;14875.2
2025-05;Лазарева;Піца Груша Дор Блю;02175;Б_Каппи_Пицца;18;5306.1
2025-05;Лазарева;Піца Дитяча;02117;Б_Каппи_Пицца;11;3375.9
2025-05;Лазарева;Піца Діабло;02110;Б_Каппи_Пицца;19;5227.4
2025-05;Лазарева;Піца Кампаро;03131;Б_Каппи_Пицца;8;1747.5
2025-05;Лазарева;Піца Курка та гриби;02177;Б_Каппи_Пицца;52;17303.7
2025-05;Лазарева;Піца М'ясна;02102;Б_Каппи_Пицца;110;34542.3
2025-05;Лазарева;Піца Маргарита;02174;Б_Каппи_Пицца;28;7086.8
2025-05;Лазарева;Піца Мексиканська ;03130;Б_Каппи_Пицца;8;1620.9
2025-05;Лазарева;Піца Мисливська;02176;Б_Каппи_Пицца;44;12784.6
2025-05;Лазарева;Піца Океанія;02099;Б_Каппи_Пицца;18;6805.5
2025-05;Лазарева;Піца Пепероні;02172;Б_Каппи_Пицца;62;17144.2
2025-05;Лазарева;Піца Пепероні Блу Чіз;02119;Б_Каппи_Пицца;25;7993.1
2025-05;Лазарева;Піца Том Ям;02978;Б_Каппи_Пицца;17;6453.1
2025-05;Лазарева;Піца Чізбургер;02977;Б_Каппи_Пицца;37;12019.5
2025-05;Лазарева;Піца з креветками та брі;02911;Б_Каппи_Пицца;25;8639.7
2025-05;Лазарева;Піца з прошутто;03133;Б_Каппи_Пицца;17;3828.2
2025-05;Лазарева;Піца з прошутто та грушою ;03132;Б_Каппи_Пицца;10;2117
2025-05;Лазарева;Рамен Том Ям;02606;Б_Каппи_Супы;24;8648.7
2025-05;Лазарева;Рамен Традиційний;02601;Б_Каппи_Супы;27;4753.2
2025-05;Лазарева;Рис з куркою Гострий;00855;Б_Каппи_WOK;24;5062.4
2025-05;Лазарева;Рис з лососем та зеленою цибулею;01855;Б_Каппи_WOK;3;705
2025-05;Лазарева;Рол Пасаж;02168;Б_Каппи_Роллы;13;4076.4
2025-05;Лазарева;Рол-Дог з Креветкою;01787;Б_Каппи_Темпура ролл;16;4703.5
2025-05;Лазарева;Рол-Дог з Лососем;01788;Б_Каппи_Темпура ролл;14;4320.6
2025-05;Лазарева;Сакайо;03128;Б_Каппи_Роллы;31;10178.7
2025-05;Лазарева;"Салат ""Олів'є"" з куркою";03059;Б_Каппи_Glovo;16;2747
2025-05;Лазарева;Салат Цезар з куркою (борщик);03057;Б_Каппи_Glovo;26;6027.4
2025-05;Лазарева;Салат Чука-Вакаме;00602;Б_Каппи_Салати;26;5292.6
2025-05;Лазарева;Салат з вугрем та авокадо;02900;Б_Каппи_Салати;5;1863.9
2025-05;Лазарева;Салат з капустою та огірком;03135;Б_Каппи_Glovo;12;1500
2025-05;Лазарева;Салат з креветками, грушею та сиром Дор Блю		;02914;Б_Каппи_Салати;5;1814.5
2025-05;Лазарева;Салат з тофу та овочами;02904;Б_Каппи_Салати;3;843.4
2025-05;Лазарева;Салат крабовий;03058;Б_Каппи_Glovo;13;2665
2025-05;Лазарева;Салмон в боніто ;00538;Б_Каппи_Роллы;21;4162.5
2025-05;Лазарева;Сенкай;03022;Б_Каппи_Премиум ролл;31;15172.4
2025-05;Лазарева;Сервісний збір_Glovo;01934;Б_Каппи_Glovo;136;1902.1
2025-05;Лазарева;Сет 2х2;01175;Б_Каппи_Сет;26;23499.1
2025-05;Лазарева;Сет Бюджетний;03043;Б_Каппи_Сет;25;20803.1
2025-05;Лазарева;Сирний Вулкан;01863;Б_Каппи_Роллы;3;1038.2
2025-05;Лазарева;Сирники з малиною;03063;Б_Каппи_Glovo;6;1040
2025-05;Лазарева;Сирники з родзинками;03062;Б_Каппи_Glovo;6;990
2025-05;Лазарева;Солянка;03038;Б_Каппи_Glovo;16;3900
2025-05;Лазарева;Спайсі Вулкан;02113;Б_Каппи_Роллы;17;6155.8
2025-05;Лазарева;Спайсі туна;02782;Б_Каппи_Роллы;8;3116.5
2025-05;Лазарева;Спрайт жб 0,33 л.;01749;Б_Общее_Напитки;3;165
2025-05;Лазарева;Супер Комбо;02181;Б_Каппи_Акции;4;3285.1
2025-05;Лазарева;Суші бургер з Креветкой;02943;Б_Каппи_Бургер;128;37661.7
2025-05;Лазарева;Суші бургер з Лососем;02944;Б_Каппи_Бургер;125;37016.5
2025-05;Лазарева;Сушіріто з креветкою ;03018;Б_Каппи_Суширито;39;7462.1
2025-05;Лазарева;Сушіріто з куркою;03019;Б_Каппи_Суширито;26;4470.9
2025-05;Лазарева;Сушіріто з лососем;03020;Б_Каппи_Суширито;36;8638
2025-05;Лазарева;ТОП сет;00362;Б_Каппи_Сет;29;39613.3
2025-05;Лазарева;Тайфун;03024;Б_Каппи_Темпура ролл;28;12146.8
2025-05;Лазарева;Темпура сет;00559;Б_Каппи_Сет;24;25922.5
2025-05;Лазарева;Теплий сет;02712;Б_Каппи_Сет;34;27414.8
2025-05;Лазарева;Том Ям;02597;Б_Каппи_Супы;53;18652.9
2025-05;Лазарева;Тропік ;01862;Б_Каппи_Роллы;18;5421.1
2025-05;Лазарева;Тропікана;03014;Б_Каппи_Роллы;35;12744.5
2025-05;Лазарева;Тропічний Вулкан;02112;Б_Каппи_Роллы;8;2894.3
2025-05;Лазарева;Туна Чіз;03013;Б_Каппи_Роллы;3;1005.6
2025-05;Лазарева;Удон з креветками;01813;Б_Каппи_WOK;27;8602.4
2025-05;Лазарева;Удон з куркою Теріякі;00856;Б_Каппи_WOK;55;13454.8
2025-05;Лазарева;Унагамі;03011;Б_Каппи_Роллы;24;9339.6
2025-05;Лазарева;Унагі Брі;02906;Б_Каппи_Роллы;4;1624.8
2025-05;Лазарева;Унагі Фаєр Рол;00656;Б_Каппи_Премиум ролл;15;6628.6
2025-05;Лазарева;Унагі чіз;02923;Б_Каппи_Премиум ролл;1;425
2025-05;Лазарева;Упаковка д/роллов (доп);01174;МБП Упаковка;3;30
2025-05;Лазарева;Фанта жб 0,33 л БОРЩИК\ГЛОВО;03090;Б_Каппи_Glovo;1;55
2025-05;Лазарева;Фанта жб 0,33 л.;01743;Б_Общее_Напитки;12;649.6
2025-05;Лазарева;Фламмі;03040;Б_Каппи_Роллы;43;3831.5
2025-05;Лазарева;Фреш Філадельфія;02800;Б_Каппи_Роллы;12;4032
2025-05;Лазарева;Фудзі темпура;00911;Б_Каппи_Темпура ролл;55;15966.7
2025-05;Лазарева;Філа Ланч;02706;Б_Каппи_Акции;20;8102
2025-05;Лазарева;Філадельфія;00168;Б_Каппи_Роллы;200;70835.8
2025-05;Лазарева;Філадельфія Класік;00459;Б_Каппи_Роллы;112;21292.2
2025-05;Лазарева;Філадельфія Преміум;00611;Б_Каппи_Роллы;128;46609.6
2025-05;Лазарева;Філадельфія з креветкою;02798;Б_Каппи_Роллы;74;27421.2
2025-05;Лазарева;Філадельфія з манго;00612;Б_Каппи_Роллы;29;8728.8
2025-05;Лазарева;Філадельфія з тунцем;00516;Б_Каппи_Роллы;19;7434.8
2025-05;Лазарева;Цезар з куркою;02803;Б_Каппи_Салати;26;7262.3
2025-05;Лазарева;Цезар з лососем;02992;Б_Каппи_Салати;5;1495
2025-05;Лазарева;Чорний Дракон;00170;Б_Каппи_Роллы;28;10820.1
2025-05;Лазарева;Чізі Креветка;01113;Б_Каппи_Роллы;21;4978.2
2025-05;Лазарева;Чізі лосось;02921;Б_Каппи_Премиум ролл;7;2888.2
2025-05;Лазарева;Шоппер+;03151;;77;0
2025-05;Лазарева;Юме сет;02818;Б_Каппи_Сет;11;11488.4
2025-05;Лазарева;Які Ебі Манго;02946;Б_Каппи_Запеч_Роллы;46;14193.8
2025-05;Лазарева;Які Салмон;02950;Б_Каппи_Запеч_Роллы;18;6452.1
2025-05;Лазарева;Які Спайсі Краб;02949;Б_Каппи_Запеч_Роллы;49;14054.4
2025-05;Лазарева;Які Туна ;02942;Б_Каппи_Запеч_Роллы;20;6707.6
2025-05;Лазарева;Які Унагі;02945;Б_Каппи_Запеч_Роллы;33;10083.2
2025-05;Лазарева;Яєчна з куркою та креветками;01815;Б_Каппи_WOK;28;8774
2025-05;Лазарева;Яєчна з морепродуктами;00859;Б_Каппи_WOK;30;9555.7
2025-05;Левітана;.Гарного дня!;00944;Б_Прочие позиции;1885;0
2025-05;Левітана;Affinity сет;03015;Б_Каппи_Сет;10;10758.5
2025-05;Левітана;Cappiroll;00583;Б_Каппи_Роллы;58;22210.9
2025-05;Левітана;Cappizza;02173;Б_Каппи_Пицца;36;10738.4
2025-05;Левітана;G Антикризовий сет;02932;Б_Акції Глово;17;10183
2025-05;Левітана;G Вугор сет;02935;Б_Акції Глово;2;2150
2025-05;Левітана;G Доставка;00984;Б_Каппи_Glovo;397;19696.2
2025-05;Левітана;G Ебі сет;02936;Б_Акції Глово;13;15535
2025-05;Левітана;G Лосось в темпурі;02763;Б_Акції Глово;8;1800
2025-05;Левітана;G Пікантний краб;02933;Б_Акції Глово;7;1785
2025-05;Левітана;G Рис з лососем та зеленою цибулею;02761;Б_Акції Глово;5;1175
2025-05;Левітана;G Рол Курортний;02934;Б_Акції Глово;4;940
2025-05;Левітана;G Салмон в бонито ;02884;Б_Акції Глово;1;229
2025-05;Левітана;G Теплий сет;02883;Б_Акції Глово;13;10335
2025-05;Левітана;GC_Доставка 0 грн;02503;Б_Глово_Модификаторы;41;0
2025-05;Левітана;L`amour Сет;01729;Б_Каппи_Сет;23;25026.6
2025-05;Левітана;MOVA світле пиво безалкогольне 0.33 л.;03049;Б_Общее_Напитки;15;1110.6
2025-05;Левітана;MOVA темне пиво безалкогольне 0,33 л.;03048;Б_Общее_Напитки;11;846.7
2025-05;Левітана;Party-комбо ( Pepsi Cola з/б 0,33л -1шт та  Pepsi Cola Max з/б 0,33л - 1шт;02708;Б_Каппи_Акции;2;2311.4
2025-05;Левітана;Rich 1 л. Апельсин;00352;Б_Общее_Напитки;5;515.9
2025-05;Левітана;Rich 1 л. Экзотик;00172;Б_Общее_Напитки;9;945
2025-05;Левітана;Rich 1 л. Яблуко;00415;Б_Общее_Напитки;3;315
2025-05;Левітана;Імператор;00892;Б_Каппи_Роллы;14;6248.8
2025-05;Левітана;Акаї;03023;Б_Каппи_Премиум ролл;24;11745.3
2025-05;Левітана;Аляска;00513;Б_Каппи_Премиум ролл;13;5330.9
2025-05;Левітана;Аморе;02781;Б_Каппи_Роллы;23;8615.3
2025-05;Левітана;Антикризовий сет;00578;Б_Каппи_Сет;51;29708.1
2025-05;Левітана;Банзай ;00528;Б_Каппи_Темпура ролл;170;58987.3
2025-05;Левітана;Бао бургер з крабом;02966;Б_Каппи_БАО;11;3192.4
2025-05;Левітана;Бао бургер з креветкою;02967;Б_Каппи_БАО;3;1033.5
2025-05;Левітана;Бао бургер з лососем;02968;Б_Каппи_БАО;4;1371.8
2025-05;Левітана;Без приборів!;01593;Б_Прочие позиции;66;0
2025-05;Левітана;Боніто з лососем;00154;Б_Каппи_Роллы;17;4300.6
2025-05;Левітана;Боніто з тунцем;00512;Б_Каппи_Роллы;6;1589.4
2025-05;Левітана;Боул Дабл Фіш;01886;Б_Каппи_Боул;22;8336.2
2025-05;Левітана;Боул Філадельфія;01887;Б_Каппи_Боул;35;11996.4
2025-05;Левітана;Боул з Куркою;01891;Б_Каппи_Боул;10;2492.8
2025-05;Левітана;Боул з Лососем;01890;Б_Каппи_Боул;13;3631.4
2025-05;Левітана;Вершкова креветка;00775;Б_Каппи_Роллы;54;19933.3
2025-05;Левітана;Веселка;00509;Б_Каппи_Роллы;66;25185.7
2025-05;Левітана;Весняний Сет;01844;Б_Каппи_Сет;26;24887.2
2025-05;Левітана;Вишуканий дует;02989;Б_Каппи_Акции;6;3900.4
2025-05;Левітана;Вугор сет;02711;Б_Каппи_Сет;6;6493
2025-05;Левітана;Вулкан Токара;03126;Б_Каппи_Роллы;6;1944
2025-05;Левітана;Вулкан з креветкою;02799;Б_Каппи_Роллы;40;12197.9
2025-05;Левітана;Гурме;03127;Б_Каппи_Роллы;8;2215.2
2025-05;Левітана;Д Імбир Cappi 30 гр.;01049;Б_Каппи_Добавки;117;1388.8
2025-05;Левітана;Д Васабі Cappi 7,5 гр.;01050;Б_Каппи_Добавки;146;1295.5
2025-05;Левітана;Д Набір №1 (Соев.-1шт.,Імб.-1шт.,Вас.-1шт.);01916;Б_Каппи_Добавки;331;0
2025-05;Левітана;Д Набір №2 (Соев.-2шт.,Імб.-1шт.,Вас.-1шт.);01917;Б_Каппи_Добавки;331;0
2025-05;Левітана;Д Набір №3 (Соев.-3шт.,Імб.-2шт.,Вас.-1шт.);01918;Б_Каппи_Добавки;389;0
2025-05;Левітана;Д Набір №4 (Соев.-4шт.,Імб.-2шт.,Вас.-2шт.);01919;Б_Каппи_Добавки;489;0
2025-05;Левітана;Д Соус Барбекю;00501;Б_Каппи_Добавки;13;320.3
2025-05;Левітана;Д Соус Часниковий;01323;Б_Каппи_Добавки;24;689.5
2025-05;Левітана;Д Соус горіховий 20 гр.;00729;Б_Каппи_Добавки;8;230.7
2025-05;Левітана;Д Соус соєвий Cappi 50 гр.;00695;Б_Каппи_Добавки;68;606.4
2025-05;Левітана;Д Соус унагі 20 гр.;00728;Б_Каппи_Добавки;5;123.5
2025-05;Левітана;Д Спайсі соус 10 гр.;02929;Б_Каппи_Добавки;6;57.3
2025-05;Левітана;Д_Креветка 2 шт;03098;Б_Каппи_Добавки;3;138.8
2025-05;Левітана;Д_Пепероні 50 гр;03107;Б_Каппи_Добавки;1;75
2025-05;Левітана;Дабл Тартар;02780;Б_Каппи_Роллы;48;18145.3
2025-05;Левітана;Джаз;01109;Б_Каппи_Роллы;40;8221.7
2025-05;Левітана;Дзен сет;01128;Б_Каппи_Сет;35;32336.4
2025-05;Левітана;Доставка (зелена);00829;Б_Прочие позиции;50;1815.5
2025-05;Левітана;Доставка (помаранчева);01235;Б_Прочие позиции;20;956.9
2025-05;Левітана;Доставка (синя);01051;Б_Прочие позиции;3;175.7
2025-05;Левітана;Ебі Грін;01790;Б_Каппи_Роллы;13;3687.8
2025-05;Левітана;Ебі сет;02710;Б_Каппи_Сет;47;55912.3
2025-05;Левітана;Ебі темпура;02986;Б_Каппи_Закуски;80;19494.2
2025-05;Левітана;Екзотік;03041;Б_Каппи_Роллы;7;1925
2025-05;Левітана;Заміна інгрідієнта;02139;Б_Прочие позиции;1;30
2025-05;Левітана;Зелений Дракон;00156;Б_Каппи_Роллы;6;2321.3
2025-05;Левітана;Йоші рол;02776;Б_Каппи_Роллы;11;4119.5
2025-05;Левітана;Каліфорнія ;00774;Б_Каппи_Роллы;36;11526.7
2025-05;Левітана;Каліфорнія Мікс;00653;Б_Каппи_Роллы;10;4076.6
2025-05;Левітана;Каліфорнія з креветкою;00654;Б_Каппи_Роллы;30;10166.3
2025-05;Левітана;Камамбер фрі;03093;Б_Каппи_Закуски;32;8656.8
2025-05;Левітана;Камертон;00960;Б_Каппи_Роллы;59;21669.5
2025-05;Левітана;Капричоза;02866;Б_Каппи_Пицца;15;4025.4
2025-05;Левітана;Капібара полюбляє;03141;Б_Каппи_Сет;5;5193.9
2025-05;Левітана;Класика вдвох;02988;Б_Каппи_Акции;16;7577
2025-05;Левітана;Кока-кола 0,75 л.;01731;Б_Общее_Напитки;48;2800.5
2025-05;Левітана;Кока-кола жб 0,33 л БОРЩИК\ГЛОВО;03075;Б_Каппи_Glovo;2;102.8
2025-05;Левітана;Кока-кола жб 0,33 л.;01736;Б_Общее_Напитки;19;1013.7
2025-05;Левітана;Кока-кола зеро жб 0,33 л БОРЩИК\ГЛОВО;03076;Б_Каппи_Glovo;7;378.8
2025-05;Левітана;Кока-кола зеро жб 0,33 л.;01740;Б_Общее_Напитки;49;2671.2
2025-05;Левітана;Комбо #1;02178;Б_Каппи_Акции;2;2590
2025-05;Левітана;Комбо #2;02179;Б_Каппи_Акции;1;1099
2025-05;Левітана;Комбо #3;02180;Б_Каппи_Акции;1;995
2025-05;Левітана;"Комбуча ""Бадьорий""";02896;Б_Общее_Напитки;11;946.2
2025-05;Левітана;"Комбуча ""Дивовижний""";02897;Б_Общее_Напитки;6;552.6
2025-05;Левітана;"Комбуча ""Манливий""";02898;Б_Общее_Напитки;12;1110.4
2025-05;Левітана;Компенсація за негоду;02771;;37;700.3
2025-05;Левітана;Креветка в кунжуті;00511;Б_Каппи_Роллы;41;12854.2
2025-05;Левітана;Креветка в темпурі;00533;Б_Каппи_Темпура ролл;126;39076
2025-05;Левітана;Курка в Кисло-солодкому;01825;Б_Каппи_WOK;11;2790.4
2025-05;Левітана;Курортний;02169;Б_Каппи_Роллы;41;4099.3
2025-05;Левітана;Кімурай;03012;Б_Каппи_Роллы;32;12429.3
2025-05;Левітана;Лимонад 0,5 л.;02057;Б_Общее_Напитки;48;3542.8
2025-05;Левітана;Лимонад БОРЩИК\ГЛОВО;03085;Б_Каппи_Glovo;1;75
2025-05;Левітана;Листівка до ДН;02061;Б_Прочие позиции;3;0
2025-05;Левітана;Логістичний збір;02770;;1149;30535.6
2025-05;Левітана;Лосось Пад Тай;02116;Б_Каппи_Роллы;24;8356.5
2025-05;Левітана;Лосось в темпурі;00534;Б_Каппи_Темпура ролл;72;15696.2
2025-05;Левітана;Лосось сет;00517;Б_Каппи_Сет;52;50303.4
2025-05;Левітана;М Балик 100 г;01204;Б_Каппи_Модификаторы;5;241.8
2025-05;Левітана;М Вершковий сир 20 г;02126;Б_Каппи_Модификаторы;4;80
2025-05;Левітана;М Вугор 20 г;02125;Б_Каппи_Модификаторы;3;160.1
2025-05;Левітана;М Горіховий соус 20 г;01651;Б_Каппи_Модификаторы;5;142.7
2025-05;Левітана;М Гриби 50 г;01194;Б_Каппи_Модификаторы;13;220.1
2025-05;Левітана;М Кальмар 20 г;02136;Б_Каппи_Модификаторы;11;385
2025-05;Левітана;М Креветка 2 шт.;02123;Б_Каппи_Модификаторы;10;482.1
2025-05;Левітана;М Креветка 2 шт.;02135;Б_Каппи_Модификаторы;17;833
2025-05;Левітана;М Курка 20 г;02131;Б_Каппи_Модификаторы;22;548.7
2025-05;Левітана;М Куряче філе 60 г;01195;Б_Каппи_Модификаторы;10;428.2
2025-05;Левітана;М Лосось 20 г;02122;Б_Каппи_Модификаторы;3;147
2025-05;Левітана;М Маслини 20 г;01196;Б_Каппи_Модификаторы;9;219.1
2025-05;Левітана;М Моцарела 100 г;01201;Б_Каппи_Модификаторы;3;165
2025-05;Левітана;М Мідії 20 г;02137;Б_Каппи_Модификаторы;13;452.6
2025-05;Левітана;М Пармезан 20 г;01193;Б_Каппи_Модификаторы;5;171.2
2025-05;Левітана;М Пепероні 50 г;01200;Б_Каппи_Модификаторы;10;726.5
2025-05;Левітана;М Перець болгарський 40 г;01197;Б_Каппи_Модификаторы;3;87
2025-05;Левітана;М Помідори 40 г;01199;Б_Каппи_Модификаторы;5;125
2025-05;Левітана;М Соус Барбекю 1 шт.;01202;Б_Каппи_Модификаторы;5;125
2025-05;Левітана;М Соус Пад Тай 10 г;02127;Б_Каппи_Модификаторы;2;20
2025-05;Левітана;М Соус Соєвий порц.;02728;Б_Каппи_Модификаторы;28;251
2025-05;Левітана;М Соус Теріякі 10 г;02130;Б_Каппи_Модификаторы;13;128.6
2025-05;Левітана;М Соус Унагі 20 г;01650;Б_Каппи_Модификаторы;23;565.3
2025-05;Левітана;М Соус Часниковий 1 шт.;01648;Б_Каппи_Модификаторы;13;377
2025-05;Левітана;М Соус Шірачі 5 г;02129;Б_Каппи_Модификаторы;9;90
2025-05;Левітана;М Спайсі соус 10 г;02128;Б_Каппи_Модификаторы;14;138.2
2025-05;Левітана;М Тунець 20 г;02124;Б_Каппи_Модификаторы;2;110
2025-05;Левітана;М Халапеньйо 15 г;01198;Б_Каппи_Модификаторы;6;119.3
2025-05;Левітана;Макі Вугор;00161;Б_Каппи_Роллы;15;3171.8
2025-05;Левітана;Макі Лосось;00159;Б_Каппи_Роллы;17;2972.7
2025-05;Левітана;Макі Огірок ;00506;Б_Каппи_Роллы;26;2381.4
2025-05;Левітана;Макі Сирний;00504;Б_Каппи_Роллы;27;2183.3
2025-05;Левітана;Макі Чука ;00507;Б_Каппи_Роллы;18;1961.7
2025-05;Левітана;Монако;00636;Б_Каппи_Роллы;16;6905
2025-05;Левітана;Морс Ягідний 0,5 л.;02697;Б_Общее_Напитки;66;3029.6
2025-05;Левітана;Моршинська без газу 0,5 л.;00585;Б_Общее_Напитки;6;270
2025-05;Левітана;Мочі Ананас-Білий шоколад;02620;Т_Десерты;17;2075.4
2025-05;Левітана;Мочі Диня - Дор Блю;02869;Т_Десерты;10;1176.8
2025-05;Левітана;Мочі Полуниця;02618;Т_Десерты;16;1942.2
2025-05;Левітана;Мочі малина;02026;Т_Десерты;15;1785.1
2025-05;Левітана;Мідорі;03021;Б_Каппи_Премиум ролл;6;2910
2025-05;Левітана;Мідія в темпурі;02167;Б_Каппи_Темпура ролл;5;1646.2
2025-05;Левітана;Місо з тофу;00708;Б_Каппи_Супы;17;3041.2
2025-05;Левітана;Навчальні палички;01021;Б_Прочие позиции;46;228.2
2025-05;Левітана;Нью-Йорк ;02915;Б_Каппи_Роллы;49;20992.9
2025-05;Левітана;Одеський сет;02170;Б_Каппи_Сет;14;10844
2025-05;Левітана;Ойши сет;02819;Б_Каппи_Сет;7;7435
2025-05;Левітана;Онлайн оплата;02940;;554;0
2025-05;Левітана;Опен-фуд;02927;;243;243
2025-05;Левітана;Осака;00589;Б_Каппи_Роллы;44;14362.6
2025-05;Левітана;Париж;00657;Б_Каппи_Роллы;28;12118.5
2025-05;Левітана;Преміум Креветка;00652;Б_Каппи_Роллы;18;7691.5
2025-05;Левітана;Преміум сет;00658;Б_Каппи_Сет;11;18150.2
2025-05;Левітана;Пікантний краб;00531;Б_Каппи_Темпура ролл;28;7080.9
2025-05;Левітана;Пікантний лосось ;00532;Б_Каппи_Темпура ролл;33;9332.6
2025-05;Левітана;Піца 4 сезони;02101;Б_Каппи_Пицца;11;3976.8
2025-05;Левітана;Піца 4 сири;02118;Б_Каппи_Пицца;71;22888.5
2025-05;Левітана;Піца Амерікано;02111;Б_Каппи_Пицца;13;3926.8
2025-05;Левітана;Піца Верона;02912;Б_Каппи_Пицца;17;4680.5
2025-05;Левітана;Піца Гавайська;02104;Б_Каппи_Пицца;29;8990.5
2025-05;Левітана;Піца Груша Дор Блю;02175;Б_Каппи_Пицца;22;6310.2
2025-05;Левітана;Піца Дитяча;02117;Б_Каппи_Пицца;8;2523.8
2025-05;Левітана;Піца Діабло;02110;Б_Каппи_Пицца;16;4445.9
2025-05;Левітана;Піца Кампаро;03131;Б_Каппи_Пицца;2;472
2025-05;Левітана;Піца Курка та гриби;02177;Б_Каппи_Пицца;43;14146.4
2025-05;Левітана;Піца М'ясна;02102;Б_Каппи_Пицца;90;28429
2025-05;Левітана;Піца Маргарита;02174;Б_Каппи_Пицца;14;3575.7
2025-05;Левітана;Піца Мексиканська ;03130;Б_Каппи_Пицца;5;1045.6
2025-05;Левітана;Піца Мисливська;02176;Б_Каппи_Пицца;37;10462.9
2025-05;Левітана;Піца Океанія;02099;Б_Каппи_Пицца;26;9917.8
2025-05;Левітана;Піца Пепероні;02172;Б_Каппи_Пицца;70;19611.3
2025-05;Левітана;Піца Пепероні Блу Чіз;02119;Б_Каппи_Пицца;35;11195.3
2025-05;Левітана;Піца Том Ям;02978;Б_Каппи_Пицца;25;9568.7
2025-05;Левітана;Піца Чізбургер;02977;Б_Каппи_Пицца;36;11801.6
2025-05;Левітана;Піца з креветками та брі;02911;Б_Каппи_Пицца;37;13390.9
2025-05;Левітана;Піца з прошутто;03133;Б_Каппи_Пицца;10;2416.1
2025-05;Левітана;Піца з прошутто та грушою ;03132;Б_Каппи_Пицца;11;3124
2025-05;Левітана;Рамен Том Ям;02606;Б_Каппи_Супы;29;10494.6
2025-05;Левітана;Рамен Традиційний;02601;Б_Каппи_Супы;52;9294.2
2025-05;Левітана;Рис з куркою Гострий;00855;Б_Каппи_WOK;16;3475.5
2025-05;Левітана;Рис з лососем та зеленою цибулею;01855;Б_Каппи_WOK;13;2983.2
2025-05;Левітана;Рол Пасаж;02168;Б_Каппи_Роллы;16;4751.5
2025-05;Левітана;Рол-Дог з Креветкою;01787;Б_Каппи_Темпура ролл;22;6749.2
2025-05;Левітана;Рол-Дог з Лососем;01788;Б_Каппи_Темпура ролл;18;5583.2
2025-05;Левітана;Романтик-комбо;02916;Б_Каппи_Акции;1;1595
2025-05;Левітана;Сакайо;03128;Б_Каппи_Роллы;21;7035.1
2025-05;Левітана;Салат Чука-Вакаме;00602;Б_Каппи_Салати;24;4867.2
2025-05;Левітана;Салат з вугрем та авокадо;02900;Б_Каппи_Салати;13;4815.5
2025-05;Левітана;Салат з креветками, грушею та сиром Дор Блю		;02914;Б_Каппи_Салати;10;3660.2
2025-05;Левітана;Салат з тофу та овочами;02904;Б_Каппи_Салати;5;1419.7
2025-05;Левітана;Салмон в боніто ;00538;Б_Каппи_Роллы;19;4019.2
2025-05;Левітана;Сенкай;03022;Б_Каппи_Премиум ролл;23;11114.9
2025-05;Левітана;Сервісний збір_Glovo;01934;Б_Каппи_Glovo;116;1484.5
2025-05;Левітана;Сет 2х2;01175;Б_Каппи_Сет;21;19248.6
2025-05;Левітана;Сет Бюджетний;03043;Б_Каппи_Сет;19;15597.7
2025-05;Левітана;Сирний Вулкан;01863;Б_Каппи_Роллы;7;2422
2025-05;Левітана;Спайсі Вулкан;02113;Б_Каппи_Роллы;19;7163.9
2025-05;Левітана;Спайсі туна;02782;Б_Каппи_Роллы;3;1100.9
2025-05;Левітана;Спрайт жб 0,33 л.;01749;Б_Общее_Напитки;7;343.8
2025-05;Левітана;Супер Комбо;02181;Б_Каппи_Акции;3;2599.4
2025-05;Левітана;Суші бургер з Креветкой;02943;Б_Каппи_Бургер;119;34865.4
2025-05;Левітана;Суші бургер з Лососем;02944;Б_Каппи_Бургер;141;41549.5
2025-05;Левітана;Сушіріто з креветкою ;03018;Б_Каппи_Суширито;33;6302.7
2025-05;Левітана;Сушіріто з куркою;03019;Б_Каппи_Суширито;28;4829.4
2025-05;Левітана;Сушіріто з лососем;03020;Б_Каппи_Суширито;50;11576.2
2025-05;Левітана;ТОП сет;00362;Б_Каппи_Сет;28;38520.9
2025-05;Левітана;Тайфун;03024;Б_Каппи_Темпура ролл;23;10170.8
2025-05;Левітана;Темпура сет;00559;Б_Каппи_Сет;17;18366.7
2025-05;Левітана;Теплий сет;02712;Б_Каппи_Сет;42;33943.5
2025-05;Левітана;Том Ям;02597;Б_Каппи_Супы;45;16065.1
2025-05;Левітана;Тропік ;01862;Б_Каппи_Роллы;30;9387.7
2025-05;Левітана;Тропікана;03014;Б_Каппи_Роллы;40;14601.6
2025-05;Левітана;Тропічний Вулкан;02112;Б_Каппи_Роллы;14;5194.1
2025-05;Левітана;Туна Чіз;03013;Б_Каппи_Роллы;5;1609.6
2025-05;Левітана;Удон з креветками;01813;Б_Каппи_WOK;35;11231.2
2025-05;Левітана;Удон з куркою Теріякі;00856;Б_Каппи_WOK;54;13335.5
2025-05;Левітана;Унагамі;03011;Б_Каппи_Роллы;26;9807.8
2025-05;Левітана;Унагі Брі;02906;Б_Каппи_Роллы;4;1600
2025-05;Левітана;Унагі Фаєр Рол;00656;Б_Каппи_Премиум ролл;17;7193.3
2025-05;Левітана;Унагі чіз;02923;Б_Каппи_Премиум ролл;6;2465
2025-05;Левітана;Фанта жб 0,33 л.;01743;Б_Общее_Напитки;5;275
2025-05;Левітана;Фламмі;03040;Б_Каппи_Роллы;42;2155.8
2025-05;Левітана;Фреш Філадельфія;02800;Б_Каппи_Роллы;9;3061.8
2025-05;Левітана;Фудзі темпура;00911;Б_Каппи_Темпура ролл;42;12635.3
2025-05;Левітана;Філа Ланч;02706;Б_Каппи_Акции;19;7924.8
2025-05;Левітана;Філадельфія;00168;Б_Каппи_Роллы;182;64744.2
2025-05;Левітана;Філадельфія Класік;00459;Б_Каппи_Роллы;82;15465.5
2025-05;Левітана;Філадельфія Преміум;00611;Б_Каппи_Роллы;114;42672.2
2025-05;Левітана;Філадельфія з креветкою;02798;Б_Каппи_Роллы;68;25405.1
2025-05;Левітана;Філадельфія з манго;00612;Б_Каппи_Роллы;18;5537.4
2025-05;Левітана;Філадельфія з тунцем;00516;Б_Каппи_Роллы;23;8909.8
2025-05;Левітана;Цезар з куркою;02803;Б_Каппи_Салати;17;4783.1
2025-05;Левітана;Цезар з лососем;02992;Б_Каппи_Салати;8;2392
2025-05;Левітана;Чорний Дракон;00170;Б_Каппи_Роллы;23;8850.4
2025-05;Левітана;Чізі Креветка;01113;Б_Каппи_Роллы;22;5340.5
2025-05;Левітана;Чізі лосось;02921;Б_Каппи_Премиум ролл;4;1647.1
2025-05;Левітана;Шоппер+;03151;;63;0
2025-05;Левітана;Юме сет;02818;Б_Каппи_Сет;8;8539.8
2025-05;Левітана;Які Ебі Манго;02946;Б_Каппи_Запеч_Роллы;61;18930.2
2025-05;Левітана;Які Салмон;02950;Б_Каппи_Запеч_Роллы;17;6023.5
2025-05;Левітана;Які Спайсі Краб;02949;Б_Каппи_Запеч_Роллы;46;13353.4
2025-05;Левітана;Які Туна ;02942;Б_Каппи_Запеч_Роллы;10;3412.2
2025-05;Левітана;Які Унагі;02945;Б_Каппи_Запеч_Роллы;26;8241.9
2025-05;Левітана;Яєчна з куркою та креветками;01815;Б_Каппи_WOK;21;5969.6
2025-05;Левітана;Яєчна з морепродуктами;00859;Б_Каппи_WOK;21;6407.1
2025-06;Лазарева;.Гарного дня!;00944;Б_Прочие позиции;1937;0
2025-06;Лазарева;Affinity сет;03015;Б_Каппи_Сет;25;26685.1
2025-06;Лазарева;Cappiroll;00583;Б_Каппи_Роллы;45;17122.5
2025-06;Лазарева;Cappizza;02173;Б_Каппи_Пицца;29;8720
2025-06;Лазарева;G Антикризовий сет;02932;Б_Акції Глово;25;14975
2025-06;Лазарева;G Доставка;00984;Б_Каппи_Glovo;397;19803.3
2025-06;Лазарева;G Ебі сет;02936;Б_Акції Глово;2;2390
2025-06;Лазарева;G Лосось в темпурі;02763;Б_Акції Глово;8;1800
2025-06;Лазарева;G Пікантний краб;02933;Б_Акції Глово;7;1739.7
2025-06;Лазарева;G Рис з лососем та зеленою цибулею;02761;Б_Акції Глово;6;1410
2025-06;Лазарева;G Рол Курортний;02934;Б_Акції Глово;2;470
2025-06;Лазарева;G Салмон в бонито ;02884;Б_Акції Глово;3;687
2025-06;Лазарева;G Теплий сет;02883;Б_Акції Глово;15;11621.4
2025-06;Лазарева;GC_Доставка 0 грн;02503;Б_Глово_Модификаторы;21;0
2025-06;Лазарева;Glovo <800 ;03025;;54;2946.3
2025-06;Лазарева;L`amour Сет;01729;Б_Каппи_Сет;16;17481.1
2025-06;Лазарева;MOVA світле пиво безалкогольне 0.33 л.;03046;Б_Общее_Напитки;1;85
2025-06;Лазарева;MOVA світле пиво безалкогольне 0.33 л.;03049;Б_Общее_Напитки;7;557
2025-06;Лазарева;MOVA темне пиво безалкогольне 0,33 л.;03047;Б_Общее_Напитки;1;85
2025-06;Лазарева;MOVA темне пиво безалкогольне 0,33 л.;03048;Б_Общее_Напитки;8;668.5
2025-06;Лазарева;Rich 1 л. Апельсин;00352;Б_Общее_Напитки;5;489.9
2025-06;Лазарева;Rich 1 л. Экзотик;00172;Б_Общее_Напитки;13;1345.3
2025-06;Лазарева;Rich 1 л. Яблуко;00415;Б_Общее_Напитки;4;390.4
2025-06;Лазарева;SECRET Пакет №1;03153;Б_Каппи_Роллы;8;3044.9
2025-06;Лазарева;SECRET Пакет №2;03154;Б_Каппи_Роллы;9;3397.4
2025-06;Лазарева;VIP-комбо;02709;Б_Каппи_Акции;1;1995
2025-06;Лазарева;_Барбекю;03064;Б_Глово_Модификаторы;9;225
2025-06;Лазарева;_Гірчиця;03065;Б_Глово_Модификаторы;8;160
2025-06;Лазарева;_Кетчуп;03066;Б_Глово_Модификаторы;2;40
2025-06;Лазарева;_Комбо 1;03031;Б_Каппи_Glovo;38;12882
2025-06;Лазарева;_Комбо 2;03035;Б_Каппи_Glovo;9;2158.8
2025-06;Лазарева;_Комбо 3;03034;Б_Каппи_Glovo;15;5235
2025-06;Лазарева;_Комбо 4;03033;Б_Каппи_Glovo;30;9476.3
2025-06;Лазарева;_Комбо 5;03136;Б_Каппи_Glovo;20;4484.9
2025-06;Лазарева;_Комбо 6;03139;Б_Каппи_Glovo;17;5200.8
2025-06;Лазарева;_Майонез;03067;Б_Глово_Модификаторы;5;100
2025-06;Лазарева;_Сметана;03068;Б_Глово_Модификаторы;40;800
2025-06;Лазарева;_Хліб;03069;Б_Глово_Модификаторы;30;450
2025-06;Лазарева;Імператор;00892;Б_Каппи_Роллы;12;5223.4
2025-06;Лазарева;Акаї;03023;Б_Каппи_Премиум ролл;33;16016.9
2025-06;Лазарева;Аляска;00513;Б_Каппи_Премиум ролл;10;4180.2
2025-06;Лазарева;Аморе;02781;Б_Каппи_Роллы;22;8443.9
2025-06;Лазарева;Антикризовий сет;00578;Б_Каппи_Сет;47;27806.2
2025-06;Лазарева;Банзай ;00528;Б_Каппи_Темпура ролл;143;52625.8
2025-06;Лазарева;Бао бургер з крабом;02966;Б_Каппи_БАО;11;3203.6
2025-06;Лазарева;Бао бургер з креветкою;02967;Б_Каппи_БАО;12;4483.6
2025-06;Лазарева;Бао бургер з лососем;02968;Б_Каппи_БАО;10;3650
2025-06;Лазарева;Без приборів!;01593;Б_Прочие позиции;54;0
2025-06;Лазарева;Боніто з лососем;00154;Б_Каппи_Роллы;23;5899.3
2025-06;Лазарева;Боніто з тунцем;00512;Б_Каппи_Роллы;8;2191.2
2025-06;Лазарева;Борщ зі свининою;03028;Б_Каппи_Glovo;67;12060.4
2025-06;Лазарева;Боул Дабл Фіш;01886;Б_Каппи_Боул;9;3552.9
2025-06;Лазарева;Боул Філадельфія;01887;Б_Каппи_Боул;18;6478.6
2025-06;Лазарева;Боул з Куркою;01891;Б_Каппи_Боул;12;3060
2025-06;Лазарева;Боул з Лососем;01890;Б_Каппи_Боул;11;3907.7
2025-06;Лазарева;Бульон курячий;03029;Б_Каппи_Glovo;57;9975
2025-06;Лазарева;Вершкова креветка;00775;Б_Каппи_Роллы;41;14933.5
2025-06;Лазарева;Веселка;00509;Б_Каппи_Роллы;58;22259.9
2025-06;Лазарева;Весняний Сет;01844;Б_Каппи_Сет;9;8427.7
2025-06;Лазарева;Вишуканий дует;02989;Б_Каппи_Акции;1;665
2025-06;Лазарева;Вугор сет;02711;Б_Каппи_Сет;4;4410
2025-06;Лазарева;Вулкан Токара;03126;Б_Каппи_Роллы;15;5593.8
2025-06;Лазарева;Вулкан з креветкою;02799;Б_Каппи_Роллы;60;16833.7
2025-06;Лазарева;Відбивна куряча;03039;Б_Каппи_Glovo;6;1168.6
2025-06;Лазарева;Вінегрет;03060;Б_Каппи_Glovo;5;575
2025-06;Лазарева;Гречана каша;03053;Б_Каппи_Glovo;5;400
2025-06;Лазарева;Гурме;03127;Б_Каппи_Роллы;15;5074.3
2025-06;Лазарева;Д Імбир Cappi 30 гр.;01049;Б_Каппи_Добавки;124;1465.6
2025-06;Лазарева;Д Васабі Cappi 7,5 гр.;01050;Б_Каппи_Добавки;138;1219.9
2025-06;Лазарева;Д Набір Cappi (додатковий);01038;Б_Каппи_Добавки;3;87
2025-06;Лазарева;Д Набір №1 (Соев.-1шт.,Імб.-1шт.,Вас.-1шт.);01916;Б_Каппи_Добавки;309;0
2025-06;Лазарева;Д Набір №2 (Соев.-2шт.,Імб.-1шт.,Вас.-1шт.);01917;Б_Каппи_Добавки;312;0
2025-06;Лазарева;Д Набір №3 (Соев.-3шт.,Імб.-2шт.,Вас.-1шт.);01918;Б_Каппи_Добавки;348;0
2025-06;Лазарева;Д Набір №4 (Соев.-4шт.,Імб.-2шт.,Вас.-2шт.);01919;Б_Каппи_Добавки;431;0
2025-06;Лазарева;Д Соус Барбекю;00501;Б_Каппи_Добавки;22;543.6
2025-06;Лазарева;Д Соус Часниковий;01323;Б_Каппи_Добавки;38;1081.1
2025-06;Лазарева;Д Соус горіховий 20 гр.;00729;Б_Каппи_Добавки;8;224.4
2025-06;Лазарева;Д Соус соєвий Cappi 50 гр.;00695;Б_Каппи_Добавки;63;557.3
2025-06;Лазарева;Д Соус унагі 20 гр.;00728;Б_Каппи_Добавки;13;321.6
2025-06;Лазарева;Д Спайсі соус 10 гр.;02929;Б_Каппи_Добавки;5;50
2025-06;Лазарева;Д_Курка 60 гр;03105;Б_Каппи_Добавки;1;25
2025-06;Лазарева;Дабл Тартар;02780;Б_Каппи_Роллы;39;14574.9
2025-06;Лазарева;Деруни зі сметаною;03054;Б_Каппи_Glovo;12;1620
2025-06;Лазарева;Джаз;01109;Б_Каппи_Роллы;20;4310
2025-06;Лазарева;Дзен сет;01128;Б_Каппи_Сет;17;15655.5
2025-06;Лазарева;Доставка (зелена);00829;Б_Прочие позиции;25;941.6
2025-06;Лазарева;Доставка (помаранчева);01235;Б_Прочие позиции;19;836.1
2025-06;Лазарева;Доставка (рожева);03017;Б_Прочие позиции;7;977
2025-06;Лазарева;Доставка (синя);01051;Б_Прочие позиции;3;180
2025-06;Лазарева;Доставка (фіолетова);03016;Б_Прочие позиции;31;3031.8
2025-06;Лазарева;Ебі Грін;01790;Б_Каппи_Роллы;16;4445.5
2025-06;Лазарева;Ебі сет;02710;Б_Каппи_Сет;61;71713
2025-06;Лазарева;Ебі темпура;02986;Б_Каппи_Закуски;60;14539.1
2025-06;Лазарева;Екзотік;03041;Б_Каппи_Роллы;8;2209.5
2025-06;Лазарева;Заміна інгрідієнта;02139;Б_Прочие позиции;3;89.5
2025-06;Лазарева;Зелений Дракон;00156;Б_Каппи_Роллы;7;2709
2025-06;Лазарева;Йоші рол;02776;Б_Каппи_Роллы;14;5305.2
2025-06;Лазарева;Каліфорнія ;00774;Б_Каппи_Роллы;26;8244.4
2025-06;Лазарева;Каліфорнія Мікс;00653;Б_Каппи_Роллы;14;5717.8
2025-06;Лазарева;Каліфорнія з креветкою;00654;Б_Каппи_Роллы;20;6933.7
2025-06;Лазарева;Камамбер фрі;03093;Б_Каппи_Закуски;13;3575
2025-06;Лазарева;Камертон;00960;Б_Каппи_Роллы;36;13486.4
2025-06;Лазарева;Капібара полюбляє;03141;Б_Каппи_Сет;3;3555
2025-06;Лазарева;Картопля по-домашньому  ;03051;Б_Каппи_Glovo;11;1595
2025-06;Лазарева;Класика вдвох;02988;Б_Каппи_Акции;9;4209.6
2025-06;Лазарева;Кока-кола 0,75 л БОРЩИК\ГЛОВО;03074;Б_Каппи_Glovo;11;649
2025-06;Лазарева;Кока-кола 0,75 л.;01731;Б_Общее_Напитки;58;3355
2025-06;Лазарева;Кока-кола жб 0,33 л БОРЩИК\ГЛОВО;03075;Б_Каппи_Glovo;6;330
2025-06;Лазарева;Кока-кола жб 0,33 л.;01736;Б_Общее_Напитки;28;1535.6
2025-06;Лазарева;Кока-кола зеро жб 0,33 л БОРЩИК\ГЛОВО;03076;Б_Каппи_Glovo;9;495
2025-06;Лазарева;Кока-кола зеро жб 0,33 л.;01740;Б_Общее_Напитки;40;2189.8
2025-06;Лазарева;Комбо #1;02178;Б_Каппи_Акции;1;1295
2025-06;Лазарева;Комбо #2;02179;Б_Каппи_Акции;4;4396
2025-06;Лазарева;Комбо #3;02180;Б_Каппи_Акции;3;2907.3
2025-06;Лазарева;"Комбуча  ""Бадьорий""";03082;Б_Каппи_Glovo;3;285
2025-06;Лазарева;"Комбуча  ""Манливий""";03084;Б_Каппи_Glovo;4;295
2025-06;Лазарева;"Комбуча ""Бадьорий""";02896;Б_Общее_Напитки;3;239.1
2025-06;Лазарева;"Комбуча ""Дивовижний""";02897;Б_Общее_Напитки;3;285
2025-06;Лазарева;"Комбуча ""Манливий""";02898;Б_Общее_Напитки;8;751.1
2025-06;Лазарева;Компенсація за негоду;02771;;6;117.4
2025-06;Лазарева;Концепция-Борщик;03072;;217;0
2025-06;Лазарева;Котлета кордон-блю;03140;Б_Каппи_Glovo;4;758.6
2025-06;Лазарева;Котлета куряча;03091;Б_Каппи_Glovo;16;1680
2025-06;Лазарева;Котлета по-київськи ;03055;Б_Каппи_Glovo;4;660
2025-06;Лазарева;Креветка в кунжуті;00511;Б_Каппи_Роллы;40;12752.4
2025-06;Лазарева;Креветка в темпурі;00533;Б_Каппи_Темпура ролл;95;29533.9
2025-06;Лазарева;Курка в Кисло-солодкому;01825;Б_Каппи_WOK;15;3751.5
2025-06;Лазарева;Курортний;02169;Б_Каппи_Роллы;41;892.6
2025-06;Лазарева;Кімурай;03012;Б_Каппи_Роллы;23;8998.1
2025-06;Лазарева;Лимонад 0,5 л.;02057;Б_Общее_Напитки;39;2872.1
2025-06;Лазарева;Лимонад БОРЩИК\ГЛОВО;03085;Б_Каппи_Glovo;25;1875
2025-06;Лазарева;Листівка до ДН;02061;Б_Прочие позиции;1;0
2025-06;Лазарева;Логістичний збір;02770;;1043;29301.5
2025-06;Лазарева;Лосось Пад Тай;02116;Б_Каппи_Роллы;20;6686.8
2025-06;Лазарева;Лосось в темпурі;00534;Б_Каппи_Темпура ролл;64;13799.1
2025-06;Лазарева;Лосось сет;00517;Б_Каппи_Сет;38;37566.1
2025-06;Лазарева;М Авокадо 20 г;02133;Б_Каппи_Модификаторы;1;39
2025-06;Лазарева;М Балик 100 г;01204;Б_Каппи_Модификаторы;6;291.9
2025-06;Лазарева;М Вершковий сир 20 г;02126;Б_Каппи_Модификаторы;5;99.1
2025-06;Лазарева;М Вугор 20 г;02125;Б_Каппи_Модификаторы;3;164.4
2025-06;Лазарева;М Горіховий соус 20 г;01651;Б_Каппи_Модификаторы;6;173.1
2025-06;Лазарева;М Гриби 50 г;01194;Б_Каппи_Модификаторы;17;297.8
2025-06;Лазарева;М Кальмар 20 г;02136;Б_Каппи_Модификаторы;11;385
2025-06;Лазарева;М Креветка 2 шт.;02123;Б_Каппи_Модификаторы;1;46.8
2025-06;Лазарева;М Креветка 2 шт.;02135;Б_Каппи_Модификаторы;14;664.4
2025-06;Лазарева;М Курка 20 г;02131;Б_Каппи_Модификаторы;5;125
2025-06;Лазарева;М Куряче філе 60 г;01195;Б_Каппи_Модификаторы;16;712
2025-06;Лазарева;М Лосось 20 г;02122;Б_Каппи_Модификаторы;6;289
2025-06;Лазарева;М Маслини 20 г;01196;Б_Каппи_Модификаторы;12;287.8
2025-06;Лазарева;М Моцарела 100 г;01201;Б_Каппи_Модификаторы;3;165
2025-06;Лазарева;М Мідії 20 г;02137;Б_Каппи_Модификаторы;3;105
2025-06;Лазарева;М Пармезан 20 г;01193;Б_Каппи_Модификаторы;4;154.1
2025-06;Лазарева;М Пепероні 50 г;01200;Б_Каппи_Модификаторы;1;68
2025-06;Лазарева;М Перець болгарський 40 г;01197;Б_Каппи_Модификаторы;3;87
2025-06;Лазарева;М Помідори 40 г;01199;Б_Каппи_Модификаторы;7;171.8
2025-06;Лазарева;М Соус Барбекю 1 шт.;01202;Б_Каппи_Модификаторы;4;100
2025-06;Лазарева;М Соус Пад Тай 10 г;02127;Б_Каппи_Модификаторы;9;89.7
2025-06;Лазарева;М Соус Соєвий порц.;02728;Б_Каппи_Модификаторы;32;288
2025-06;Лазарева;М Соус Теріякі 10 г;02130;Б_Каппи_Модификаторы;7;70
2025-06;Лазарева;М Соус Унагі 20 г;01650;Б_Каппи_Модификаторы;21;518.3
2025-06;Лазарева;М Соус Часниковий 1 шт.;01648;Б_Каппи_Модификаторы;9;259.4
2025-06;Лазарева;М Соус Шірачі 5 г;02129;Б_Каппи_Модификаторы;8;79.6
2025-06;Лазарева;М Спайсі соус 10 г;02128;Б_Каппи_Модификаторы;18;175.5
2025-06;Лазарева;М Тунець 20 г;02124;Б_Каппи_Модификаторы;1;52.6
2025-06;Лазарева;М Халапеньйо 15 г;01198;Б_Каппи_Модификаторы;8;153.2
2025-06;Лазарева;М'ясо по-французьки;03056;Б_Каппи_Glovo;8;1896
2025-06;Лазарева;Макі Вугор;00161;Б_Каппи_Роллы;12;2582.5
2025-06;Лазарева;Макі Лосось;00159;Б_Каппи_Роллы;35;6242
2025-06;Лазарева;Макі Огірок ;00506;Б_Каппи_Роллы;13;1208.6
2025-06;Лазарева;Макі Сирний;00504;Б_Каппи_Роллы;15;1263.5
2025-06;Лазарева;Макі Чука ;00507;Б_Каппи_Роллы;20;2146.3
2025-06;Лазарева;Млинці з яблуками;03061;Б_Каппи_Glovo;7;1225
2025-06;Лазарева;Монако;00636;Б_Каппи_Роллы;6;2383.3
2025-06;Лазарева;Морс Ягідний 0,5 л.;02697;Б_Общее_Напитки;78;4113.7
2025-06;Лазарева;Морс Ягідний БОРЩИК\ГЛОВО;03086;Б_Каппи_Glovo;1;0
2025-06;Лазарева;Моршинська без газу 0,5 л БОРЩИК\ГЛОВО;03087;Б_Каппи_Glovo;29;1305
2025-06;Лазарева;Моршинська без газу 0,5 л.;00585;Б_Общее_Напитки;60;2700
2025-06;Лазарева;Моршинська слаб.газ. 0,5 л.;00584;Б_Общее_Напитки;2;90
2025-06;Лазарева;Мочі Ананас-Білий шоколад;02620;Т_Десерты;10;1229.1
2025-06;Лазарева;Мочі Диня - Дор Блю;02869;Т_Десерты;14;1692.3
2025-06;Лазарева;Мочі Полуниця;02618;Т_Десерты;18;2194.5
2025-06;Лазарева;Мочі малина;02026;Т_Десерты;17;2094.1
2025-06;Лазарева;Мідорі;03021;Б_Каппи_Премиум ролл;7;3167.3
2025-06;Лазарева;Мідія в темпурі;02167;Б_Каппи_Темпура ролл;7;2307.9
2025-06;Лазарева;Місо з тофу;00708;Б_Каппи_Супы;1;185
2025-06;Лазарева;Навчальні палички;01021;Б_Прочие позиции;37;181.1
2025-06;Лазарева;Нью-Йорк ;02915;Б_Каппи_Роллы;36;15582.8
2025-06;Лазарева;Одеський сет;02170;Б_Каппи_Сет;9;7155
2025-06;Лазарева;Ойши сет;02819;Б_Каппи_Сет;7;7565
2025-06;Лазарева;Онлайн оплата;02940;;530;0
2025-06;Лазарева;Опен-фуд;02927;;29;29
2025-06;Лазарева;Осака;00589;Б_Каппи_Роллы;44;14362.9
2025-06;Лазарева;Париж;00657;Б_Каппи_Роллы;17;7490.4
2025-06;Лазарева;Пательня з куркою.;03036;Б_Каппи_Glovo;39;9750
2025-06;Лазарева;Пательня зі свининою;03030;Б_Каппи_Glovo;32;8160
2025-06;Лазарева;Пательня мисливська.;03037;Б_Каппи_Glovo;18;5130
2025-06;Лазарева;Пересип +;03045;;91;0
2025-06;Лазарева;Преміум Креветка;00652;Б_Каппи_Роллы;17;7540.8
2025-06;Лазарева;Преміум сет;00658;Б_Каппи_Сет;18;29197.8
2025-06;Лазарева;Пюре;03052;Б_Каппи_Glovo;17;2210
2025-06;Лазарева;Пікантний краб;00531;Б_Каппи_Темпура ролл;22;5370.2
2025-06;Лазарева;Пікантний лосось ;00532;Б_Каппи_Темпура ролл;36;10260.9
2025-06;Лазарева;Піца 4 сезони;02101;Б_Каппи_Пицца;15;5232.7
2025-06;Лазарева;Піца 4 сири;02118;Б_Каппи_Пицца;63;21040.2
2025-06;Лазарева;Піца Амерікано;02111;Б_Каппи_Пицца;10;3150
2025-06;Лазарева;Піца Гавайська;02104;Б_Каппи_Пицца;38;11438.2
2025-06;Лазарева;Піца Груша Дор Блю;02175;Б_Каппи_Пицца;13;3809.1
2025-06;Лазарева;Піца Кампаро;03131;Б_Каппи_Пицца;22;5813.5
2025-06;Лазарева;Піца Курка та гриби;02177;Б_Каппи_Пицца;44;14408.8
2025-06;Лазарева;Піца М'ясна;02102;Б_Каппи_Пицца;73;24557.7
2025-06;Лазарева;Піца Маргарита;02174;Б_Каппи_Пицца;14;3539.5
2025-06;Лазарева;Піца Мексиканська ;03130;Б_Каппи_Пицца;31;7529.7
2025-06;Лазарева;Піца Мисливська;02176;Б_Каппи_Пицца;36;10414.1
2025-06;Лазарева;Піца Океанія;02099;Б_Каппи_Пицца;22;8525.6
2025-06;Лазарева;Піца Пепероні;02172;Б_Каппи_Пицца;51;13183.5
2025-06;Лазарева;Піца Пепероні Блу Чіз;02119;Б_Каппи_Пицца;29;9654.4
2025-06;Лазарева;Піца Том Ям;02978;Б_Каппи_Пицца;25;9131.9
2025-06;Лазарева;Піца Чізбургер;02977;Б_Каппи_Пицца;33;10928.2
2025-06;Лазарева;Піца з креветками та брі;02911;Б_Каппи_Пицца;26;9219.8
2025-06;Лазарева;Піца з прошутто;03133;Б_Каппи_Пицца;33;9278.6
2025-06;Лазарева;Піца з прошутто та грушою ;03132;Б_Каппи_Пицца;23;6759.6
2025-06;Лазарева;Рамен Том Ям;02606;Б_Каппи_Супы;23;8572.4
2025-06;Лазарева;Рамен Традиційний;02601;Б_Каппи_Супы;35;6340.8
2025-06;Лазарева;Рис з куркою Гострий;00855;Б_Каппи_WOK;16;3527.5
2025-06;Лазарева;Рис з лососем та зеленою цибулею;01855;Б_Каппи_WOK;10;2247.8
2025-06;Лазарева;Рол Пасаж;02168;Б_Каппи_Роллы;16;4919.2
2025-06;Лазарева;Рол-Дог з Креветкою;01787;Б_Каппи_Темпура ролл;19;5943.8
2025-06;Лазарева;Рол-Дог з Лососем;01788;Б_Каппи_Темпура ролл;4;1260.8
2025-06;Лазарева;Сакайо;03128;Б_Каппи_Роллы;17;6468.5
2025-06;Лазарева;"Салат ""Олів'є"" з куркою";03059;Б_Каппи_Glovo;9;1575
2025-06;Лазарева;Салат Цезар з куркою (борщик);03057;Б_Каппи_Glovo;24;5817.2
2025-06;Лазарева;Салат Чука-Вакаме;00602;Б_Каппи_Салати;18;3617.1
2025-06;Лазарева;Салат з вугрем та авокадо;02900;Б_Каппи_Салати;6;2227.6
2025-06;Лазарева;Салат з капустою та огірком;03135;Б_Каппи_Glovo;15;1875
2025-06;Лазарева;Салат з креветками, грушею та сиром Дор Блю		;02914;Б_Каппи_Салати;2;742.9
2025-06;Лазарева;Салат з тофу та овочами;02904;Б_Каппи_Салати;3;855
2025-06;Лазарева;Салат крабовий;03058;Б_Каппи_Glovo;13;2562.5
2025-06;Лазарева;Салмон в боніто ;00538;Б_Каппи_Роллы;16;3274.3
2025-06;Лазарева;Світле пиво безалкогольне БОРЩИК\ГЛОВО;03080;Б_Каппи_Glovo;2;170
2025-06;Лазарева;Семга штат 200грн/кг;02824;;1;200
2025-06;Лазарева;Сенкай;03022;Б_Каппи_Премиум ролл;22;10384.9
2025-06;Лазарева;Сервісний збір_Glovo;01934;Б_Каппи_Glovo;111;2033.1
2025-06;Лазарева;Сет 2х2;01175;Б_Каппи_Сет;21;19542.5
2025-06;Лазарева;Сет Бюджетний;03043;Б_Каппи_Сет;16;13297.4
2025-06;Лазарева;Сирники з малиною;03063;Б_Каппи_Glovo;10;1656.1
2025-06;Лазарева;Сирники з родзинками;03062;Б_Каппи_Glovo;10;1288.1
2025-06;Лазарева;Солянка;03038;Б_Каппи_Glovo;14;3283
2025-06;Лазарева;Спайсі Вулкан;02113;Б_Каппи_Роллы;14;4891.9
2025-06;Лазарева;Спрайт жб 0,33 л  БОРЩИК\ГЛОВО;03089;Б_Каппи_Glovo;2;110
2025-06;Лазарева;Спрайт жб 0,33 л.;01749;Б_Общее_Напитки;6;326.3
2025-06;Лазарева;Супер Комбо;02181;Б_Каппи_Акции;4;3563.5
2025-06;Лазарева;Суші бургер з Креветкой;02943;Б_Каппи_Бургер;95;29567.9
2025-06;Лазарева;Суші бургер з Лососем;02944;Б_Каппи_Бургер;89;28339
2025-06;Лазарева;Сушіріто з креветкою ;03018;Б_Каппи_Суширито;46;8514.5
2025-06;Лазарева;Сушіріто з куркою;03019;Б_Каппи_Суширито;17;2989.2
2025-06;Лазарева;Сушіріто з лососем;03020;Б_Каппи_Суширито;40;9418.5
2025-06;Лазарева;ТОП сет;00362;Б_Каппи_Сет;22;30070.5
2025-06;Лазарева;Тайфун;03024;Б_Каппи_Темпура ролл;18;7386.2
2025-06;Лазарева;Темпура сет;00559;Б_Каппи_Сет;22;23957.5
2025-06;Лазарева;Теплий сет;02712;Б_Каппи_Сет;33;26817.1
2025-06;Лазарева;Том Ям;02597;Б_Каппи_Супы;34;12486.4
2025-06;Лазарева;Тропік ;01862;Б_Каппи_Роллы;20;6325.1
2025-06;Лазарева;Тропікана;03014;Б_Каппи_Роллы;44;15772.6
2025-06;Лазарева;Тропічний Вулкан;02112;Б_Каппи_Роллы;7;2505.2
2025-06;Лазарева;Удон з креветками;01813;Б_Каппи_WOK;38;11896.7
2025-06;Лазарева;Удон з куркою Теріякі;00856;Б_Каппи_WOK;44;10708.6
2025-06;Лазарева;Унагамі;03011;Б_Каппи_Роллы;17;6615.6
2025-06;Лазарева;Унагі Брі;02906;Б_Каппи_Роллы;4;1582
2025-06;Лазарева;Унагі Фаєр Рол;00656;Б_Каппи_Премиум ролл;11;4748.6
2025-06;Лазарева;Фанта жб 0,33 л БОРЩИК\ГЛОВО;03090;Б_Каппи_Glovo;1;55
2025-06;Лазарева;Фанта жб 0,33 л.;01743;Б_Общее_Напитки;9;495
2025-06;Лазарева;Фламмі;03040;Б_Каппи_Роллы;10;2728.6
2025-06;Лазарева;Фудзі темпура;00911;Б_Каппи_Темпура ролл;58;17379.5
2025-06;Лазарева;Філа Ланч;02706;Б_Каппи_Акции;16;6695.6
2025-06;Лазарева;Філадельфія;00168;Б_Каппи_Роллы;123;43292.7
2025-06;Лазарева;Філадельфія Класік;00459;Б_Каппи_Роллы;114;25759.8
2025-06;Лазарева;Філадельфія Преміум;00611;Б_Каппи_Роллы;94;33561.6
2025-06;Лазарева;Філадельфія з креветкою;02798;Б_Каппи_Роллы;75;24660.2
2025-06;Лазарева;Філадельфія з манго;00612;Б_Каппи_Роллы;31;9122.3
2025-06;Лазарева;Філадельфія з тунцем;00516;Б_Каппи_Роллы;17;6609.4
2025-06;Лазарева;Цезар з куркою;02803;Б_Каппи_Салати;13;3694.3
2025-06;Лазарева;Цезар з лососем;02992;Б_Каппи_Салати;8;2392
2025-06;Лазарева;Чорний Дракон;00170;Б_Каппи_Роллы;23;8722.7
2025-06;Лазарева;Чізі Креветка;01113;Б_Каппи_Роллы;29;7031.4
2025-06;Лазарева;Чізі лосось;02921;Б_Каппи_Премиум ролл;4;1700
2025-06;Лазарева;Шоппер+;03151;;39;0
2025-06;Лазарева;Юме сет;02818;Б_Каппи_Сет;6;6510
2025-06;Лазарева;Які Ебі Манго;02946;Б_Каппи_Запеч_Роллы;42;12476.4
2025-06;Лазарева;Які Салмон;02950;Б_Каппи_Запеч_Роллы;35;11710.7
2025-06;Лазарева;Які Спайсі Краб;02949;Б_Каппи_Запеч_Роллы;42;11430.1
2025-06;Лазарева;Які Туна ;02942;Б_Каппи_Запеч_Роллы;18;5500
2025-06;Лазарева;Які Унагі;02945;Б_Каппи_Запеч_Роллы;37;10803.1
2025-06;Лазарева;Яєчна з куркою та креветками;01815;Б_Каппи_WOK;25;8116.1
2025-06;Лазарева;Яєчна з морепродуктами;00859;Б_Каппи_WOK;39;12615.2
2025-06;Левітана;.Гарного дня!;00944;Б_Прочие позиции;1887;0
2025-06;Левітана;Affinity сет;03015;Б_Каппи_Сет;26;27897.5
2025-06;Левітана;Cappiroll;00583;Б_Каппи_Роллы;51;19630.2
2025-06;Левітана;Cappizza;02173;Б_Каппи_Пицца;35;10107.5
2025-06;Левітана;G Антикризовий сет;02932;Б_Акції Глово;20;11980
2025-06;Левітана;G Доставка;00984;Б_Каппи_Glovo;388;19386.9
2025-06;Левітана;G Ебі сет;02936;Б_Акції Глово;11;13145
2025-06;Левітана;G Лосось в темпурі;02763;Б_Акції Глово;5;1125
2025-06;Левітана;G Пікантний краб;02933;Б_Акції Глово;3;765
2025-06;Левітана;G Рис з лососем та зеленою цибулею;02761;Б_Акції Глово;10;2350
2025-06;Левітана;G Рол Курортний;02934;Б_Акції Глово;1;235
2025-06;Левітана;G Салмон в бонито ;02884;Б_Акції Глово;2;458
2025-06;Левітана;G Теплий сет;02883;Б_Акції Глово;17;13515
2025-06;Левітана;GC_Доставка 0 грн;02503;Б_Глово_Модификаторы;35;0
2025-06;Левітана;L`amour Сет;01729;Б_Каппи_Сет;19;20325
2025-06;Левітана;MOVA світле пиво безалкогольне 0.33 л.;03049;Б_Общее_Напитки;12;1015.2
2025-06;Левітана;MOVA темне пиво безалкогольне 0,33 л.;03048;Б_Общее_Напитки;14;1156.9
2025-06;Левітана;Party-комбо ( Pepsi Cola з/б 0,33л -1шт та  Pepsi Cola Max з/б 0,33л - 1шт;02708;Б_Каппи_Акции;3;3575
2025-06;Левітана;Rich 1 л. Апельсин;00352;Б_Общее_Напитки;5;510.1
2025-06;Левітана;Rich 1 л. Экзотик;00172;Б_Общее_Напитки;10;1043.9
2025-06;Левітана;Rich 1 л. Яблуко;00415;Б_Общее_Напитки;3;315
2025-06;Левітана;SECRET Пакет №1;03153;Б_Каппи_Роллы;6;2234.1
2025-06;Левітана;SECRET Пакет №2;03154;Б_Каппи_Роллы;1;365.5
2025-06;Левітана;VIP-комбо;02709;Б_Каппи_Акции;2;3990
2025-06;Левітана;Імператор;00892;Б_Каппи_Роллы;18;7922.2
2025-06;Левітана;Акаї;03023;Б_Каппи_Премиум ролл;26;12579.8
2025-06;Левітана;Аляска;00513;Б_Каппи_Премиум ролл;10;4031.5
2025-06;Левітана;Аморе;02781;Б_Каппи_Роллы;20;7580.3
2025-06;Левітана;Антикризовий сет;00578;Б_Каппи_Сет;56;33014.3
2025-06;Левітана;Банзай ;00528;Б_Каппи_Темпура ролл;118;43248.2
2025-06;Левітана;Бао бургер з крабом;02966;Б_Каппи_БАО;13;3811.4
2025-06;Левітана;Бао бургер з креветкою;02967;Б_Каппи_БАО;7;2563.4
2025-06;Левітана;Бао бургер з лососем;02968;Б_Каппи_БАО;6;2149.4
2025-06;Левітана;Без приборів!;01593;Б_Прочие позиции;71;0
2025-06;Левітана;Боніто з лососем;00154;Б_Каппи_Роллы;18;4545.2
2025-06;Левітана;Боніто з тунцем;00512;Б_Каппи_Роллы;10;2666.2
2025-06;Левітана;Боул Дабл Фіш;01886;Б_Каппи_Боул;27;10568.2
2025-06;Левітана;Боул Філадельфія;01887;Б_Каппи_Боул;25;8796.5
2025-06;Левітана;Боул з Куркою;01891;Б_Каппи_Боул;9;2228.5
2025-06;Левітана;Боул з Лососем;01890;Б_Каппи_Боул;18;5972.7
2025-06;Левітана;Вершкова креветка;00775;Б_Каппи_Роллы;47;17054.1
2025-06;Левітана;Веселка;00509;Б_Каппи_Роллы;42;16248.9
2025-06;Левітана;Весняний Сет;01844;Б_Каппи_Сет;16;15283.7
2025-06;Левітана;Вишуканий дует;02989;Б_Каппи_Акции;1;665
2025-06;Левітана;Вугор сет;02711;Б_Каппи_Сет;5;5488.8
2025-06;Левітана;Вулкан Токара;03126;Б_Каппи_Роллы;23;8505.6
2025-06;Левітана;Вулкан з креветкою;02799;Б_Каппи_Роллы;44;12312.6
2025-06;Левітана;Гурме;03127;Б_Каппи_Роллы;14;4758.2
2025-06;Левітана;Д Імбир Cappi 30 гр.;01049;Б_Каппи_Добавки;126;1484.2
2025-06;Левітана;Д Васабі Cappi 7,5 гр.;01050;Б_Каппи_Добавки;119;1039.6
2025-06;Левітана;Д Набір №1 (Соев.-1шт.,Імб.-1шт.,Вас.-1шт.);01916;Б_Каппи_Добавки;366;0
2025-06;Левітана;Д Набір №2 (Соев.-2шт.,Імб.-1шт.,Вас.-1шт.);01917;Б_Каппи_Добавки;352;0
2025-06;Левітана;Д Набір №3 (Соев.-3шт.,Імб.-2шт.,Вас.-1шт.);01918;Б_Каппи_Добавки;392;0
2025-06;Левітана;Д Набір №4 (Соев.-4шт.,Імб.-2шт.,Вас.-2шт.);01919;Б_Каппи_Добавки;464;0
2025-06;Левітана;Д Перчик Халапеньо 15 гр.;00616;Б_Каппи_Добавки;2;40
2025-06;Левітана;Д Соус Барбекю;00501;Б_Каппи_Добавки;14;347.5
2025-06;Левітана;Д Соус Часниковий;01323;Б_Каппи_Добавки;27;775.7
2025-06;Левітана;Д Соус Ширачи 10г;02596;Б_Каппи_Добавки;1;17.3
2025-06;Левітана;Д Соус горіховий 20 гр.;00729;Б_Каппи_Добавки;5;143.5
2025-06;Левітана;Д Соус соєвий Cappi 50 гр.;00695;Б_Каппи_Добавки;71;630.7
2025-06;Левітана;Д Соус унагі 20 гр.;00728;Б_Каппи_Добавки;14;337.8
2025-06;Левітана;Д Спайсі соус 10 гр.;02929;Б_Каппи_Добавки;13;127
2025-06;Левітана;Д_Креветка 2 шт;03098;Б_Каппи_Добавки;1;49
2025-06;Левітана;Д_Огірок 20 гр;03100;Б_Каппи_Добавки;1;25
2025-06;Левітана;Д_Пепероні 50 гр;03107;Б_Каппи_Добавки;1;75
2025-06;Левітана;Д_Помідор 20 гр;03109;Б_Каппи_Добавки;1;25
2025-06;Левітана;Дабл Тартар;02780;Б_Каппи_Роллы;42;15275.8
2025-06;Левітана;Джаз;01109;Б_Каппи_Роллы;32;6670.2
2025-06;Левітана;Дзен сет;01128;Б_Каппи_Сет;24;21870.5
2025-06;Левітана;Доставка (зелена);00829;Б_Прочие позиции;46;1665.9
2025-06;Левітана;Доставка (помаранчева);01235;Б_Прочие позиции;17;793.2
2025-06;Левітана;Доставка (синя);01051;Б_Прочие позиции;3;175.2
2025-06;Левітана;Ебі Грін;01790;Б_Каппи_Роллы;14;3981.1
2025-06;Левітана;Ебі сет;02710;Б_Каппи_Сет;45;52774.4
2025-06;Левітана;Ебі темпура;02986;Б_Каппи_Закуски;62;14796.5
2025-06;Левітана;Екзотік;03041;Б_Каппи_Роллы;4;1084.9
2025-06;Левітана;Заміна інгрідієнта;02139;Б_Прочие позиции;2;40
2025-06;Левітана;Зелений Дракон;00156;Б_Каппи_Роллы;17;6549.5
2025-06;Левітана;Йоші рол;02776;Б_Каппи_Роллы;20;6966.3
2025-06;Левітана;Каліфорнія ;00774;Б_Каппи_Роллы;28;9078
2025-06;Левітана;Каліфорнія Мікс;00653;Б_Каппи_Роллы;12;4792.6
2025-06;Левітана;Каліфорнія з креветкою;00654;Б_Каппи_Роллы;35;12328.2
2025-06;Левітана;Камамбер фрі;03093;Б_Каппи_Закуски;31;8214.7
2025-06;Левітана;Камертон;00960;Б_Каппи_Роллы;49;18404.3
2025-06;Левітана;Капібара полюбляє;03141;Б_Каппи_Сет;4;4654.1
2025-06;Левітана;Класика вдвох;02988;Б_Каппи_Акции;7;3064.6
2025-06;Левітана;Кока-кола 0,75 л.;01731;Б_Общее_Напитки;41;2356.8
2025-06;Левітана;Кока-кола жб 0,33 л.;01736;Б_Общее_Напитки;21;1107.9
2025-06;Левітана;Кока-кола зеро жб 0,33 л БОРЩИК\ГЛОВО;03076;Б_Каппи_Glovo;1;52.9
2025-06;Левітана;Кока-кола зеро жб 0,33 л.;01740;Б_Общее_Напитки;45;2323.7
2025-06;Левітана;Комбо #1;02178;Б_Каппи_Акции;2;2620
2025-06;Левітана;Комбо #2;02179;Б_Каппи_Акции;2;2198
2025-06;Левітана;Комбо #3;02180;Б_Каппи_Акции;1;995
2025-06;Левітана;"Комбуча ""Бадьорий""";02896;Б_Общее_Напитки;11;1007
2025-06;Левітана;"Комбуча ""Дивовижний""";02897;Б_Общее_Напитки;4;336.7
2025-06;Левітана;"Комбуча ""Манливий""";02898;Б_Общее_Напитки;8;760
2025-06;Левітана;Компенсація за негоду;02771;;7;138.7
2025-06;Левітана;Креветка в кунжуті;00511;Б_Каппи_Роллы;41;12518
2025-06;Левітана;Креветка в темпурі;00533;Б_Каппи_Темпура ролл;104;32896
2025-06;Левітана;Курка в Кисло-солодкому;01825;Б_Каппи_WOK;13;3280.8
2025-06;Левітана;Курортний;02169;Б_Каппи_Роллы;52;3542.1
2025-06;Левітана;Кімурай;03012;Б_Каппи_Роллы;27;10254.2
2025-06;Левітана;Лимонад 0,5 л.;02057;Б_Общее_Напитки;46;3374.7
2025-06;Левітана;Лимонад БОРЩИК\ГЛОВО;03085;Б_Каппи_Glovo;1;75
2025-06;Левітана;Листівка гарного дня;02063;Б_Прочие позиции;1;0
2025-06;Левітана;Листівка до ДН;02061;Б_Прочие позиции;4;0
2025-06;Левітана;Листівка сюрприз;02062;Б_Прочие позиции;1;0
2025-06;Левітана;Логістичний збір;02770;;1151;32239.7
2025-06;Левітана;Лосось Пад Тай;02116;Б_Каппи_Роллы;33;10948.8
2025-06;Левітана;Лосось в темпурі;00534;Б_Каппи_Темпура ролл;60;12731
2025-06;Левітана;Лосось сет;00517;Б_Каппи_Сет;43;42449.4
2025-06;Левітана;М Авокадо 20 г;02133;Б_Каппи_Модификаторы;5;181.1
2025-06;Левітана;М Балик 100 г;01204;Б_Каппи_Модификаторы;13;632.9
2025-06;Левітана;М Вершковий сир 20 г;02126;Б_Каппи_Модификаторы;17;330.6
2025-06;Левітана;М Вугор 20 г;02125;Б_Каппи_Модификаторы;2;110
2025-06;Левітана;М Горіховий соус 20 г;01651;Б_Каппи_Модификаторы;10;285.4
2025-06;Левітана;М Гриби 50 г;01194;Б_Каппи_Модификаторы;8;138.7
2025-06;Левітана;М Кальмар 20 г;02136;Б_Каппи_Модификаторы;13;447.6
2025-06;Левітана;М Креветка 2 шт.;02123;Б_Каппи_Модификаторы;13;630
2025-06;Левітана;М Креветка 2 шт.;02135;Б_Каппи_Модификаторы;8;388.4
2025-06;Левітана;М Курка 20 г;02131;Б_Каппи_Модификаторы;6;150
2025-06;Левітана;М Куряче філе 60 г;01195;Б_Каппи_Модификаторы;10;435.7
2025-06;Левітана;М Лосось 20 г;02122;Б_Каппи_Модификаторы;10;477.1
2025-06;Левітана;М Маслини 20 г;01196;Б_Каппи_Модификаторы;10;243.5
2025-06;Левітана;М Моцарела 100 г;01201;Б_Каппи_Модификаторы;5;275
2025-06;Левітана;М Мідії 20 г;02137;Б_Каппи_Модификаторы;9;313.7
2025-06;Левітана;М Огірок 20 г;02132;Б_Каппи_Модификаторы;4;100
2025-06;Левітана;М Пармезан 20 г;01193;Б_Каппи_Модификаторы;9;340.7
2025-06;Левітана;М Пепероні 50 г;01200;Б_Каппи_Модификаторы;12;900
2025-06;Левітана;М Перець болгарський 40 г;01197;Б_Каппи_Модификаторы;4;111.8
2025-06;Левітана;М Помідори 40 г;01199;Б_Каппи_Модификаторы;11;270.3
2025-06;Левітана;М Соус Пад Тай 10 г;02127;Б_Каппи_Модификаторы;6;59.1
2025-06;Левітана;М Соус Соєвий порц.;02728;Б_Каппи_Модификаторы;29;261
2025-06;Левітана;М Соус Теріякі 10 г;02130;Б_Каппи_Модификаторы;13;127.7
2025-06;Левітана;М Соус Унагі 20 г;01650;Б_Каппи_Модификаторы;22;541.7
2025-06;Левітана;М Соус Часниковий 1 шт.;01648;Б_Каппи_Модификаторы;13;376.4
2025-06;Левітана;М Соус Шірачі 5 г;02129;Б_Каппи_Модификаторы;9;88.6
2025-06;Левітана;М Спайсі соус 10 г;02128;Б_Каппи_Модификаторы;22;213.7
2025-06;Левітана;М Тунець 20 г;02124;Б_Каппи_Модификаторы;9;495
2025-06;Левітана;М Халапеньйо 15 г;01198;Б_Каппи_Модификаторы;7;137.5
2025-06;Левітана;Макі Вугор;00161;Б_Каппи_Роллы;22;4603.7
2025-06;Левітана;Макі Лосось;00159;Б_Каппи_Роллы;30;5339.9
2025-06;Левітана;Макі Огірок ;00506;Б_Каппи_Роллы;26;2351.3
2025-06;Левітана;Макі Сирний;00504;Б_Каппи_Роллы;23;1848
2025-06;Левітана;Макі Чука ;00507;Б_Каппи_Роллы;34;3725
2025-06;Левітана;Монако;00636;Б_Каппи_Роллы;20;8628.3
2025-06;Левітана;Морс Ягідний 0,5 л.;02697;Б_Общее_Напитки;72;3848.9
2025-06;Левітана;Моршинська без газу 0,5 л.;00585;Б_Общее_Напитки;14;630
2025-06;Левітана;Моршинська слаб.газ. 0,5 л.;00584;Б_Общее_Напитки;3;135
2025-06;Левітана;Мочі Ананас-Білий шоколад;02620;Т_Десерты;7;832.5
2025-06;Левітана;Мочі Диня - Дор Блю;02869;Т_Десерты;7;833
2025-06;Левітана;Мочі Полуниця;02618;Т_Десерты;22;2689.6
2025-06;Левітана;Мочі малина;02026;Т_Десерты;18;2183.1
2025-06;Левітана;Мідорі;03021;Б_Каппи_Премиум ролл;6;2874
2025-06;Левітана;Мідія в темпурі;02167;Б_Каппи_Темпура ролл;11;3547.8
2025-06;Левітана;Місо з тофу;00708;Б_Каппи_Супы;10;1836.2
2025-06;Левітана;Навчальні палички;01021;Б_Прочие позиции;53;263.7
2025-06;Левітана;Нью-Йорк ;02915;Б_Каппи_Роллы;43;18840.7
2025-06;Левітана;Одеський сет;02170;Б_Каппи_Сет;19;15016.3
2025-06;Левітана;Ойши сет;02819;Б_Каппи_Сет;7;7565
2025-06;Левітана;Онлайн оплата;02940;;571;0
2025-06;Левітана;Опен-фуд;02927;;94;91.2
2025-06;Левітана;Осака;00589;Б_Каппи_Роллы;38;11942.8
2025-06;Левітана;Париж;00657;Б_Каппи_Роллы;19;8391.8
2025-06;Левітана;Преміум Креветка;00652;Б_Каппи_Роллы;8;3505.4
2025-06;Левітана;Преміум сет;00658;Б_Каппи_Сет;9;14814
2025-06;Левітана;Пікантний краб;00531;Б_Каппи_Темпура ролл;30;7466.9
2025-06;Левітана;Пікантний лосось ;00532;Б_Каппи_Темпура ролл;33;9113.6
2025-06;Левітана;Піца 4 сезони;02101;Б_Каппи_Пицца;14;4951.7
2025-06;Левітана;Піца 4 сири;02118;Б_Каппи_Пицца;74;25183.7
2025-06;Левітана;Піца Амерікано;02111;Б_Каппи_Пицца;15;4470.5
2025-06;Левітана;Піца Гавайська;02104;Б_Каппи_Пицца;43;12921.2
2025-06;Левітана;Піца Груша Дор Блю;02175;Б_Каппи_Пицца;19;5446.1
2025-06;Левітана;Піца Кампаро;03131;Б_Каппи_Пицца;8;2273.7
2025-06;Левітана;Піца Курка та гриби;02177;Б_Каппи_Пицца;39;13060
2025-06;Левітана;Піца М'ясна;02102;Б_Каппи_Пицца;84;28128.6
2025-06;Левітана;Піца Маргарита;02174;Б_Каппи_Пицца;11;2832.6
2025-06;Левітана;Піца Мексиканська ;03130;Б_Каппи_Пицца;26;6199.4
2025-06;Левітана;Піца Мисливська;02176;Б_Каппи_Пицца;46;13070.2
2025-06;Левітана;Піца Океанія;02099;Б_Каппи_Пицца;25;9436.3
2025-06;Левітана;Піца Пепероні;02172;Б_Каппи_Пицца;60;16431.4
2025-06;Левітана;Піца Пепероні Блу Чіз;02119;Б_Каппи_Пицца;30;9379.4
2025-06;Левітана;Піца Том Ям;02978;Б_Каппи_Пицца;10;3865.3
2025-06;Левітана;Піца Чізбургер;02977;Б_Каппи_Пицца;43;13987.8
2025-06;Левітана;Піца з креветками та брі;02911;Б_Каппи_Пицца;32;11070.5
2025-06;Левітана;Піца з прошутто;03133;Б_Каппи_Пицца;43;11743.2
2025-06;Левітана;Піца з прошутто та грушою ;03132;Б_Каппи_Пицца;12;4055.5
2025-06;Левітана;Рамен Том Ям;02606;Б_Каппи_Супы;28;10374.4
2025-06;Левітана;Рамен Традиційний;02601;Б_Каппи_Супы;28;5180
2025-06;Левітана;Рис з куркою Гострий;00855;Б_Каппи_WOK;19;4225.3
2025-06;Левітана;Рис з лососем та зеленою цибулею;01855;Б_Каппи_WOK;20;4595.4
2025-06;Левітана;Рол Пасаж;02168;Б_Каппи_Роллы;19;5819.5
2025-06;Левітана;Рол-Дог з Креветкою;01787;Б_Каппи_Темпура ролл;29;9070.8
2025-06;Левітана;Рол-Дог з Лососем;01788;Б_Каппи_Темпура ролл;11;3401.8
2025-06;Левітана;Сакайо;03128;Б_Каппи_Роллы;23;9079.9
2025-06;Левітана;Салат Чука-Вакаме;00602;Б_Каппи_Салати;28;5586
2025-06;Левітана;Салат з вугрем та авокадо;02900;Б_Каппи_Салати;11;4125
2025-06;Левітана;Салат з креветками, грушею та сиром Дор Блю		;02914;Б_Каппи_Салати;8;2970.8
2025-06;Левітана;Салат з тофу та овочами;02904;Б_Каппи_Салати;4;1127.3
2025-06;Левітана;Салмон в боніто ;00538;Б_Каппи_Роллы;23;5093.1
2025-06;Левітана;Сенкай;03022;Б_Каппи_Премиум ролл;30;14449
2025-06;Левітана;Сервісний збір_Glovo;01934;Б_Каппи_Glovo;137;2379.7
2025-06;Левітана;Сет 2х2;01175;Б_Каппи_Сет;22;20421
2025-06;Левітана;Сет Бюджетний;03043;Б_Каппи_Сет;17;14282
2025-06;Левітана;Спайсі Вулкан;02113;Б_Каппи_Роллы;13;4876
2025-06;Левітана;Спрайт жб 0,33 л.;01749;Б_Общее_Напитки;10;539.5
2025-06;Левітана;Супер Комбо;02181;Б_Каппи_Акции;6;5330.5
2025-06;Левітана;Суші бургер з Креветкой;02943;Б_Каппи_Бургер;90;28812.3
2025-06;Левітана;Суші бургер з Лососем;02944;Б_Каппи_Бургер;120;37681.6
2025-06;Левітана;Сушіріто з креветкою ;03018;Б_Каппи_Суширито;53;9993.4
2025-06;Левітана;Сушіріто з куркою;03019;Б_Каппи_Суширито;21;3379.5
2025-06;Левітана;Сушіріто з лососем;03020;Б_Каппи_Суширито;40;9730.4
2025-06;Левітана;ТОП сет;00362;Б_Каппи_Сет;42;57944.6
2025-06;Левітана;Тайфун;03024;Б_Каппи_Темпура ролл;17;7512.8
2025-06;Левітана;Темпура сет;00559;Б_Каппи_Сет;23;24897.2
2025-06;Левітана;Теплий сет;02712;Б_Каппи_Сет;37;29492.9
2025-06;Левітана;Том Ям;02597;Б_Каппи_Супы;68;25059.8
2025-06;Левітана;Тропік ;01862;Б_Каппи_Роллы;12;3862.9
2025-06;Левітана;Тропікана;03014;Б_Каппи_Роллы;59;21395.8
2025-06;Левітана;Тропічний Вулкан;02112;Б_Каппи_Роллы;11;4061.8
2025-06;Левітана;Удон з креветками;01813;Б_Каппи_WOK;27;8434.4
2025-06;Левітана;Удон з куркою Теріякі;00856;Б_Каппи_WOK;32;7972.3
2025-06;Левітана;Унагамі;03011;Б_Каппи_Роллы;11;4057
2025-06;Левітана;Унагі Брі;02906;Б_Каппи_Роллы;7;2684.4
2025-06;Левітана;Унагі Фаєр Рол;00656;Б_Каппи_Премиум ролл;18;7822.9
2025-06;Левітана;Фанта жб 0,33 л.;01743;Б_Общее_Напитки;8;433.6
2025-06;Левітана;Фламмі;03040;Б_Каппи_Роллы;13;3519.1
2025-06;Левітана;Фудзі темпура;00911;Б_Каппи_Темпура ролл;40;11734.8
2025-06;Левітана;Філа Ланч;02706;Б_Каппи_Акции;27;11411.4
2025-06;Левітана;Філадельфія;00168;Б_Каппи_Роллы;185;64597.1
2025-06;Левітана;Філадельфія Класік;00459;Б_Каппи_Роллы;115;24564
2025-06;Левітана;Філадельфія Преміум;00611;Б_Каппи_Роллы;115;41293.8
2025-06;Левітана;Філадельфія з креветкою;02798;Б_Каппи_Роллы;91;30670.6
2025-06;Левітана;Філадельфія з манго;00612;Б_Каппи_Роллы;25;7320.8
2025-06;Левітана;Філадельфія з тунцем;00516;Б_Каппи_Роллы;18;6963.4
2025-06;Левітана;Цезар з куркою;02803;Б_Каппи_Салати;24;6549.3
2025-06;Левітана;Цезар з лососем;02992;Б_Каппи_Салати;15;4430.9
2025-06;Левітана;Чорний Дракон;00170;Б_Каппи_Роллы;22;8650.7
2025-06;Левітана;Чізі Креветка;01113;Б_Каппи_Роллы;25;6124.4
2025-06;Левітана;Чізі лосось;02921;Б_Каппи_Премиум ролл;11;4426.9
2025-06;Левітана;Шоппер+;03151;;32;0
2025-06;Левітана;Юме сет;02818;Б_Каппи_Сет;7;7605
2025-06;Левітана;Які Ебі Манго;02946;Б_Каппи_Запеч_Роллы;66;19616
2025-06;Левітана;Які Салмон;02950;Б_Каппи_Запеч_Роллы;19;6560.4
2025-06;Левітана;Які Спайсі Краб;02949;Б_Каппи_Запеч_Роллы;49;13762.4
2025-06;Левітана;Які Туна ;02942;Б_Каппи_Запеч_Роллы;25;7945.8
2025-06;Левітана;Які Унагі;02945;Б_Каппи_Запеч_Роллы;41;11894.3
2025-06;Левітана;Яєчна з куркою та креветками;01815;Б_Каппи_WOK;16;4744.7
2025-06;Левітана;Яєчна з морепродуктами;00859;Б_Каппи_WOK;29;9194.4
2025-07;Лазарева;.Гарного дня!;00944;Б_Прочие позиции;2085;0
2025-07;Лазарева;Affinity сет;03015;Б_Каппи_Сет;28;30268
2025-07;Лазарева;Cappiroll;00583;Б_Каппи_Роллы;44;16482.9
2025-07;Лазарева;Cappizza;02173;Б_Каппи_Пицца;49;14733.6
2025-07;Лазарева;G Антикризовий сет;02932;Б_Акції Глово;7;4193
2025-07;Лазарева;G Доставка;00984;Б_Каппи_Glovo;469;23450
2025-07;Лазарева;G Ебі сет;02936;Б_Акції Глово;2;2390
2025-07;Лазарева;G Лосось в темпурі;02763;Б_Акції Глово;1;225
2025-07;Лазарева;G Рис з лососем та зеленою цибулею;02761;Б_Акції Глово;3;705
2025-07;Лазарева;G Рол Курортний;02934;Б_Акції Глово;1;235
2025-07;Лазарева;G Теплий сет;02883;Б_Акції Глово;2;1590
2025-07;Лазарева;GC_Доставка 0 грн;02503;Б_Глово_Модификаторы;16;0
2025-07;Лазарева;Glovo <800 ;03025;;67;3926
2025-07;Лазарева;L`amour Сет;01729;Б_Каппи_Сет;26;28340
2025-07;Лазарева;MOVA світле пиво безалкогольне 0.33 л.;03049;Б_Общее_Напитки;18;1525.7
2025-07;Лазарева;MOVA темне пиво безалкогольне 0,33 л.;03048;Б_Общее_Напитки;8;669
2025-07;Лазарева;Party-комбо ( Pepsi Cola з/б 0,33л -1шт та  Pepsi Cola Max з/б 0,33л - 1шт;02708;Б_Каппи_Акции;2;2390
2025-07;Лазарева;Rich 1 л. Апельсин;00352;Б_Общее_Напитки;16;1668.5
2025-07;Лазарева;Rich 1 л. Экзотик;00172;Б_Общее_Напитки;13;1365
2025-07;Лазарева;Rich 1 л. Яблуко;00415;Б_Общее_Напитки;6;630
2025-07;Лазарева;VIP-комбо;02709;Б_Каппи_Акции;1;1995
2025-07;Лазарева;_Барбекю;03064;Б_Глово_Модификаторы;7;175
2025-07;Лазарева;_Гірчиця;03065;Б_Глово_Модификаторы;7;140
2025-07;Лазарева;_Кетчуп;03066;Б_Глово_Модификаторы;11;220
2025-07;Лазарева;_Комбо 1;03031;Б_Каппи_Glovo;40;13560
2025-07;Лазарева;_Комбо 2;03035;Б_Каппи_Glovo;7;1683.5
2025-07;Лазарева;_Комбо 3;03034;Б_Каппи_Glovo;49;16473.4
2025-07;Лазарева;_Комбо 4;03033;Б_Каппи_Glovo;23;8027
2025-07;Лазарева;_Комбо 5;03136;Б_Каппи_Glovo;36;9252
2025-07;Лазарева;_Комбо 6;03139;Б_Каппи_Glovo;24;7260.1
2025-07;Лазарева;_Майонез;03067;Б_Глово_Модификаторы;4;80
2025-07;Лазарева;_Сметана;03068;Б_Глово_Модификаторы;65;1300
2025-07;Лазарева;_Хліб;03069;Б_Глово_Модификаторы;70;1050
2025-07;Лазарева;Імператор;00892;Б_Каппи_Роллы;15;6360.4
2025-07;Лазарева;Акаї;03023;Б_Каппи_Премиум ролл;24;11346.4
2025-07;Лазарева;Аляска;00513;Б_Каппи_Премиум ролл;12;5040.6
2025-07;Лазарева;Аморе;02781;Б_Каппи_Роллы;14;5413.8
2025-07;Лазарева;Антикризовий сет;00578;Б_Каппи_Сет;76;45120.1
2025-07;Лазарева;Аурум ;03157;Б_Каппи_Роллы;12;3026
2025-07;Лазарева;Банзай ;00528;Б_Каппи_Темпура ролл;157;53741.7
2025-07;Лазарева;Бао бургер з крабом;02966;Б_Каппи_БАО;11;3223.6
2025-07;Лазарева;Бао бургер з креветкою;02967;Б_Каппи_БАО;8;2959.2
2025-07;Лазарева;Бао бургер з лососем;02968;Б_Каппи_БАО;5;1813
2025-07;Лазарева;Без приборів!;01593;Б_Прочие позиции;60;0
2025-07;Лазарева;Боніто з лососем;00154;Б_Каппи_Роллы;47;5703.6
2025-07;Лазарева;Боніто з тунцем;00512;Б_Каппи_Роллы;10;2660.6
2025-07;Лазарева;Борщ зі свининою;03028;Б_Каппи_Glovo;77;15323
2025-07;Лазарева;Боул Дабл Фіш;01886;Б_Каппи_Боул;21;8064.6
2025-07;Лазарева;Боул Філадельфія;01887;Б_Каппи_Боул;28;10168.2
2025-07;Лазарева;Боул з Куркою;01891;Б_Каппи_Боул;14;3537
2025-07;Лазарева;Боул з Лососем;01890;Б_Каппи_Боул;18;6196.6
2025-07;Лазарева;Бульон курячий;03029;Б_Каппи_Glovo;64;11200
2025-07;Лазарева;Вершкова креветка;00775;Б_Каппи_Роллы;84;26200.5
2025-07;Лазарева;Веселка;00509;Б_Каппи_Роллы;45;17584.2
2025-07;Лазарева;Весняний Сет;01844;Б_Каппи_Сет;20;19149.2
2025-07;Лазарева;Вишуканий дует;02989;Б_Каппи_Акции;2;1330
2025-07;Лазарева;Вугор сет;02711;Б_Каппи_Сет;4;4442.8
2025-07;Лазарева;Вулкан Карі;03144;Б_Каппи_Роллы;11;5058
2025-07;Лазарева;Вулкан Токара;03126;Б_Каппи_Роллы;9;3600
2025-07;Лазарева;Вулкан з креветкою;02799;Б_Каппи_Роллы;36;11222.1
2025-07;Лазарева;Відбивна куряча;03039;Б_Каппи_Glovo;5;1025
2025-07;Лазарева;Вінегрет;03060;Б_Каппи_Glovo;5;575
2025-07;Лазарева;Гречана каша;03053;Б_Каппи_Glovo;4;320
2025-07;Лазарева;Гурме;03127;Б_Каппи_Роллы;6;2132.4
2025-07;Лазарева;Д Імбир Cappi 30 гр.;01049;Б_Каппи_Добавки;122;1437.1
2025-07;Лазарева;Д Васабі Cappi 7,5 гр.;01050;Б_Каппи_Добавки;129;1152.5
2025-07;Лазарева;Д Набір №1 (Соев.-1шт.,Імб.-1шт.,Вас.-1шт.);01916;Б_Каппи_Добавки;308;0
2025-07;Лазарева;Д Набір №2 (Соев.-2шт.,Імб.-1шт.,Вас.-1шт.);01917;Б_Каппи_Добавки;329;0
2025-07;Лазарева;Д Набір №3 (Соев.-3шт.,Імб.-2шт.,Вас.-1шт.);01918;Б_Каппи_Добавки;380;0
2025-07;Лазарева;Д Набір №4 (Соев.-4шт.,Імб.-2шт.,Вас.-2шт.);01919;Б_Каппи_Добавки;532;0
2025-07;Лазарева;Д Соус Барбекю;00501;Б_Каппи_Добавки;18;477.3
2025-07;Лазарева;Д Соус Часниковий;01323;Б_Каппи_Добавки;25;707.7
2025-07;Лазарева;Д Соус горіховий 20 гр.;00729;Б_Каппи_Добавки;15;419.9
2025-07;Лазарева;Д Соус соєвий Cappi 50 гр.;00695;Б_Каппи_Добавки;63;565.6
2025-07;Лазарева;Д Соус унагі 20 гр.;00728;Б_Каппи_Добавки;14;341
2025-07;Лазарева;Д Спайсі соус 10 гр.;02929;Б_Каппи_Добавки;5;49
2025-07;Лазарева;Дабл Тартар;02780;Б_Каппи_Роллы;49;16364.7
2025-07;Лазарева;Деруни зі сметаною;03054;Б_Каппи_Glovo;22;2970
2025-07;Лазарева;Джаз;01109;Б_Каппи_Роллы;21;4446.5
2025-07;Лазарева;Дзен сет;01128;Б_Каппи_Сет;33;30687.3
2025-07;Лазарева;Доставка (зелена);00829;Б_Прочие позиции;28;1025.6
2025-07;Лазарева;Доставка (помаранчева);01235;Б_Прочие позиции;16;704.5
2025-07;Лазарева;Доставка (рожева);03017;Б_Прочие позиции;4;584.2
2025-07;Лазарева;Доставка (синя);01051;Б_Прочие позиции;7;368.6
2025-07;Лазарева;Доставка (фіолетова);03016;Б_Прочие позиции;47;4573.4
2025-07;Лазарева;Дружня парочка;03159;Б_Каппи_Акции;2;711.8
2025-07;Лазарева;Ебі Грін;01790;Б_Каппи_Роллы;9;2565.5
2025-07;Лазарева;Ебі авокадо;03149;Б_Каппи_Роллы;5;1643.7
2025-07;Лазарева;Ебі манго;03150;Б_Каппи_Роллы;9;2883.2
2025-07;Лазарева;Ебі сет;02710;Б_Каппи_Сет;78;92138.4
2025-07;Лазарева;Ебі темпура;02986;Б_Каппи_Закуски;52;12802.6
2025-07;Лазарева;Екзотік;03041;Б_Каппи_Роллы;10;2785.8
2025-07;Лазарева;Заміна інгрідієнта;02139;Б_Прочие позиции;3;84
2025-07;Лазарева;Зелений Дракон;00156;Б_Каппи_Роллы;14;5457.2
2025-07;Лазарева;Йоші рол;02776;Б_Каппи_Роллы;18;7069.6
2025-07;Лазарева;Каліфорнія ;00774;Б_Каппи_Роллы;33;10729.5
2025-07;Лазарева;Каліфорнія Мікс;00653;Б_Каппи_Роллы;10;4212.1
2025-07;Лазарева;Каліфорнія з креветкою;00654;Б_Каппи_Роллы;26;9052.6
2025-07;Лазарева;Камамбер фрі;03093;Б_Каппи_Закуски;24;6508.3
2025-07;Лазарева;Камертон;00960;Б_Каппи_Роллы;38;13229.4
2025-07;Лазарева;Капібара полюбляє;03141;Б_Каппи_Сет;3;3530.8
2025-07;Лазарева;Картопля по-домашньому  ;03051;Б_Каппи_Glovo;8;1160
2025-07;Лазарева;Класика вдвох;02988;Б_Каппи_Акции;11;5395.4
2025-07;Лазарева;Кока-кола 0,75 л БОРЩИК\ГЛОВО;03074;Б_Каппи_Glovo;12;708
2025-07;Лазарева;Кока-кола 0,75 л.;01731;Б_Общее_Напитки;79;4610.3
2025-07;Лазарева;Кока-кола жб 0,33 л БОРЩИК\ГЛОВО;03075;Б_Каппи_Glovo;10;550
2025-07;Лазарева;Кока-кола жб 0,33 л.;01736;Б_Общее_Напитки;35;1891
2025-07;Лазарева;Кока-кола зеро жб 0,33 л БОРЩИК\ГЛОВО;03076;Б_Каппи_Glovo;9;495
2025-07;Лазарева;Кока-кола зеро жб 0,33 л.;01740;Б_Общее_Напитки;34;1808.3
2025-07;Лазарева;Комбо #1;02178;Б_Каппи_Акции;2;2650
2025-07;Лазарева;Комбо #2;02179;Б_Каппи_Акции;3;3375
2025-07;Лазарева;Комбо #3;02180;Б_Каппи_Акции;4;3935.7
2025-07;Лазарева;"Комбуча  ""Бадьорий""";03082;Б_Каппи_Glovo;1;95
2025-07;Лазарева;"Комбуча  ""Дивовижний""";03083;Б_Каппи_Glovo;2;190
2025-07;Лазарева;"Комбуча  ""Манливий""";03084;Б_Каппи_Glovo;3;225
2025-07;Лазарева;"Комбуча ""Бадьорий""";02896;Б_Общее_Напитки;7;632.5
2025-07;Лазарева;"Комбуча ""Дивовижний""";02897;Б_Общее_Напитки;2;177.7
2025-07;Лазарева;"Комбуча ""Манливий""";02898;Б_Общее_Напитки;11;1007.3
2025-07;Лазарева;Концепция-Борщик;03072;;280;0
2025-07;Лазарева;Котлета кордон-блю;03140;Б_Каппи_Glovo;2;410
2025-07;Лазарева;Котлета куряча;03091;Б_Каппи_Glovo;34;3570
2025-07;Лазарева;Котлета по-київськи ;03055;Б_Каппи_Glovo;10;1650
2025-07;Лазарева;Креветка в кунжуті;00511;Б_Каппи_Роллы;33;10749.5
2025-07;Лазарева;Креветка в темпурі;00533;Б_Каппи_Темпура ролл;125;32927.2
2025-07;Лазарева;Курка в Кисло-солодкому;01825;Б_Каппи_WOK;19;4778.6
2025-07;Лазарева;Курортний;02169;Б_Каппи_Роллы;56;2814.9
2025-07;Лазарева;Кімурай;03012;Б_Каппи_Роллы;22;8615.3
2025-07;Лазарева;Лимонад 0,5 л.;02057;Б_Общее_Напитки;57;4204.5
2025-07;Лазарева;Лимонад БОРЩИК\ГЛОВО;03085;Б_Каппи_Glovo;45;3375
2025-07;Лазарева;Листівка до ДН;02061;Б_Прочие позиции;2;0
2025-07;Лазарева;Листівка сюрприз;02062;Б_Прочие позиции;1;0
2025-07;Лазарева;Логістичний збір;02770;;1123;31617
2025-07;Лазарева;Лосось Пад Тай;02116;Б_Каппи_Роллы;38;11832.1
2025-07;Лазарева;Лосось в темпурі;00534;Б_Каппи_Темпура ролл;62;13784.8
2025-07;Лазарева;Лосось сет;00517;Б_Каппи_Сет;49;48283.3
2025-07;Лазарева;М Авокадо 20 г;02133;Б_Каппи_Модификаторы;3;112.9
2025-07;Лазарева;М Балик 100 г;01204;Б_Каппи_Модификаторы;6;285.5
2025-07;Лазарева;М Вершковий сир 20 г;02126;Б_Каппи_Модификаторы;9;176.1
2025-07;Лазарева;М Вугор 20 г;02125;Б_Каппи_Модификаторы;7;377
2025-07;Лазарева;М Горіховий соус 20 г;01651;Б_Каппи_Модификаторы;7;199
2025-07;Лазарева;М Гриби 50 г;01194;Б_Каппи_Модификаторы;13;231.1
2025-07;Лазарева;М Кальмар 20 г;02136;Б_Каппи_Модификаторы;4;134.1
2025-07;Лазарева;М Креветка 2 шт.;02123;Б_Каппи_Модификаторы;29;1328.9
2025-07;Лазарева;М Креветка 2 шт.;02135;Б_Каппи_Модификаторы;3;147
2025-07;Лазарева;М Курка 20 г;02131;Б_Каппи_Модификаторы;5;120.1
2025-07;Лазарева;М Куряче філе 60 г;01195;Б_Каппи_Модификаторы;11;477.7
2025-07;Лазарева;М Лосось 20 г;02122;Б_Каппи_Модификаторы;3;147
2025-07;Лазарева;М Маслини 20 г;01196;Б_Каппи_Модификаторы;8;197.3
2025-07;Лазарева;М Моцарела 100 г;01201;Б_Каппи_Модификаторы;8;440
2025-07;Лазарева;М Мідії 20 г;02137;Б_Каппи_Модификаторы;4;129.5
2025-07;Лазарева;М Огірок 20 г;02132;Б_Каппи_Модификаторы;2;50
2025-07;Лазарева;М Пармезан 20 г;01193;Б_Каппи_Модификаторы;11;410
2025-07;Лазарева;М Пепероні 50 г;01200;Б_Каппи_Модификаторы;4;279
2025-07;Лазарева;М Перець болгарський 40 г;01197;Б_Каппи_Модификаторы;2;58
2025-07;Лазарева;М Помідори 40 г;01199;Б_Каппи_Модификаторы;9;211.8
2025-07;Лазарева;М Соус Барбекю 1 шт.;01202;Б_Каппи_Модификаторы;4;100
2025-07;Лазарева;М Соус Пад Тай 10 г;02127;Б_Каппи_Модификаторы;6;60
2025-07;Лазарева;М Соус Соєвий порц.;02728;Б_Каппи_Модификаторы;38;340.5
2025-07;Лазарева;М Соус Теріякі 10 г;02130;Б_Каппи_Модификаторы;25;250
2025-07;Лазарева;М Соус Унагі 20 г;01650;Б_Каппи_Модификаторы;16;399.6
2025-07;Лазарева;М Соус Часниковий 1 шт.;01648;Б_Каппи_Модификаторы;6;174
2025-07;Лазарева;М Соус Шірачі 5 г;02129;Б_Каппи_Модификаторы;3;30
2025-07;Лазарева;М Спайсі соус 10 г;02128;Б_Каппи_Модификаторы;19;188.7
2025-07;Лазарева;М Тунець 20 г;02124;Б_Каппи_Модификаторы;3;155.2
2025-07;Лазарева;М Халапеньйо 15 г;01198;Б_Каппи_Модификаторы;14;272
2025-07;Лазарева;М'ясо по-французьки;03056;Б_Каппи_Glovo;17;3910.5
2025-07;Лазарева;Макі Вугор;00161;Б_Каппи_Роллы;14;3102.5
2025-07;Лазарева;Макі Лосось;00159;Б_Каппи_Роллы;48;8361.9
2025-07;Лазарева;Макі Огірок ;00506;Б_Каппи_Роллы;21;1960.6
2025-07;Лазарева;Макі Сирний;00504;Б_Каппи_Роллы;16;1314.9
2025-07;Лазарева;Макі Чука ;00507;Б_Каппи_Роллы;17;1922.7
2025-07;Лазарева;Млинці з яблуками;03061;Б_Каппи_Glovo;6;1023.8
2025-07;Лазарева;Монако;00636;Б_Каппи_Роллы;9;3891.5
2025-07;Лазарева;Морс Ягідний 0,5 л.;02697;Б_Общее_Напитки;77;4101.3
2025-07;Лазарева;Моршинська без газу 0,5 л БОРЩИК\ГЛОВО;03087;Б_Каппи_Glovo;12;540
2025-07;Лазарева;Моршинська без газу 0,5 л.;00585;Б_Общее_Напитки;10;429.9
2025-07;Лазарева;Моршинська слаб.газ 0,5 л БОРЩИК\ГЛОВО;03088;Б_Каппи_Glovo;3;135
2025-07;Лазарева;Моршинська слаб.газ. 0,5 л.;00584;Б_Общее_Напитки;4;180
2025-07;Лазарева;Мочі Ананас-Білий шоколад;02620;Т_Десерты;13;1618.9
2025-07;Лазарева;Мочі Диня - Дор Блю;02869;Т_Десерты;6;693.1
2025-07;Лазарева;Мочі Полуниця;02618;Т_Десерты;27;3253.1
2025-07;Лазарева;Мочі малина;02026;Т_Десерты;32;3975.3
2025-07;Лазарева;Мочі смородина ;03161;Т_Десерты;2;250
2025-07;Лазарева;Мочі фісташка-халва;03162;Т_Десерты;5;625
2025-07;Лазарева;Мідорі;03021;Б_Каппи_Премиум ролл;7;3098.1
2025-07;Лазарева;Мідія в темпурі;02167;Б_Каппи_Темпура ролл;6;1987
2025-07;Лазарева;Місо з тофу;00708;Б_Каппи_Супы;9;1646.9
2025-07;Лазарева;Навчальні палички;01021;Б_Прочие позиции;62;309.1
2025-07;Лазарева;Нью-Йорк ;02915;Б_Каппи_Роллы;43;18159.5
2025-07;Лазарева;Одеський сет;02170;Б_Каппи_Сет;17;13507.5
2025-07;Лазарева;Ойши сет;02819;Б_Каппи_Сет;7;7636.4
2025-07;Лазарева;Онлайн оплата;02940;;534;0
2025-07;Лазарева;Опен-фуд;02927;;701.8;680.5
2025-07;Лазарева;Осака;00589;Б_Каппи_Роллы;31;10186
2025-07;Лазарева;Париж;00657;Б_Каппи_Роллы;15;6666.5
2025-07;Лазарева;Пательня з куркою.;03036;Б_Каппи_Glovo;53;13250
2025-07;Лазарева;Пательня зі свининою;03030;Б_Каппи_Glovo;40;10200
2025-07;Лазарева;Пательня мисливська.;03037;Б_Каппи_Glovo;13;3562.5
2025-07;Лазарева;Пересип +;03045;;113;0
2025-07;Лазарева;Преміум Креветка;00652;Б_Каппи_Роллы;12;5279.1
2025-07;Лазарева;Преміум сет;00658;Б_Каппи_Сет;11;18110.6
2025-07;Лазарева;Пюре;03052;Б_Каппи_Glovo;36;4680
2025-07;Лазарева;Пікантний краб;00531;Б_Каппи_Темпура ролл;15;3785.1
2025-07;Лазарева;Пікантний лосось ;00532;Б_Каппи_Темпура ролл;31;8887.3
2025-07;Лазарева;Піца 4 сезони;02101;Б_Каппи_Пицца;14;5072.3
2025-07;Лазарева;Піца 4 сири;02118;Б_Каппи_Пицца;94;29151.7
2025-07;Лазарева;Піца Амерікано;02111;Б_Каппи_Пицца;17;5019.8
2025-07;Лазарева;Піца Гавайська;02104;Б_Каппи_Пицца;54;15666.4
2025-07;Лазарева;Піца Груша Дор Блю;02175;Б_Каппи_Пицца;21;6024.8
2025-07;Лазарева;Піца Кампаро;03131;Б_Каппи_Пицца;15;4137.7
2025-07;Лазарева;Піца Курка та гриби;02177;Б_Каппи_Пицца;51;16484.9
2025-07;Лазарева;Піца М'ясна;02102;Б_Каппи_Пицца;108;33408.6
2025-07;Лазарева;Піца Маргарита;02174;Б_Каппи_Пицца;18;4678.7
2025-07;Лазарева;Піца Мексиканська ;03130;Б_Каппи_Пицца;35;8548.2
2025-07;Лазарева;Піца Мисливська;02176;Б_Каппи_Пицца;45;12610.7
2025-07;Лазарева;Піца Океанія;02099;Б_Каппи_Пицца;21;8103.2
2025-07;Лазарева;Піца Пепероні;02172;Б_Каппи_Пицца;59;15126.3
2025-07;Лазарева;Піца Пепероні Блу Чіз;02119;Б_Каппи_Пицца;25;8302.5
2025-07;Лазарева;Піца Том Ям;02978;Б_Каппи_Пицца;13;5040.6
2025-07;Лазарева;Піца Чізбургер;02977;Б_Каппи_Пицца;33;10561.2
2025-07;Лазарева;Піца з креветками та брі;02911;Б_Каппи_Пицца;21;7978.5
2025-07;Лазарева;Піца з прошутто;03133;Б_Каппи_Пицца;29;7810.5
2025-07;Лазарева;Піца з прошутто та грушою ;03132;Б_Каппи_Пицца;20;6653.8
2025-07;Лазарева;Рамен Том Ям;02606;Б_Каппи_Супы;18;6692.7
2025-07;Лазарева;Рамен Традиційний;02601;Б_Каппи_Супы;45;8051.4
2025-07;Лазарева;Рис з куркою Гострий;00855;Б_Каппи_WOK;20;4471.6
2025-07;Лазарева;Рис з лососем та зеленою цибулею;01855;Б_Каппи_WOK;8;1833.4
2025-07;Лазарева;Рол Пасаж;02168;Б_Каппи_Роллы;15;4790.9
2025-07;Лазарева;Рол-Дог з Креветкою;01787;Б_Каппи_Темпура ролл;10;3087.5
2025-07;Лазарева;Рол-Дог з Лососем;01788;Б_Каппи_Темпура ролл;9;2587.5
2025-07;Лазарева;Сакайо;03128;Б_Каппи_Роллы;16;6627.1
2025-07;Лазарева;"Салат ""Олів'є"" з куркою";03059;Б_Каппи_Glovo;17;2948.8
2025-07;Лазарева;Салат Цезар з куркою (борщик);03057;Б_Каппи_Glovo;24;5858.4
2025-07;Лазарева;Салат Чука-Вакаме;00602;Б_Каппи_Салати;27;5440.4
2025-07;Лазарева;Салат з вугрем та авокадо;02900;Б_Каппи_Салати;4;1479.6
2025-07;Лазарева;Салат з капустою та огірком;03135;Б_Каппи_Glovo;34;4250
2025-07;Лазарева;Салат з креветками, грушею та сиром Дор Блю		;02914;Б_Каппи_Салати;9;3364.4
2025-07;Лазарева;Салат з тофу та овочами;02904;Б_Каппи_Салати;5;1410.1
2025-07;Лазарева;Салат крабовий;03058;Б_Каппи_Glovo;24;4920
2025-07;Лазарева;Салмон в боніто ;00538;Б_Каппи_Роллы;20;3954.5
2025-07;Лазарева;Семга штат 200грн/кг;02824;;1;200
2025-07;Лазарева;Сенкай;03022;Б_Каппи_Премиум ролл;30;14721
2025-07;Лазарева;Сервісний збір_Glovo;01934;Б_Каппи_Glovo;162;4689.5
2025-07;Лазарева;Сет 2х2;01175;Б_Каппи_Сет;19;17489.3
2025-07;Лазарева;Сет Бюджетний;03043;Б_Каппи_Сет;26;22006.5
2025-07;Лазарева;Сирники з малиною;03063;Б_Каппи_Glovo;13;2238.8
2025-07;Лазарева;Сирники з родзинками;03062;Б_Каппи_Glovo;8;1147.1
2025-07;Лазарева;Солянка;03038;Б_Каппи_Glovo;40;9653.2
2025-07;Лазарева;Спайсі Вулкан;02113;Б_Каппи_Роллы;20;6558.4
2025-07;Лазарева;Спрайт жб 0,33 л  БОРЩИК\ГЛОВО;03089;Б_Каппи_Glovo;7;385
2025-07;Лазарева;Спрайт жб 0,33 л.;01749;Б_Общее_Напитки;4;220
2025-07;Лазарева;Супер Комбо;02181;Б_Каппи_Акции;3;2553.8
2025-07;Лазарева;Суші бургер з Креветкой;02943;Б_Каппи_Бургер;79;24957.7
2025-07;Лазарева;Суші бургер з Лососем;02944;Б_Каппи_Бургер;107;34080.3
2025-07;Лазарева;Сушіріто з креветкою ;03018;Б_Каппи_Суширито;62;11804.8
2025-07;Лазарева;Сушіріто з куркою;03019;Б_Каппи_Суширито;15;2584.4
2025-07;Лазарева;Сушіріто з лососем;03020;Б_Каппи_Суширито;38;8967.3
2025-07;Лазарева;ТОП сет;00362;Б_Каппи_Сет;26;35696.2
2025-07;Лазарева;Тайфун;03024;Б_Каппи_Темпура ролл;12;5420
2025-07;Лазарева;Темпура сет;00559;Б_Каппи_Сет;22;23750.5
2025-07;Лазарева;Теплий сет;02712;Б_Каппи_Сет;64;51243
2025-07;Лазарева;Том Ям;02597;Б_Каппи_Супы;59;21309.9
2025-07;Лазарева;Тропік ;01862;Б_Каппи_Роллы;14;4538
2025-07;Лазарева;Тропікана;03014;Б_Каппи_Роллы;37;13910.6
2025-07;Лазарева;Тропічний Вулкан;02112;Б_Каппи_Роллы;23;7737.4
2025-07;Лазарева;Удон з креветками;01813;Б_Каппи_WOK;28;8965.8
2025-07;Лазарева;Удон з куркою Теріякі;00856;Б_Каппи_WOK;56;14127.9
2025-07;Лазарева;Унагамі;03011;Б_Каппи_Роллы;17;6434.5
2025-07;Лазарева;Унагі Брі;02906;Б_Каппи_Роллы;11;4383.6
2025-07;Лазарева;Унагі Фаєр Рол;00656;Б_Каппи_Премиум ролл;13;5881.6
2025-07;Лазарева;Ф'южн;03155;Б_Каппи_Роллы;16;5305.6
2025-07;Лазарева;Фанта жб 0,33 л БОРЩИК\ГЛОВО;03090;Б_Каппи_Glovo;5;275
2025-07;Лазарева;Фанта жб 0,33 л.;01743;Б_Общее_Напитки;10;532.4
2025-07;Лазарева;Фламмі;03040;Б_Каппи_Роллы;13;3505.9
2025-07;Лазарева;Фудзі темпура;00911;Б_Каппи_Темпура ролл;34;10228.3
2025-07;Лазарева;Філа Ланч;02706;Б_Каппи_Акции;14;5977.5
2025-07;Лазарева;Філадельфія;00168;Б_Каппи_Роллы;152;56780
2025-07;Лазарева;Філадельфія Класік;00459;Б_Каппи_Роллы;91;19454.8
2025-07;Лазарева;Філадельфія Преміум;00611;Б_Каппи_Роллы;67;26611.1
2025-07;Лазарева;Філадельфія з креветкою;02798;Б_Каппи_Роллы;120;38037
2025-07;Лазарева;Філадельфія з манго;00612;Б_Каппи_Роллы;34;10750.6
2025-07;Лазарева;Філадельфія з тунцем;00516;Б_Каппи_Роллы;21;8033.3
2025-07;Лазарева;Цезар з куркою;02803;Б_Каппи_Салати;24;6781.8
2025-07;Лазарева;Цезар з лососем;02992;Б_Каппи_Салати;10;2953.2
2025-07;Лазарева;Чорний Дракон;00170;Б_Каппи_Роллы;24;9624.7
2025-07;Лазарева;Чізі Креветка;01113;Б_Каппи_Роллы;31;7707
2025-07;Лазарева;Чізі лосось;02921;Б_Каппи_Премиум ролл;6;2439.4
2025-07;Лазарева;Юме сет;02818;Б_Каппи_Сет;9;9639.7
2025-07;Лазарева;Які Ебі Манго;02946;Б_Каппи_Запеч_Роллы;39;12499.4
2025-07;Лазарева;Які Салмон;02950;Б_Каппи_Запеч_Роллы;23;8350
2025-07;Лазарева;Які Спайсі Краб;02949;Б_Каппи_Запеч_Роллы;53;15278.8
2025-07;Лазарева;Які Туна ;02942;Б_Каппи_Запеч_Роллы;12;4099.6
2025-07;Лазарева;Які Унагі;02945;Б_Каппи_Запеч_Роллы;47;14980.2
2025-07;Лазарева;Яєчна з куркою та креветками;01815;Б_Каппи_WOK;18;5806.7
2025-07;Лазарева;Яєчна з морепродуктами;00859;Б_Каппи_WOK;33;10418.1
2025-07;Левітана;.Гарного дня!;00944;Б_Прочие позиции;2191;0
2025-07;Левітана;Affinity сет;03015;Б_Каппи_Сет;27;28841.5
2025-07;Левітана;Cappiroll;00583;Б_Каппи_Роллы;55;21180.5
2025-07;Левітана;Cappizza;02173;Б_Каппи_Пицца;31;9232.5
2025-07;Левітана;G Антикризовий сет;02932;Б_Акції Глово;11;6589
2025-07;Левітана;G Доставка;00984;Б_Каппи_Glovo;577;28765.8
2025-07;Левітана;G Ебі сет;02936;Б_Акції Глово;3;3585
2025-07;Левітана;G Лосось в темпурі;02763;Б_Акції Глово;3;675
2025-07;Левітана;G Пікантний краб;02933;Б_Акції Глово;2;510
2025-07;Левітана;G Рис з лососем та зеленою цибулею;02761;Б_Акції Глово;1;235
2025-07;Левітана;G Рол Курортний;02934;Б_Акції Глово;1;235
2025-07;Левітана;G Салмон в бонито ;02884;Б_Акції Глово;1;229
2025-07;Левітана;G Теплий сет;02883;Б_Акції Глово;3;2385
2025-07;Левітана;GC_Доставка 0 грн;02503;Б_Глово_Модификаторы;48;0
2025-07;Левітана;L`amour Сет;01729;Б_Каппи_Сет;24;26076
2025-07;Левітана;MOVA світле пиво безалкогольне 0.33 л.;03049;Б_Общее_Напитки;8;661.4
2025-07;Левітана;MOVA темне пиво безалкогольне 0,33 л.;03048;Б_Общее_Напитки;7;578
2025-07;Левітана;Party-комбо ( Pepsi Cola з/б 0,33л -1шт та  Pepsi Cola Max з/б 0,33л - 1шт;02708;Б_Каппи_Акции;2;2390
2025-07;Левітана;Rich 1 л. Апельсин;00352;Б_Общее_Напитки;4;420
2025-07;Левітана;Rich 1 л. Экзотик;00172;Б_Общее_Напитки;10;1043.6
2025-07;Левітана;Rich 1 л. Яблуко;00415;Б_Общее_Напитки;5;525
2025-07;Левітана;VIP-комбо;02709;Б_Каппи_Акции;1;1995
2025-07;Левітана;Імператор;00892;Б_Каппи_Роллы;14;6276.9
2025-07;Левітана;Акаї;03023;Б_Каппи_Премиум ролл;35;16892
2025-07;Левітана;Аляска;00513;Б_Каппи_Премиум ролл;15;6323.1
2025-07;Левітана;Аморе;02781;Б_Каппи_Роллы;32;12387.4
2025-07;Левітана;Антикризовий сет;00578;Б_Каппи_Сет;69;40642.6
2025-07;Левітана;Аурум ;03157;Б_Каппи_Роллы;22;5518.4
2025-07;Левітана;Банзай ;00528;Б_Каппи_Темпура ролл;157;54127.6
2025-07;Левітана;Бао бургер з крабом;02966;Б_Каппи_БАО;13;3708.4
2025-07;Левітана;Бао бургер з креветкою;02967;Б_Каппи_БАО;10;3698.4
2025-07;Левітана;Бао бургер з лососем;02968;Б_Каппи_БАО;7;2499.7
2025-07;Левітана;Без приборів!;01593;Б_Прочие позиции;88;0
2025-07;Левітана;Боніто з лососем;00154;Б_Каппи_Роллы;47;4480.7
2025-07;Левітана;Боніто з тунцем;00512;Б_Каппи_Роллы;6;1575.4
2025-07;Левітана;Боул Дабл Фіш;01886;Б_Каппи_Боул;29;11128.9
2025-07;Левітана;Боул Філадельфія;01887;Б_Каппи_Боул;35;12698.2
2025-07;Левітана;Боул з Куркою;01891;Б_Каппи_Боул;14;3497.3
2025-07;Левітана;Боул з Лососем;01890;Б_Каппи_Боул;19;6185.9
2025-07;Левітана;Вершкова креветка;00775;Б_Каппи_Роллы;96;30944.8
2025-07;Левітана;Веселка;00509;Б_Каппи_Роллы;68;25837.2
2025-07;Левітана;Весняний Сет;01844;Б_Каппи_Сет;11;10491.8
2025-07;Левітана;Вишуканий дует;02989;Б_Каппи_Акции;6;3990
2025-07;Левітана;Вугор сет;02711;Б_Каппи_Сет;4;4267.8
2025-07;Левітана;Вулкан Карі;03144;Б_Каппи_Роллы;11;4931.2
2025-07;Левітана;Вулкан Токара;03126;Б_Каппи_Роллы;12;4577.2
2025-07;Левітана;Вулкан з креветкою;02799;Б_Каппи_Роллы;38;11449.9
2025-07;Левітана;Гурме;03127;Б_Каппи_Роллы;5;1752
2025-07;Левітана;Д Імбир Cappi 30 гр.;01049;Б_Каппи_Добавки;142;1672
2025-07;Левітана;Д Васабі Cappi 7,5 гр.;01050;Б_Каппи_Добавки;177;1547.2
2025-07;Левітана;Д Набір №1 (Соев.-1шт.,Імб.-1шт.,Вас.-1шт.);01916;Б_Каппи_Добавки;370;0
2025-07;Левітана;Д Набір №2 (Соев.-2шт.,Імб.-1шт.,Вас.-1шт.);01917;Б_Каппи_Добавки;416;0
2025-07;Левітана;Д Набір №3 (Соев.-3шт.,Імб.-2шт.,Вас.-1шт.);01918;Б_Каппи_Добавки;466;0
2025-07;Левітана;Д Набір №4 (Соев.-4шт.,Імб.-2шт.,Вас.-2шт.);01919;Б_Каппи_Добавки;508;0
2025-07;Левітана;Д Соус Барбекю;00501;Б_Каппи_Добавки;10;252.8
2025-07;Левітана;Д Соус Часниковий;01323;Б_Каппи_Добавки;34;980.5
2025-07;Левітана;Д Соус Ширачи 10г;02596;Б_Каппи_Добавки;1;19
2025-07;Левітана;Д Соус горіховий 20 гр.;00729;Б_Каппи_Добавки;10;278.1
2025-07;Левітана;Д Соус соєвий Cappi 50 гр.;00695;Б_Каппи_Добавки;66;582.9
2025-07;Левітана;Д Соус унагі 20 гр.;00728;Б_Каппи_Добавки;8;197.4
2025-07;Левітана;Д Спайсі соус 10 гр.;02929;Б_Каппи_Добавки;15;144.6
2025-07;Левітана;Д_Креветка 2 шт;03098;Б_Каппи_Добавки;2;80.7
2025-07;Левітана;Д_Лосось 20 гр;03099;Б_Каппи_Добавки;3;137.2
2025-07;Левітана;Дабл Тартар;02780;Б_Каппи_Роллы;52;17531.3
2025-07;Левітана;Джаз;01109;Б_Каппи_Роллы;35;7684.5
2025-07;Левітана;Дзен сет;01128;Б_Каппи_Сет;52;47796.7
2025-07;Левітана;Доставка;01341;Б_Прочие позиции;1;60
2025-07;Левітана;Доставка (зелена);00829;Б_Прочие позиции;32;1162.5
2025-07;Левітана;Доставка (помаранчева);01235;Б_Прочие позиции;15;687.7
2025-07;Левітана;Доставка (синя);01051;Б_Прочие позиции;4;228.9
2025-07;Левітана;Дружня парочка;03159;Б_Каппи_Акции;1;495
2025-07;Левітана;Ебі Грін;01790;Б_Каппи_Роллы;14;3990.5
2025-07;Левітана;Ебі авокадо;03149;Б_Каппи_Роллы;7;2413.3
2025-07;Левітана;Ебі манго;03150;Б_Каппи_Роллы;6;2022.6
2025-07;Левітана;Ебі сет;02710;Б_Каппи_Сет;76;89585.2
2025-07;Левітана;Ебі темпура;02986;Б_Каппи_Закуски;68;16655.3
2025-07;Левітана;Екзотік;03041;Б_Каппи_Роллы;6;1674.2
2025-07;Левітана;Заміна інгрідієнта;02139;Б_Прочие позиции;1;30
2025-07;Левітана;Зелений Дракон;00156;Б_Каппи_Роллы;17;6845.9
2025-07;Левітана;Йоші рол;02776;Б_Каппи_Роллы;12;4680.6
2025-07;Левітана;Каліфорнія ;00774;Б_Каппи_Роллы;26;8421.6
2025-07;Левітана;Каліфорнія Мікс;00653;Б_Каппи_Роллы;14;5853.8
2025-07;Левітана;Каліфорнія з креветкою;00654;Б_Каппи_Роллы;37;13124.9
2025-07;Левітана;Камамбер фрі;03093;Б_Каппи_Закуски;29;7778.6
2025-07;Левітана;Камертон;00960;Б_Каппи_Роллы;37;13218.5
2025-07;Левітана;Капібара полюбляє;03141;Б_Каппи_Сет;5;5885.6
2025-07;Левітана;Класика вдвох;02988;Б_Каппи_Акции;10;4861.3
2025-07;Левітана;Кока-кола 0,75 л БОРЩИК\ГЛОВО;03074;Б_Каппи_Glovo;1;59
2025-07;Левітана;Кока-кола 0,75 л.;01731;Б_Общее_Напитки;61;3493.6
2025-07;Левітана;Кока-кола жб 0,33 л БОРЩИК\ГЛОВО;03075;Б_Каппи_Glovo;3;165
2025-07;Левітана;Кока-кола жб 0,33 л.;01736;Б_Общее_Напитки;19;1042
2025-07;Левітана;Кока-кола зеро жб 0,33 л БОРЩИК\ГЛОВО;03076;Б_Каппи_Glovo;1;52.9
2025-07;Левітана;Кока-кола зеро жб 0,33 л.;01740;Б_Общее_Напитки;62;3342.9
2025-07;Левітана;Комбо #1;02178;Б_Каппи_Акции;3;3975
2025-07;Левітана;Комбо #2;02179;Б_Каппи_Акции;2;2250
2025-07;Левітана;Комбо #3;02180;Б_Каппи_Акции;2;1940.4
2025-07;Левітана;"Комбуча ""Бадьорий""";02896;Б_Общее_Напитки;10;893
2025-07;Левітана;"Комбуча ""Дивовижний""";02897;Б_Общее_Напитки;7;665
2025-07;Левітана;"Комбуча ""Манливий""";02898;Б_Общее_Напитки;9;851.8
2025-07;Левітана;Креветка в кунжуті;00511;Б_Каппи_Роллы;41;13419
2025-07;Левітана;Креветка в темпурі;00533;Б_Каппи_Темпура ролл;142;38371.1
2025-07;Левітана;Курка в Кисло-солодкому;01825;Б_Каппи_WOK;40;9980.9
2025-07;Левітана;Курортний;02169;Б_Каппи_Роллы;62;6500
2025-07;Левітана;Кімурай;03012;Б_Каппи_Роллы;32;12295.8
2025-07;Левітана;Лимонад 0,5 л.;02057;Б_Общее_Напитки;41;3027.4
2025-07;Левітана;Листівка до ДН;02061;Б_Прочие позиции;3;0
2025-07;Левітана;Листівка сюрприз;02062;Б_Прочие позиции;3;0
2025-07;Левітана;Логістичний збір;02770;;1231;34652.2
2025-07;Левітана;Лосось Пад Тай;02116;Б_Каппи_Роллы;27;8483.7
2025-07;Левітана;Лосось в темпурі;00534;Б_Каппи_Темпура ролл;77;16836.2
2025-07;Левітана;Лосось сет;00517;Б_Каппи_Сет;48;47325.4
2025-07;Левітана;М Авокадо 20 г;02133;Б_Каппи_Модификаторы;1;39
2025-07;Левітана;М Балик 100 г;01204;Б_Каппи_Модификаторы;15;711.4
2025-07;Левітана;М Вершковий сир 20 г;02126;Б_Каппи_Модификаторы;7;130.4
2025-07;Левітана;М Вугор 20 г;02125;Б_Каппи_Модификаторы;7;362.9
2025-07;Левітана;М Горіховий соус 20 г;01651;Б_Каппи_Модификаторы;12;345.8
2025-07;Левітана;М Гриби 50 г;01194;Б_Каппи_Модификаторы;11;197.7
2025-07;Левітана;М Кальмар 20 г;02136;Б_Каппи_Модификаторы;20;681
2025-07;Левітана;М Креветка 2 шт.;02123;Б_Каппи_Модификаторы;13;629.2
2025-07;Левітана;М Креветка 2 шт.;02135;Б_Каппи_Модификаторы;16;757.2
2025-07;Левітана;М Курка 20 г;02131;Б_Каппи_Модификаторы;10;247.8
2025-07;Левітана;М Куряче філе 60 г;01195;Б_Каппи_Модификаторы;15;674.2
2025-07;Левітана;М Лосось 20 г;02122;Б_Каппи_Модификаторы;8;392
2025-07;Левітана;М Маслини 20 г;01196;Б_Каппи_Модификаторы;9;225
2025-07;Левітана;М Моцарела 100 г;01201;Б_Каппи_Модификаторы;2;110
2025-07;Левітана;М Мідії 20 г;02137;Б_Каппи_Модификаторы;8;267
2025-07;Левітана;М Огірок 20 г;02132;Б_Каппи_Модификаторы;6;150
2025-07;Левітана;М Пармезан 20 г;01193;Б_Каппи_Модификаторы;10;390
2025-07;Левітана;М Пепероні 50 г;01200;Б_Каппи_Модификаторы;13;972.6
2025-07;Левітана;М Перець болгарський 40 г;01197;Б_Каппи_Модификаторы;9;247
2025-07;Левітана;М Помідори 40 г;01199;Б_Каппи_Модификаторы;8;200
2025-07;Левітана;М Соус Барбекю 1 шт.;01202;Б_Каппи_Модификаторы;3;75
2025-07;Левітана;М Соус Пад Тай 10 г;02127;Б_Каппи_Модификаторы;15;149.9
2025-07;Левітана;М Соус Соєвий порц.;02728;Б_Каппи_Модификаторы;65;585
2025-07;Левітана;М Соус Теріякі 10 г;02130;Б_Каппи_Модификаторы;24;240
2025-07;Левітана;М Соус Унагі 20 г;01650;Б_Каппи_Модификаторы;19;471.2
2025-07;Левітана;М Соус Часниковий 1 шт.;01648;Б_Каппи_Модификаторы;19;536.3
2025-07;Левітана;М Соус Шірачі 5 г;02129;Б_Каппи_Модификаторы;6;60
2025-07;Левітана;М Спайсі соус 10 г;02128;Б_Каппи_Модификаторы;27;268.6
2025-07;Левітана;М Тофу 20 г;02138;Б_Каппи_Модификаторы;1;35
2025-07;Левітана;М Тунець 20 г;02124;Б_Каппи_Модификаторы;6;311.6
2025-07;Левітана;М Халапеньйо 15 г;01198;Б_Каппи_Модификаторы;10;198.5
2025-07;Левітана;Макі Вугор;00161;Б_Каппи_Роллы;17;3710.9
2025-07;Левітана;Макі Лосось;00159;Б_Каппи_Роллы;26;4633
2025-07;Левітана;Макі Огірок ;00506;Б_Каппи_Роллы;19;1764
2025-07;Левітана;Макі Сирний;00504;Б_Каппи_Роллы;20;1595.7
2025-07;Левітана;Макі Чука ;00507;Б_Каппи_Роллы;18;2020.2
2025-07;Левітана;Монако;00636;Б_Каппи_Роллы;15;6507
2025-07;Левітана;Морс Ягідний 0,5 л.;02697;Б_Общее_Напитки;59;2444.2
2025-07;Левітана;Моршинська без газу 0,5 л.;00585;Б_Общее_Напитки;14;630
2025-07;Левітана;Моршинська слаб.газ. 0,5 л.;00584;Б_Общее_Напитки;6;267.2
2025-07;Левітана;Мочі Ананас-Білий шоколад;02620;Т_Десерты;6;720.9
2025-07;Левітана;Мочі Диня - Дор Блю;02869;Т_Десерты;7;840.3
2025-07;Левітана;Мочі Полуниця;02618;Т_Десерты;14;1655
2025-07;Левітана;Мочі малина;02026;Т_Десерты;12;1444.7
2025-07;Левітана;Мочі смородина ;03161;Т_Десерты;4;475.4
2025-07;Левітана;Мочі фісташка-халва;03162;Т_Десерты;3;367.2
2025-07;Левітана;Мідорі;03021;Б_Каппи_Премиум ролл;6;2673
2025-07;Левітана;Мідія в темпурі;02167;Б_Каппи_Темпура ролл;5;1636.8
2025-07;Левітана;Місо з тофу;00708;Б_Каппи_Супы;11;1878.6
2025-07;Левітана;Навчальні палички;01021;Б_Прочие позиции;64;313.1
2025-07;Левітана;Нью-Йорк ;02915;Б_Каппи_Роллы;44;18984.7
2025-07;Левітана;Одеський сет;02170;Б_Каппи_Сет;19;14835.2
2025-07;Левітана;Ойши сет;02819;Б_Каппи_Сет;13;13721.1
2025-07;Левітана;Онлайн оплата;02940;;623;0
2025-07;Левітана;Опен-фуд;02927;;1;0.8
2025-07;Левітана;Осака;00589;Б_Каппи_Роллы;55;18078.6
2025-07;Левітана;Париж;00657;Б_Каппи_Роллы;26;11340.2
2025-07;Левітана;Преміум Креветка;00652;Б_Каппи_Роллы;24;10778.5
2025-07;Левітана;Преміум сет;00658;Б_Каппи_Сет;16;26143
2025-07;Левітана;Пікантний краб;00531;Б_Каппи_Темпура ролл;13;3245.2
2025-07;Левітана;Пікантний лосось ;00532;Б_Каппи_Темпура ролл;29;8104
2025-07;Левітана;Піца 4 сезони;02101;Б_Каппи_Пицца;23;8152.7
2025-07;Левітана;Піца 4 сири;02118;Б_Каппи_Пицца;88;27547.2
2025-07;Левітана;Піца Амерікано;02111;Б_Каппи_Пицца;29;8812.4
2025-07;Левітана;Піца Гавайська;02104;Б_Каппи_Пицца;65;20278.6
2025-07;Левітана;Піца Груша Дор Блю;02175;Б_Каппи_Пицца;24;6980.2
2025-07;Левітана;Піца Кампаро;03131;Б_Каппи_Пицца;11;3187.6
2025-07;Левітана;Піца Курка та гриби;02177;Б_Каппи_Пицца;56;18945.8
2025-07;Левітана;Піца М'ясна;02102;Б_Каппи_Пицца;112;35154.1
2025-07;Левітана;Піца Маргарита;02174;Б_Каппи_Пицца;32;8097.1
2025-07;Левітана;Піца Мексиканська ;03130;Б_Каппи_Пицца;34;8349.7
2025-07;Левітана;Піца Мисливська;02176;Б_Каппи_Пицца;51;14486.6
2025-07;Левітана;Піца Океанія;02099;Б_Каппи_Пицца;24;9329.7
2025-07;Левітана;Піца Пепероні;02172;Б_Каппи_Пицца;95;24259.3
2025-07;Левітана;Піца Пепероні Блу Чіз;02119;Б_Каппи_Пицца;25;8124.1
2025-07;Левітана;Піца Том Ям;02978;Б_Каппи_Пицца;23;9049.7
2025-07;Левітана;Піца Чізбургер;02977;Б_Каппи_Пицца;44;14435.7
2025-07;Левітана;Піца з креветками та брі;02911;Б_Каппи_Пицца;21;8127.6
2025-07;Левітана;Піца з прошутто;03133;Б_Каппи_Пицца;31;9028
2025-07;Левітана;Піца з прошутто та грушою ;03132;Б_Каппи_Пицца;32;11153.5
2025-07;Левітана;Рамен Том Ям;02606;Б_Каппи_Супы;31;11169.8
2025-07;Левітана;Рамен Традиційний;02601;Б_Каппи_Супы;32;5851.9
2025-07;Левітана;Рис з куркою Гострий;00855;Б_Каппи_WOK;34;7650
2025-07;Левітана;Рис з лососем та зеленою цибулею;01855;Б_Каппи_WOK;16;3678.9
2025-07;Левітана;Рол Пасаж;02168;Б_Каппи_Роллы;25;7983.5
2025-07;Левітана;Рол-Дог з Креветкою;01787;Б_Каппи_Темпура ролл;21;6507.7
2025-07;Левітана;Рол-Дог з Лососем;01788;Б_Каппи_Темпура ролл;23;6387.1
2025-07;Левітана;Сакайо;03128;Б_Каппи_Роллы;9;3722.8
2025-07;Левітана;Салат Чука-Вакаме;00602;Б_Каппи_Салати;30;6049.7
2025-07;Левітана;Салат з вугрем та авокадо;02900;Б_Каппи_Салати;4;1491.5
2025-07;Левітана;Салат з креветками, грушею та сиром Дор Блю		;02914;Б_Каппи_Салати;5;1875
2025-07;Левітана;Салат з тофу та овочами;02904;Б_Каппи_Салати;7;1896
2025-07;Левітана;Салмон в боніто ;00538;Б_Каппи_Роллы;24;4868.2
2025-07;Левітана;Сенкай;03022;Б_Каппи_Премиум ролл;28;13356.9
2025-07;Левітана;Сервісний збір_Glovo;01934;Б_Каппи_Glovo;203;6321.5
2025-07;Левітана;Сет 2х2;01175;Б_Каппи_Сет;17;16021.5
2025-07;Левітана;Сет Бюджетний;03043;Б_Каппи_Сет;19;16059.2
2025-07;Левітана;Спайсі Вулкан;02113;Б_Каппи_Роллы;27;9310.3
2025-07;Левітана;Спрайт жб 0,33 л.;01749;Б_Общее_Напитки;7;385
2025-07;Левітана;Супер Комбо;02181;Б_Каппи_Акции;4;3580
2025-07;Левітана;Суші бургер з Креветкой;02943;Б_Каппи_Бургер;118;37738.6
2025-07;Левітана;Суші бургер з Лососем;02944;Б_Каппи_Бургер;139;44385.7
2025-07;Левітана;Сушіріто з креветкою ;03018;Б_Каппи_Суширито;61;11596.4
2025-07;Левітана;Сушіріто з куркою;03019;Б_Каппи_Суширито;23;3423
2025-07;Левітана;Сушіріто з лососем;03020;Б_Каппи_Суширито;51;12418.4
2025-07;Левітана;ТОП сет;00362;Б_Каппи_Сет;39;53666.4
2025-07;Левітана;Тайфун;03024;Б_Каппи_Темпура ролл;24;10540.9
2025-07;Левітана;Темпура сет;00559;Б_Каппи_Сет;23;25035.8
2025-07;Левітана;Теплий сет;02712;Б_Каппи_Сет;55;44465.9
2025-07;Левітана;Том Ям;02597;Б_Каппи_Супы;55;19889.1
2025-07;Левітана;Тропік ;01862;Б_Каппи_Роллы;14;4577.9
2025-07;Левітана;Тропікана;03014;Б_Каппи_Роллы;33;12433.8
2025-07;Левітана;Тропічний Вулкан;02112;Б_Каппи_Роллы;21;6747.2
2025-07;Левітана;Удон з креветками;01813;Б_Каппи_WOK;35;11351.9
2025-07;Левітана;Удон з куркою Теріякі;00856;Б_Каппи_WOK;63;15838.2
2025-07;Левітана;Унагамі;03011;Б_Каппи_Роллы;15;5441.7
2025-07;Левітана;Унагі Брі;02906;Б_Каппи_Роллы;6;2313.4
2025-07;Левітана;Унагі Фаєр Рол;00656;Б_Каппи_Премиум ролл;18;7944
2025-07;Левітана;Ф'южн;03155;Б_Каппи_Роллы;26;8361.3
2025-07;Левітана;Фанта жб 0,33 л.;01743;Б_Общее_Напитки;9;467.6
2025-07;Левітана;Фламмі;03040;Б_Каппи_Роллы;19;5072.1
2025-07;Левітана;Фудзі темпура;00911;Б_Каппи_Темпура ролл;52;14827.3
2025-07;Левітана;Філа Ланч;02706;Б_Каппи_Акции;16;6876.4
2025-07;Левітана;Філадельфія;00168;Б_Каппи_Роллы;180;67521.8
2025-07;Левітана;Філадельфія Класік;00459;Б_Каппи_Роллы;110;24178.9
2025-07;Левітана;Філадельфія Преміум;00611;Б_Каппи_Роллы;107;42608.9
2025-07;Левітана;Філадельфія з креветкою;02798;Б_Каппи_Роллы;124;39740.5
2025-07;Левітана;Філадельфія з манго;00612;Б_Каппи_Роллы;22;6905.2
2025-07;Левітана;Філадельфія з тунцем;00516;Б_Каппи_Роллы;27;10622.8
2025-07;Левітана;Цезар з куркою;02803;Б_Каппи_Салати;25;7075.6
2025-07;Левітана;Цезар з лососем;02992;Б_Каппи_Салати;11;3289
2025-07;Левітана;Чорний Дракон;00170;Б_Каппи_Роллы;35;13965.8
2025-07;Левітана;Чізі Креветка;01113;Б_Каппи_Роллы;30;7401.2
2025-07;Левітана;Чізі лосось;02921;Б_Каппи_Премиум ролл;4;1498.3
2025-07;Левітана;Юме сет;02818;Б_Каппи_Сет;11;11980
2025-07;Левітана;Які Ебі Манго;02946;Б_Каппи_Запеч_Роллы;60;19277.8
2025-07;Левітана;Які Салмон;02950;Б_Каппи_Запеч_Роллы;21;7518.8
2025-07;Левітана;Які Спайсі Краб;02949;Б_Каппи_Запеч_Роллы;54;15699.5
2025-07;Левітана;Які Туна ;02942;Б_Каппи_Запеч_Роллы;14;4767.9
2025-07;Левітана;Які Унагі;02945;Б_Каппи_Запеч_Роллы;45;14177.9
2025-07;Левітана;Яєчна з куркою та креветками;01815;Б_Каппи_WOK;19;5766.6
2025-07;Левітана;Яєчна з морепродуктами;00859;Б_Каппи_WOK;51;16161.4
2025-08;Лазарева;.Гарного дня!;00944;Б_Прочие позиции;2420;0
2025-08;Лазарева;Affinity сет;03015;Б_Каппи_Сет;29;31078.3
2025-08;Лазарева;Cappiroll;00583;Б_Каппи_Роллы;71;27187.7
2025-08;Лазарева;Cappizza;02173;Б_Каппи_Пицца;37;11436.8
2025-08;Лазарева;G Доставка;00984;Б_Каппи_Glovo;601;29989.6
2025-08;Лазарева;GC_Доставка 0 грн;02503;Б_Глово_Модификаторы;22;0
2025-08;Лазарева;Glovo <800 ;03025;;31;2239.5
2025-08;Лазарева;L`amour Сет;01729;Б_Каппи_Сет;16;17518.5
2025-08;Лазарева;MOVA світле пиво безалкогольне 0.33 л.;03046;Б_Общее_Напитки;1;85
2025-08;Лазарева;MOVA світле пиво безалкогольне 0.33 л.;03049;Б_Общее_Напитки;14;1159.4
2025-08;Лазарева;MOVA темне пиво безалкогольне 0,33 л.;03048;Б_Общее_Напитки;11;911.6
2025-08;Лазарева;Party-комбо ( Pepsi Cola з/б 0,33л -1шт та  Pepsi Cola Max з/б 0,33л - 1шт;02708;Б_Каппи_Акции;3;3585
2025-08;Лазарева;Rich 1 л. Апельсин;00352;Б_Общее_Напитки;9;945
2025-08;Лазарева;Rich 1 л. Экзотик;00172;Б_Общее_Напитки;7;721.5
2025-08;Лазарева;Rich 1 л. Яблуко;00415;Б_Общее_Напитки;10;1050
2025-08;Лазарева;VIP-комбо;02709;Б_Каппи_Акции;1;1995
2025-08;Лазарева;_Барбекю;03064;Б_Глово_Модификаторы;1;25
2025-08;Лазарева;_Гірчиця;03065;Б_Глово_Модификаторы;3;60
2025-08;Лазарева;_Кетчуп;03066;Б_Глово_Модификаторы;1;20
2025-08;Лазарева;_Комбо 3;03034;Б_Каппи_Glovo;41;14381
2025-08;Лазарева;_Комбо 4;03033;Б_Каппи_Glovo;2;698
2025-08;Лазарева;_Комбо 5;03136;Б_Каппи_Glovo;28;7109.5
2025-08;Лазарева;_Комбо 6;03139;Б_Каппи_Glovo;5;1745
2025-08;Лазарева;_Комбо 7;03138;Б_Каппи_Glovo;4;1260
2025-08;Лазарева;_Комбо 8;03137;Б_Каппи_Glovo;4;1139.2
2025-08;Лазарева;_Майонез;03067;Б_Глово_Модификаторы;4;80
2025-08;Лазарева;_Сметана;03068;Б_Глово_Модификаторы;26;520
2025-08;Лазарева;_Хліб;03069;Б_Глово_Модификаторы;33;495
2025-08;Лазарева;Імператор;00892;Б_Каппи_Роллы;26;11471.1
2025-08;Лазарева;Акаї;03023;Б_Каппи_Премиум ролл;36;17471.2
2025-08;Лазарева;Аляска;00513;Б_Каппи_Премиум ролл;9;3767.8
2025-08;Лазарева;Аморе;02781;Б_Каппи_Роллы;28;10833.6
2025-08;Лазарева;Антикризовий сет;00578;Б_Каппи_Сет;100;59369.9
2025-08;Лазарева;Аурум ;03157;Б_Каппи_Роллы;14;3224.5
2025-08;Лазарева;Банзай ;00528;Б_Каппи_Темпура ролл;199;68429.8
2025-08;Лазарева;Бао бургер з крабом;02966;Б_Каппи_БАО;16;4407.8
2025-08;Лазарева;Бао бургер з креветкою;02967;Б_Каппи_БАО;9;3037.7
2025-08;Лазарева;Бао бургер з лососем;02968;Б_Каппи_БАО;4;1340
2025-08;Лазарева;Без приборів!;01593;Б_Прочие позиции;68;0
2025-08;Лазарева;Боніто з лососем;00154;Б_Каппи_Роллы;14;3624.6
2025-08;Лазарева;Боніто з тунцем;00512;Б_Каппи_Роллы;11;2931.2
2025-08;Лазарева;Борщ зі свининою;03028;Б_Каппи_Glovo;38;7562
2025-08;Лазарева;Боул Дабл Фіш;01886;Б_Каппи_Боул;20;7838.5
2025-08;Лазарева;Боул Філадельфія;01887;Б_Каппи_Боул;29;10846.6
2025-08;Лазарева;Боул з Куркою;01891;Б_Каппи_Боул;14;3540
2025-08;Лазарева;Боул з Лососем;01890;Б_Каппи_Боул;21;7477.9
2025-08;Лазарева;Боул з креветкою;03168;Б_Каппи_Боул;3;979.6
2025-08;Лазарева;Бульон курячий;03029;Б_Каппи_Glovo;46;8050
2025-08;Лазарева;Вершкова креветка;00775;Б_Каппи_Роллы;72;25540.6
2025-08;Лазарева;Веселка;00509;Б_Каппи_Роллы;59;22637.4
2025-08;Лазарева;Весняний Сет;01844;Б_Каппи_Сет;16;15346.9
2025-08;Лазарева;Вишуканий дует;02989;Б_Каппи_Акции;2;1287.8
2025-08;Лазарева;Вугор сет;02711;Б_Каппи_Сет;6;6830
2025-08;Лазарева;Вулкан Карі;03144;Б_Каппи_Роллы;18;8183.6
2025-08;Лазарева;Вулкан Токара;03126;Б_Каппи_Роллы;22;8795.5
2025-08;Лазарева;Вулкан з креветкою;02799;Б_Каппи_Роллы;46;13104.8
2025-08;Лазарева;Відбивна куряча;03039;Б_Каппи_Glovo;9;1917
2025-08;Лазарева;Вінегрет;03060;Б_Каппи_Glovo;5;557.8
2025-08;Лазарева;Гречана каша;03053;Б_Каппи_Glovo;4;320
2025-08;Лазарева;Гурме;03127;Б_Каппи_Роллы;11;4013.9
2025-08;Лазарева;Д Імбир Cappi 30 гр.;01049;Б_Каппи_Добавки;163;1927.3
2025-08;Лазарева;Д Васабі Cappi 7,5 гр.;01050;Б_Каппи_Добавки;178;1561.1
2025-08;Лазарева;Д Набір №1 (Соев.-1шт.,Імб.-1шт.,Вас.-1шт.);01916;Б_Каппи_Добавки;409;0
2025-08;Лазарева;Д Набір №2 (Соев.-2шт.,Імб.-1шт.,Вас.-1шт.);01917;Б_Каппи_Добавки;372;0
2025-08;Лазарева;Д Набір №3 (Соев.-3шт.,Імб.-2шт.,Вас.-1шт.);01918;Б_Каппи_Добавки;419;0
2025-08;Лазарева;Д Набір №4 (Соев.-4шт.,Імб.-2шт.,Вас.-2шт.);01919;Б_Каппи_Добавки;590;0
2025-08;Лазарева;Д Соус Барбекю;00501;Б_Каппи_Добавки;10;290
2025-08;Лазарева;Д Соус Часниковий;01323;Б_Каппи_Добавки;22;638
2025-08;Лазарева;Д Соус горіховий 20 гр.;00729;Б_Каппи_Добавки;8;226.6
2025-08;Лазарева;Д Соус соєвий Cappi 50 гр.;00695;Б_Каппи_Добавки;84;749.1
2025-08;Лазарева;Д Соус унагі 20 гр.;00728;Б_Каппи_Добавки;9;215
2025-08;Лазарева;Д Спайсі соус 10 гр.;02929;Б_Каппи_Добавки;14;136.2
2025-08;Лазарева;Дабл Тартар;02780;Б_Каппи_Роллы;61;21842.8
2025-08;Лазарева;Деруни зі сметаною;03054;Б_Каппи_Glovo;10;1420
2025-08;Лазарева;Джаз;01109;Б_Каппи_Роллы;22;4749.6
2025-08;Лазарева;Дзен сет;01128;Б_Каппи_Сет;36;34152.7
2025-08;Лазарева;Доставка (зелена);00829;Б_Прочие позиции;28;1043
2025-08;Лазарева;Доставка (помаранчева);01235;Б_Прочие позиции;19;866.1
2025-08;Лазарева;Доставка (рожева);03017;Б_Прочие позиции;4;589.6
2025-08;Лазарева;Доставка (синя);01051;Б_Прочие позиции;11;641.1
2025-08;Лазарева;Доставка (фіолетова);03016;Б_Прочие позиции;35;3319.1
2025-08;Лазарева;Ебі Грін;01790;Б_Каппи_Роллы;3;860.1
2025-08;Лазарева;Ебі авокадо;03149;Б_Каппи_Роллы;2;656.3
2025-08;Лазарева;Ебі манго;03150;Б_Каппи_Роллы;3;957
2025-08;Лазарева;Ебі сет;02710;Б_Каппи_Сет;74;88854.4
2025-08;Лазарева;Ебі темпура;02986;Б_Каппи_Закуски;63;15352.8
2025-08;Лазарева;Екзотік;03041;Б_Каппи_Роллы;11;3073.1
2025-08;Лазарева;Заміна інгрідієнта;02139;Б_Прочие позиции;1;30
2025-08;Лазарева;Зелений Дракон;00156;Б_Каппи_Роллы;9;3505.3
2025-08;Лазарева;Йоші рол;02776;Б_Каппи_Роллы;8;3117.5
2025-08;Лазарева;Каліфорнія ;00774;Б_Каппи_Роллы;36;11784.9
2025-08;Лазарева;Каліфорнія Мікс;00653;Б_Каппи_Роллы;16;6271.6
2025-08;Лазарева;Каліфорнія з креветкою;00654;Б_Каппи_Роллы;15;5416.3
2025-08;Лазарева;Камамбер фрі;03093;Б_Каппи_Закуски;32;8506.7
2025-08;Лазарева;Камертон;00960;Б_Каппи_Роллы;47;16462.7
2025-08;Лазарева;Капібара полюбляє;03141;Б_Каппи_Сет;7;8325
2025-08;Лазарева;Картопля по-домашньому  ;03051;Б_Каппи_Glovo;4;580
2025-08;Лазарева;Класика вдвох;02988;Б_Каппи_Акции;12;5707.8
2025-08;Лазарева;Кока-кола 0,75 л БОРЩИК\ГЛОВО;03074;Б_Каппи_Glovo;6;354
2025-08;Лазарева;Кока-кола 0,75 л.;01731;Б_Общее_Напитки;94;5486.4
2025-08;Лазарева;Кока-кола жб 0,33 л БОРЩИК\ГЛОВО;03075;Б_Каппи_Glovo;1;55
2025-08;Лазарева;Кока-кола жб 0,33 л.;01736;Б_Общее_Напитки;17;935
2025-08;Лазарева;Кока-кола зеро жб 0,33 л БОРЩИК\ГЛОВО;03076;Б_Каппи_Glovo;7;385
2025-08;Лазарева;Кока-кола зеро жб 0,33 л.;01740;Б_Общее_Напитки;39;2137.5
2025-08;Лазарева;Комбо #1;02178;Б_Каппи_Акции;1;1266.3
2025-08;Лазарева;Комбо #2;02179;Б_Каппи_Акции;1;1145
2025-08;Лазарева;Комбо #3;02180;Б_Каппи_Акции;8;7894.9
2025-08;Лазарева;"Комбуча  ""Дивовижний""";03083;Б_Каппи_Glovo;1;95
2025-08;Лазарева;Комбуча  WILD каркаде 0,33 л.;03185;Б_Общее_Напитки;2;190
2025-08;Лазарева;Комбуча  WILD класична 0,33 л.;03186;Б_Общее_Напитки;1;95
2025-08;Лазарева;"Комбуча ""Бадьорий""";02896;Б_Общее_Напитки;3;285
2025-08;Лазарева;"Комбуча ""Дивовижний""";02897;Б_Общее_Напитки;6;557.8
2025-08;Лазарева;"Комбуча ""Манливий""";02898;Б_Общее_Напитки;7;657.9
2025-08;Лазарева;Комбуча WILD зелений чай 0,33 л.;03184;Б_Общее_Напитки;2;190
2025-08;Лазарева;Концепция-Борщик;03072;;138;0
2025-08;Лазарева;Котлета кордон-блю;03140;Б_Каппи_Glovo;2;348.6
2025-08;Лазарева;Котлета куряча;03091;Б_Каппи_Glovo;12;1344
2025-08;Лазарева;Креветка в кунжуті;00511;Б_Каппи_Роллы;34;10848.9
2025-08;Лазарева;Креветка в темпурі;00533;Б_Каппи_Темпура ролл;93;28488.4
2025-08;Лазарева;Курка в Кисло-солодкому;01825;Б_Каппи_WOK;14;3426.6
2025-08;Лазарева;Курортний;02169;Б_Каппи_Роллы;69;3470.4
2025-08;Лазарева;Кімурай;03012;Б_Каппи_Роллы;30;11404.8
2025-08;Лазарева;Лимонад 0,5 л.;02057;Б_Общее_Напитки;77;5606.8
2025-08;Лазарева;Лимонад БОРЩИК\ГЛОВО;03085;Б_Каппи_Glovo;21;1575
2025-08;Лазарева;Листівка до ДН;02061;Б_Прочие позиции;3;0
2025-08;Лазарева;Логістичний збір;02770;;1278;36032.6
2025-08;Лазарева;Лосось Пад Тай;02116;Б_Каппи_Роллы;38;11854.5
2025-08;Лазарева;Лосось в темпурі;00534;Б_Каппи_Темпура ролл;92;20280
2025-08;Лазарева;Лосось сет;00517;Б_Каппи_Сет;60;59568.5
2025-08;Лазарева;М Балик 100 г;01204;Б_Каппи_Модификаторы;9;435.4
2025-08;Лазарева;М Вершковий сир 20 г;02126;Б_Каппи_Модификаторы;10;193.5
2025-08;Лазарева;М Вугор 20 г;02125;Б_Каппи_Модификаторы;3;150.2
2025-08;Лазарева;М Горіховий соус 20 г;01651;Б_Каппи_Модификаторы;7;199.5
2025-08;Лазарева;М Гриби 50 г;01194;Б_Каппи_Модификаторы;22;388.9
2025-08;Лазарева;М Кальмар 20 г;02136;Б_Каппи_Модификаторы;15;521.9
2025-08;Лазарева;М Креветка 2 шт.;02123;Б_Каппи_Модификаторы;9;401.1
2025-08;Лазарева;М Креветка 2 шт.;02135;Б_Каппи_Модификаторы;8;392
2025-08;Лазарева;М Курка 20 г;02131;Б_Каппи_Модификаторы;17;422.4
2025-08;Лазарева;М Куряче філе 60 г;01195;Б_Каппи_Модификаторы;11;493
2025-08;Лазарева;М Лосось 20 г;02122;Б_Каппи_Модификаторы;5;218.2
2025-08;Лазарева;М Маслини 20 г;01196;Б_Каппи_Модификаторы;16;392.5
2025-08;Лазарева;М Моцарела 100 г;01201;Б_Каппи_Модификаторы;8;440
2025-08;Лазарева;М Мідії 20 г;02137;Б_Каппи_Модификаторы;6;210
2025-08;Лазарева;М Огірок 20 г;02132;Б_Каппи_Модификаторы;2;50
2025-08;Лазарева;М Пармезан 20 г;01193;Б_Каппи_Модификаторы;9;348.2
2025-08;Лазарева;М Пепероні 50 г;01200;Б_Каппи_Модификаторы;10;724.3
2025-08;Лазарева;М Перець болгарський 40 г;01197;Б_Каппи_Модификаторы;5;145
2025-08;Лазарева;М Помідори 40 г;01199;Б_Каппи_Модификаторы;17;425
2025-08;Лазарева;М Соус Барбекю 1 шт.;01202;Б_Каппи_Модификаторы;6;154
2025-08;Лазарева;М Соус Пад Тай 10 г;02127;Б_Каппи_Модификаторы;11;109.3
2025-08;Лазарева;М Соус Соєвий порц.;02728;Б_Каппи_Модификаторы;51;453.2
2025-08;Лазарева;М Соус Теріякі 10 г;02130;Б_Каппи_Модификаторы;39;384.7
2025-08;Лазарева;М Соус Унагі 20 г;01650;Б_Каппи_Модификаторы;31;768.3
2025-08;Лазарева;М Соус Часниковий 1 шт.;01648;Б_Каппи_Модификаторы;9;259.5
2025-08;Лазарева;М Соус Шірачі 5 г;02129;Б_Каппи_Модификаторы;4;39.7
2025-08;Лазарева;М Спайсі соус 10 г;02128;Б_Каппи_Модификаторы;21;208.1
2025-08;Лазарева;М Тофу 20 г;02138;Б_Каппи_Модификаторы;2;70
2025-08;Лазарева;М Тунець 20 г;02124;Б_Каппи_Модификаторы;1;47.6
2025-08;Лазарева;М Халапеньйо 15 г;01198;Б_Каппи_Модификаторы;10;196
2025-08;Лазарева;М'ясо по-французьки;03056;Б_Каппи_Glovo;5;1193
2025-08;Лазарева;Макі Вугор;00161;Б_Каппи_Роллы;13;2910.3
2025-08;Лазарева;Макі Лосось;00159;Б_Каппи_Роллы;51;9206.1
2025-08;Лазарева;Макі Огірок ;00506;Б_Каппи_Роллы;32;3007.8
2025-08;Лазарева;Макі Сирний;00504;Б_Каппи_Роллы;23;2085.1
2025-08;Лазарева;Макі Чука ;00507;Б_Каппи_Роллы;22;2485.4
2025-08;Лазарева;Млинці з вишнею та шоколадом ;03174;Б_Каппи_Glovo;3;690
2025-08;Лазарева;Млинці з яблуками;03061;Б_Каппи_Glovo;4;621.4
2025-08;Лазарева;Монако;00636;Б_Каппи_Роллы;19;8273.6
2025-08;Лазарева;Морс Ягідний 0,5 л.;02697;Б_Общее_Напитки;77;4315.3
2025-08;Лазарева;Морс Ягідний БОРЩИК\ГЛОВО;03086;Б_Каппи_Glovo;1;75
2025-08;Лазарева;Моршинська без газу 0,5 л БОРЩИК\ГЛОВО;03087;Б_Каппи_Glovo;74;3330
2025-08;Лазарева;Моршинська без газу 0,5 л.;00585;Б_Общее_Напитки;153;6872.4
2025-08;Лазарева;Моршинська слаб.газ. 0,5 л.;00584;Б_Общее_Напитки;2;81.4
2025-08;Лазарева;Мочі Полуниця;02618;Т_Десерты;18;2206.5
2025-08;Лазарева;Мочі малина;02026;Т_Десерты;20;2424
2025-08;Лазарева;Мочі смородина ;03161;Т_Десерты;9;1062.9
2025-08;Лазарева;Мочі фісташка-халва;03162;Т_Десерты;10;1250
2025-08;Лазарева;Мідорі;03021;Б_Каппи_Премиум ролл;8;3922
2025-08;Лазарева;Мідія в темпурі;02167;Б_Каппи_Темпура ролл;13;4162.3
2025-08;Лазарева;Місо з тофу;00708;Б_Каппи_Супы;15;2905
2025-08;Лазарева;Навчальні палички;01021;Б_Прочие позиции;87;428.8
2025-08;Лазарева;Нью-Йорк ;02915;Б_Каппи_Роллы;42;17978.2
2025-08;Лазарева;Одеський сет;02170;Б_Каппи_Сет;20;15535.3
2025-08;Лазарева;Ойши сет;02819;Б_Каппи_Сет;9;9855
2025-08;Лазарева;Онлайн оплата;02940;;623;0
2025-08;Лазарева;Опен-фуд;02927;;814;706.8
2025-08;Лазарева;Осака;00589;Б_Каппи_Роллы;52;16607.3
2025-08;Лазарева;Париж;00657;Б_Каппи_Роллы;17;7684.4
2025-08;Лазарева;Пательня з куркою.;03036;Б_Каппи_Glovo;18;4530
2025-08;Лазарева;Пательня зі свининою;03030;Б_Каппи_Glovo;19;4845
2025-08;Лазарева;Пательня мисливська.;03037;Б_Каппи_Glovo;9;2565
2025-08;Лазарева;Пересип +;03045;;116;0
2025-08;Лазарева;Преміум Креветка;00652;Б_Каппи_Роллы;20;8995.6
2025-08;Лазарева;Преміум сет;00658;Б_Каппи_Сет;17;28269.5
2025-08;Лазарева;Пюре;03052;Б_Каппи_Glovo;18;2340
2025-08;Лазарева;Пікантний краб;00531;Б_Каппи_Темпура ролл;29;7314.4
2025-08;Лазарева;Пікантний лосось ;00532;Б_Каппи_Темпура ролл;25;7235.4
2025-08;Лазарева;Піца 4 сезони;02101;Б_Каппи_Пицца;19;6936.7
2025-08;Лазарева;Піца 4 сири;02118;Б_Каппи_Пицца;104;32953.9
2025-08;Лазарева;Піца Амерікано;02111;Б_Каппи_Пицца;17;5382.2
2025-08;Лазарева;Піца Гавайська;02104;Б_Каппи_Пицца;48;15083.8
2025-08;Лазарева;Піца Груша Дор Блю;02175;Б_Каппи_Пицца;25;7429.8
2025-08;Лазарева;Піца Кампаро;03131;Б_Каппи_Пицца;17;4846.6
2025-08;Лазарева;Піца Курка та гриби;02177;Б_Каппи_Пицца;50;16786.4
2025-08;Лазарева;Піца М'ясна;02102;Б_Каппи_Пицца;91;30913.8
2025-08;Лазарева;Піца Маргарита;02174;Б_Каппи_Пицца;38;10169.5
2025-08;Лазарева;Піца Мексиканська ;03130;Б_Каппи_Пицца;23;5978.6
2025-08;Лазарева;Піца Мисливська;02176;Б_Каппи_Пицца;71;18329.5
2025-08;Лазарева;Піца Океанія;02099;Б_Каппи_Пицца;35;13705.3
2025-08;Лазарева;Піца Пепероні;02172;Б_Каппи_Пицца;51;14717.3
2025-08;Лазарева;Піца Пепероні Блу Чіз;02119;Б_Каппи_Пицца;25;7899.1
2025-08;Лазарева;Піца Том Ям;02978;Б_Каппи_Пицца;22;8294.1
2025-08;Лазарева;Піца Чізбургер;02977;Б_Каппи_Пицца;50;16005.6
2025-08;Лазарева;Піца з креветками та брі;02911;Б_Каппи_Пицца;29;11171.8
2025-08;Лазарева;Піца з прошутто;03133;Б_Каппи_Пицца;31;9755.1
2025-08;Лазарева;Піца з прошутто та грушою ;03132;Б_Каппи_Пицца;24;8400.7
2025-08;Лазарева;Рамен Том Ям;02606;Б_Каппи_Супы;48;17816.2
2025-08;Лазарева;Рамен Традиційний;02601;Б_Каппи_Супы;43;7939.7
2025-08;Лазарева;Рис з куркою Гострий;00855;Б_Каппи_WOK;19;4161.4
2025-08;Лазарева;Рис з лососем та зеленою цибулею;01855;Б_Каппи_WOK;16;3740
2025-08;Лазарева;Рол Пасаж;02168;Б_Каппи_Роллы;17;5343.7
2025-08;Лазарева;Рол-Дог з Креветкою;01787;Б_Каппи_Темпура ролл;17;5156.2
2025-08;Лазарева;Рол-Дог з Лососем;01788;Б_Каппи_Темпура ролл;7;2112.1
2025-08;Лазарева;Сакайо;03128;Б_Каппи_Роллы;24;10006.1
2025-08;Лазарева;"Салат ""Олів'є"" з куркою";03059;Б_Каппи_Glovo;20;3080.8
2025-08;Лазарева;Салат Цезар з куркою (борщик);03057;Б_Каппи_Glovo;17;4263
2025-08;Лазарева;Салат Чука-Вакаме;00602;Б_Каппи_Салати;29;5843.4
2025-08;Лазарева;Салат з вугрем та авокадо;02900;Б_Каппи_Салати;12;4500
2025-08;Лазарева;Салат з капустою та огірком;03135;Б_Каппи_Glovo;13;1625
2025-08;Лазарева;Салат з креветками, грушею та сиром Дор Блю		;02914;Б_Каппи_Салати;9;3353.3
2025-08;Лазарева;Салат з тофу та овочами;02904;Б_Каппи_Салати;5;1425
2025-08;Лазарева;Салат крабовий;03058;Б_Каппи_Glovo;17;3290.4
2025-08;Лазарева;Салмон в боніто ;00538;Б_Каппи_Роллы;25;5451.9
2025-08;Лазарева;Світле пиво безалкогольне БОРЩИК\ГЛОВО;03080;Б_Каппи_Glovo;1;85
2025-08;Лазарева;Сенкай;03022;Б_Каппи_Премиум ролл;29;14128
2025-08;Лазарева;Сервісний збір_Glovo;01934;Б_Каппи_Glovo;188;6462.9
2025-08;Лазарева;Сет 2х2;01175;Б_Каппи_Сет;23;21874.9
2025-08;Лазарева;Сет Бюджетний;03043;Б_Каппи_Сет;23;19710.4
2025-08;Лазарева;Сирники з малиною;03063;Б_Каппи_Glovo;3;527.3
2025-08;Лазарева;Сирники з родзинками;03062;Б_Каппи_Glovo;2;330
2025-08;Лазарева;Солянка;03038;Б_Каппи_Glovo;23;5117.8
2025-08;Лазарева;Спайсі Вулкан;02113;Б_Каппи_Роллы;19;6930
2025-08;Лазарева;Спрайт жб 0,33 л  БОРЩИК\ГЛОВО;03089;Б_Каппи_Glovo;2;110
2025-08;Лазарева;Спрайт жб 0,33 л.;01749;Б_Общее_Напитки;2;110
2025-08;Лазарева;Супер Комбо;02181;Б_Каппи_Акции;4;3512.2
2025-08;Лазарева;Суші бургер з Креветкой;02943;Б_Каппи_Бургер;109;33039
2025-08;Лазарева;Суші бургер з Лососем;02944;Б_Каппи_Бургер;131;39116.2
2025-08;Лазарева;Сушіріто з креветкою ;03018;Б_Каппи_Суширито;78;14337.2
2025-08;Лазарева;Сушіріто з куркою;03019;Б_Каппи_Суширито;21;3464
2025-08;Лазарева;Сушіріто з лососем;03020;Б_Каппи_Суширито;44;10562.4
2025-08;Лазарева;ТОП сет;00362;Б_Каппи_Сет;30;41514
2025-08;Лазарева;Тайфун;03024;Б_Каппи_Темпура ролл;24;10550.9
2025-08;Лазарева;Темне пиво безалкогольне БОРЩИК\ГЛОВО;03081;Б_Каппи_Glovo;3;255
2025-08;Лазарева;Темпура сет;00559;Б_Каппи_Сет;52;56521.7
2025-08;Лазарева;Теплий сет;02712;Б_Каппи_Сет;49;39544.7
2025-08;Лазарева;Том Ям;02597;Б_Каппи_Супы;91;33865.2
2025-08;Лазарева;Тропік ;01862;Б_Каппи_Роллы;9;2903
2025-08;Лазарева;Тропікана;03014;Б_Каппи_Роллы;38;14080.2
2025-08;Лазарева;Тропічний Вулкан;02112;Б_Каппи_Роллы;24;7930.2
2025-08;Лазарева;Удон з креветками;01813;Б_Каппи_WOK;34;10843.2
2025-08;Лазарева;Удон з куркою Теріякі;00856;Б_Каппи_WOK;52;12714
2025-08;Лазарева;Унагамі;03011;Б_Каппи_Роллы;23;8824.8
2025-08;Лазарева;Унагі Брі;02906;Б_Каппи_Роллы;14;4981.9
2025-08;Лазарева;Унагі Фаєр Рол;00656;Б_Каппи_Премиум ролл;12;5251.9
2025-08;Лазарева;Ф'южн;03155;Б_Каппи_Роллы;22;7159.5
2025-08;Лазарева;Фанта жб 0,33 л БОРЩИК\ГЛОВО;03090;Б_Каппи_Glovo;3;165
2025-08;Лазарева;Фанта жб 0,33 л.;01743;Б_Общее_Напитки;11;575.8
2025-08;Лазарева;Фламмі;03040;Б_Каппи_Роллы;23;6112.6
2025-08;Лазарева;Фудзі темпура;00911;Б_Каппи_Темпура ролл;48;14024.9
2025-08;Лазарева;Філа Ланч;02706;Б_Каппи_Акции;19;8310.6
2025-08;Лазарева;Філадельфія;00168;Б_Каппи_Роллы;239;82295.2
2025-08;Лазарева;Філадельфія Класік;00459;Б_Каппи_Роллы;88;22666.9
2025-08;Лазарева;Філадельфія Преміум;00611;Б_Каппи_Роллы;82;32415.1
2025-08;Лазарева;Філадельфія з креветкою;02798;Б_Каппи_Роллы;91;32652.6
2025-08;Лазарева;Філадельфія з манго;00612;Б_Каппи_Роллы;33;10297.4
2025-08;Лазарева;Філадельфія з тунцем;00516;Б_Каппи_Роллы;15;5977.5
2025-08;Лазарева;Цезар з куркою;02803;Б_Каппи_Салати;35;9957.6
2025-08;Лазарева;Цезар з лососем;02992;Б_Каппи_Салати;16;4462.7
2025-08;Лазарева;Чорний Дракон;00170;Б_Каппи_Роллы;24;9782.2
2025-08;Лазарева;Чізі Креветка;01113;Б_Каппи_Роллы;26;6437.2
2025-08;Лазарева;Чізі лосось;02921;Б_Каппи_Премиум ролл;6;2550
2025-08;Лазарева;Юме сет;02818;Б_Каппи_Сет;16;17423.1
2025-08;Лазарева;Які Ебі Манго;02946;Б_Каппи_Запеч_Роллы;49;15472.2
2025-08;Лазарева;Які Салмон;02950;Б_Каппи_Запеч_Роллы;25;8827.1
2025-08;Лазарева;Які Спайсі Краб;02949;Б_Каппи_Запеч_Роллы;42;11994.7
2025-08;Лазарева;Які Туна ;02942;Б_Каппи_Запеч_Роллы;22;7519.3
2025-08;Лазарева;Які Унагі;02945;Б_Каппи_Запеч_Роллы;31;9417.2
2025-08;Лазарева;Яєчна з куркою та креветками;01815;Б_Каппи_WOK;31;9947
2025-08;Лазарева;Яєчна з морепродуктами;00859;Б_Каппи_WOK;35;11246.5
2025-08;Левітана;.Гарного дня!;00944;Б_Прочие позиции;2653;0
2025-08;Левітана;Affinity сет;03015;Б_Каппи_Сет;35;37670.3
2025-08;Левітана;Cappiroll;00583;Б_Каппи_Роллы;75;28757.7
2025-08;Левітана;Cappizza;02173;Б_Каппи_Пицца;42;12449.9
2025-08;Левітана;G Антикризовий сет;02932;Б_Акції Глово;1;599
2025-08;Левітана;G Доставка;00984;Б_Каппи_Glovo;734;36642.3
2025-08;Левітана;GC_Доставка;02479;Б_Глово_Модификаторы;1;59
2025-08;Левітана;GC_Доставка 0 грн;02503;Б_Глово_Модификаторы;82;0
2025-08;Левітана;L`amour Сет;01729;Б_Каппи_Сет;16;17680
2025-08;Левітана;MOVA світле пиво безалкогольне 0.33 л.;03046;Б_Общее_Напитки;5;425
2025-08;Левітана;MOVA світле пиво безалкогольне 0.33 л.;03049;Б_Общее_Напитки;11;921.5
2025-08;Левітана;MOVA темне пиво безалкогольне 0,33 л.;03048;Б_Общее_Напитки;12;975.3
2025-08;Левітана;Party-комбо ( Pepsi Cola з/б 0,33л -1шт та  Pepsi Cola Max з/б 0,33л - 1шт;02708;Б_Каппи_Акции;5;5975
2025-08;Левітана;Rich 1 л Яблуко;03079;Б_Каппи_Glovo;9;945
2025-08;Левітана;Rich 1 л. Апельсин;00352;Б_Общее_Напитки;14;1465.6
2025-08;Левітана;Rich 1 л. Экзотик;00172;Б_Общее_Напитки;12;1239.6
2025-08;Левітана;Rich 1 л. Яблуко;00415;Б_Общее_Напитки;9;937.2
2025-08;Левітана;VIP-комбо;02709;Б_Каппи_Акции;1;1995
2025-08;Левітана;Імператор;00892;Б_Каппи_Роллы;16;7092.1
2025-08;Левітана;Акаї;03023;Б_Каппи_Премиум ролл;55;26425.8
2025-08;Левітана;Аляска;00513;Б_Каппи_Премиум ролл;13;5393.5
2025-08;Левітана;Аморе;02781;Б_Каппи_Роллы;25;9662.1
2025-08;Левітана;Антикризовий сет;00578;Б_Каппи_Сет;142;84422.2
2025-08;Левітана;Аурум ;03157;Б_Каппи_Роллы;16;3784.7
2025-08;Левітана;Банзай ;00528;Б_Каппи_Темпура ролл;216;74044.8
2025-08;Левітана;Бао бургер з крабом;02966;Б_Каппи_БАО;26;6951.8
2025-08;Левітана;Бао бургер з креветкою;02967;Б_Каппи_БАО;16;5547.5
2025-08;Левітана;Бао бургер з лососем;02968;Б_Каппи_БАО;12;4185.6
2025-08;Левітана;Без приборів!;01593;Б_Прочие позиции;81;0
2025-08;Левітана;Боніто з лососем;00154;Б_Каппи_Роллы;18;4705.2
2025-08;Левітана;Боніто з тунцем;00512;Б_Каппи_Роллы;9;2431.1
2025-08;Левітана;Боул Дабл Фіш;01886;Б_Каппи_Боул;26;10005.6
2025-08;Левітана;Боул Філадельфія;01887;Б_Каппи_Боул;41;14793.9
2025-08;Левітана;Боул з Куркою;01891;Б_Каппи_Боул;13;3171
2025-08;Левітана;Боул з Лососем;01890;Б_Каппи_Боул;21;7574.9
2025-08;Левітана;Боул з креветкою;03168;Б_Каппи_Боул;10;3299.6
2025-08;Левітана;Вершкова креветка;00775;Б_Каппи_Роллы;72;24978.5
2025-08;Левітана;Веселка;00509;Б_Каппи_Роллы;55;21445.4
2025-08;Левітана;Весняний Сет;01844;Б_Каппи_Сет;29;27972.7
2025-08;Левітана;Вугор сет;02711;Б_Каппи_Сет;5;5705
2025-08;Левітана;Вулкан Карі;03144;Б_Каппи_Роллы;17;7719.3
2025-08;Левітана;Вулкан Токара;03126;Б_Каппи_Роллы;30;12222.6
2025-08;Левітана;Вулкан з креветкою;02799;Б_Каппи_Роллы;45;12486
2025-08;Левітана;Гурме;03127;Б_Каппи_Роллы;8;2853.6
2025-08;Левітана;Д Імбир Cappi 30 гр.;01049;Б_Каппи_Добавки;198;2332.3
2025-08;Левітана;Д Васабі Cappi 7,5 гр.;01050;Б_Каппи_Добавки;220;1948.4
2025-08;Левітана;Д Набір №1 (Соев.-1шт.,Імб.-1шт.,Вас.-1шт.);01916;Б_Каппи_Добавки;467;0
2025-08;Левітана;Д Набір №2 (Соев.-2шт.,Імб.-1шт.,Вас.-1шт.);01917;Б_Каппи_Добавки;502;0
2025-08;Левітана;Д Набір №3 (Соев.-3шт.,Імб.-2шт.,Вас.-1шт.);01918;Б_Каппи_Добавки;543;0
2025-08;Левітана;Д Набір №4 (Соев.-4шт.,Імб.-2шт.,Вас.-2шт.);01919;Б_Каппи_Добавки;637;0
2025-08;Левітана;Д Соус Барбекю;00501;Б_Каппи_Добавки;15;435
2025-08;Левітана;Д Соус Часниковий;01323;Б_Каппи_Добавки;21;609
2025-08;Левітана;Д Соус Ширачи 10г;02596;Б_Каппи_Добавки;3;57
2025-08;Левітана;Д Соус горіховий 20 гр.;00729;Б_Каппи_Добавки;8;228.6
2025-08;Левітана;Д Соус соєвий Cappi 50 гр.;00695;Б_Каппи_Добавки;104;923.8
2025-08;Левітана;Д Соус унагі 20 гр.;00728;Б_Каппи_Добавки;20;491
2025-08;Левітана;Д Спайсі соус 10 гр.;02929;Б_Каппи_Добавки;29;287.3
2025-08;Левітана;Д_Мідії 20 гр;03106;Б_Каппи_Добавки;1;35
2025-08;Левітана;Дабл Тартар;02780;Б_Каппи_Роллы;81;27720
2025-08;Левітана;Джаз;01109;Б_Каппи_Роллы;23;5036.5
2025-08;Левітана;Дзен сет;01128;Б_Каппи_Сет;60;56525.5
2025-08;Левітана;Доплата за мин. суму зазказу;01139;Б_Прочие позиции;10;10
2025-08;Левітана;Доставка (зелена);00829;Б_Прочие позиции;51;1908.8
2025-08;Левітана;Доставка (помаранчева);01235;Б_Прочие позиции;13;571.2
2025-08;Левітана;Доставка (синя);01051;Б_Прочие позиции;3;172.5
2025-08;Левітана;Дружня парочка;03159;Б_Каппи_Акции;2;990
2025-08;Левітана;Ебі Грін;01790;Б_Каппи_Роллы;14;4013.5
2025-08;Левітана;Ебі авокадо;03149;Б_Каппи_Роллы;10;3277.3
2025-08;Левітана;Ебі манго;03150;Б_Каппи_Роллы;11;3401.9
2025-08;Левітана;Ебі сет;02710;Б_Каппи_Сет;87;104031.1
2025-08;Левітана;Ебі темпура;02986;Б_Каппи_Закуски;92;22617.5
2025-08;Левітана;Екзотік;03041;Б_Каппи_Роллы;8;2287.1
2025-08;Левітана;Заміна інгрідієнта;02139;Б_Прочие позиции;1;27.4
2025-08;Левітана;Зелений Дракон;00156;Б_Каппи_Роллы;10;4041.9
2025-08;Левітана;Йоші рол;02776;Б_Каппи_Роллы;13;4899.7
2025-08;Левітана;Каліфорнія ;00774;Б_Каппи_Роллы;34;11208.6
2025-08;Левітана;Каліфорнія Мікс;00653;Б_Каппи_Роллы;14;5723.4
2025-08;Левітана;Каліфорнія з креветкою;00654;Б_Каппи_Роллы;42;14969.5
2025-08;Левітана;Камамбер фрі;03093;Б_Каппи_Закуски;30;8026.9
2025-08;Левітана;Камертон;00960;Б_Каппи_Роллы;72;25718
2025-08;Левітана;Капібара полюбляє;03141;Б_Каппи_Сет;6;7077.3
2025-08;Левітана;Класика вдвох;02988;Б_Каппи_Акции;8;3992
2025-08;Левітана;Кока-кола 0,75 л.;01731;Б_Общее_Напитки;107;6179.7
2025-08;Левітана;Кока-кола жб 0,33 л БОРЩИК\ГЛОВО;03075;Б_Каппи_Glovo;2;110
2025-08;Левітана;Кока-кола жб 0,33 л.;01736;Б_Общее_Напитки;23;1257.8
2025-08;Левітана;Кока-кола зеро жб 0,33 л БОРЩИК\ГЛОВО;03076;Б_Каппи_Glovo;2;108.1
2025-08;Левітана;Кока-кола зеро жб 0,33 л.;01740;Б_Общее_Напитки;61;3327.2
2025-08;Левітана;Комбо #1;02178;Б_Каппи_Акции;4;5291.5
2025-08;Левітана;Комбо #3;02180;Б_Каппи_Акции;3;2881.7
2025-08;Левітана;Комбуча  WILD каркаде 0,33 л.;03185;Б_Общее_Напитки;9;808.6
2025-08;Левітана;Комбуча  WILD класична 0,33 л.;03186;Б_Общее_Напитки;3;266
2025-08;Левітана;"Комбуча ""Бадьорий""";02896;Б_Общее_Напитки;6;570
2025-08;Левітана;"Комбуча ""Дивовижний""";02897;Б_Общее_Напитки;6;562.2
2025-08;Левітана;"Комбуча ""Манливий""";02898;Б_Общее_Напитки;5;475
2025-08;Левітана;Комбуча WILD зелений чай 0,33 л.;03184;Б_Общее_Напитки;5;475
2025-08;Левітана;Комбуча WILD класична 0,33 л.;03175;Б_Общее_Напитки;1;0
2025-08;Левітана;Креветка в кунжуті;00511;Б_Каппи_Роллы;42;13494.6
2025-08;Левітана;Креветка в темпурі;00533;Б_Каппи_Темпура ролл;121;37093.2
2025-08;Левітана;Курка в Кисло-солодкому;01825;Б_Каппи_WOK;41;10392.3
2025-08;Левітана;Курортний;02169;Б_Каппи_Роллы;88;8785.6
2025-08;Левітана;Кімурай;03012;Б_Каппи_Роллы;35;13559.2
2025-08;Левітана;Лимонад 0,5 л.;02057;Б_Общее_Напитки;71;5219
2025-08;Левітана;Лимонад БОРЩИК\ГЛОВО;03085;Б_Каппи_Glovo;2;150
2025-08;Левітана;Листівка до ДН;02061;Б_Прочие позиции;3;0
2025-08;Левітана;Листівка сюрприз;02062;Б_Прочие позиции;1;0
2025-08;Левітана;Логістичний збір;02770;;1428;40188.5
2025-08;Левітана;Лосось Пад Тай;02116;Б_Каппи_Роллы;39;12247.5
2025-08;Левітана;Лосось в темпурі;00534;Б_Каппи_Темпура ролл;81;17682.1
2025-08;Левітана;Лосось сет;00517;Б_Каппи_Сет;74;72290
2025-08;Левітана;М Авокадо 20 г;02133;Б_Каппи_Модификаторы;3;114.1
2025-08;Левітана;М Балик 100 г;01204;Б_Каппи_Модификаторы;6;283.3
2025-08;Левітана;М Вершковий сир 20 г;02126;Б_Каппи_Модификаторы;9;177.5
2025-08;Левітана;М Вугор 20 г;02125;Б_Каппи_Модификаторы;6;326.5
2025-08;Левітана;М Горіховий соус 20 г;01651;Б_Каппи_Модификаторы;10;289.2
2025-08;Левітана;М Горіховий соус 20 г;03123;Б_Каппи_Модификаторы;1;25
2025-08;Левітана;М Гриби 50 г;01194;Б_Каппи_Модификаторы;7;123.1
2025-08;Левітана;М Кальмар 20 г;02136;Б_Каппи_Модификаторы;16;540.9
2025-08;Левітана;М Креветка 2 шт.;02123;Б_Каппи_Модификаторы;22;1065.7
2025-08;Левітана;М Креветка 2 шт.;02135;Б_Каппи_Модификаторы;16;773.2
2025-08;Левітана;М Курка 20 г;02131;Б_Каппи_Модификаторы;21;523.3
2025-08;Левітана;М Куряче філе 60 г;01195;Б_Каппи_Модификаторы;19;840.4
2025-08;Левітана;М Лосось 20 г;02122;Б_Каппи_Модификаторы;7;343
2025-08;Левітана;М Маслини 20 г;01196;Б_Каппи_Модификаторы;13;322
2025-08;Левітана;М Моцарела 100 г;01201;Б_Каппи_Модификаторы;3;165
2025-08;Левітана;М Мідії 20 г;02137;Б_Каппи_Модификаторы;12;404.6
2025-08;Левітана;М Огірок 20 г;02132;Б_Каппи_Модификаторы;2;50
2025-08;Левітана;М Пармезан 20 г;01193;Б_Каппи_Модификаторы;7;270.1
2025-08;Левітана;М Пепероні 50 г;01200;Б_Каппи_Модификаторы;11;813.2
2025-08;Левітана;М Перець болгарський 40 г;01197;Б_Каппи_Модификаторы;6;174
2025-08;Левітана;М Помідори 40 г;01199;Б_Каппи_Модификаторы;13;316.9
2025-08;Левітана;М Соус Барбекю 1 шт.;01202;Б_Каппи_Модификаторы;2;49.1
2025-08;Левітана;М Соус Пад Тай 10 г;02127;Б_Каппи_Модификаторы;19;187
2025-08;Левітана;М Соус Соєвий порц.;02728;Б_Каппи_Модификаторы;96;847.2
2025-08;Левітана;М Соус Теріякі 10 г;02130;Б_Каппи_Модификаторы;53;527
2025-08;Левітана;М Соус Унагі 20 г;01650;Б_Каппи_Модификаторы;42;1045.4
2025-08;Левітана;М Соус Часниковий 1 шт.;01648;Б_Каппи_Модификаторы;13;369
2025-08;Левітана;М Соус Шірачі 5 г;02129;Б_Каппи_Модификаторы;15;146.8
2025-08;Левітана;М Спайсі соус 10 г;02128;Б_Каппи_Модификаторы;40;394.9
2025-08;Левітана;М Тофу 20 г;02138;Б_Каппи_Модификаторы;4;140
2025-08;Левітана;М Тунець 20 г;02124;Б_Каппи_Модификаторы;6;324.3
2025-08;Левітана;М Халапеньйо 15 г;01198;Б_Каппи_Модификаторы;9;177.6
2025-08;Левітана;Макі Вугор;00161;Б_Каппи_Роллы;23;5041.2
2025-08;Левітана;Макі Лосось;00159;Б_Каппи_Роллы;35;6270.8
2025-08;Левітана;Макі Огірок ;00506;Б_Каппи_Роллы;29;2578.2
2025-08;Левітана;Макі Сирний;00504;Б_Каппи_Роллы;27;2329
2025-08;Левітана;Макі Чука ;00507;Б_Каппи_Роллы;34;3666.9
2025-08;Левітана;Монако;00636;Б_Каппи_Роллы;13;5655.6
2025-08;Левітана;Морс Ягідний 0,5 л.;02697;Б_Общее_Напитки;73;4118.9
2025-08;Левітана;Моршинська без газу 0,5 л.;00585;Б_Общее_Напитки;26;1170
2025-08;Левітана;Моршинська слаб.газ. 0,5 л.;00584;Б_Общее_Напитки;15;675
2025-08;Левітана;Мочі Полуниця;02618;Т_Десерты;18;2166.1
2025-08;Левітана;Мочі малина;02026;Т_Десерты;23;2843.7
2025-08;Левітана;Мочі смородина ;03161;Т_Десерты;13;1600.8
2025-08;Левітана;Мочі фісташка-халва;03162;Т_Десерты;17;2114.8
2025-08;Левітана;Мідорі;03021;Б_Каппи_Премиум ролл;6;2929.5
2025-08;Левітана;Мідія в темпурі;02167;Б_Каппи_Темпура ролл;18;5864.1
2025-08;Левітана;Місо з тофу;00708;Б_Каппи_Супы;13;2429
2025-08;Левітана;Навчальні палички;01021;Б_Прочие позиции;45;224.3
2025-08;Левітана;Нью-Йорк ;02915;Б_Каппи_Роллы;54;23239.1
2025-08;Левітана;Одеський сет;02170;Б_Каппи_Сет;13;10326.1
2025-08;Левітана;Ойши сет;02819;Б_Каппи_Сет;13;13998.8
2025-08;Левітана;Онлайн оплата;02940;;735;0
2025-08;Левітана;Опен-фуд;02927;;69;67.6
2025-08;Левітана;Осака;00589;Б_Каппи_Роллы;57;18719.4
2025-08;Левітана;Париж;00657;Б_Каппи_Роллы;30;13270
2025-08;Левітана;Преміум Креветка;00652;Б_Каппи_Роллы;21;9437.3
2025-08;Левітана;Преміум сет;00658;Б_Каппи_Сет;24;39534.4
2025-08;Левітана;Пікантний краб;00531;Б_Каппи_Темпура ролл;26;6546.5
2025-08;Левітана;Пікантний лосось ;00532;Б_Каппи_Темпура ролл;33;9024.2
2025-08;Левітана;Піца 4 сезони;02101;Б_Каппи_Пицца;28;10167.8
2025-08;Левітана;Піца 4 сири;02118;Б_Каппи_Пицца;101;30214.3
2025-08;Левітана;Піца Амерікано;02111;Б_Каппи_Пицца;29;8828.9
2025-08;Левітана;Піца Гавайська;02104;Б_Каппи_Пицца;57;17805.1
2025-08;Левітана;Піца Груша Дор Блю;02175;Б_Каппи_Пицца;26;7766.3
2025-08;Левітана;Піца Кампаро;03131;Б_Каппи_Пицца;16;4634.6
2025-08;Левітана;Піца Курка та гриби;02177;Б_Каппи_Пицца;66;21939.8
2025-08;Левітана;Піца М'ясна;02102;Б_Каппи_Пицца;95;32304.5
2025-08;Левітана;Піца Маргарита;02174;Б_Каппи_Пицца;31;8166.1
2025-08;Левітана;Піца Мексиканська ;03130;Б_Каппи_Пицца;24;6487
2025-08;Левітана;Піца Мисливська;02176;Б_Каппи_Пицца;81;21292.4
2025-08;Левітана;Піца Океанія;02099;Б_Каппи_Пицца;32;12504.3
2025-08;Левітана;Піца Пепероні;02172;Б_Каппи_Пицца;71;20660.1
2025-08;Левітана;Піца Пепероні Блу Чіз;02119;Б_Каппи_Пицца;45;14647.5
2025-08;Левітана;Піца Том Ям;02978;Б_Каппи_Пицца;27;10496.5
2025-08;Левітана;Піца Чізбургер;02977;Б_Каппи_Пицца;65;20647.5
2025-08;Левітана;Піца з креветками та брі;02911;Б_Каппи_Пицца;32;12298.9
2025-08;Левітана;Піца з прошутто;03133;Б_Каппи_Пицца;26;8018.3
2025-08;Левітана;Піца з прошутто та грушою ;03132;Б_Каппи_Пицца;31;11162.8
2025-08;Левітана;Рамен Том Ям;02606;Б_Каппи_Супы;32;11928.2
2025-08;Левітана;Рамен Традиційний;02601;Б_Каппи_Супы;63;11327.3
2025-08;Левітана;Рис з куркою Гострий;00855;Б_Каппи_WOK;44;9792.2
2025-08;Левітана;Рис з лососем та зеленою цибулею;01855;Б_Каппи_WOK;22;5056.9
2025-08;Левітана;Рол Пасаж;02168;Б_Каппи_Роллы;20;6432.2
2025-08;Левітана;Рол-Дог з Креветкою;01787;Б_Каппи_Темпура ролл;33;10403.4
2025-08;Левітана;Рол-Дог з Лососем;01788;Б_Каппи_Темпура ролл;9;2862.4
2025-08;Левітана;Сакайо;03128;Б_Каппи_Роллы;14;5905.3
2025-08;Левітана;Салат Цезар з куркою (борщик);03057;Б_Каппи_Glovo;1;275
2025-08;Левітана;Салат Чука-Вакаме;00602;Б_Каппи_Салати;43;8558.3
2025-08;Левітана;Салат з вугрем та авокадо;02900;Б_Каппи_Салати;6;2213.3
2025-08;Левітана;Салат з креветками, грушею та сиром Дор Блю		;02914;Б_Каппи_Салати;7;2625
2025-08;Левітана;Салат з тофу та овочами;02904;Б_Каппи_Салати;3;758.5
2025-08;Левітана;Салмон в боніто ;00538;Б_Каппи_Роллы;26;5603.2
2025-08;Левітана;Сенкай;03022;Б_Каппи_Премиум ролл;24;11676.5
2025-08;Левітана;Сервісний збір_Glovo;01934;Б_Каппи_Glovo;265;9203.1
2025-08;Левітана;Сет 2х2;01175;Б_Каппи_Сет;25;23628.8
2025-08;Левітана;Сет Бюджетний;03043;Б_Каппи_Сет;26;22099.5
2025-08;Левітана;Спайсі Вулкан;02113;Б_Каппи_Роллы;40;14004.4
2025-08;Левітана;Спрайт жб 0,33 л.;01749;Б_Общее_Напитки;14;764.3
2025-08;Левітана;Супер Комбо;02181;Б_Каппи_Акции;10;8771
2025-08;Левітана;Суші бургер з Креветкой;02943;Б_Каппи_Бургер;224;67930.6
2025-08;Левітана;Суші бургер з Лососем;02944;Б_Каппи_Бургер;201;60247.6
2025-08;Левітана;Сушіріто з креветкою ;03018;Б_Каппи_Суширито;72;13629
2025-08;Левітана;Сушіріто з куркою;03019;Б_Каппи_Суширито;23;3819.9
2025-08;Левітана;Сушіріто з лососем;03020;Б_Каппи_Суширито;59;14230.3
2025-08;Левітана;ТОП сет;00362;Б_Каппи_Сет;35;48244.8
2025-08;Левітана;Тайфун;03024;Б_Каппи_Темпура ролл;21;9672.1
2025-08;Левітана;Темпура сет;00559;Б_Каппи_Сет;43;46695.5
2025-08;Левітана;Теплий сет;02712;Б_Каппи_Сет;65;52598.3
2025-08;Левітана;Том Ям;02597;Б_Каппи_Супы;58;21609.9
2025-08;Левітана;Тропік ;01862;Б_Каппи_Роллы;24;7842.3
2025-08;Левітана;Тропікана;03014;Б_Каппи_Роллы;51;19183
2025-08;Левітана;Тропічний Вулкан;02112;Б_Каппи_Роллы;18;6375.2
2025-08;Левітана;Удон з креветками;01813;Б_Каппи_WOK;43;13779.6
2025-08;Левітана;Удон з куркою Теріякі;00856;Б_Каппи_WOK;69;17320.6
2025-08;Левітана;Унагамі;03011;Б_Каппи_Роллы;16;6203.3
2025-08;Левітана;Унагі Брі;02906;Б_Каппи_Роллы;21;7193.5
2025-08;Левітана;Унагі Фаєр Рол;00656;Б_Каппи_Премиум ролл;14;6164.6
2025-08;Левітана;Ф'южн;03155;Б_Каппи_Роллы;16;5244.6
2025-08;Левітана;Фанта жб 0,33 л.;01743;Б_Общее_Напитки;10;531.9
2025-08;Левітана;Фламмі;03040;Б_Каппи_Роллы;16;4285.3
2025-08;Левітана;Фудзі темпура;00911;Б_Каппи_Темпура ролл;74;21772.5
2025-08;Левітана;Філа Ланч;02706;Б_Каппи_Акции;25;10976
2025-08;Левітана;Філадельфія;00168;Б_Каппи_Роллы;299;102526.1
2025-08;Левітана;Філадельфія Класік;00459;Б_Каппи_Роллы;103;25748.1
2025-08;Левітана;Філадельфія Преміум;00611;Б_Каппи_Роллы;106;42310.6
2025-08;Левітана;Філадельфія з креветкою;02798;Б_Каппи_Роллы;116;41086.1
2025-08;Левітана;Філадельфія з манго;00612;Б_Каппи_Роллы;22;6955.8
2025-08;Левітана;Філадельфія з тунцем;00516;Б_Каппи_Роллы;24;9469
2025-08;Левітана;Цезар з куркою;02803;Б_Каппи_Салати;26;7101.6
2025-08;Левітана;Цезар з лососем;02992;Б_Каппи_Салати;16;4686.8
2025-08;Левітана;Чорний Дракон;00170;Б_Каппи_Роллы;31;12597.9
2025-08;Левітана;Чізі Креветка;01113;Б_Каппи_Роллы;47;11835.1
2025-08;Левітана;Чізі лосось;02921;Б_Каппи_Премиум ролл;7;2888
2025-08;Левітана;Юме сет;02818;Б_Каппи_Сет;14;15267.9
2025-08;Левітана;Які Ебі Манго;02946;Б_Каппи_Запеч_Роллы;44;13940
2025-08;Левітана;Які Салмон;02950;Б_Каппи_Запеч_Роллы;35;12535.6
2025-08;Левітана;Які Спайсі Краб;02949;Б_Каппи_Запеч_Роллы;69;19835.6
2025-08;Левітана;Які Туна ;02942;Б_Каппи_Запеч_Роллы;22;7567.6
2025-08;Левітана;Які Унагі;02945;Б_Каппи_Запеч_Роллы;53;16787.9
2025-08;Левітана;Яєчна з куркою та креветками;01815;Б_Каппи_WOK;31;9900.2
2025-08;Левітана;Яєчна з морепродуктами;00859;Б_Каппи_WOK;44;13988.8
2025-09;Лазарева;.Гарного дня!;00944;Б_Прочие позиции;2097;0
2025-09;Лазарева;Affinity сет;03015;Б_Каппи_Сет;24;26068.6
2025-09;Лазарева;Cappiroll;00583;Б_Каппи_Роллы;49;18708
2025-09;Лазарева;Cappizza;02173;Б_Каппи_Пицца;34;10517.2
2025-09;Лазарева;G Доставка;00984;Б_Каппи_Glovo;487;24350
2025-09;Лазарева;GC_Доставка 0 грн;02503;Б_Глово_Модификаторы;20;0
2025-09;Лазарева;Glovo <800 ;03025;;35;3276
2025-09;Лазарева;L`amour Сет;01729;Б_Каппи_Сет;11;12265
2025-09;Лазарева;MOVA світле пиво безалкогольне 0.33 л.;03046;Б_Общее_Напитки;3;255
2025-09;Лазарева;MOVA світле пиво безалкогольне 0.33 л.;03049;Б_Общее_Напитки;5;413.3
2025-09;Лазарева;MOVA темне пиво безалкогольне 0,33 л.;03048;Б_Общее_Напитки;11;894.2
2025-09;Лазарева;Party-комбо ( Pepsi Cola з/б 0,33л -1шт та  Pepsi Cola Max з/б 0,33л - 1шт;02708;Б_Каппи_Акции;2;2390
2025-09;Лазарева;Rich 1 л. Апельсин;00352;Б_Общее_Напитки;8;840
2025-09;Лазарева;Rich 1 л. Экзотик;00172;Б_Общее_Напитки;11;1150.1
2025-09;Лазарева;Rich 1 л. Яблуко;00415;Б_Общее_Напитки;8;840
2025-09;Лазарева;_Барбекю;03064;Б_Глово_Модификаторы;1;25
2025-09;Лазарева;_Гірчиця;03065;Б_Глово_Модификаторы;1;20
2025-09;Лазарева;_Кетчуп;03066;Б_Глово_Модификаторы;4;80
2025-09;Лазарева;_Комбо 1;03031;Б_Каппи_Glovo;18;6210
2025-09;Лазарева;_Комбо 2;03035;Б_Каппи_Glovo;8;2056
2025-09;Лазарева;_Комбо 3;03034;Б_Каппи_Glovo;18;5521
2025-09;Лазарева;_Комбо 4;03033;Б_Каппи_Glovo;8;2792
2025-09;Лазарева;_Комбо 5;03136;Б_Каппи_Glovo;9;2305.6
2025-09;Лазарева;_Комбо 6;03139;Б_Каппи_Glovo;3;1047
2025-09;Лазарева;_Комбо 7;03138;Б_Каппи_Glovo;4;1280
2025-09;Лазарева;_Комбо 8;03137;Б_Каппи_Glovo;4;1189.4
2025-09;Лазарева;_Майонез;03067;Б_Глово_Модификаторы;5;100
2025-09;Лазарева;_Сметана;03068;Б_Глово_Модификаторы;18;360
2025-09;Лазарева;_Хліб;03069;Б_Глово_Модификаторы;21;315
2025-09;Лазарева;Імператор;00892;Б_Каппи_Роллы;18;7652.5
2025-09;Лазарева;Акаї;03023;Б_Каппи_Премиум ролл;50;24316.4
2025-09;Лазарева;Аляска;00513;Б_Каппи_Премиум ролл;15;6234.7
2025-09;Лазарева;Аморе;02781;Б_Каппи_Роллы;25;9559.3
2025-09;Лазарева;Антикризовий сет;00578;Б_Каппи_Сет;103;61221
2025-09;Лазарева;Аурум ;03157;Б_Каппи_Роллы;22;5349.6
2025-09;Лазарева;Банзай ;00528;Б_Каппи_Темпура ролл;160;59231.9
2025-09;Лазарева;Бао бургер з крабом;02966;Б_Каппи_БАО;4;1180
2025-09;Лазарева;Бао бургер з креветкою;02967;Б_Каппи_БАО;9;3344
2025-09;Лазарева;Бао бургер з лососем;02968;Б_Каппи_БАО;3;1125
2025-09;Лазарева;Без приборів!;01593;Б_Прочие позиции;64;0
2025-09;Лазарева;Боніто з лососем;00154;Б_Каппи_Роллы;15;3905.2
2025-09;Лазарева;Боніто з тунцем;00512;Б_Каппи_Роллы;11;2919.8
2025-09;Лазарева;Борщ зі свининою;03028;Б_Каппи_Glovo;33;6567
2025-09;Лазарева;Боул Дабл Фіш;01886;Б_Каппи_Боул;11;4319.5
2025-09;Лазарева;Боул Філадельфія;01887;Б_Каппи_Боул;18;6467.6
2025-09;Лазарева;Боул з Лососем;01890;Б_Каппи_Боул;14;4777.3
2025-09;Лазарева;Боул з креветкою;03168;Б_Каппи_Боул;31;9013.8
2025-09;Лазарева;Бульон курячий;03029;Б_Каппи_Glovo;45;7875
2025-09;Лазарева;Вершкова креветка;00775;Б_Каппи_Роллы;49;17626.6
2025-09;Лазарева;Веселка;00509;Б_Каппи_Роллы;47;18158.3
2025-09;Лазарева;Весняний Сет;01844;Б_Каппи_Сет;9;8316.3
2025-09;Лазарева;Вугор сет;02711;Б_Каппи_Сет;5;5685.3
2025-09;Лазарева;Вулкан Карі;03144;Б_Каппи_Роллы;11;5083.7
2025-09;Лазарева;Вулкан Токара;03126;Б_Каппи_Роллы;12;4821
2025-09;Лазарева;Вулкан з креветкою;02799;Б_Каппи_Роллы;21;6543
2025-09;Лазарева;Відбивна куряча;03039;Б_Каппи_Glovo;1;217
2025-09;Лазарева;Вінегрет;03060;Б_Каппи_Glovo;1;115
2025-09;Лазарева;Гречана каша;03053;Б_Каппи_Glovo;2;160
2025-09;Лазарева;Гурме;03127;Б_Каппи_Роллы;6;2214.1
2025-09;Лазарева;Д Імбир Cappi 30 гр.;01049;Б_Каппи_Добавки;130;1535.3
2025-09;Лазарева;Д Васабі Cappi 7,5 гр.;01050;Б_Каппи_Добавки;159;1405.5
2025-09;Лазарева;Д Набір №1 (Соев.-1шт.,Імб.-1шт.,Вас.-1шт.);01916;Б_Каппи_Добавки;325;0
2025-09;Лазарева;Д Набір №2 (Соев.-2шт.,Імб.-1шт.,Вас.-1шт.);01917;Б_Каппи_Добавки;316;0
2025-09;Лазарева;Д Набір №3 (Соев.-3шт.,Імб.-2шт.,Вас.-1шт.);01918;Б_Каппи_Добавки;362;0
2025-09;Лазарева;Д Набір №4 (Соев.-4шт.,Імб.-2шт.,Вас.-2шт.);01919;Б_Каппи_Добавки;482;0
2025-09;Лазарева;Д Соус Барбекю;00501;Б_Каппи_Добавки;12;348
2025-09;Лазарева;Д Соус Часниковий;01323;Б_Каппи_Добавки;13;369.5
2025-09;Лазарева;Д Соус горіховий 20 гр.;00729;Б_Каппи_Добавки;8;226.4
2025-09;Лазарева;Д Соус соєвий Cappi 50 гр.;00695;Б_Каппи_Добавки;67;595.6
2025-09;Лазарева;Д Соус унагі 20 гр.;00728;Б_Каппи_Добавки;20;487.8
2025-09;Лазарева;Д Спайсі соус 10 гр.;02929;Б_Каппи_Добавки;8;78.3
2025-09;Лазарева;Дабл Тартар;02780;Б_Каппи_Роллы;48;18016.3
2025-09;Лазарева;Деруни зі сметаною;03054;Б_Каппи_Glovo;8;1160
2025-09;Лазарева;Джаз;01109;Б_Каппи_Роллы;29;6320.1
2025-09;Лазарева;Дзен сет;01128;Б_Каппи_Сет;37;35411.5
2025-09;Лазарева;Доставка (зелена);00829;Б_Прочие позиции;35;1278.8
2025-09;Лазарева;Доставка (помаранчева);01235;Б_Прочие позиции;19;869.6
2025-09;Лазарева;Доставка (рожева);03017;Б_Прочие позиции;2;239.7
2025-09;Лазарева;Доставка (синя);01051;Б_Прочие позиции;5;270
2025-09;Лазарева;Доставка (фіолетова);03016;Б_Прочие позиции;25;2408.9
2025-09;Лазарева;Ебі Грін;01790;Б_Каппи_Роллы;7;1952.7
2025-09;Лазарева;Ебі авокадо;03149;Б_Каппи_Роллы;2;684.2
2025-09;Лазарева;Ебі манго;03150;Б_Каппи_Роллы;2;622.3
2025-09;Лазарева;Ебі сет;02710;Б_Каппи_Сет;53;63833.2
2025-09;Лазарева;Ебі темпура;02986;Б_Каппи_Закуски;53;12768
2025-09;Лазарева;Екзотік;03041;Б_Каппи_Роллы;4;1161.1
2025-09;Лазарева;Заміна інгрідієнта;02139;Б_Прочие позиции;5;150
2025-09;Лазарева;Зелений Дракон;00156;Б_Каппи_Роллы;7;2854.2
2025-09;Лазарева;Йоші рол;02776;Б_Каппи_Роллы;6;2309.6
2025-09;Лазарева;Каліфорнія ;00774;Б_Каппи_Роллы;24;7773.5
2025-09;Лазарева;Каліфорнія Мікс;00653;Б_Каппи_Роллы;12;5053.1
2025-09;Лазарева;Каліфорнія з креветкою;00654;Б_Каппи_Роллы;22;7902.8
2025-09;Лазарева;Камамбер фрі;03093;Б_Каппи_Закуски;35;9243.4
2025-09;Лазарева;Камертон;00960;Б_Каппи_Роллы;30;11626.2
2025-09;Лазарева;Капібара полюбляє;03141;Б_Каппи_Сет;6;7137.8
2025-09;Лазарева;Картопля по-домашньому  ;03051;Б_Каппи_Glovo;6;870
2025-09;Лазарева;Класика вдвох;02988;Б_Каппи_Акции;14;6728.7
2025-09;Лазарева;Кока-кола 0,75 л БОРЩИК\ГЛОВО;03074;Б_Каппи_Glovo;5;295
2025-09;Лазарева;Кока-кола 0,75 л.;01731;Б_Общее_Напитки;82;4796.7
2025-09;Лазарева;Кока-кола жб 0,33 л БОРЩИК\ГЛОВО;03075;Б_Каппи_Glovo;4;220
2025-09;Лазарева;Кока-кола жб 0,33 л.;01736;Б_Общее_Напитки;42;2289.9
2025-09;Лазарева;Кока-кола зеро жб 0,33 л БОРЩИК\ГЛОВО;03076;Б_Каппи_Glovo;1;55
2025-09;Лазарева;Кока-кола зеро жб 0,33 л.;01740;Б_Общее_Напитки;59;3233.9
2025-09;Лазарева;Комбо #1;02178;Б_Каппи_Акции;1;1345
2025-09;Лазарева;Комбо #2;02179;Б_Каппи_Акции;2;2290
2025-09;Лазарева;Комбо #3;02180;Б_Каппи_Акции;3;2985
2025-09;Лазарева;Комбуча  WILD каркаде 0,33 л.;03185;Б_Общее_Напитки;7;635.3
2025-09;Лазарева;Комбуча  WILD класична 0,33 л.;03186;Б_Общее_Напитки;4;361
2025-09;Лазарева;Комбуча WILD зелений чай 0,33 л.;03184;Б_Общее_Напитки;8;716.8
2025-09;Лазарева;Компенсація за негоду;02771;;38;740.1
2025-09;Лазарева;Концепция-Борщик;03072;;116;0
2025-09;Лазарева;Котлета кордон-блю;03140;Б_Каппи_Glovo;3;615
2025-09;Лазарева;Котлета куряча;03091;Б_Каппи_Glovo;15;1795
2025-09;Лазарева;Котлета по-київськи ;03055;Б_Каппи_Glovo;7;1155
2025-09;Лазарева;Креветка в кунжуті;00511;Б_Каппи_Роллы;38;12352.1
2025-09;Лазарева;Креветка в темпурі;00533;Б_Каппи_Темпура ролл;66;20962.2
2025-09;Лазарева;Курка в Кисло-солодкому;01825;Б_Каппи_WOK;14;3475.8
2025-09;Лазарева;Курортний;02169;Б_Каппи_Роллы;14;2762.1
2025-09;Лазарева;Кімурай;03012;Б_Каппи_Роллы;16;6189.6
2025-09;Лазарева;Лимонад 0,5 л.;02057;Б_Общее_Напитки;49;3603.9
2025-09;Лазарева;Лимонад БОРЩИК\ГЛОВО;03085;Б_Каппи_Glovo;12;900
2025-09;Лазарева;Листівка до ДН;02061;Б_Прочие позиции;1;0
2025-09;Лазарева;Листівка сюрприз;02062;Б_Прочие позиции;1;0
2025-09;Лазарева;Логістичний збір;02770;;1067;30031.1
2025-09;Лазарева;Лосось Пад Тай;02116;Б_Каппи_Роллы;34;11462.1
2025-09;Лазарева;Лосось в темпурі;00534;Б_Каппи_Темпура ролл;72;15706
2025-09;Лазарева;Лосось сет;00517;Б_Каппи_Сет;42;40576.3
2025-09;Лазарева;М Авокадо 20 г;02133;Б_Каппи_Модификаторы;1;39
2025-09;Лазарева;М Балик 100 г;01204;Б_Каппи_Модификаторы;7;323.7
2025-09;Лазарева;М Вершковий сир 20 г;02126;Б_Каппи_Модификаторы;3;60
2025-09;Лазарева;М Горіховий соус 20 г;01651;Б_Каппи_Модификаторы;10;287.5
2025-09;Лазарева;М Гриби 50 г;01194;Б_Каппи_Модификаторы;15;260.8
2025-09;Лазарева;М Кальмар 20 г;02136;Б_Каппи_Модификаторы;4;140
2025-09;Лазарева;М Креветка 2 шт.;02123;Б_Каппи_Модификаторы;4;196
2025-09;Лазарева;М Креветка 2 шт.;02135;Б_Каппи_Модификаторы;8;392
2025-09;Лазарева;М Курка 20 г;02131;Б_Каппи_Модификаторы;19;470.8
2025-09;Лазарева;М Куряче філе 60 г;01195;Б_Каппи_Модификаторы;14;613.1
2025-09;Лазарева;М Лосось 20 г;02122;Б_Каппи_Модификаторы;3;147
2025-09;Лазарева;М Маслини 20 г;01196;Б_Каппи_Модификаторы;9;215.5
2025-09;Лазарева;М Моцарела 100 г;01201;Б_Каппи_Модификаторы;8;431.9
2025-09;Лазарева;М Мідії 20 г;02137;Б_Каппи_Модификаторы;3;105
2025-09;Лазарева;М Пармезан 20 г;01193;Б_Каппи_Модификаторы;15;580.4
2025-09;Лазарева;М Пепероні 50 г;01200;Б_Каппи_Модификаторы;9;672.7
2025-09;Лазарева;М Перець болгарський 40 г;01197;Б_Каппи_Модификаторы;1;29
2025-09;Лазарева;М Помідори 40 г;01199;Б_Каппи_Модификаторы;11;271.7
2025-09;Лазарева;М Соус Барбекю 1 шт.;01202;Б_Каппи_Модификаторы;3;87
2025-09;Лазарева;М Соус Пад Тай 10 г;02127;Б_Каппи_Модификаторы;9;89.6
2025-09;Лазарева;М Соус Соєвий порц.;02728;Б_Каппи_Модификаторы;55;495
2025-09;Лазарева;М Соус Теріякі 10 г;02130;Б_Каппи_Модификаторы;30;299.7
2025-09;Лазарева;М Соус Унагі 20 г;01650;Б_Каппи_Модификаторы;24;592.9
2025-09;Лазарева;М Соус Часниковий 1 шт.;01648;Б_Каппи_Модификаторы;11;317.5
2025-09;Лазарева;М Соус Шірачі 5 г;02129;Б_Каппи_Модификаторы;6;59.4
2025-09;Лазарева;М Спайсі соус 10 г;02128;Б_Каппи_Модификаторы;22;220
2025-09;Лазарева;М Тунець 20 г;02124;Б_Каппи_Модификаторы;5;275
2025-09;Лазарева;М Халапеньйо 15 г;01198;Б_Каппи_Модификаторы;6;116.1
2025-09;Лазарева;Макі Вугор;00161;Б_Каппи_Роллы;8;1722.3
2025-09;Лазарева;Макі Лосось;00159;Б_Каппи_Роллы;39;6883.7
2025-09;Лазарева;Макі Огірок ;00506;Б_Каппи_Роллы;27;2483.2
2025-09;Лазарева;Макі Сирний;00504;Б_Каппи_Роллы;15;1348.1
2025-09;Лазарева;Макі Чука ;00507;Б_Каппи_Роллы;14;1570.4
2025-09;Лазарева;Млинці з вишнею та шоколадом ;03174;Б_Каппи_Glovo;8;1840
2025-09;Лазарева;Млинці з яблуками;03061;Б_Каппи_Glovo;1;175
2025-09;Лазарева;Монако;00636;Б_Каппи_Роллы;9;3724.5
2025-09;Лазарева;Морс Ягідний 0,5 л.;02697;Б_Общее_Напитки;65;4716.9
2025-09;Лазарева;Морс Ягідний БОРЩИК\ГЛОВО;03086;Б_Каппи_Glovo;8;600
2025-09;Лазарева;Моршинська без газу 0,5 л БОРЩИК\ГЛОВО;03087;Б_Каппи_Glovo;76;3420
2025-09;Лазарева;Моршинська без газу 0,5 л.;00585;Б_Общее_Напитки;158;7099.1
2025-09;Лазарева;Моршинська слаб.газ. 0,5 л.;00584;Б_Общее_Напитки;5;204.2
2025-09;Лазарева;Мочі Полуниця;02618;Т_Десерты;11;1370.2
2025-09;Лазарева;Мочі малина;02026;Т_Десерты;24;2896.9
2025-09;Лазарева;Мочі смородина ;03161;Т_Десерты;7;875
2025-09;Лазарева;Мочі фісташка-халва;03162;Т_Десерты;18;2207.3
2025-09;Лазарева;Мідорі;03021;Б_Каппи_Премиум ролл;6;2881.6
2025-09;Лазарева;Мідія в темпурі;02167;Б_Каппи_Темпура ролл;9;3015
2025-09;Лазарева;Місо з тофу;00708;Б_Каппи_Супы;14;2718.2
2025-09;Лазарева;Навчальні палички;01021;Б_Прочие позиции;58;288.8
2025-09;Лазарева;Нью-Йорк ;02915;Б_Каппи_Роллы;44;19017.7
2025-09;Лазарева;Одеський сет;02170;Б_Каппи_Сет;13;10145.9
2025-09;Лазарева;Ойши сет;02819;Б_Каппи_Сет;10;10950
2025-09;Лазарева;Онлайн оплата;02940;;527;0
2025-09;Лазарева;Опен-фуд;02927;;384;365.6
2025-09;Лазарева;Осака;00589;Б_Каппи_Роллы;32;10532.6
2025-09;Лазарева;Париж;00657;Б_Каппи_Роллы;13;5609.4
2025-09;Лазарева;Пательня з куркою.;03036;Б_Каппи_Glovo;14;3570
2025-09;Лазарева;Пательня зі свининою;03030;Б_Каппи_Glovo;9;2295
2025-09;Лазарева;Пательня мисливська.;03037;Б_Каппи_Glovo;6;1710
2025-09;Лазарева;Пересип +;03045;;85;0
2025-09;Лазарева;Преміум Креветка;00652;Б_Каппи_Роллы;11;4845
2025-09;Лазарева;Преміум сет;00658;Б_Каппи_Сет;16;26335.2
2025-09;Лазарева;Пюре;03052;Б_Каппи_Glovo;16;2080
2025-09;Лазарева;Пікантний краб;00531;Б_Каппи_Темпура ролл;18;4521.8
2025-09;Лазарева;Пікантний лосось ;00532;Б_Каппи_Темпура ролл;23;7155.2
2025-09;Лазарева;Піца 4 сезони;02101;Б_Каппи_Пицца;11;4090.1
2025-09;Лазарева;Піца 4 сири;02118;Б_Каппи_Пицца;56;18778.3
2025-09;Лазарева;Піца Амерікано;02111;Б_Каппи_Пицца;12;3842
2025-09;Лазарева;Піца Гавайська;02104;Б_Каппи_Пицца;46;8927.5
2025-09;Лазарева;Піца Груша Дор Блю;02175;Б_Каппи_Пицца;15;4710.3
2025-09;Лазарева;Піца Кампаро;03131;Б_Каппи_Пицца;9;2461.3
2025-09;Лазарева;Піца Курка та гриби;02177;Б_Каппи_Пицца;44;14535.6
2025-09;Лазарева;Піца М'ясна;02102;Б_Каппи_Пицца;79;27451.9
2025-09;Лазарева;Піца Маргарита;02174;Б_Каппи_Пицца;23;6150.1
2025-09;Лазарева;Піца Мексиканська ;03130;Б_Каппи_Пицца;22;6042.4
2025-09;Лазарева;Піца Мисливська;02176;Б_Каппи_Пицца;40;11381.7
2025-09;Лазарева;Піца Океанія;02099;Б_Каппи_Пицца;33;12712.3
2025-09;Лазарева;Піца Пепероні;02172;Б_Каппи_Пицца;43;11616.7
2025-09;Лазарева;Піца Пепероні Блу Чіз;02119;Б_Каппи_Пицца;18;6084.9
2025-09;Лазарева;Піца Том Ям;02978;Б_Каппи_Пицца;26;10008.7
2025-09;Лазарева;Піца Чізбургер;02977;Б_Каппи_Пицца;35;10974.4
2025-09;Лазарева;Піца з креветками та брі;02911;Б_Каппи_Пицца;13;4710.3
2025-09;Лазарева;Піца з прошутто;03133;Б_Каппи_Пицца;30;9250.6
2025-09;Лазарева;Піца з прошутто та грушою ;03132;Б_Каппи_Пицца;17;5955.2
2025-09;Лазарева;Рамен Том Ям;02606;Б_Каппи_Супы;25;9325.9
2025-09;Лазарева;Рамен Традиційний;02601;Б_Каппи_Супы;27;4874.7
2025-09;Лазарева;Рис з куркою Гострий;00855;Б_Каппи_WOK;19;4219.4
2025-09;Лазарева;Рис з лососем та зеленою цибулею;01855;Б_Каппи_WOK;4;940
2025-09;Лазарева;Рол Пасаж;02168;Б_Каппи_Роллы;8;2654.1
2025-09;Лазарева;Рол з тюлькою;03179;Б_Каппи_Роллы;17;5281.1
2025-09;Лазарева;Рол-Дог з Креветкою;01787;Б_Каппи_Темпура ролл;8;2548.9
2025-09;Лазарева;Рол-Дог з Лососем;01788;Б_Каппи_Темпура ролл;8;2512.8
2025-09;Лазарева;Сакайо;03128;Б_Каппи_Роллы;9;3845
2025-09;Лазарева;"Салат ""Олів'є"" з куркою";03059;Б_Каппи_Glovo;13;2091.6
2025-09;Лазарева;Салат Цезар з куркою (борщик);03057;Б_Каппи_Glovo;7;1925
2025-09;Лазарева;Салат Чука-Вакаме;00602;Б_Каппи_Салати;36;7278
2025-09;Лазарева;Салат з вугрем та авокадо;02900;Б_Каппи_Салати;5;1854.3
2025-09;Лазарева;Салат з капустою та огірком;03135;Б_Каппи_Glovo;9;1125
2025-09;Лазарева;Салат з креветками, грушею та сиром Дор Блю		;02914;Б_Каппи_Салати;11;4050.4
2025-09;Лазарева;Салат з тофу та овочами;02904;Б_Каппи_Салати;3;837.8
2025-09;Лазарева;Салат крабовий;03058;Б_Каппи_Glovo;7;1342.9
2025-09;Лазарева;Салмон в боніто ;00538;Б_Каппи_Роллы;26;5329.3
2025-09;Лазарева;Сенкай;03022;Б_Каппи_Премиум ролл;27;13152.6
2025-09;Лазарева;Сервісний збір_Glovo;01934;Б_Каппи_Glovo;144;3465.7
2025-09;Лазарева;Сет 2х2;01175;Б_Каппи_Сет;15;14306.4
2025-09;Лазарева;Сет Бюджетний;03043;Б_Каппи_Сет;16;13793.8
2025-09;Лазарева;Сирники з малиною;03063;Б_Каппи_Glovo;2;314.6
2025-09;Лазарева;Сирники з родзинками;03062;Б_Каппи_Glovo;4;660
2025-09;Лазарева;Солянка;03038;Б_Каппи_Glovo;19;4352.8
2025-09;Лазарева;Спайсі Вулкан;02113;Б_Каппи_Роллы;12;4519.5
2025-09;Лазарева;Спрайт жб 0,33 л  БОРЩИК\ГЛОВО;03089;Б_Каппи_Glovo;2;110
2025-09;Лазарева;Спрайт жб 0,33 л.;01749;Б_Общее_Напитки;7;380.1
2025-09;Лазарева;Супер Комбо;02181;Б_Каппи_Акции;1;895
2025-09;Лазарева;Суші бургер з Креветкой;02943;Б_Каппи_Бургер;95;31091.7
2025-09;Лазарева;Суші бургер з Лососем;02944;Б_Каппи_Бургер;87;28742.4
2025-09;Лазарева;Сушіріто з креветкою ;03018;Б_Каппи_Суширито;55;10170.1
2025-09;Лазарева;Сушіріто з куркою;03019;Б_Каппи_Суширито;17;3007
2025-09;Лазарева;Сушіріто з лососем;03020;Б_Каппи_Суширито;52;12441.6
2025-09;Лазарева;ТОП сет;00362;Б_Каппи_Сет;34;46946.8
2025-09;Лазарева;Тайфун;03024;Б_Каппи_Темпура ролл;18;8153.4
2025-09;Лазарева;Темпура вулкан з креветкою;03167;Б_Каппи_Темпура ролл;35;11067.2
2025-09;Лазарева;Темпура вулкан з лососем;03166;Б_Каппи_Темпура ролл;40;10265.9
2025-09;Лазарева;Темпура сет;00559;Б_Каппи_Сет;32;34694
2025-09;Лазарева;Теплий сет;02712;Б_Каппи_Сет;59;47459.5
2025-09;Лазарева;Том Ям;02597;Б_Каппи_Супы;59;22091.7
2025-09;Лазарева;Тропік ;01862;Б_Каппи_Роллы;13;4226.4
2025-09;Лазарева;Тропікана;03014;Б_Каппи_Роллы;37;14067.5
2025-09;Лазарева;Тропічний Вулкан;02112;Б_Каппи_Роллы;12;4354.4
2025-09;Лазарева;Удон з креветками;01813;Б_Каппи_WOK;20;6129.1
2025-09;Лазарева;Удон з куркою Теріякі;00856;Б_Каппи_WOK;35;8870.1
2025-09;Лазарева;Унагамі;03011;Б_Каппи_Роллы;19;7368.1
2025-09;Лазарева;Унагі Брі;02906;Б_Каппи_Роллы;11;4213.4
2025-09;Лазарева;Унагі Фаєр Рол;00656;Б_Каппи_Премиум ролл;15;6726.8
2025-09;Лазарева;Ф'южн;03155;Б_Каппи_Роллы;21;6815.3
2025-09;Лазарева;Фанта жб 0,33 л БОРЩИК\ГЛОВО;03090;Б_Каппи_Glovo;5;275
2025-09;Лазарева;Фанта жб 0,33 л.;01743;Б_Общее_Напитки;13;715
2025-09;Лазарева;Фламмі;03040;Б_Каппи_Роллы;7;1890.3
2025-09;Лазарева;Фудзі темпура;00911;Б_Каппи_Темпура ролл;41;13202.6
2025-09;Лазарева;Фунчоза з куркою;03164;Б_Каппи_WOK;19;4796.2
2025-09;Лазарева;Фунчоза з морепродуктами;03165;Б_Каппи_WOK;36;10227.5
2025-09;Лазарева;Філа Ланч;02706;Б_Каппи_Акции;15;6491.9
2025-09;Лазарева;Філадельфія;00168;Б_Каппи_Роллы;178;65016.7
2025-09;Лазарева;Філадельфія Класік;00459;Б_Каппи_Роллы;95;22653.7
2025-09;Лазарева;Філадельфія Преміум;00611;Б_Каппи_Роллы;81;30269.9
2025-09;Лазарева;Філадельфія з креветкою;02798;Б_Каппи_Роллы;71;25692.8
2025-09;Лазарева;Філадельфія з манго;00612;Б_Каппи_Роллы;37;10797.1
2025-09;Лазарева;Філадельфія з тунцем;00516;Б_Каппи_Роллы;19;7612.3
2025-09;Лазарева;Цезар з куркою;02803;Б_Каппи_Салати;31;8436.9
2025-09;Лазарева;Цезар з лососем;02992;Б_Каппи_Салати;15;4478.6
2025-09;Лазарева;Чорний Дракон;00170;Б_Каппи_Роллы;23;9299
2025-09;Лазарева;Чізі Креветка;01113;Б_Каппи_Роллы;21;5298.3
2025-09;Лазарева;Чізі лосось;02921;Б_Каппи_Премиум ролл;4;1643.8
2025-09;Лазарева;Юме сет;02818;Б_Каппи_Сет;9;9824.9
2025-09;Лазарева;Які Ебі Манго;02946;Б_Каппи_Запеч_Роллы;37;11621.2
2025-09;Лазарева;Які Салмон;02950;Б_Каппи_Запеч_Роллы;24;8616
2025-09;Лазарева;Які Спайсі Краб;02949;Б_Каппи_Запеч_Роллы;37;10643.8
2025-09;Лазарева;Які Туна ;02942;Б_Каппи_Запеч_Роллы;17;5768.5
2025-09;Лазарева;Які Унагі;02945;Б_Каппи_Запеч_Роллы;37;11851.1
2025-09;Лазарева;Яєчна з куркою та креветками;01815;Б_Каппи_WOK;26;8060.3
2025-09;Лазарева;Яєчна з морепродуктами;00859;Б_Каппи_WOK;27;8698
2025-09;Левітана;.Гарного дня!;00944;Б_Прочие позиции;2049;0
2025-09;Левітана;Affinity сет;03015;Б_Каппи_Сет;26;28137.3
2025-09;Левітана;Cappiroll;00583;Б_Каппи_Роллы;74;28694.6
2025-09;Левітана;Cappizza;02173;Б_Каппи_Пицца;39;11851.8
2025-09;Левітана;G Доставка;00984;Б_Каппи_Glovo;521;25952.1
2025-09;Левітана;GC_Доставка 0 грн;02503;Б_Глово_Модификаторы;35;0
2025-09;Левітана;L`amour Сет;01729;Б_Каппи_Сет;7;7586.1
2025-09;Левітана;MOVA світле пиво безалкогольне 0.33 л.;03046;Б_Общее_Напитки;2;162.8
2025-09;Левітана;MOVA світле пиво безалкогольне 0.33 л.;03049;Б_Общее_Напитки;12;1007.4
2025-09;Левітана;MOVA темне пиво безалкогольне 0,33 л.;03048;Б_Общее_Напитки;3;238
2025-09;Левітана;Rich 1 л. Апельсин;00352;Б_Общее_Напитки;11;1125.7
2025-09;Левітана;Rich 1 л. Экзотик;00172;Б_Общее_Напитки;9;940.8
2025-09;Левітана;Rich 1 л. Яблуко;00415;Б_Общее_Напитки;13;1365
2025-09;Левітана;Імператор;00892;Б_Каппи_Роллы;8;3606.7
2025-09;Левітана;Акаї;03023;Б_Каппи_Премиум ролл;29;14175
2025-09;Левітана;Аляска;00513;Б_Каппи_Премиум ролл;11;4489.7
2025-09;Левітана;Аморе;02781;Б_Каппи_Роллы;24;8995.5
2025-09;Левітана;Антикризовий сет;00578;Б_Каппи_Сет;103;61281.2
2025-09;Левітана;Аурум ;03157;Б_Каппи_Роллы;15;3737.1
2025-09;Левітана;Банзай ;00528;Б_Каппи_Темпура ролл;144;52945.9
2025-09;Левітана;Бао бургер з крабом;02966;Б_Каппи_БАО;3;866.8
2025-09;Левітана;Бао бургер з креветкою;02967;Б_Каппи_БАО;8;2985.6
2025-09;Левітана;Бао бургер з лососем;02968;Б_Каппи_БАО;1;375
2025-09;Левітана;Без приборів!;01593;Б_Прочие позиции;69;0
2025-09;Левітана;Боніто з лососем;00154;Б_Каппи_Роллы;19;4895.1
2025-09;Левітана;Боніто з тунцем;00512;Б_Каппи_Роллы;8;2048.4
2025-09;Левітана;Боул Дабл Фіш;01886;Б_Каппи_Боул;19;7447.4
2025-09;Левітана;Боул Філадельфія;01887;Б_Каппи_Боул;46;16559.1
2025-09;Левітана;Боул з Лососем;01890;Б_Каппи_Боул;17;5787.1
2025-09;Левітана;Боул з креветкою;03168;Б_Каппи_Боул;40;11751.6
2025-09;Левітана;Вершкова креветка;00775;Б_Каппи_Роллы;56;20123
2025-09;Левітана;Веселка;00509;Б_Каппи_Роллы;55;20682.1
2025-09;Левітана;Весняний Сет;01844;Б_Каппи_Сет;15;14360.2
2025-09;Левітана;Вишуканий дует;02989;Б_Каппи_Акции;5;3325
2025-09;Левітана;Вугор сет;02711;Б_Каппи_Сет;2;2290
2025-09;Левітана;Вулкан Карі;03144;Б_Каппи_Роллы;9;3977.7
2025-09;Левітана;Вулкан Токара;03126;Б_Каппи_Роллы;8;3205.2
2025-09;Левітана;Вулкан з креветкою;02799;Б_Каппи_Роллы;33;9713.8
2025-09;Левітана;Гурме;03127;Б_Каппи_Роллы;6;2260
2025-09;Левітана;Д Імбир Cappi 30 гр.;01049;Б_Каппи_Добавки;146;1710.8
2025-09;Левітана;Д Васабі Cappi 7,5 гр.;01050;Б_Каппи_Добавки;197;1737.9
2025-09;Левітана;Д Набір №1 (Соев.-1шт.,Імб.-1шт.,Вас.-1шт.);01916;Б_Каппи_Добавки;387;0
2025-09;Левітана;Д Набір №2 (Соев.-2шт.,Імб.-1шт.,Вас.-1шт.);01917;Б_Каппи_Добавки;376;0
2025-09;Левітана;Д Набір №3 (Соев.-3шт.,Імб.-2шт.,Вас.-1шт.);01918;Б_Каппи_Добавки;433;0
2025-09;Левітана;Д Набір №4 (Соев.-4шт.,Імб.-2шт.,Вас.-2шт.);01919;Б_Каппи_Добавки;473;0
2025-09;Левітана;Д Соус Барбекю;00501;Б_Каппи_Добавки;10;290
2025-09;Левітана;Д Соус Часниковий;01323;Б_Каппи_Добавки;19;551
2025-09;Левітана;Д Соус горіховий 20 гр.;00729;Б_Каппи_Добавки;6;160.4
2025-09;Левітана;Д Соус соєвий Cappi 50 гр.;00695;Б_Каппи_Добавки;82;716.9
2025-09;Левітана;Д Соус унагі 20 гр.;00728;Б_Каппи_Добавки;13;308.5
2025-09;Левітана;Д Спайсі соус 10 гр.;02929;Б_Каппи_Добавки;23;222.5
2025-09;Левітана;Д_Вершковий сир 20 г;03096;Б_Каппи_Добавки;2;40
2025-09;Левітана;Дабл Тартар;02780;Б_Каппи_Роллы;69;26244.2
2025-09;Левітана;Джаз;01109;Б_Каппи_Роллы;23;5140.9
2025-09;Левітана;Дзен сет;01128;Б_Каппи_Сет;32;30412
2025-09;Левітана;Доставка (зелена);00829;Б_Прочие позиции;44;1590.1
2025-09;Левітана;Доставка (помаранчева);01235;Б_Прочие позиции;16;733
2025-09;Левітана;Доставка (синя);01051;Б_Прочие позиции;1;55.6
2025-09;Левітана;Ебі Грін;01790;Б_Каппи_Роллы;7;2010.4
2025-09;Левітана;Ебі авокадо;03149;Б_Каппи_Роллы;9;3008.5
2025-09;Левітана;Ебі манго;03150;Б_Каппи_Роллы;5;1581.9
2025-09;Левітана;Ебі сет;02710;Б_Каппи_Сет;57;68543.7
2025-09;Левітана;Ебі темпура;02986;Б_Каппи_Закуски;60;14459.5
2025-09;Левітана;Екзотік;03041;Б_Каппи_Роллы;7;1933.2
2025-09;Левітана;Заміна інгрідієнта;02139;Б_Прочие позиции;1;30
2025-09;Левітана;Зелений Дракон;00156;Б_Каппи_Роллы;6;2482.8
2025-09;Левітана;Йоші рол;02776;Б_Каппи_Роллы;6;2326.5
2025-09;Левітана;Каліфорнія ;00774;Б_Каппи_Роллы;22;7258.4
2025-09;Левітана;Каліфорнія Мікс;00653;Б_Каппи_Роллы;9;3741.2
2025-09;Левітана;Каліфорнія з креветкою;00654;Б_Каппи_Роллы;30;10667.8
2025-09;Левітана;Камамбер фрі;03093;Б_Каппи_Закуски;24;6484.5
2025-09;Левітана;Камертон;00960;Б_Каппи_Роллы;54;20849
2025-09;Левітана;Капібара полюбляє;03141;Б_Каппи_Сет;7;7939.1
2025-09;Левітана;Класика вдвох;02988;Б_Каппи_Акции;14;6651.9
2025-09;Левітана;Кока-кола 0,75 л.;01731;Б_Общее_Напитки;65;3768.7
2025-09;Левітана;Кока-кола жб 0,33 л.;01736;Б_Общее_Напитки;31;1664.9
2025-09;Левітана;Кока-кола зеро жб 0,33 л БОРЩИК\ГЛОВО;03076;Б_Каппи_Glovo;3;163
2025-09;Левітана;Кока-кола зеро жб 0,33 л.;01740;Б_Общее_Напитки;83;4547
2025-09;Левітана;Комбо #2;02179;Б_Каппи_Акции;2;2290
2025-09;Левітана;Комбо #3;02180;Б_Каппи_Акции;3;2939.7
2025-09;Левітана;Комбуча  WILD каркаде 0,33 л.;03185;Б_Общее_Напитки;9;832.8
2025-09;Левітана;Комбуча  WILD класична 0,33 л.;03186;Б_Общее_Напитки;4;380
2025-09;Левітана;Комбуча WILD зелений чай 0,33 л.;03184;Б_Общее_Напитки;5;415.9
2025-09;Левітана;Компенсація за негоду;02771;;39;750.3
2025-09;Левітана;Креветка в кунжуті;00511;Б_Каппи_Роллы;37;11858.2
2025-09;Левітана;Креветка в темпурі;00533;Б_Каппи_Темпура ролл;81;25509.1
2025-09;Левітана;Курка в Кисло-солодкому;01825;Б_Каппи_WOK;27;6765.2
2025-09;Левітана;Курортний;02169;Б_Каппи_Роллы;28;6299.9
2025-09;Левітана;Кімурай;03012;Б_Каппи_Роллы;24;9365
2025-09;Левітана;Лимонад 0,5 л.;02057;Б_Общее_Напитки;55;4040.2
2025-09;Левітана;Лимонад БОРЩИК\ГЛОВО;03085;Б_Каппи_Glovo;1;75
2025-09;Левітана;Листівка до ДН;02061;Б_Прочие позиции;1;0
2025-09;Левітана;Логістичний збір;02770;;1156;32397.2
2025-09;Левітана;Лосось Пад Тай;02116;Б_Каппи_Роллы;19;6438.5
2025-09;Левітана;Лосось в темпурі;00534;Б_Каппи_Темпура ролл;73;15851.9
2025-09;Левітана;Лосось сет;00517;Б_Каппи_Сет;47;46244.4
2025-09;Левітана;М Авокадо 20 г;02133;Б_Каппи_Модификаторы;3;117
2025-09;Левітана;М Балик 100 г;01204;Б_Каппи_Модификаторы;8;364
2025-09;Левітана;М Вершковий сир 20 г;02126;Б_Каппи_Модификаторы;10;193.2
2025-09;Левітана;М Вугор 20 г;02125;Б_Каппи_Модификаторы;8;434.4
2025-09;Левітана;М Горіховий соус 20 г;01651;Б_Каппи_Модификаторы;7;203
2025-09;Левітана;М Гриби 50 г;01194;Б_Каппи_Модификаторы;9;160.7
2025-09;Левітана;М Кальмар 20 г;02136;Б_Каппи_Модификаторы;14;481.9
2025-09;Левітана;М Креветка 2 шт.;02123;Б_Каппи_Модификаторы;14;677.7
2025-09;Левітана;М Креветка 2 шт.;02135;Б_Каппи_Модификаторы;20;976
2025-09;Левітана;М Курка 20 г;02131;Б_Каппи_Модификаторы;10;247
2025-09;Левітана;М Куряче філе 60 г;01195;Б_Каппи_Модификаторы;8;351.7
2025-09;Левітана;М Лосось 20 г;02122;Б_Каппи_Модификаторы;6;294
2025-09;Левітана;М Маслини 20 г;01196;Б_Каппи_Модификаторы;8;198.4
2025-09;Левітана;М Моцарела 100 г;01201;Б_Каппи_Модификаторы;5;265.8
2025-09;Левітана;М Мідії 20 г;02137;Б_Каппи_Модификаторы;9;304
2025-09;Левітана;М Огірок 20 г;02132;Б_Каппи_Модификаторы;4;100
2025-09;Левітана;М Пармезан 20 г;01193;Б_Каппи_Модификаторы;6;231.2
2025-09;Левітана;М Пепероні 50 г;01200;Б_Каппи_Модификаторы;6;436
2025-09;Левітана;М Перець болгарський 40 г;01197;Б_Каппи_Модификаторы;5;145
2025-09;Левітана;М Помідори 40 г;01199;Б_Каппи_Модификаторы;6;150
2025-09;Левітана;М Соус Барбекю 1 шт.;01202;Б_Каппи_Модификаторы;1;29
2025-09;Левітана;М Соус Пад Тай 10 г;02127;Б_Каппи_Модификаторы;19;190
2025-09;Левітана;М Соус Соєвий порц.;02728;Б_Каппи_Модификаторы;51;458.8
2025-09;Левітана;М Соус Теріякі 10 г;02130;Б_Каппи_Модификаторы;25;244.7
2025-09;Левітана;М Соус Унагі 20 г;01650;Б_Каппи_Модификаторы;19;468.8
2025-09;Левітана;М Соус Часниковий 1 шт.;01648;Б_Каппи_Модификаторы;10;285.1
2025-09;Левітана;М Соус Шірачі 5 г;02129;Б_Каппи_Модификаторы;8;80
2025-09;Левітана;М Спайсі соус 10 г;02128;Б_Каппи_Модификаторы;29;288.2
2025-09;Левітана;М Тунець 20 г;02124;Б_Каппи_Модификаторы;3;165
2025-09;Левітана;М Халапеньйо 15 г;01198;Б_Каппи_Модификаторы;5;98.7
2025-09;Левітана;Макі Вугор;00161;Б_Каппи_Роллы;14;3030.3
2025-09;Левітана;Макі Лосось;00159;Б_Каппи_Роллы;37;6643.8
2025-09;Левітана;Макі Огірок ;00506;Б_Каппи_Роллы;25;2277.5
2025-09;Левітана;Макі Сирний;00504;Б_Каппи_Роллы;24;2176.8
2025-09;Левітана;Макі Чука ;00507;Б_Каппи_Роллы;27;2982.7
2025-09;Левітана;Монако;00636;Б_Каппи_Роллы;16;7032.3
2025-09;Левітана;Морс Ягідний 0,5 л.;02697;Б_Общее_Напитки;43;3006.7
2025-09;Левітана;Моршинська без газу 0,5 л.;00585;Б_Общее_Напитки;7;315
2025-09;Левітана;Моршинська слаб.газ 0,5 л БОРЩИК\ГЛОВО;03088;Б_Каппи_Glovo;1;45
2025-09;Левітана;Моршинська слаб.газ. 0,5 л.;00584;Б_Общее_Напитки;3;135
2025-09;Левітана;Мочі Полуниця;02618;Т_Десерты;20;2461.4
2025-09;Левітана;Мочі малина;02026;Т_Десерты;21;2563.2
2025-09;Левітана;Мочі смородина ;03161;Т_Десерты;8;960.5
2025-09;Левітана;Мочі фісташка-халва;03162;Т_Десерты;10;1243.9
2025-09;Левітана;Мідорі;03021;Б_Каппи_Премиум ролл;6;2847.9
2025-09;Левітана;Мідія в темпурі;02167;Б_Каппи_Темпура ролл;9;2951.8
2025-09;Левітана;Місо з тофу;00708;Б_Каппи_Супы;12;2210.3
2025-09;Левітана;Навчальні палички;01021;Б_Прочие позиции;51;251.5
2025-09;Левітана;Нью-Йорк ;02915;Б_Каппи_Роллы;48;20666.7
2025-09;Левітана;Одеський сет;02170;Б_Каппи_Сет;15;11895.1
2025-09;Левітана;Ойши сет;02819;Б_Каппи_Сет;7;7446
2025-09;Левітана;Онлайн оплата;02940;;617;0
2025-09;Левітана;Опен-фуд;02927;;499;487.1
2025-09;Левітана;Осака;00589;Б_Каппи_Роллы;47;15341.8
2025-09;Левітана;Париж;00657;Б_Каппи_Роллы;27;11835.9
2025-09;Левітана;Преміум Креветка;00652;Б_Каппи_Роллы;15;6693.3
2025-09;Левітана;Преміум сет;00658;Б_Каппи_Сет;14;23494
2025-09;Левітана;Пікантний краб;00531;Б_Каппи_Темпура ролл;23;5608.2
2025-09;Левітана;Пікантний лосось ;00532;Б_Каппи_Темпура ролл;17;5090.4
2025-09;Левітана;Піца 4 сезони;02101;Б_Каппи_Пицца;22;8105.1
2025-09;Левітана;Піца 4 сири;02118;Б_Каппи_Пицца;74;24613.9
2025-09;Левітана;Піца Амерікано;02111;Б_Каппи_Пицца;23;7172.5
2025-09;Левітана;Піца Гавайська;02104;Б_Каппи_Пицца;58;13979.1
2025-09;Левітана;Піца Груша Дор Блю;02175;Б_Каппи_Пицца;20;6191.5
2025-09;Левітана;Піца Кампаро;03131;Б_Каппи_Пицца;10;2777.3
2025-09;Левітана;Піца Курка та гриби;02177;Б_Каппи_Пицца;51;16985.7
2025-09;Левітана;Піца М'ясна;02102;Б_Каппи_Пицца;88;29829.3
2025-09;Левітана;Піца Маргарита;02174;Б_Каппи_Пицца;19;5097
2025-09;Левітана;Піца Мексиканська ;03130;Б_Каппи_Пицца;17;4724.2
2025-09;Левітана;Піца Мисливська;02176;Б_Каппи_Пицца;43;12378.3
2025-09;Левітана;Піца Океанія;02099;Б_Каппи_Пицца;40;15579.9
2025-09;Левітана;Піца Пепероні;02172;Б_Каппи_Пицца;61;17620.1
2025-09;Левітана;Піца Пепероні Блу Чіз;02119;Б_Каппи_Пицца;45;15206.7
2025-09;Левітана;Піца Том Ям;02978;Б_Каппи_Пицца;18;7050.2
2025-09;Левітана;Піца Чізбургер;02977;Б_Каппи_Пицца;34;10594.8
2025-09;Левітана;Піца з креветками та брі;02911;Б_Каппи_Пицца;25;9462.1
2025-09;Левітана;Піца з прошутто;03133;Б_Каппи_Пицца;15;4703.3
2025-09;Левітана;Піца з прошутто та грушою ;03132;Б_Каппи_Пицца;22;7907.5
2025-09;Левітана;Рамен Том Ям;02606;Б_Каппи_Супы;30;11129.6
2025-09;Левітана;Рамен Традиційний;02601;Б_Каппи_Супы;56;10207.4
2025-09;Левітана;Рис з куркою Гострий;00855;Б_Каппи_WOK;15;3260.7
2025-09;Левітана;Рис з лососем та зеленою цибулею;01855;Б_Каппи_WOK;11;2585
2025-09;Левітана;Рол Пасаж;02168;Б_Каппи_Роллы;15;4911.1
2025-09;Левітана;Рол з тюлькою;03179;Б_Каппи_Роллы;18;5524.2
2025-09;Левітана;Рол-Дог з Креветкою;01787;Б_Каппи_Темпура ролл;23;7254.8
2025-09;Левітана;Рол-Дог з Лососем;01788;Б_Каппи_Темпура ролл;13;4122.6
2025-09;Левітана;Сакайо;03128;Б_Каппи_Роллы;23;9531.8
2025-09;Левітана;Салат Чука-Вакаме;00602;Б_Каппи_Салати;47;9430.3
2025-09;Левітана;Салат з вугрем та авокадо;02900;Б_Каппи_Салати;3;1125
2025-09;Левітана;Салат з креветками, грушею та сиром Дор Блю		;02914;Б_Каппи_Салати;7;2625
2025-09;Левітана;Салат з тофу та овочами;02904;Б_Каппи_Салати;3;855
2025-09;Левітана;Салмон в боніто ;00538;Б_Каппи_Роллы;22;4596.7
2025-09;Левітана;Сенкай;03022;Б_Каппи_Премиум ролл;26;12459.3
2025-09;Левітана;Сервісний збір_Glovo;01934;Б_Каппи_Glovo;167;3829.4
2025-09;Левітана;Сет 2х2;01175;Б_Каппи_Сет;19;18172.9
2025-09;Левітана;Сет Бюджетний;03043;Б_Каппи_Сет;29;24700.9
2025-09;Левітана;Спайсі Вулкан;02113;Б_Каппи_Роллы;15;5669.9
2025-09;Левітана;Спрайт жб 0,33 л.;01749;Б_Общее_Напитки;9;487.5
2025-09;Левітана;Супер Комбо;02181;Б_Каппи_Акции;4;3515.3
2025-09;Левітана;Суші бургер з Креветкой;02943;Б_Каппи_Бургер;110;35423.8
2025-09;Левітана;Суші бургер з Лососем;02944;Б_Каппи_Бургер;117;38142.8
2025-09;Левітана;Сушіріто з креветкою ;03018;Б_Каппи_Суширито;77;14521.5
2025-09;Левітана;Сушіріто з куркою;03019;Б_Каппи_Суширито;17;2752.4
2025-09;Левітана;Сушіріто з лососем;03020;Б_Каппи_Суширито;40;9616.8
2025-09;Левітана;ТОП сет;00362;Б_Каппи_Сет;28;38873.3
2025-09;Левітана;Тайфун;03024;Б_Каппи_Темпура ролл;19;8652.1
2025-09;Левітана;Темпура вулкан з креветкою;03167;Б_Каппи_Темпура ролл;43;13182
2025-09;Левітана;Темпура вулкан з лососем;03166;Б_Каппи_Темпура ролл;50;12590.1
2025-09;Левітана;Темпура сет;00559;Б_Каппи_Сет;28;30202.4
2025-09;Левітана;Теплий сет;02712;Б_Каппи_Сет;66;53061.9
2025-09;Левітана;Том Ям;02597;Б_Каппи_Супы;63;23043.4
2025-09;Левітана;Тропік ;01862;Б_Каппи_Роллы;14;4522.7
2025-09;Левітана;Тропікана;03014;Б_Каппи_Роллы;39;14855
2025-09;Левітана;Тропічний Вулкан;02112;Б_Каппи_Роллы;17;6309.6
2025-09;Левітана;Удон з креветками;01813;Б_Каппи_WOK;27;8626
2025-09;Левітана;Удон з куркою Теріякі;00856;Б_Каппи_WOK;46;11320.8
2025-09;Левітана;Унагамі;03011;Б_Каппи_Роллы;20;7787.1
2025-09;Левітана;Унагі Брі;02906;Б_Каппи_Роллы;9;3506.6
2025-09;Левітана;Унагі Фаєр Рол;00656;Б_Каппи_Премиум ролл;18;8021.9
2025-09;Левітана;Ф'южн;03155;Б_Каппи_Роллы;14;4600.8
2025-09;Левітана;Фанта жб 0,33 л.;01743;Б_Общее_Напитки;11;600.8
2025-09;Левітана;Фламмі;03040;Б_Каппи_Роллы;19;5008.2
2025-09;Левітана;Фудзі темпура;00911;Б_Каппи_Темпура ролл;36;11843.8
2025-09;Левітана;Фунчоза з куркою;03164;Б_Каппи_WOK;15;3491.1
2025-09;Левітана;Фунчоза з морепродуктами;03165;Б_Каппи_WOK;30;7801.3
2025-09;Левітана;Філа Ланч;02706;Б_Каппи_Акции;19;8429.1
2025-09;Левітана;Філадельфія;00168;Б_Каппи_Роллы;226;79897.1
2025-09;Левітана;Філадельфія Класік;00459;Б_Каппи_Роллы;110;26866.2
2025-09;Левітана;Філадельфія Преміум;00611;Б_Каппи_Роллы;121;45132.7
2025-09;Левітана;Філадельфія з креветкою;02798;Б_Каппи_Роллы;84;29243.7
2025-09;Левітана;Філадельфія з манго;00612;Б_Каппи_Роллы;19;5529.6
2025-09;Левітана;Філадельфія з тунцем;00516;Б_Каппи_Роллы;19;7518.6
2025-09;Левітана;Цезар з куркою;02803;Б_Каппи_Салати;25;7076.4
2025-09;Левітана;Цезар з лососем;02992;Б_Каппи_Салати;19;5533.4
2025-09;Левітана;Чорний Дракон;00170;Б_Каппи_Роллы;26;10578.2
2025-09;Левітана;Чізі Креветка;01113;Б_Каппи_Роллы;33;8138.1
2025-09;Левітана;Чізі лосось;02921;Б_Каппи_Премиум ролл;6;2506
2025-09;Левітана;Юме сет;02818;Б_Каппи_Сет;13;14107.8
2025-09;Левітана;Які Ебі Манго;02946;Б_Каппи_Запеч_Роллы;60;19281.4
2025-09;Левітана;Які Салмон;02950;Б_Каппи_Запеч_Роллы;25;8932.1
2025-09;Левітана;Які Спайсі Краб;02949;Б_Каппи_Запеч_Роллы;44;12725.8
2025-09;Левітана;Які Туна ;02942;Б_Каппи_Запеч_Роллы;16;5545.4
2025-09;Левітана;Які Унагі;02945;Б_Каппи_Запеч_Роллы;33;10610.3
2025-09;Левітана;Яєчна з куркою та креветками;01815;Б_Каппи_WOK;17;5413.7
2025-09;Левітана;Яєчна з морепродуктами;00859;Б_Каппи_WOK;20;5862.2
2025-10;Лазарева;.Гарного дня!;00944;Б_Прочие позиции;2032;0
2025-10;Лазарева;Affinity сет;03015;Б_Каппи_Сет;21;22859.2
2025-10;Лазарева;Cappiroll;00583;Б_Каппи_Роллы;57;22104.5
2025-10;Лазарева;Cappizza;02173;Б_Каппи_Пицца;41;12421.9
2025-10;Лазарева;G Доставка;00984;Б_Каппи_Glovo;407;20300.3
2025-10;Лазарева;GC_Доставка 0 грн;02503;Б_Глово_Модификаторы;17;0
2025-10;Лазарева;Glovo <800 ;03025;;18;1774.7
2025-10;Лазарева;L`amour Сет;01729;Б_Каппи_Сет;13;14101.9
2025-10;Лазарева;MOVA світле пиво безалкогольне 0.33 л.;03049;Б_Общее_Напитки;10;828.3
2025-10;Лазарева;MOVA темне пиво безалкогольне 0,33 л.;03048;Б_Общее_Напитки;9;720.8
2025-10;Лазарева;Party-комбо ( Pepsi Cola з/б 0,33л -1шт та  Pepsi Cola Max з/б 0,33л - 1шт;02708;Б_Каппи_Акции;1;1225
2025-10;Лазарева;Rich 1 л. Апельсин;00352;Б_Общее_Напитки;5;555
2025-10;Лазарева;Rich 1 л. Экзотик;00172;Б_Общее_Напитки;9;968.1
2025-10;Лазарева;Rich 1 л. Яблуко;00415;Б_Общее_Напитки;10;1098.3
2025-10;Лазарева;_Барбекю;03064;Б_Глово_Модификаторы;8;200
2025-10;Лазарева;_Гірчиця;03065;Б_Глово_Модификаторы;3;60
2025-10;Лазарева;_Комбо 1;03031;Б_Каппи_Glovo;20;6900
2025-10;Лазарева;_Комбо 2;03035;Б_Каппи_Glovo;13;3341
2025-10;Лазарева;_Комбо 3;03034;Б_Каппи_Glovo;26;9004.8
2025-10;Лазарева;_Комбо 4;03033;Б_Каппи_Glovo;16;5614
2025-10;Лазарева;_Комбо 5;03136;Б_Каппи_Glovo;27;7155
2025-10;Лазарева;_Комбо 6;03139;Б_Каппи_Glovo;6;2094
2025-10;Лазарева;_Комбо 7;03138;Б_Каппи_Glovo;14;4760
2025-10;Лазарева;_Комбо 8;03137;Б_Каппи_Glovo;2;680
2025-10;Лазарева;_Майонез;03067;Б_Глово_Модификаторы;2;40
2025-10;Лазарева;_Сметана;03068;Б_Глово_Модификаторы;55;1100
2025-10;Лазарева;_Хліб;03069;Б_Глово_Модификаторы;36;540
2025-10;Лазарева;Імператор;00892;Б_Каппи_Роллы;20;8954.8
2025-10;Лазарева;Акаї;03023;Б_Каппи_Премиум ролл;34;16441.6
2025-10;Лазарева;Аляска;00513;Б_Каппи_Премиум ролл;4;1658.7
2025-10;Лазарева;Аморе;02781;Б_Каппи_Роллы;17;6782.6
2025-10;Лазарева;Антикризовий сет;00578;Б_Каппи_Сет;111;65625.8
2025-10;Лазарева;Аурум ;03157;Б_Каппи_Роллы;25;6218.8
2025-10;Лазарева;Банзай ;00528;Б_Каппи_Темпура ролл;167;64256.7
2025-10;Лазарева;Бао бургер з крабом;02966;Б_Каппи_БАО;10;2781.7
2025-10;Лазарева;Бао бургер з креветкою;02967;Б_Каппи_БАО;12;3979.1
2025-10;Лазарева;Бао бургер з лососем;02968;Б_Каппи_БАО;7;2515.8
2025-10;Лазарева;Без приборів!;01593;Б_Прочие позиции;91;0
2025-10;Лазарева;Блек Філа;03187;Б_Сезонные блюда;19;6064.1
2025-10;Лазарева;Боніто з лососем;00154;Б_Каппи_Роллы;52;3898.8
2025-10;Лазарева;Боніто з тунцем;00512;Б_Каппи_Роллы;14;3808.9
2025-10;Лазарева;Борщ зі свининою;03028;Б_Каппи_Glovo;62;11563.2
2025-10;Лазарева;Боул Дабл Фіш;01886;Б_Каппи_Боул;9;3491.9
2025-10;Лазарева;Боул Філадельфія;01887;Б_Каппи_Боул;24;8727.4
2025-10;Лазарева;Боул з Лососем;01890;Б_Каппи_Боул;14;4562.4
2025-10;Лазарева;Боул з креветкою;03168;Б_Каппи_Боул;24;7602.8
2025-10;Лазарева;Бульон курячий;03029;Б_Каппи_Glovo;52;9100
2025-10;Лазарева;Васаби порц 7,5 г.;01036;Т Соуса порционные;2;21.6
2025-10;Лазарева;Вершкова креветка;00775;Б_Каппи_Роллы;78;28996.5
2025-10;Лазарева;Веселка;00509;Б_Каппи_Роллы;54;21176.1
2025-10;Лазарева;Весняний Сет;01844;Б_Каппи_Сет;14;13625.2
2025-10;Лазарева;Вишуканий дует;02989;Б_Каппи_Акции;1;675
2025-10;Лазарева;Вугор сет;02711;Б_Каппи_Сет;5;5700.2
2025-10;Лазарева;Вулкан Карі;03144;Б_Каппи_Роллы;7;2907.1
2025-10;Лазарева;Вулкан Токара;03126;Б_Каппи_Роллы;7;2985.3
2025-10;Лазарева;Вулкан з креветкою;02799;Б_Каппи_Роллы;27;7929.3
2025-10;Лазарева;Відбивна куряча;03039;Б_Каппи_Glovo;3;681
2025-10;Лазарева;Вінегрет;03060;Б_Каппи_Glovo;6;720
2025-10;Лазарева;Гречана каша;03053;Б_Каппи_Glovo;4;320
2025-10;Лазарева;Гурме;03127;Б_Каппи_Роллы;5;1819.1
2025-10;Лазарева;Д Імбир Cappi 30 гр.;01049;Б_Каппи_Добавки;154;1814.5
2025-10;Лазарева;Д Васабі Cappi 7,5 гр.;01050;Б_Каппи_Добавки;167;1787.4
2025-10;Лазарева;Д Набір №1 (Соев.-1шт.,Імб.-1шт.,Вас.-1шт.);01916;Б_Каппи_Добавки;322;0
2025-10;Лазарева;Д Набір №2 (Соев.-2шт.,Імб.-1шт.,Вас.-1шт.);01917;Б_Каппи_Добавки;373;0
2025-10;Лазарева;Д Набір №3 (Соев.-3шт.,Імб.-2шт.,Вас.-1шт.);01918;Б_Каппи_Добавки;383;0
2025-10;Лазарева;Д Набір №4 (Соев.-4шт.,Імб.-2шт.,Вас.-2шт.);01919;Б_Каппи_Добавки;543;0
2025-10;Лазарева;Д Соус Барбекю;00501;Б_Каппи_Добавки;7;198.8
2025-10;Лазарева;Д Соус Часниковий;01323;Б_Каппи_Добавки;13;363.3
2025-10;Лазарева;Д Соус горіховий 20 гр.;00729;Б_Каппи_Добавки;12;328.9
2025-10;Лазарева;Д Соус соєвий Cappi 50 гр.;00695;Б_Каппи_Добавки;75;657.8
2025-10;Лазарева;Д Соус унагі 20 гр.;00728;Б_Каппи_Добавки;25;613.1
2025-10;Лазарева;Д Спайсі соус 10 гр.;02929;Б_Каппи_Добавки;14;136.2
2025-10;Лазарева;Д_Лосось 20 гр;03099;Б_Каппи_Добавки;1;36.8
2025-10;Лазарева;Дабл Тартар;02780;Б_Каппи_Роллы;31;11509.6
2025-10;Лазарева;Деруни зі сметаною;03054;Б_Каппи_Glovo;14;2030
2025-10;Лазарева;Джаз;01109;Б_Каппи_Роллы;83;6062.3
2025-10;Лазарева;Дзен сет;01128;Б_Каппи_Сет;33;31724.9
2025-10;Лазарева;Доставка (зелена);00829;Б_Прочие позиции;37;1353.1
2025-10;Лазарева;Доставка (помаранчева);01235;Б_Прочие позиции;10;460.4
2025-10;Лазарева;Доставка (рожева);03017;Б_Прочие позиции;1;150
2025-10;Лазарева;Доставка (синя);01051;Б_Прочие позиции;5;289.8
2025-10;Лазарева;Доставка (фіолетова);03016;Б_Прочие позиции;16;1562.7
2025-10;Лазарева;Ебі Грін;01790;Б_Каппи_Роллы;10;2873.4
2025-10;Лазарева;Ебі манго;03150;Б_Каппи_Роллы;1;325
2025-10;Лазарева;Ебі сет;02710;Б_Каппи_Сет;53;64072.7
2025-10;Лазарева;Ебі темпура;02986;Б_Каппи_Закуски;62;15392.8
2025-10;Лазарева;Екзотік;03041;Б_Каппи_Роллы;5;1453.4
2025-10;Лазарева;Замовлення з додатку;03198;;359;0
2025-10;Лазарева;Заміна інгрідієнта;02139;Б_Прочие позиции;3;86.5
2025-10;Лазарева;Зелений Дракон;00156;Б_Каппи_Роллы;8;3291.7
2025-10;Лазарева;Зомбі;03188;Б_Сезонные блюда;22;6020.4
2025-10;Лазарева;Йоші рол;02776;Б_Каппи_Роллы;12;4581.2
2025-10;Лазарева;Каліфорнія ;00774;Б_Каппи_Роллы;33;11157.2
2025-10;Лазарева;Каліфорнія Мікс;00653;Б_Каппи_Роллы;15;5968.7
2025-10;Лазарева;Каліфорнія з креветкою;00654;Б_Каппи_Роллы;32;11346.1
2025-10;Лазарева;Камамбер фрі;03093;Б_Каппи_Закуски;25;6949.2
2025-10;Лазарева;Камертон;00960;Б_Каппи_Роллы;28;10959.8
2025-10;Лазарева;Капібара полюбляє;03141;Б_Каппи_Сет;2;2113.2
2025-10;Лазарева;Кароліна в країні жахів;02955;Б_Сезонные блюда;4;896.1
2025-10;Лазарева;Картопля по-домашньому  ;03051;Б_Каппи_Glovo;9;1305
2025-10;Лазарева;Класика вдвох;02988;Б_Каппи_Акции;9;4403.7
2025-10;Лазарева;Кока-кола 0,75 л БОРЩИК\ГЛОВО;03074;Б_Каппи_Glovo;17;1027
2025-10;Лазарева;Кока-кола 0,75 л.;01731;Б_Общее_Напитки;106;6395.8
2025-10;Лазарева;Кока-кола жб 0,33 л БОРЩИК\ГЛОВО;03075;Б_Каппи_Glovo;10;574
2025-10;Лазарева;Кока-кола жб 0,33 л.;01736;Б_Общее_Напитки;45;2508.2
2025-10;Лазарева;Кока-кола зеро жб 0,33 л БОРЩИК\ГЛОВО;03076;Б_Каппи_Glovo;1;55
2025-10;Лазарева;Кока-кола зеро жб 0,33 л.;01740;Б_Общее_Напитки;39;2180.5
2025-10;Лазарева;Комбо #1;02178;Б_Каппи_Акции;3;4047.1
2025-10;Лазарева;Комбо #2;02179;Б_Каппи_Акции;4;4547.8
2025-10;Лазарева;Комбо #3;02180;Б_Каппи_Акции;5;4657.3
2025-10;Лазарева;Комбуча  WILD каркаде 0,33 л.;03185;Б_Общее_Напитки;4;370.5
2025-10;Лазарева;Комбуча  WILD класична 0,33 л.;03186;Б_Общее_Напитки;4;342
2025-10;Лазарева;Комбуча WILD зелений чай 0,33 л.;03184;Б_Общее_Напитки;13;1210.7
2025-10;Лазарева;Компенсація за негоду;02771;;165;3192.9
2025-10;Лазарева;Концепция-Борщик;03072;;173;0
2025-10;Лазарева;Котлета кордон-блю;03140;Б_Каппи_Glovo;2;410
2025-10;Лазарева;Котлета куряча;03091;Б_Каппи_Glovo;13;1645
2025-10;Лазарева;Котлета по-київськи ;03055;Б_Каппи_Glovo;5;825
2025-10;Лазарева;Креветка в кунжуті;00511;Б_Каппи_Роллы;39;12502.9
2025-10;Лазарева;Креветка в темпурі;00533;Б_Каппи_Темпура ролл;89;28647
2025-10;Лазарева;Кривава Мері;03189;Б_Сезонные блюда;28;9518.6
2025-10;Лазарева;Курка в Кисло-солодкому;01825;Б_Каппи_WOK;17;4215.5
2025-10;Лазарева;Курортний;02169;Б_Каппи_Роллы;9;2078.7
2025-10;Лазарева;Кімурай;03012;Б_Каппи_Роллы;26;9993.5
2025-10;Лазарева;Лимонад 0,5 л.;02057;Б_Общее_Напитки;45;3260.3
2025-10;Лазарева;Лимонад БОРЩИК\ГЛОВО;03085;Б_Каппи_Glovo;7;525
2025-10;Лазарева;Листівка до ДН;02061;Б_Прочие позиции;4;0
2025-10;Лазарева;Логістичний збір;02770;;1181;33127.6
2025-10;Лазарева;Лосось Пад Тай;02116;Б_Каппи_Роллы;32;10879.8
2025-10;Лазарева;Лосось в темпурі;00534;Б_Каппи_Темпура ролл;53;11571.6
2025-10;Лазарева;Лосось сет;00517;Б_Каппи_Сет;42;40568.4
2025-10;Лазарева;Лідія Дітц;02957;Б_Сезонные блюда;7;1407.7
2025-10;Лазарева;М Авокадо 20 г;02133;Б_Каппи_Модификаторы;3;117
2025-10;Лазарева;М Балик 100 г;01204;Б_Каппи_Модификаторы;5;267.9
2025-10;Лазарева;М Вершковий сир 20 г;02126;Б_Каппи_Модификаторы;15;361.9
2025-10;Лазарева;М Вугор 20 г;02125;Б_Каппи_Модификаторы;3;195
2025-10;Лазарева;М Горіховий соус 20 г;01651;Б_Каппи_Модификаторы;13;364.5
2025-10;Лазарева;М Гриби 50 г;01194;Б_Каппи_Модификаторы;15;329.6
2025-10;Лазарева;М Кальмар 20 г;02136;Б_Каппи_Модификаторы;12;417.8
2025-10;Лазарева;М Креветка 2 шт.;02123;Б_Каппи_Модификаторы;12;567.4
2025-10;Лазарева;М Креветка 2 шт.;02135;Б_Каппи_Модификаторы;14;686
2025-10;Лазарева;М Курка 20 г;02131;Б_Каппи_Модификаторы;10;502.3
2025-10;Лазарева;М Куряче філе 60 г;01195;Б_Каппи_Модификаторы;15;748.1
2025-10;Лазарева;М Лосось 20 г;02122;Б_Каппи_Модификаторы;7;343
2025-10;Лазарева;М Маслини 20 г;01196;Б_Каппи_Модификаторы;6;169.7
2025-10;Лазарева;М Моцарела 100 г;01201;Б_Каппи_Модификаторы;4;228
2025-10;Лазарева;М Мідії 20 г;02137;Б_Каппи_Модификаторы;5;172.8
2025-10;Лазарева;М Огірок 20 г;02132;Б_Каппи_Модификаторы;1;25
2025-10;Лазарева;М Пармезан 20 г;01193;Б_Каппи_Модификаторы;6;240.2
2025-10;Лазарева;М Пепероні 50 г;01200;Б_Каппи_Модификаторы;8;627.3
2025-10;Лазарева;М Перець болгарський 40 г;01197;Б_Каппи_Модификаторы;1;29
2025-10;Лазарева;М Помідори 40 г;01199;Б_Каппи_Модификаторы;8;188.8
2025-10;Лазарева;М Соус Пад Тай 10 г;02127;Б_Каппи_Модификаторы;13;129.5
2025-10;Лазарева;М Соус Пад Тай 10 г;03122;Б_Каппи_Модификаторы;1;10
2025-10;Лазарева;М Соус Соєвий порц.;02728;Б_Каппи_Модификаторы;48;431.3
2025-10;Лазарева;М Соус Теріякі 10 г;02130;Б_Каппи_Модификаторы;29;290
2025-10;Лазарева;М Соус Теріякі 10 г;03121;Б_Каппи_Модификаторы;1;10
2025-10;Лазарева;М Соус Унагі 20 г;01650;Б_Каппи_Модификаторы;24;593.7
2025-10;Лазарева;М Соус Часниковий 1 шт.;01648;Б_Каппи_Модификаторы;22;626.1
2025-10;Лазарева;М Соус Шірачі 5 г;02129;Б_Каппи_Модификаторы;8;75.9
2025-10;Лазарева;М Спайсі соус 10 г;02128;Б_Каппи_Модификаторы;27;256.1
2025-10;Лазарева;М Тунець 20 г;02124;Б_Каппи_Модификаторы;1;55
2025-10;Лазарева;М Халапеньйо 15 г;01198;Б_Каппи_Модификаторы;2;32.8
2025-10;Лазарева;М'ясо по-французьки;03056;Б_Каппи_Glovo;5;1122.5
2025-10;Лазарева;Макі Вугор;00161;Б_Каппи_Роллы;20;4266.2
2025-10;Лазарева;Макі Лосось;00159;Б_Каппи_Роллы;52;9305.2
2025-10;Лазарева;Макі Огірок ;00506;Б_Каппи_Роллы;32;2933.1
2025-10;Лазарева;Макі Сирний;00504;Б_Каппи_Роллы;22;2074.6
2025-10;Лазарева;Макі Чука ;00507;Б_Каппи_Роллы;19;1989.3
2025-10;Лазарева;Млинці з вишнею та шоколадом ;03174;Б_Каппи_Glovo;11;2560
2025-10;Лазарева;Млинці з яблуками;03061;Б_Каппи_Glovo;6;1060
2025-10;Лазарева;Монако;00636;Б_Каппи_Роллы;4;1820
2025-10;Лазарева;Морс Ягідний 0,5 л.;02697;Б_Общее_Напитки;40;2947.1
2025-10;Лазарева;Морс Ягідний БОРЩИК\ГЛОВО;03086;Б_Каппи_Glovo;6;450
2025-10;Лазарева;Моршинська без газу 0,5 л БОРЩИК\ГЛОВО;03087;Б_Каппи_Glovo;22;1002
2025-10;Лазарева;Моршинська без газу 0,5 л.;00585;Б_Общее_Напитки;51;2323
2025-10;Лазарева;Моршинська слаб.газ 0,5 л БОРЩИК\ГЛОВО;03088;Б_Каппи_Glovo;1;45
2025-10;Лазарева;Мочі Полуниця;02618;Т_Десерты;25;3067.2
2025-10;Лазарева;Мочі малина;02026;Т_Десерты;17;2095.6
2025-10;Лазарева;Мочі смородина ;03161;Т_Десерты;12;1468.6
2025-10;Лазарева;Мочі фісташка-халва;03162;Т_Десерты;21;2609
2025-10;Лазарева;Мідорі;03021;Б_Каппи_Премиум ролл;3;1505
2025-10;Лазарева;Мідія в темпурі;02167;Б_Каппи_Темпура ролл;6;1933.6
2025-10;Лазарева;Місо з тофу;00708;Б_Каппи_Супы;12;2333.2
2025-10;Лазарева;Навчальні палички;01021;Б_Прочие позиции;57;254.7
2025-10;Лазарева;Нью-Йорк ;02915;Б_Каппи_Роллы;47;20689.7
2025-10;Лазарева;Одеський сет;02170;Б_Каппи_Сет;15;11720.8
2025-10;Лазарева;Ойши сет;02819;Б_Каппи_Сет;5;5453
2025-10;Лазарева;Онлайн оплата;02940;;293;0
2025-10;Лазарева;Опен-фуд;02927;;33.3;30.8
2025-10;Лазарева;Осака;00589;Б_Каппи_Роллы;39;12654.4
2025-10;Лазарева;Париж;00657;Б_Каппи_Роллы;25;11170.9
2025-10;Лазарева;Пательня з куркою.;03036;Б_Каппи_Glovo;23;5674
2025-10;Лазарева;Пательня зі свининою;03030;Б_Каппи_Glovo;17;4335
2025-10;Лазарева;Пательня мисливська.;03037;Б_Каппи_Glovo;7;1995
2025-10;Лазарева;Пересип +;03045;;69;0
2025-10;Лазарева;Преміум Креветка;00652;Б_Каппи_Роллы;15;6728.5
2025-10;Лазарева;Преміум сет;00658;Б_Каппи_Сет;12;20105.8
2025-10;Лазарева;Пюре;03052;Б_Каппи_Glovo;13;1690
2025-10;Лазарева;Пікантний краб;00531;Б_Каппи_Темпура ролл;21;5124.5
2025-10;Лазарева;Пікантний лосось ;00532;Б_Каппи_Темпура ролл;20;6260.2
2025-10;Лазарева;Піца 4 сезони;02101;Б_Каппи_Пицца;13;4848.7
2025-10;Лазарева;Піца 4 сири;02118;Б_Каппи_Пицца;65;22970.5
2025-10;Лазарева;Піца Амерікано;02111;Б_Каппи_Пицца;19;6149.6
2025-10;Лазарева;Піца Гавайська;02104;Б_Каппи_Пицца;51;9964.2
2025-10;Лазарева;Піца Груша Дор Блю;02175;Б_Каппи_Пицца;24;7579.2
2025-10;Лазарева;Піца Кампаро;03131;Б_Каппи_Пицца;13;3502.4
2025-10;Лазарева;Піца Курка та гриби;02177;Б_Каппи_Пицца;58;19202.2
2025-10;Лазарева;Піца М'ясна;02102;Б_Каппи_Пицца;78;27031.5
2025-10;Лазарева;Піца Маргарита;02174;Б_Каппи_Пицца;24;6446.5
2025-10;Лазарева;Піца Мексиканська ;03130;Б_Каппи_Пицца;21;5851.8
2025-10;Лазарева;Піца Мисливська;02176;Б_Каппи_Пицца;49;13270.1
2025-10;Лазарева;Піца Океанія;02099;Б_Каппи_Пицца;25;9862
2025-10;Лазарева;Піца Пепероні;02172;Б_Каппи_Пицца;49;13558.7
2025-10;Лазарева;Піца Пепероні Блу Чіз;02119;Б_Каппи_Пицца;29;9775.1
2025-10;Лазарева;Піца Том Ям;02978;Б_Каппи_Пицца;17;6694.4
2025-10;Лазарева;Піца Чізбургер;02977;Б_Каппи_Пицца;40;12207.5
2025-10;Лазарева;Піца з креветками та брі;02911;Б_Каппи_Пицца;23;8256
2025-10;Лазарева;Піца з прошутто;03133;Б_Каппи_Пицца;18;5904.4
2025-10;Лазарева;Піца з прошутто та грушою ;03132;Б_Каппи_Пицца;23;8175.2
2025-10;Лазарева;Рамен Том Ям;02606;Б_Каппи_Супы;19;7041.2
2025-10;Лазарева;Рамен Традиційний;02601;Б_Каппи_Супы;34;5849.9
2025-10;Лазарева;Рис з куркою Гострий;00855;Б_Каппи_WOK;16;3651.8
2025-10;Лазарева;Рол Пасаж;02168;Б_Каппи_Роллы;17;5468.3
2025-10;Лазарева;Рол-Дог з Креветкою;01787;Б_Каппи_Темпура ролл;6;1885.1
2025-10;Лазарева;Рол-Дог з Лососем;01788;Б_Каппи_Темпура ролл;2;650
2025-10;Лазарева;Сакайо;03128;Б_Каппи_Роллы;14;5678
2025-10;Лазарева;"Салат ""Олів'є"" з куркою";03059;Б_Каппи_Glovo;22;3900
2025-10;Лазарева;Салат Цезар з куркою (борщик);03057;Б_Каппи_Glovo;12;3111
2025-10;Лазарева;Салат Чука-Вакаме;00602;Б_Каппи_Салати;30;6080.4
2025-10;Лазарева;Салат з вугрем та авокадо;02900;Б_Каппи_Салати;7;2581.1
2025-10;Лазарева;Салат з капустою та огірком;03135;Б_Каппи_Glovo;7;875
2025-10;Лазарева;Салат з креветками, грушею та сиром Дор Блю		;02914;Б_Каппи_Салати;2;697.5
2025-10;Лазарева;Салат з тофу та овочами;02904;Б_Каппи_Салати;2;590
2025-10;Лазарева;Салат крабовий;03058;Б_Каппи_Glovo;8;1640
2025-10;Лазарева;Салмон в боніто ;00538;Б_Каппи_Роллы;15;3369.1
2025-10;Лазарева;Свіні Тодд;02956;Б_Сезонные блюда;4;1109
2025-10;Лазарева;Світле пиво безалкогольне БОРЩИК\ГЛОВО;03080;Б_Каппи_Glovo;1;85
2025-10;Лазарева;Сенкай;03022;Б_Каппи_Премиум ролл;11;5401
2025-10;Лазарева;Сервісний збір_Glovo;01934;Б_Каппи_Glovo;131;2328.8
2025-10;Лазарева;Сет 2х2;01175;Б_Каппи_Сет;20;19370.6
2025-10;Лазарева;Сет Halloween;03196;;29;31078.2
2025-10;Лазарева;Сет Бюджетний;03043;Б_Каппи_Сет;19;16786.9
2025-10;Лазарева;Сирники з родзинками;03062;Б_Каппи_Glovo;6;990
2025-10;Лазарева;Солянка;03038;Б_Каппи_Glovo;22;5830
2025-10;Лазарева;Спайсі Вулкан;02113;Б_Каппи_Роллы;11;4166
2025-10;Лазарева;Спрайт жб 0,33 л.;01749;Б_Общее_Напитки;5;261
2025-10;Лазарева;Супер Комбо;02181;Б_Каппи_Акции;8;7148.1
2025-10;Лазарева;Суші бургер з Креветкой;02943;Б_Каппи_Бургер;114;37669
2025-10;Лазарева;Суші бургер з Лососем;02944;Б_Каппи_Бургер;76;25764.3
2025-10;Лазарева;Сушіріто з креветкою ;03018;Б_Каппи_Суширито;58;10773.2
2025-10;Лазарева;Сушіріто з куркою;03019;Б_Каппи_Суширито;16;2444
2025-10;Лазарева;Сушіріто з лососем;03020;Б_Каппи_Суширито;52;12498.6
2025-10;Лазарева;ТОП сет;00362;Б_Каппи_Сет;42;58389.4
2025-10;Лазарева;Тайфун;03024;Б_Каппи_Темпура ролл;27;12074.6
2025-10;Лазарева;Темпура вулкан з креветкою;03167;Б_Каппи_Темпура ролл;17;5913
2025-10;Лазарева;Темпура вулкан з лососем;03166;Б_Каппи_Темпура ролл;33;9514.7
2025-10;Лазарева;Темпура сет;00559;Б_Каппи_Сет;38;40519.7
2025-10;Лазарева;Теплий сет;02712;Б_Каппи_Сет;79;63947.5
2025-10;Лазарева;Том Ям;02597;Б_Каппи_Супы;63;23064.8
2025-10;Лазарева;Тропік ;01862;Б_Каппи_Роллы;16;5251.2
2025-10;Лазарева;Тропікана;03014;Б_Каппи_Роллы;27;10346.9
2025-10;Лазарева;Тропічний Вулкан;02112;Б_Каппи_Роллы;9;3336.4
2025-10;Лазарева;Удон з креветками;01813;Б_Каппи_WOK;22;7043.2
2025-10;Лазарева;Удон з куркою Теріякі;00856;Б_Каппи_WOK;31;7981.7
2025-10;Лазарева;Унагамі;03011;Б_Каппи_Роллы;24;9458.5
2025-10;Лазарева;Унагі Брі;02906;Б_Каппи_Роллы;7;2799.4
2025-10;Лазарева;Унагі Фаєр Рол;00656;Б_Каппи_Премиум ролл;8;3562.4
2025-10;Лазарева;Ф'южн;03155;Б_Каппи_Роллы;19;6195.6
2025-10;Лазарева;Фанта жб 0,33 л БОРЩИК\ГЛОВО;03090;Б_Каппи_Glovo;3;173
2025-10;Лазарева;Фанта жб 0,33 л.;01743;Б_Общее_Напитки;9;494.3
2025-10;Лазарева;Фламмі;03040;Б_Каппи_Роллы;11;2957.8
2025-10;Лазарева;Фудзі темпура;00911;Б_Каппи_Темпура ролл;35;11904.1
2025-10;Лазарева;Фунчоза з куркою;03164;Б_Каппи_WOK;20;5664.4
2025-10;Лазарева;Фунчоза з морепродуктами;03165;Б_Каппи_WOK;43;13684.4
2025-10;Лазарева;Філа Ланч;02706;Б_Каппи_Акции;10;4225.9
2025-10;Лазарева;Філадельфія;00168;Б_Каппи_Роллы;181;68938.4
2025-10;Лазарева;Філадельфія Класік;00459;Б_Каппи_Роллы;86;20394.9
2025-10;Лазарева;Філадельфія Преміум;00611;Б_Каппи_Роллы;82;33809
2025-10;Лазарева;Філадельфія з креветкою;02798;Б_Каппи_Роллы;43;16533.6
2025-10;Лазарева;Філадельфія з манго;00612;Б_Каппи_Роллы;37;11812.1
2025-10;Лазарева;Філадельфія з тунцем;00516;Б_Каппи_Роллы;13;5178.5
2025-10;Лазарева;Цезар з куркою;02803;Б_Каппи_Салати;30;8520.9
2025-10;Лазарева;Цезар з лососем;02992;Б_Каппи_Салати;9;2665.5
2025-10;Лазарева;Чорний Дракон;00170;Б_Каппи_Роллы;32;13163.4
2025-10;Лазарева;Чізі Креветка;01113;Б_Каппи_Роллы;29;7105.1
2025-10;Лазарева;Чізі лосось;02921;Б_Каппи_Премиум ролл;10;4247.1
2025-10;Лазарева;Юме сет;02818;Б_Каппи_Сет;12;12860.6
2025-10;Лазарева;Які Ебі Манго;02946;Б_Каппи_Запеч_Роллы;48;15213
2025-10;Лазарева;Які Салмон;02950;Б_Каппи_Запеч_Роллы;29;10207.9
2025-10;Лазарева;Які Спайсі Краб;02949;Б_Каппи_Запеч_Роллы;51;13854.3
2025-10;Лазарева;Які Туна ;02942;Б_Каппи_Запеч_Роллы;12;3924
2025-10;Лазарева;Які Унагі;02945;Б_Каппи_Запеч_Роллы;35;11147.9
2025-10;Лазарева;Яєчна з куркою та креветками;01815;Б_Каппи_WOK;15;4787.9
2025-10;Лазарева;Яєчна з морепродуктами;00859;Б_Каппи_WOK;34;10825.6
2025-10;Левітана;.Гарного дня!;00944;Б_Прочие позиции;1981;0
2025-10;Левітана;Affinity сет;03015;Б_Каппи_Сет;20;21665
2025-10;Левітана;Cappiroll;00583;Б_Каппи_Роллы;58;22888.6
2025-10;Левітана;Cappizza;02173;Б_Каппи_Пицца;39;12217.2
2025-10;Левітана;G Доставка;00984;Б_Каппи_Glovo;435;21690.4
2025-10;Левітана;GC_Доставка 0 грн;02503;Б_Глово_Модификаторы;11;0
2025-10;Левітана;L`amour Сет;01729;Б_Каппи_Сет;19;20424.2
2025-10;Левітана;MOVA світле пиво безалкогольне 0.33 л.;03046;Б_Общее_Напитки;6;510
2025-10;Левітана;MOVA світле пиво безалкогольне 0.33 л.;03049;Б_Общее_Напитки;6;479.1
2025-10;Левітана;MOVA темне пиво безалкогольне 0,33 л.;03048;Б_Общее_Напитки;9;716.1
2025-10;Левітана;Party-комбо ( Pepsi Cola з/б 0,33л -1шт та  Pepsi Cola Max з/б 0,33л - 1шт;02708;Б_Каппи_Акции;1;1245
2025-10;Левітана;Rich 1 л Экзотик;03078;Б_Каппи_Glovo;1;105
2025-10;Левітана;Rich 1 л. Апельсин;00352;Б_Общее_Напитки;6;635.1
2025-10;Левітана;Rich 1 л. Экзотик;00172;Б_Общее_Напитки;18;1915.4
2025-10;Левітана;Rich 1 л. Яблуко;00415;Б_Общее_Напитки;8;847.9
2025-10;Левітана;Імператор;00892;Б_Каппи_Роллы;15;6702.1
2025-10;Левітана;Акаї;03023;Б_Каппи_Премиум ролл;31;15310.9
2025-10;Левітана;Аляска;00513;Б_Каппи_Премиум ролл;9;3891.7
2025-10;Левітана;Аморе;02781;Б_Каппи_Роллы;24;9641.9
2025-10;Левітана;Антикризовий сет;00578;Б_Каппи_Сет;88;51841.7
2025-10;Левітана;Аурум ;03157;Б_Каппи_Роллы;15;3630.5
2025-10;Левітана;Банзай ;00528;Б_Каппи_Темпура ролл;153;59051.9
2025-10;Левітана;Бао бургер з крабом;02966;Б_Каппи_БАО;9;2542.6
2025-10;Левітана;Бао бургер з креветкою;02967;Б_Каппи_БАО;15;5200.8
2025-10;Левітана;Бао бургер з лососем;02968;Б_Каппи_БАО;7;2329
2025-10;Левітана;Без приборів!;01593;Б_Прочие позиции;64;0
2025-10;Левітана;Блек Філа;03187;Б_Сезонные блюда;20;6575.3
2025-10;Левітана;Боніто з лососем;00154;Б_Каппи_Роллы;42;2583.8
2025-10;Левітана;Боніто з тунцем;00512;Б_Каппи_Роллы;12;3201.7
2025-10;Левітана;Боул Дабл Фіш;01886;Б_Каппи_Боул;18;6795.3
2025-10;Левітана;Боул Філадельфія;01887;Б_Каппи_Боул;34;11798.9
2025-10;Левітана;Боул з Лососем;01890;Б_Каппи_Боул;11;3841.9
2025-10;Левітана;Боул з креветкою;03168;Б_Каппи_Боул;6;1980.7
2025-10;Левітана;Васаби порц 7,5 г.;01036;Т Соуса порционные;5;57.9
2025-10;Левітана;Вершкова креветка;00775;Б_Каппи_Роллы;72;26358.3
2025-10;Левітана;Веселка;00509;Б_Каппи_Роллы;54;20806.1
2025-10;Левітана;Весняний Сет;01844;Б_Каппи_Сет;13;12669.9
2025-10;Левітана;Вишуканий дует;02989;Б_Каппи_Акции;3;1882
2025-10;Левітана;Вугор сет;02711;Б_Каппи_Сет;2;2307
2025-10;Левітана;Вулкан Карі;03144;Б_Каппи_Роллы;11;5195.7
2025-10;Левітана;Вулкан Токара;03126;Б_Каппи_Роллы;11;4681.2
2025-10;Левітана;Вулкан з креветкою;02799;Б_Каппи_Роллы;20;5920.6
2025-10;Левітана;Гурме;03127;Б_Каппи_Роллы;6;2330
2025-10;Левітана;Д Імбир Cappi 30 гр.;01049;Б_Каппи_Добавки;152;1748.2
2025-10;Левітана;Д Васабі Cappi 7,5 гр.;01050;Б_Каппи_Добавки;190;2096.5
2025-10;Левітана;Д Набір №1 (Соев.-1шт.,Імб.-1шт.,Вас.-1шт.);01916;Б_Каппи_Добавки;357;0
2025-10;Левітана;Д Набір №2 (Соев.-2шт.,Імб.-1шт.,Вас.-1шт.);01917;Б_Каппи_Добавки;401;0
2025-10;Левітана;Д Набір №3 (Соев.-3шт.,Імб.-2шт.,Вас.-1шт.);01918;Б_Каппи_Добавки;448;0
2025-10;Левітана;Д Набір №4 (Соев.-4шт.,Імб.-2шт.,Вас.-2шт.);01919;Б_Каппи_Добавки;492;0
2025-10;Левітана;Д Соус Барбекю;00501;Б_Каппи_Добавки;9;261
2025-10;Левітана;Д Соус Часниковий;01323;Б_Каппи_Добавки;22;638
2025-10;Левітана;Д Соус горіховий 20 гр.;00729;Б_Каппи_Добавки;10;286.2
2025-10;Левітана;Д Соус соєвий Cappi 50 гр.;00695;Б_Каппи_Добавки;86;751.5
2025-10;Левітана;Д Соус унагі 20 гр.;00728;Б_Каппи_Добавки;21;505.8
2025-10;Левітана;Д Спайсі соус 10 гр.;02929;Б_Каппи_Добавки;13;123.9
2025-10;Левітана;Дабл Тартар;02780;Б_Каппи_Роллы;52;19757.4
2025-10;Левітана;Джаз;01109;Б_Каппи_Роллы;84;5786.8
2025-10;Левітана;Дзен сет;01128;Б_Каппи_Сет;55;53331.9
2025-10;Левітана;Доставка (зелена);00829;Б_Прочие позиции;36;1315.6
2025-10;Левітана;Доставка (помаранчева);01235;Б_Прочие позиции;15;694.8
2025-10;Левітана;Дружня парочка;03159;Б_Каппи_Акции;3;1461.7
2025-10;Левітана;Ебі Грін;01790;Б_Каппи_Роллы;8;2288.9
2025-10;Левітана;Ебі авокадо;03149;Б_Каппи_Роллы;4;1384.9
2025-10;Левітана;Ебі манго;03150;Б_Каппи_Роллы;2;650
2025-10;Левітана;Ебі сет;02710;Б_Каппи_Сет;49;59293.2
2025-10;Левітана;Ебі темпура;02986;Б_Каппи_Закуски;66;15881.5
2025-10;Левітана;Екзотік;03041;Б_Каппи_Роллы;2;562.3
2025-10;Левітана;Замовлення з додатку;03198;;397;0
2025-10;Левітана;Заміна інгрідієнта;02139;Б_Прочие позиции;1;30
2025-10;Левітана;Зелений Дракон;00156;Б_Каппи_Роллы;8;3147.3
2025-10;Левітана;Зомбі;03188;Б_Сезонные блюда;19;5471
2025-10;Левітана;Йоші рол;02776;Б_Каппи_Роллы;17;6326.9
2025-10;Левітана;Каліфорнія ;00774;Б_Каппи_Роллы;30;10048
2025-10;Левітана;Каліфорнія Мікс;00653;Б_Каппи_Роллы;11;4673.6
2025-10;Левітана;Каліфорнія з креветкою;00654;Б_Каппи_Роллы;22;7806.1
2025-10;Левітана;Камамбер фрі;03093;Б_Каппи_Закуски;23;6340.4
2025-10;Левітана;Камертон;00960;Б_Каппи_Роллы;32;12470.5
2025-10;Левітана;Капібара полюбляє;03141;Б_Каппи_Сет;6;7170
2025-10;Левітана;Кароліна в країні жахів;02955;Б_Сезонные блюда;11;2558.7
2025-10;Левітана;Класика вдвох;02988;Б_Каппи_Акции;14;7135.8
2025-10;Левітана;Кока-кола 0,75 л БОРЩИК\ГЛОВО;03074;Б_Каппи_Glovo;1;38.7
2025-10;Левітана;Кока-кола 0,75 л.;01731;Б_Общее_Напитки;66;3960.6
2025-10;Левітана;Кока-кола жб 0,33 л.;01736;Б_Общее_Напитки;13;717.9
2025-10;Левітана;Кока-кола зеро жб 0,33 л.;01740;Б_Общее_Напитки;64;3613.4
2025-10;Левітана;Комбо #1;02178;Б_Каппи_Акции;1;1365
2025-10;Левітана;Комбо #3;02180;Б_Каппи_Акции;3;2969.6
2025-10;Левітана;Комбуча  WILD каркаде 0,33 л.;03185;Б_Общее_Напитки;11;1018.9
2025-10;Левітана;Комбуча  WILD класична 0,33 л.;03186;Б_Общее_Напитки;11;1004.8
2025-10;Левітана;Комбуча WILD зелений чай 0,33 л.;03184;Б_Общее_Напитки;15;1414.2
2025-10;Левітана;Компенсація за негоду;02771;;193;3751.7
2025-10;Левітана;Креветка в кунжуті;00511;Б_Каппи_Роллы;42;13493.5
2025-10;Левітана;Креветка в темпурі;00533;Б_Каппи_Темпура ролл;91;29315.6
2025-10;Левітана;Кривава Мері;03189;Б_Сезонные блюда;36;12692.5
2025-10;Левітана;Курка в Кисло-солодкому;01825;Б_Каппи_WOK;14;3474.6
2025-10;Левітана;Курортний;02169;Б_Каппи_Роллы;23;5249.1
2025-10;Левітана;Кімурай;03012;Б_Каппи_Роллы;32;12211.2
2025-10;Левітана;Лимонад 0,5 л.;02057;Б_Общее_Напитки;46;3378.1
2025-10;Левітана;Листівка до ДН;02061;Б_Прочие позиции;6;0
2025-10;Левітана;Логістичний збір;02770;;1203;33797
2025-10;Левітана;Лосось Пад Тай;02116;Б_Каппи_Роллы;19;6426.2
2025-10;Левітана;Лосось в темпурі;00534;Б_Каппи_Темпура ролл;71;15388.2
2025-10;Левітана;Лосось сет;00517;Б_Каппи_Сет;41;40186.5
2025-10;Левітана;Лідія Дітц;02957;Б_Сезонные блюда;7;1400.5
2025-10;Левітана;М Авокадо 20 г;02133;Б_Каппи_Модификаторы;6;234
2025-10;Левітана;М Балик 100 г;01204;Б_Каппи_Модификаторы;8;440
2025-10;Левітана;М Вершковий сир 20 г;02126;Б_Каппи_Модификаторы;11;221.5
2025-10;Левітана;М Вугор 20 г;02125;Б_Каппи_Модификаторы;3;195
2025-10;Левітана;М Горіховий соус 20 г;01651;Б_Каппи_Модификаторы;3;84.3
2025-10;Левітана;М Гриби 50 г;01194;Б_Каппи_Модификаторы;17;389.9
2025-10;Левітана;М Кальмар 20 г;02136;Б_Каппи_Модификаторы;10;346.8
2025-10;Левітана;М Креветка 2 шт.;02123;Б_Каппи_Модификаторы;10;490
2025-10;Левітана;М Креветка 2 шт.;02135;Б_Каппи_Модификаторы;19;931
2025-10;Левітана;М Курка 20 г;02131;Б_Каппи_Модификаторы;8;333.5
2025-10;Левітана;М Куряче філе 60 г;01195;Б_Каппи_Модификаторы;15;784.9
2025-10;Левітана;М Лосось 20 г;02122;Б_Каппи_Модификаторы;10;490
2025-10;Левітана;М Маслини 20 г;01196;Б_Каппи_Модификаторы;11;312.3
2025-10;Левітана;М Моцарела 100 г;01201;Б_Каппи_Модификаторы;5;280.1
2025-10;Левітана;М Мідії 20 г;02137;Б_Каппи_Модификаторы;7;245
2025-10;Левітана;М Пармезан 20 г;01193;Б_Каппи_Модификаторы;11;466.1
2025-10;Левітана;М Пепероні 50 г;01200;Б_Каппи_Модификаторы;7;538.4
2025-10;Левітана;М Перець болгарський 40 г;01197;Б_Каппи_Модификаторы;4;113.5
2025-10;Левітана;М Помідори 40 г;01199;Б_Каппи_Модификаторы;7;175
2025-10;Левітана;М Соус Барбекю 1 шт.;01202;Б_Каппи_Модификаторы;2;58
2025-10;Левітана;М Соус Пад Тай 10 г;02127;Б_Каппи_Модификаторы;9;90
2025-10;Левітана;М Соус Соєвий порц.;02728;Б_Каппи_Модификаторы;38;342
2025-10;Левітана;М Соус Теріякі 10 г;02130;Б_Каппи_Модификаторы;16;158.9
2025-10;Левітана;М Соус Унагі 20 г;01650;Б_Каппи_Модификаторы;23;565.3
2025-10;Левітана;М Соус Часниковий 1 шт.;01648;Б_Каппи_Модификаторы;8;232
2025-10;Левітана;М Соус Шірачі 5 г;02129;Б_Каппи_Модификаторы;11;110
2025-10;Левітана;М Спайсі соус 10 г;02128;Б_Каппи_Модификаторы;26;259.3
2025-10;Левітана;М Тунець 20 г;02124;Б_Каппи_Модификаторы;2;110
2025-10;Левітана;М Халапеньйо 15 г;01198;Б_Каппи_Модификаторы;6;117.6
2025-10;Левітана;Макі Вугор;00161;Б_Каппи_Роллы;19;4239.2
2025-10;Левітана;Макі Лосось;00159;Б_Каппи_Роллы;46;8367
2025-10;Левітана;Макі Огірок ;00506;Б_Каппи_Роллы;35;3168.4
2025-10;Левітана;Макі Сирний;00504;Б_Каппи_Роллы;22;1979.6
2025-10;Левітана;Макі Чука ;00507;Б_Каппи_Роллы;13;1448.5
2025-10;Левітана;Монако;00636;Б_Каппи_Роллы;14;6189.7
2025-10;Левітана;Морс Ягідний 0,5 л.;02697;Б_Общее_Напитки;36;2691
2025-10;Левітана;Моршинська без газу 0,5 л.;00585;Б_Общее_Напитки;3;135
2025-10;Левітана;Моршинська слаб.газ. 0,5 л.;00584;Б_Общее_Напитки;3;135
2025-10;Левітана;Мочі Полуниця;02618;Т_Десерты;21;2583.9
2025-10;Левітана;Мочі малина;02026;Т_Десерты;23;2843.1
2025-10;Левітана;Мочі смородина ;03161;Т_Десерты;12;1475
2025-10;Левітана;Мочі фісташка-халва;03162;Т_Десерты;7;834.6
2025-10;Левітана;Мідорі;03021;Б_Каппи_Премиум ролл;5;2178.3
2025-10;Левітана;Мідія в темпурі;02167;Б_Каппи_Темпура ролл;9;2803.2
2025-10;Левітана;Місо з тофу;00708;Б_Каппи_Супы;16;3142.2
2025-10;Левітана;Навчальні палички;01021;Б_Прочие позиции;64;280.9
2025-10;Левітана;Нью-Йорк ;02915;Б_Каппи_Роллы;34;14894.6
2025-10;Левітана;Одеський сет;02170;Б_Каппи_Сет;12;9207.4
2025-10;Левітана;Ойши сет;02819;Б_Каппи_Сет;12;12921
2025-10;Левітана;Онлайн оплата;02940;;295;0
2025-10;Левітана;Опен-фуд;02927;;458.7;456
2025-10;Левітана;Осака;00589;Б_Каппи_Роллы;49;16230.6
2025-10;Левітана;Париж;00657;Б_Каппи_Роллы;26;11767.7
2025-10;Левітана;Преміум Креветка;00652;Б_Каппи_Роллы;9;4040.3
2025-10;Левітана;Преміум сет;00658;Б_Каппи_Сет;14;23418.3
2025-10;Левітана;Пікантний краб;00531;Б_Каппи_Темпура ролл;14;3398
2025-10;Левітана;Пікантний лосось ;00532;Б_Каппи_Темпура ролл;19;6095.5
2025-10;Левітана;Піца 4 сезони;02101;Б_Каппи_Пицца;18;6385.5
2025-10;Левітана;Піца 4 сири;02118;Б_Каппи_Пицца;82;28713.1
2025-10;Левітана;Піца Амерікано;02111;Б_Каппи_Пицца;22;7133.7
2025-10;Левітана;Піца Гавайська;02104;Б_Каппи_Пицца;65;15847.9
2025-10;Левітана;Піца Груша Дор Блю;02175;Б_Каппи_Пицца;16;4919
2025-10;Левітана;Піца Кампаро;03131;Б_Каппи_Пицца;9;2588.9
2025-10;Левітана;Піца Курка та гриби;02177;Б_Каппи_Пицца;62;20931.7
2025-10;Левітана;Піца М'ясна;02102;Б_Каппи_Пицца;78;27316.8
2025-10;Левітана;Піца Маргарита;02174;Б_Каппи_Пицца;17;4622
2025-10;Левітана;Піца Мексиканська ;03130;Б_Каппи_Пицца;16;4422.1
2025-10;Левітана;Піца Мисливська;02176;Б_Каппи_Пицца;56;15953.6
2025-10;Левітана;Піца Океанія;02099;Б_Каппи_Пицца;25;9815.9
2025-10;Левітана;Піца Пепероні;02172;Б_Каппи_Пицца;54;15562.4
2025-10;Левітана;Піца Пепероні Блу Чіз;02119;Б_Каппи_Пицца;35;11630.5
2025-10;Левітана;Піца Том Ям;02978;Б_Каппи_Пицца;16;6004.2
2025-10;Левітана;Піца Чізбургер;02977;Б_Каппи_Пицца;35;11580.6
2025-10;Левітана;Піца з креветками та брі;02911;Б_Каппи_Пицца;16;6129.8
2025-10;Левітана;Піца з прошутто;03133;Б_Каппи_Пицца;13;4268.4
2025-10;Левітана;Піца з прошутто та грушою ;03132;Б_Каппи_Пицца;21;7422
2025-10;Левітана;Рамен Том Ям;02606;Б_Каппи_Супы;27;9863
2025-10;Левітана;Рамен Традиційний;02601;Б_Каппи_Супы;31;5593.8
2025-10;Левітана;Рис з куркою Гострий;00855;Б_Каппи_WOK;19;4176
2025-10;Левітана;Рол Пасаж;02168;Б_Каппи_Роллы;16;5156.4
2025-10;Левітана;Рол-Дог з Креветкою;01787;Б_Каппи_Темпура ролл;28;9118.2
2025-10;Левітана;Рол-Дог з Лососем;01788;Б_Каппи_Темпура ролл;9;2912.6
2025-10;Левітана;Сакайо;03128;Б_Каппи_Роллы;28;11758.7
2025-10;Левітана;Салат Чука-Вакаме;00602;Б_Каппи_Салати;39;7769.4
2025-10;Левітана;Салат з вугрем та авокадо;02900;Б_Каппи_Салати;4;1500
2025-10;Левітана;Салат з креветками, грушею та сиром Дор Блю		;02914;Б_Каппи_Салати;7;2493.5
2025-10;Левітана;Салат з тофу та овочами;02904;Б_Каппи_Салати;2;590
2025-10;Левітана;Салмон в боніто ;00538;Б_Каппи_Роллы;30;6311.3
2025-10;Левітана;Свіні Тодд;02956;Б_Сезонные блюда;5;1619
2025-10;Левітана;Сенкай;03022;Б_Каппи_Премиум ролл;29;14107.5
2025-10;Левітана;Сервісний збір_Glovo;01934;Б_Каппи_Glovo;110;2189.2
2025-10;Левітана;Сет 2х2;01175;Б_Каппи_Сет;17;16408.8
2025-10;Левітана;Сет Halloween;03196;;29;30943.2
2025-10;Левітана;Сет Бюджетний;03043;Б_Каппи_Сет;19;16905.2
2025-10;Левітана;Спайсі Вулкан;02113;Б_Каппи_Роллы;15;5659.7
2025-10;Левітана;Спрайт жб 0,33 л.;01749;Б_Общее_Напитки;3;173
2025-10;Левітана;Супер Комбо;02181;Б_Каппи_Акции;2;1810
2025-10;Левітана;Суші бургер з Креветкой;02943;Б_Каппи_Бургер;104;35001.4
2025-10;Левітана;Суші бургер з Лососем;02944;Б_Каппи_Бургер;114;38621.5
2025-10;Левітана;Сушіріто з креветкою ;03018;Б_Каппи_Суширито;53;9211.8
2025-10;Левітана;Сушіріто з куркою;03019;Б_Каппи_Суширито;11;1850
2025-10;Левітана;Сушіріто з лососем;03020;Б_Каппи_Суширито;44;10498
2025-10;Левітана;ТОП сет;00362;Б_Каппи_Сет;42;57259.1
2025-10;Левітана;Тайфун;03024;Б_Каппи_Темпура ролл;43;19571.3
2025-10;Левітана;Темпура вулкан з креветкою;03167;Б_Каппи_Темпура ролл;29;10265.1
2025-10;Левітана;Темпура вулкан з лососем;03166;Б_Каппи_Темпура ролл;49;14076.2
2025-10;Левітана;Темпура сет;00559;Б_Каппи_Сет;31;33124.5
2025-10;Левітана;Теплий сет;02712;Б_Каппи_Сет;52;42180.9
2025-10;Левітана;Том Ям;02597;Б_Каппи_Супы;69;24786
2025-10;Левітана;Тропік ;01862;Б_Каппи_Роллы;6;1966.2
2025-10;Левітана;Тропікана;03014;Б_Каппи_Роллы;44;16751.9
2025-10;Левітана;Тропічний Вулкан;02112;Б_Каппи_Роллы;12;4401.6
2025-10;Левітана;Удон з креветками;01813;Б_Каппи_WOK;28;9099.1
2025-10;Левітана;Удон з куркою Теріякі;00856;Б_Каппи_WOK;23;5957.1
2025-10;Левітана;Унагамі;03011;Б_Каппи_Роллы;16;6223.5
2025-10;Левітана;Унагі Брі;02906;Б_Каппи_Роллы;6;2538
2025-10;Левітана;Унагі Фаєр Рол;00656;Б_Каппи_Премиум ролл;12;5475
2025-10;Левітана;Ф'южн;03155;Б_Каппи_Роллы;11;3572.5
2025-10;Левітана;Фанта жб 0,33 л.;01743;Б_Общее_Напитки;2;114
2025-10;Левітана;Фламмі;03040;Б_Каппи_Роллы;18;4812.3
2025-10;Левітана;Фудзі темпура;00911;Б_Каппи_Темпура ролл;28;9348.1
2025-10;Левітана;Фунчоза з куркою;03164;Б_Каппи_WOK;20;5801.2
2025-10;Левітана;Фунчоза з морепродуктами;03165;Б_Каппи_WOK;38;11834.6
2025-10;Левітана;Філа Ланч;02706;Б_Каппи_Акции;21;9311.1
2025-10;Левітана;Філадельфія;00168;Б_Каппи_Роллы;198;74653.6
2025-10;Левітана;Філадельфія Класік;00459;Б_Каппи_Роллы;113;24801
2025-10;Левітана;Філадельфія Преміум;00611;Б_Каппи_Роллы;104;42591.7
2025-10;Левітана;Філадельфія з креветкою;02798;Б_Каппи_Роллы;65;25094.8
2025-10;Левітана;Філадельфія з манго;00612;Б_Каппи_Роллы;21;6846.3
2025-10;Левітана;Філадельфія з тунцем;00516;Б_Каппи_Роллы;19;7537.4
2025-10;Левітана;Цезар з куркою;02803;Б_Каппи_Салати;14;3897.5
2025-10;Левітана;Цезар з лососем;02992;Б_Каппи_Салати;10;2990
2025-10;Левітана;Чорний Дракон;00170;Б_Каппи_Роллы;23;9479.4
2025-10;Левітана;Чізі Креветка;01113;Б_Каппи_Роллы;37;9191.4
2025-10;Левітана;Чізі лосось;02921;Б_Каппи_Премиум ролл;10;4276.8
2025-10;Левітана;Юме сет;02818;Б_Каппи_Сет;12;13030.5
2025-10;Левітана;Які Ебі Манго;02946;Б_Каппи_Запеч_Роллы;55;17168.9
2025-10;Левітана;Які Салмон;02950;Б_Каппи_Запеч_Роллы;26;9251
2025-10;Левітана;Які Спайсі Краб;02949;Б_Каппи_Запеч_Роллы;53;14124.4
2025-10;Левітана;Які Туна ;02942;Б_Каппи_Запеч_Роллы;15;5160.7
2025-10;Левітана;Які Унагі;02945;Б_Каппи_Запеч_Роллы;48;14751.6
2025-10;Левітана;Яєчна з куркою та креветками;01815;Б_Каппи_WOK;23;7021.9
2025-10;Левітана;Яєчна з морепродуктами;00859;Б_Каппи_WOK;24;7173.4
2025-11;Лазарева;.Гарного дня!;00944;Б_Прочие позиции;1454;0
2025-11;Лазарева;Affinity сет;03015;Б_Каппи_Сет;14;15183.6
2025-11;Лазарева;Cappiroll;00583;Б_Каппи_Роллы;32;12005.5
2025-11;Лазарева;Cappizza;02173;Б_Каппи_Пицца;20;6074.1
2025-11;Лазарева;G Доставка;00984;Б_Каппи_Glovo;299;14925
2025-11;Лазарева;GC_Доставка 0 грн;02503;Б_Глово_Модификаторы;4;0
2025-11;Лазарева;Glovo <800 ;03025;;19;1742.4
2025-11;Лазарева;L`amour Сет;01729;Б_Каппи_Сет;6;6708.1
2025-11;Лазарева;MOVA світле пиво безалкогольне 0.33 л.;03049;Б_Общее_Напитки;8;677.4
2025-11;Лазарева;MOVA темне пиво безалкогольне 0,33 л.;03048;Б_Общее_Напитки;13;1061.7
2025-11;Лазарева;Party-комбо ( Pepsi Cola з/б 0,33л -1шт та  Pepsi Cola Max з/б 0,33л - 1шт;02708;Б_Каппи_Акции;1;1275
2025-11;Лазарева;Rich 1 л. Апельсин;00352;Б_Общее_Напитки;10;1089.5
2025-11;Лазарева;Rich 1 л. Экзотик;00172;Б_Общее_Напитки;7;788.6
2025-11;Лазарева;Rich 1 л. Яблуко;00415;Б_Общее_Напитки;2;230
2025-11;Лазарева;_Барбекю;03064;Б_Глово_Модификаторы;6;150
2025-11;Лазарева;_Гірчиця;03065;Б_Глово_Модификаторы;6;120
2025-11;Лазарева;_Кетчуп;03066;Б_Глово_Модификаторы;9;180
2025-11;Лазарева;_Комбо 1;03031;Б_Каппи_Glovo;17;5865
2025-11;Лазарева;_Комбо 2;03035;Б_Каппи_Glovo;5;1285
2025-11;Лазарева;_Комбо 3;03034;Б_Каппи_Glovo;25;9125
2025-11;Лазарева;_Комбо 4;03033;Б_Каппи_Glovo;16;5360.8
2025-11;Лазарева;_Комбо 5;03136;Б_Каппи_Glovo;6;1590
2025-11;Лазарева;_Комбо 6;03139;Б_Каппи_Glovo;6;1884.8
2025-11;Лазарева;_Комбо 7;03138;Б_Каппи_Glovo;16;5600
2025-11;Лазарева;_Комбо 8;03137;Б_Каппи_Glovo;7;2465
2025-11;Лазарева;_Майонез;03067;Б_Глово_Модификаторы;4;80
2025-11;Лазарева;_Сметана;03068;Б_Глово_Модификаторы;20;400
2025-11;Лазарева;_Хліб;03069;Б_Глово_Модификаторы;34;510
2025-11;Лазарева;Імператор;00892;Б_Каппи_Роллы;10;4557.8
2025-11;Лазарева;Акаї;03023;Б_Каппи_Премиум ролл;27;13962.5
2025-11;Лазарева;Аляска;00513;Б_Каппи_Премиум ролл;8;3329.4
2025-11;Лазарева;Аморе;02781;Б_Каппи_Роллы;23;9137.1
2025-11;Лазарева;Антикризовий сет;00578;Б_Каппи_Сет;79;46446.8
2025-11;Лазарева;Аурум ;03157;Б_Каппи_Роллы;9;2159.3
2025-11;Лазарева;Банзай ;00528;Б_Каппи_Темпура ролл;150;52153.6
2025-11;Лазарева;Бао бургер з крабом;02966;Б_Каппи_БАО;6;1781
2025-11;Лазарева;Бао бургер з креветкою;02967;Б_Каппи_БАО;7;2592.5
2025-11;Лазарева;Бао бургер з лососем;02968;Б_Каппи_БАО;4;1452.6
2025-11;Лазарева;Без приборів!;01593;Б_Прочие позиции;47;0
2025-11;Лазарева;Боніто з лососем;00154;Б_Каппи_Роллы;36;7085.5
2025-11;Лазарева;Боніто з тунцем;00512;Б_Каппи_Роллы;10;2601.4
2025-11;Лазарева;Борщ зі свининою;03028;Б_Каппи_Glovo;34;6766
2025-11;Лазарева;Боул Дабл Фіш;01886;Б_Каппи_Боул;6;2370
2025-11;Лазарева;Боул Філадельфія;01887;Б_Каппи_Боул;16;5505.6
2025-11;Лазарева;Боул з Лососем;01890;Б_Каппи_Боул;8;2878.2
2025-11;Лазарева;Боул з креветкою;03168;Б_Каппи_Боул;8;2710
2025-11;Лазарева;Бульон курячий;03029;Б_Каппи_Glovo;34;5950
2025-11;Лазарева;Вершкова креветка;00775;Б_Каппи_Роллы;44;15860.7
2025-11;Лазарева;Веселка;00509;Б_Каппи_Роллы;35;13734
2025-11;Лазарева;Весняний Сет;01844;Б_Каппи_Сет;17;16381.9
2025-11;Лазарева;Вишуканий дует;02989;Б_Каппи_Акции;1;675
2025-11;Лазарева;Вугор сет;02711;Б_Каппи_Сет;3;3585
2025-11;Лазарева;Вулкан Карі;03144;Б_Каппи_Роллы;11;4876
2025-11;Лазарева;Вулкан Токара;03126;Б_Каппи_Роллы;5;2099.1
2025-11;Лазарева;Вулкан з креветкою;02799;Б_Каппи_Роллы;27;7702.2
2025-11;Лазарева;Вулкан сет;03211;Б_Каппи_Сет;2;1790
2025-11;Лазарева;Вінегрет;03060;Б_Каппи_Glovo;6;750
2025-11;Лазарева;Гречана каша;03053;Б_Каппи_Glovo;2;160
2025-11;Лазарева;Гурме;03127;Б_Каппи_Роллы;7;2471.7
2025-11;Лазарева;Д Імбир Cappi 30 гр.;01049;Б_Каппи_Добавки;116;1348.5
2025-11;Лазарева;Д Васабі Cappi 7,5 гр.;01050;Б_Каппи_Добавки;109;1266.9
2025-11;Лазарева;Д Набір №1 (Соев.-1шт.,Імб.-1шт.,Вас.-1шт.);01916;Б_Каппи_Добавки;218;0
2025-11;Лазарева;Д Набір №2 (Соев.-2шт.,Імб.-1шт.,Вас.-1шт.);01917;Б_Каппи_Добавки;219;0
2025-11;Лазарева;Д Набір №3 (Соев.-3шт.,Імб.-2шт.,Вас.-1шт.);01918;Б_Каппи_Добавки;327;0
2025-11;Лазарева;Д Набір №4 (Соев.-4шт.,Імб.-2шт.,Вас.-2шт.);01919;Б_Каппи_Добавки;402;0
2025-11;Лазарева;Д Соус Барбекю;00501;Б_Каппи_Добавки;7;200.6
2025-11;Лазарева;Д Соус Часниковий;01323;Б_Каппи_Добавки;23;639.7
2025-11;Лазарева;Д Соус Ширачи 10г;02596;Б_Каппи_Добавки;1;12.6
2025-11;Лазарева;Д Соус горіховий 20 гр.;00729;Б_Каппи_Добавки;10;288.5
2025-11;Лазарева;Д Соус соєвий Cappi 50 гр.;00695;Б_Каппи_Добавки;44;382.7
2025-11;Лазарева;Д Соус унагі 20 гр.;00728;Б_Каппи_Добавки;13;316.4
2025-11;Лазарева;Д Спайсі соус 10 гр.;02929;Б_Каппи_Добавки;12;112.6
2025-11;Лазарева;Д_соус Теріякі  10 г;03191;Б_Каппи_Добавки;1;9.7
2025-11;Лазарева;Дабл Тартар;02780;Б_Каппи_Роллы;28;10179.3
2025-11;Лазарева;Деруни зі сметаною;03054;Б_Каппи_Glovo;18;2610
2025-11;Лазарева;Джаз;01109;Б_Каппи_Роллы;36;3983.7
2025-11;Лазарева;Дзен сет;01128;Б_Каппи_Сет;27;25978.8
2025-11;Лазарева;Доставка (зелена);00829;Б_Прочие позиции;12;445.9
2025-11;Лазарева;Доставка (помаранчева);01235;Б_Прочие позиции;16;731.2
2025-11;Лазарева;Доставка (рожева);03017;Б_Прочие позиции;1;142.8
2025-11;Лазарева;Доставка (синя);01051;Б_Прочие позиции;4;214.1
2025-11;Лазарева;Доставка (фіолетова);03016;Б_Прочие позиции;19;1862.6
2025-11;Лазарева;Ебі Грін;01790;Б_Каппи_Роллы;6;1709
2025-11;Лазарева;Ебі сет;02710;Б_Каппи_Сет;43;52631.4
2025-11;Лазарева;Ебі темпура;02986;Б_Каппи_Закуски;45;11453.5
2025-11;Лазарева;Екзотік;03041;Б_Каппи_Роллы;5;1457.7
2025-11;Лазарева;Замовлення з додатку;03198;;520;0
2025-11;Лазарева;Заміна інгрідієнта;02139;Б_Прочие позиции;3;90
2025-11;Лазарева;Зелений Дракон;00156;Б_Каппи_Роллы;8;3159
2025-11;Лазарева;Зомбі;03188;Б_Сезонные блюда;2;555.6
2025-11;Лазарева;Йоші рол;02776;Б_Каппи_Роллы;9;3374.5
2025-11;Лазарева;Каліфорнія ;00774;Б_Каппи_Роллы;21;6883.9
2025-11;Лазарева;Каліфорнія Мікс;00653;Б_Каппи_Роллы;9;3686.6
2025-11;Лазарева;Каліфорнія з креветкою;00654;Б_Каппи_Роллы;23;8121.6
2025-11;Лазарева;Камамбер фрі;03093;Б_Каппи_Закуски;18;4990.1
2025-11;Лазарева;Камертон;00960;Б_Каппи_Роллы;60;19543.5
2025-11;Лазарева;Капібара полюбляє;03141;Б_Каппи_Сет;5;5923.7
2025-11;Лазарева;Кароліна в країні жахів;02955;Б_Сезонные блюда;1;228
2025-11;Лазарева;Картопля по-домашньому  ;03051;Б_Каппи_Glovo;7;1015
2025-11;Лазарева;Класика вдвох;02988;Б_Каппи_Акции;12;6186
2025-11;Лазарева;Кока-кола 0,75 л БОРЩИК\ГЛОВО;03074;Б_Каппи_Glovo;12;780
2025-11;Лазарева;Кока-кола 0,75 л.;01731;Б_Общее_Напитки;56;3526.4
2025-11;Лазарева;Кока-кола жб 0,33 л БОРЩИК\ГЛОВО;03075;Б_Каппи_Glovo;8;472
2025-11;Лазарева;Кока-кола жб 0,33 л.;01736;Б_Общее_Напитки;24;1403
2025-11;Лазарева;Кока-кола зеро жб 0,33 л БОРЩИК\ГЛОВО;03076;Б_Каппи_Glovo;1;59
2025-11;Лазарева;Кока-кола зеро жб 0,33 л.;01740;Б_Общее_Напитки;32;1855.1
2025-11;Лазарева;Комбо #1;02178;Б_Каппи_Акции;3;4165
2025-11;Лазарева;Комбо #2;02179;Б_Каппи_Акции;5;5965
2025-11;Лазарева;Комбо #3;02180;Б_Каппи_Акции;4;3945.8
2025-11;Лазарева;Комбуча  WILD каркаде 0,33 л.;03185;Б_Общее_Напитки;7;631
2025-11;Лазарева;Комбуча  WILD класична 0,33 л.;03186;Б_Общее_Напитки;1;95
2025-11;Лазарева;Комбуча WILD зелений чай 0,33 л.;03184;Б_Общее_Напитки;3;259.6
2025-11;Лазарева;Компенсація за негоду;02771;;35;678.8
2025-11;Лазарева;Концепция-Борщик;03072;;162;0
2025-11;Лазарева;Котлета кордон-блю;03140;Б_Каппи_Glovo;1;205
2025-11;Лазарева;Котлета куряча;03091;Б_Каппи_Glovo;14;1950
2025-11;Лазарева;Котлета по-київськи ;03055;Б_Каппи_Glovo;7;1155
2025-11;Лазарева;Креветка в кунжуті;00511;Б_Каппи_Роллы;28;8505.2
2025-11;Лазарева;Креветка в темпурі;00533;Б_Каппи_Темпура ролл;74;23398.3
2025-11;Лазарева;Кривава Мері;03189;Б_Сезонные блюда;3;1044
2025-11;Лазарева;Курка в Кисло-солодкому;01825;Б_Каппи_WOK;9;2129.3
2025-11;Лазарева;Курортний;02169;Б_Каппи_Роллы;3;653.2
2025-11;Лазарева;Кімурай;03012;Б_Каппи_Роллы;18;6901.6
2025-11;Лазарева;Лимонад 0,5 л.;02057;Б_Общее_Напитки;25;1819
2025-11;Лазарева;Лимонад БОРЩИК\ГЛОВО;03085;Б_Каппи_Glovo;13;975
2025-11;Лазарева;Листівка до ДН;02061;Б_Прочие позиции;4;0
2025-11;Лазарева;Листівка сюрприз;02062;Б_Прочие позиции;1;0
2025-11;Лазарева;Логістичний збір;02770;;853.63;23716.5
2025-11;Лазарева;Лосось Пад Тай;02116;Б_Каппи_Роллы;20;6953.5
2025-11;Лазарева;Лосось в темпурі;00534;Б_Каппи_Темпура ролл;34;7249.4
2025-11;Лазарева;Лосось сет;00517;Б_Каппи_Сет;31;30687.8
2025-11;Лазарева;Лідія Дітц;02957;Б_Сезонные блюда;3;603.1
2025-11;Лазарева;М Авокадо 20 г;02133;Б_Каппи_Модификаторы;2;78
2025-11;Лазарева;М Балик 100 г;01204;Б_Каппи_Модификаторы;4;257.2
2025-11;Лазарева;М Вершковий сир 20 г;02126;Б_Каппи_Модификаторы;5;125
2025-11;Лазарева;М Горіховий соус 20 г;01651;Б_Каппи_Модификаторы;8;232
2025-11;Лазарева;М Гриби 50 г;01194;Б_Каппи_Модификаторы;10;232.3
2025-11;Лазарева;М Кальмар 20 г;02136;Б_Каппи_Модификаторы;6;208.4
2025-11;Лазарева;М Креветка 2 шт.;02123;Б_Каппи_Модификаторы;15;735
2025-11;Лазарева;М Креветка 2 шт.;02135;Б_Каппи_Модификаторы;7;343
2025-11;Лазарева;М Курка 20 г;02131;Б_Каппи_Модификаторы;4;221.5
2025-11;Лазарева;М Куряче філе 60 г;01195;Б_Каппи_Модификаторы;8;436.7
2025-11;Лазарева;М Лосось 20 г;02122;Б_Каппи_Модификаторы;2;80.1
2025-11;Лазарева;М Маслини 20 г;01196;Б_Каппи_Модификаторы;9;278
2025-11;Лазарева;М Моцарела 100 г;01201;Б_Каппи_Модификаторы;5;287.1
2025-11;Лазарева;М Мідії 20 г;02137;Б_Каппи_Модификаторы;5;171.9
2025-11;Лазарева;М Огірок 20 г;02132;Б_Каппи_Модификаторы;1;25
2025-11;Лазарева;М Пармезан 20 г;01193;Б_Каппи_Модификаторы;8;349
2025-11;Лазарева;М Пепероні 50 г;01200;Б_Каппи_Модификаторы;2;164.4
2025-11;Лазарева;М Перець болгарський 40 г;01197;Б_Каппи_Модификаторы;4;116
2025-11;Лазарева;М Помідори 40 г;01199;Б_Каппи_Модификаторы;11;268.8
2025-11;Лазарева;М Соус Барбекю 1 шт.;01202;Б_Каппи_Модификаторы;5;145
2025-11;Лазарева;М Соус Пад Тай 10 г;02127;Б_Каппи_Модификаторы;11;110
2025-11;Лазарева;М Соус Соєвий порц.;02728;Б_Каппи_Модификаторы;38;337.5
2025-11;Лазарева;М Соус Теріякі 10 г;02130;Б_Каппи_Модификаторы;21;206.3
2025-11;Лазарева;М Соус Унагі 20 г;01650;Б_Каппи_Модификаторы;13;320.4
2025-11;Лазарева;М Соус Часниковий 1 шт.;01648;Б_Каппи_Модификаторы;12;345
2025-11;Лазарева;М Соус Шірачі 5 г;02129;Б_Каппи_Модификаторы;7;65.1
2025-11;Лазарева;М Спайсі соус 10 г;02128;Б_Каппи_Модификаторы;25;249.1
2025-11;Лазарева;М Халапеньйо 15 г;01198;Б_Каппи_Модификаторы;16;308.4
2025-11;Лазарева;М'ясо по-французьки;03056;Б_Каппи_Glovo;9;2345
2025-11;Лазарева;Макі Вугор;00161;Б_Каппи_Роллы;24;5098.4
2025-11;Лазарева;Макі Лосось;00159;Б_Каппи_Роллы;62;10890.9
2025-11;Лазарева;Макі Огірок ;00506;Б_Каппи_Роллы;31;2838.6
2025-11;Лазарева;Макі Сирний;00504;Б_Каппи_Роллы;19;1768.8
2025-11;Лазарева;Макі Чука ;00507;Б_Каппи_Роллы;17;1884.6
2025-11;Лазарева;Млинці з вишнею та шоколадом ;03174;Б_Каппи_Glovo;8;1930
2025-11;Лазарева;Монако;00636;Б_Каппи_Роллы;8;3484.4
2025-11;Лазарева;Морс Ягідний 0,5 л.;02697;Б_Общее_Напитки;35;2586.4
2025-11;Лазарева;Морс Ягідний БОРЩИК\ГЛОВО;03086;Б_Каппи_Glovo;20;1500
2025-11;Лазарева;Моршинська без газу 0,5 л БОРЩИК\ГЛОВО;03087;Б_Каппи_Glovo;5;245
2025-11;Лазарева;Моршинська без газу 0,5 л.;00585;Б_Общее_Напитки;9;441
2025-11;Лазарева;Моршинська слаб.газ 0,5 л БОРЩИК\ГЛОВО;03088;Б_Каппи_Glovo;1;49
2025-11;Лазарева;Мочі Полуниця;02618;Т_Десерты;11;1233.8
2025-11;Лазарева;Мочі малина;02026;Т_Десерты;12;1364.2
2025-11;Лазарева;Мочі смородина ;03161;Т_Десерты;9;1037.4
2025-11;Лазарева;Мочі фісташка-халва;03162;Т_Десерты;7;811
2025-11;Лазарева;Мідорі;03021;Б_Каппи_Премиум ролл;6;2727.7
2025-11;Лазарева;Мідія в темпурі;02167;Б_Каппи_Темпура ролл;3;966.8
2025-11;Лазарева;Місо з тофу;00708;Б_Каппи_Супы;11;2142.9
2025-11;Лазарева;Навчальні палички;01021;Б_Прочие позиции;119;0
2025-11;Лазарева;Нагетси;03207;Б_Каппи_Закуски;10;1583.2
2025-11;Лазарева;Нью-Йорк ;02915;Б_Каппи_Роллы;27;11846.1
2025-11;Лазарева;Одеський сет;02170;Б_Каппи_Сет;13;10070.4
2025-11;Лазарева;Ойши сет;02819;Б_Каппи_Сет;4;4380
2025-11;Лазарева;Опен-фуд;02927;;200;200
2025-11;Лазарева;Осака;00589;Б_Каппи_Роллы;50;13816.8
2025-11;Лазарева;Париж;00657;Б_Каппи_Роллы;17;7180
2025-11;Лазарева;Пательня з куркою.;03036;Б_Каппи_Glovo;24;6120
2025-11;Лазарева;Пательня зі свининою;03030;Б_Каппи_Glovo;21;5355
2025-11;Лазарева;Пательня мисливська.;03037;Б_Каппи_Glovo;20;5102.2
2025-11;Лазарева;Пересип +;03045;;68;0
2025-11;Лазарева;Преміум Креветка;00652;Б_Каппи_Роллы;14;6379.9
2025-11;Лазарева;Преміум сет;00658;Б_Каппи_Сет;14;23548.2
2025-11;Лазарева;Пюре;03052;Б_Каппи_Glovo;9;1170
2025-11;Лазарева;Пікантний краб;00531;Б_Каппи_Темпура ролл;15;3704.9
2025-11;Лазарева;Пікантний лосось ;00532;Б_Каппи_Темпура ролл;23;6165.8
2025-11;Лазарева;Піца 4 сезони;02101;Б_Каппи_Пицца;9;3331.1
2025-11;Лазарева;Піца 4 сири;02118;Б_Каппи_Пицца;33;11619.6
2025-11;Лазарева;Піца Амерікано;02111;Б_Каппи_Пицца;12;3803.9
2025-11;Лазарева;Піца Гавайська;02104;Б_Каппи_Пицца;44;8430.7
2025-11;Лазарева;Піца Груша Дор Блю;02175;Б_Каппи_Пицца;20;6044.2
2025-11;Лазарева;Піца Кампаро;03131;Б_Каппи_Пицца;3;838.4
2025-11;Лазарева;Піца Курка та гриби;02177;Б_Каппи_Пицца;22;7146.3
2025-11;Лазарева;Піца М'ясна;02102;Б_Каппи_Пицца;50;17264.5
2025-11;Лазарева;Піца Маргарита;02174;Б_Каппи_Пицца;14;3672.1
2025-11;Лазарева;Піца Мексиканська ;03130;Б_Каппи_Пицца;13;3696.1
2025-11;Лазарева;Піца Мисливська;02176;Б_Каппи_Пицца;33;9209.5
2025-11;Лазарева;Піца Океанія;02099;Б_Каппи_Пицца;11;4431.4
2025-11;Лазарева;Піца Пепероні;02172;Б_Каппи_Пицца;41;10285.1
2025-11;Лазарева;Піца Пепероні Блу Чіз;02119;Б_Каппи_Пицца;18;6141.5
2025-11;Лазарева;Піца Том Ям;02978;Б_Каппи_Пицца;15;5893.7
2025-11;Лазарева;Піца Чізбургер;02977;Б_Каппи_Пицца;19;6054.1
2025-11;Лазарева;Піца з креветками та брі;02911;Б_Каппи_Пицца;18;7136.4
2025-11;Лазарева;Піца з прошутто;03133;Б_Каппи_Пицца;18;5935.5
2025-11;Лазарева;Піца з прошутто та грушою ;03132;Б_Каппи_Пицца;10;3571.3
2025-11;Лазарева;Рамен Том Ям;02606;Б_Каппи_Супы;14;5128.2
2025-11;Лазарева;Рамен Традиційний;02601;Б_Каппи_Супы;15;2616.3
2025-11;Лазарева;Рамен з куркою;03201;Б_Каппи_Супы;9;1932.4
2025-11;Лазарева;Рамен з морепродуктами ;03200;Б_Каппи_Супы;9;2287.2
2025-11;Лазарева;Рис;03208;Б_Каппи_Glovo;1;80
2025-11;Лазарева;Рис з куркою Гострий;00855;Б_Каппи_WOK;15;3476.5
2025-11;Лазарева;Рол Пасаж;02168;Б_Каппи_Роллы;8;2639.1
2025-11;Лазарева;Рол-Дог з Креветкою;01787;Б_Каппи_Темпура ролл;7;2131.9
2025-11;Лазарева;Рол-Дог з Лососем;01788;Б_Каппи_Темпура ролл;5;1598.9
2025-11;Лазарева;Сакайо;03128;Б_Каппи_Роллы;12;4927.6
2025-11;Лазарева;"Салат ""Олів'є"" з куркою";03059;Б_Каппи_Glovo;14;2590
2025-11;Лазарева;Салат Цезар з куркою (борщик);03057;Б_Каппи_Glovo;6;1624.6
2025-11;Лазарева;Салат Чука-Вакаме;00602;Б_Каппи_Салати;21;4255.5
2025-11;Лазарева;Салат з вугрем та авокадо;02900;Б_Каппи_Салати;2;750
2025-11;Лазарева;Салат з капустою та огірком;03135;Б_Каппи_Glovo;6;750
2025-11;Лазарева;Салат з креветками, грушею та сиром Дор Блю		;02914;Б_Каппи_Салати;6;2239.6
2025-11;Лазарева;Салат з тофу та овочами;02904;Б_Каппи_Салати;1;295
2025-11;Лазарева;Салат крабовий;03058;Б_Каппи_Glovo;12;2460
2025-11;Лазарева;Салмон в боніто ;00538;Б_Каппи_Роллы;22;3860.2
2025-11;Лазарева;Сенкай;03022;Б_Каппи_Премиум ролл;16;8339.1
2025-11;Лазарева;Сервісний збір_Glovo;01934;Б_Каппи_Glovo;96;1958.7
2025-11;Лазарева;Сет 2х2;01175;Б_Каппи_Сет;14;13665
2025-11;Лазарева;Сет Halloween;03196;;9;9671.5
2025-11;Лазарева;Сет Бюджетний;03043;Б_Каппи_Сет;10;8669.9
2025-11;Лазарева;Сирники з родзинками;03062;Б_Каппи_Glovo;7;1155
2025-11;Лазарева;Сирники класичні;03173;Б_Каппи_Glovo;3;465
2025-11;Лазарева;Солянка;03038;Б_Каппи_Glovo;27;6758
2025-11;Лазарева;Спайсі Вулкан;02113;Б_Каппи_Роллы;10;3853
2025-11;Лазарева;Спрайт жб 0,33 л  БОРЩИК\ГЛОВО;03089;Б_Каппи_Glovo;1;59
2025-11;Лазарева;Спрайт жб 0,33 л.;01749;Б_Общее_Напитки;1;59
2025-11;Лазарева;Суші бургер з Креветкой;02943;Б_Каппи_Бургер;74;23835.5
2025-11;Лазарева;Суші бургер з Лососем;02944;Б_Каппи_Бургер;55;18807.2
2025-11;Лазарева;Сушіріто з креветкою ;03018;Б_Каппи_Суширито;33;6249.4
2025-11;Лазарева;Сушіріто з куркою;03019;Б_Каппи_Суширито;14;2395.5
2025-11;Лазарева;Сушіріто з лососем;03020;Б_Каппи_Суширито;19;4597.3
2025-11;Лазарева;ТОП сет;00362;Б_Каппи_Сет;19;25797.3
2025-11;Лазарева;Тайфун;03024;Б_Каппи_Темпура ролл;10;4577.6
2025-11;Лазарева;Темпура вулкан з креветкою;03167;Б_Каппи_Темпура ролл;12;4304.3
2025-11;Лазарева;Темпура вулкан з лососем;03166;Б_Каппи_Темпура ролл;22;6231.6
2025-11;Лазарева;Темпура сет;00559;Б_Каппи_Сет;28;30180.9
2025-11;Лазарева;Темпура-суширіто з крабом;03193;Б_Каппи_Суширито;34;5717.1
2025-11;Лазарева;Темпура-суширіто мікс;03194;Б_Каппи_Суширито;43;10127.5
2025-11;Лазарева;Теплий сет;02712;Б_Каппи_Сет;52;42717.8
2025-11;Лазарева;Том Ям;02597;Б_Каппи_Супы;40;14595.7
2025-11;Лазарева;Тропік ;01862;Б_Каппи_Роллы;9;2809.3
2025-11;Лазарева;Тропікана;03014;Б_Каппи_Роллы;21;7991.1
2025-11;Лазарева;Тропічний Вулкан;02112;Б_Каппи_Роллы;17;6132.8
2025-11;Лазарева;Удон з креветками;01813;Б_Каппи_WOK;14;4660
2025-11;Лазарева;Удон з куркою Теріякі;00856;Б_Каппи_WOK;18;4738.1
2025-11;Лазарева;Унагамі;03011;Б_Каппи_Роллы;8;3259.1
2025-11;Лазарева;Унагі Брі;02906;Б_Каппи_Роллы;5;2066.9
2025-11;Лазарева;Унагі Фаєр Рол;00656;Б_Каппи_Премиум ролл;2;930
2025-11;Лазарева;Ф'южн;03155;Б_Каппи_Роллы;3;994.9
2025-11;Лазарева;Фанта жб 0,33 л БОРЩИК\ГЛОВО;03090;Б_Каппи_Glovo;3;177
2025-11;Лазарева;Фанта жб 0,33 л.;01743;Б_Общее_Напитки;7;405.6
2025-11;Лазарева;Фламмі;03040;Б_Каппи_Роллы;6;1714.9
2025-11;Лазарева;Фудзі темпура;00911;Б_Каппи_Темпура ролл;34;9441.7
2025-11;Лазарева;Фунчоза з куркою;03164;Б_Каппи_WOK;17;4185.6
2025-11;Лазарева;Фунчоза з морепродуктами;03165;Б_Каппи_WOK;24;7383.8
2025-11;Лазарева;Філа Ланч;02706;Б_Каппи_Акции;9;4097.5
2025-11;Лазарева;Філадельфія;00168;Б_Каппи_Роллы;153;51696.3
2025-11;Лазарева;Філадельфія Класік;00459;Б_Каппи_Роллы;74;15939.4
2025-11;Лазарева;Філадельфія Преміум;00611;Б_Каппи_Роллы;92;33166.1
2025-11;Лазарева;Філадельфія Унагі;02635;Б_Каппи_Роллы;2;790
2025-11;Лазарева;Філадельфія з креветкою;02798;Б_Каппи_Роллы;33;12572.7
2025-11;Лазарева;Філадельфія з манго;00612;Б_Каппи_Роллы;19;6116.2
2025-11;Лазарева;Філадельфія з тунцем;00516;Б_Каппи_Роллы;14;5589.9
2025-11;Лазарева;Цезар з куркою;02803;Б_Каппи_Салати;17;4847.6
2025-11;Лазарева;Цезар з лососем;02992;Б_Каппи_Салати;4;1160.9
2025-11;Лазарева;Чорний Дракон;00170;Б_Каппи_Роллы;24;9908.4
2025-11;Лазарева;Чізі Креветка;01113;Б_Каппи_Роллы;17;4090
2025-11;Лазарева;Чізі лосось;02921;Б_Каппи_Премиум ролл;4;1709.7
2025-11;Лазарева;Юме сет;02818;Б_Каппи_Сет;4;4313.8
2025-11;Лазарева;Які Ебі Манго;02946;Б_Каппи_Запеч_Роллы;23;7740.3
2025-11;Лазарева;Які Салмон;02950;Б_Каппи_Запеч_Роллы;12;4523.9
2025-11;Лазарева;Які Спайсі Краб;02949;Б_Каппи_Запеч_Роллы;25;6973.7
2025-11;Лазарева;Які Туна ;02942;Б_Каппи_Запеч_Роллы;17;5998.2
2025-11;Лазарева;Які Унагі;02945;Б_Каппи_Запеч_Роллы;25;8584.5
2025-11;Лазарева;Яєчна з куркою та креветками;01815;Б_Каппи_WOK;9;2825.2
2025-11;Лазарева;Яєчна з морепродуктами;00859;Б_Каппи_WOK;8;2591.7
2025-11;Лазарева;рол Борщ;03209;Б_Каппи_Роллы;1;289
2025-11;Левітана;.Гарного дня!;00944;Б_Прочие позиции;2238;0
2025-11;Левітана;Affinity сет;03015;Б_Каппи_Сет;15;16092.5
2025-11;Левітана;Cappiroll;00583;Б_Каппи_Роллы;64;24974
2025-11;Левітана;Cappizza;02173;Б_Каппи_Пицца;44;13861.5
2025-11;Левітана;G Доставка;00984;Б_Каппи_Glovo;482;24043.9
2025-11;Левітана;GC_Доставка 0 грн;02503;Б_Глово_Модификаторы;15;0
2025-11;Левітана;L`amour Сет;01729;Б_Каппи_Сет;18;19888.1
2025-11;Левітана;MOVA світле пиво безалкогольне 0.33 л.;03049;Б_Общее_Напитки;14;1102.1
2025-11;Левітана;MOVA темне пиво безалкогольне 0,33 л.;03048;Б_Общее_Напитки;10;841
2025-11;Левітана;Rich 1 л. Апельсин;00352;Б_Общее_Напитки;7;799.7
2025-11;Левітана;Rich 1 л. Экзотик;00172;Б_Общее_Напитки;16;1771.7
2025-11;Левітана;Rich 1 л. Яблуко;00415;Б_Общее_Напитки;10;1138.5
2025-11;Левітана;Імператор;00892;Б_Каппи_Роллы;22;9841
2025-11;Левітана;Акаї;03023;Б_Каппи_Премиум ролл;29;14650.9
2025-11;Левітана;Аляска;00513;Б_Каппи_Премиум ролл;7;2959.5
2025-11;Левітана;Аморе;02781;Б_Каппи_Роллы;35;13730.9
2025-11;Левітана;Антикризовий сет;00578;Б_Каппи_Сет;102;59710.9
2025-11;Левітана;Аурум ;03157;Б_Каппи_Роллы;19;4591.9
2025-11;Левітана;Банзай ;00528;Б_Каппи_Темпура ролл;198;69755.5
2025-11;Левітана;Бао бургер з крабом;02966;Б_Каппи_БАО;6;1747.5
2025-11;Левітана;Бао бургер з креветкою;02967;Б_Каппи_БАО;9;3188.1
2025-11;Левітана;Бао бургер з лососем;02968;Б_Каппи_БАО;5;1642.2
2025-11;Левітана;Без приборів!;01593;Б_Прочие позиции;93;0
2025-11;Левітана;Блек Філа;03187;Б_Сезонные блюда;1;325.9
2025-11;Левітана;Боніто з лососем;00154;Б_Каппи_Роллы;26;5372.4
2025-11;Левітана;Боніто з тунцем;00512;Б_Каппи_Роллы;9;2412.4
2025-11;Левітана;Боул Дабл Фіш;01886;Б_Каппи_Боул;17;6521.1
2025-11;Левітана;Боул Філадельфія;01887;Б_Каппи_Боул;32;10189.3
2025-11;Левітана;Боул з Лососем;01890;Б_Каппи_Боул;20;6821
2025-11;Левітана;Боул з креветкою;03168;Б_Каппи_Боул;27;8764.1
2025-11;Левітана;Васаби порц 7,5 г.;01036;Т Соуса порционные;4;48
2025-11;Левітана;Вершкова креветка;00775;Б_Каппи_Роллы;65;22768.8
2025-11;Левітана;Веселка;00509;Б_Каппи_Роллы;63;24275.8
2025-11;Левітана;Весняний Сет;01844;Б_Каппи_Сет;19;18249.6
2025-11;Левітана;Вугор сет;02711;Б_Каппи_Сет;5;5927.7
2025-11;Левітана;Вулкан Карі;03144;Б_Каппи_Роллы;8;3751.8
2025-11;Левітана;Вулкан Токара;03126;Б_Каппи_Роллы;11;4601.9
2025-11;Левітана;Вулкан з креветкою;02799;Б_Каппи_Роллы;53;14695
2025-11;Левітана;Вулкан сет;03211;Б_Каппи_Сет;3;2156.9
2025-11;Левітана;Гурме;03127;Б_Каппи_Роллы;10;3819.2
2025-11;Левітана;Д Імбир Cappi 30 гр.;01049;Б_Каппи_Добавки;159;1848.9
2025-11;Левітана;Д Васабі Cappi 7,5 гр.;01050;Б_Каппи_Добавки;195;2251.8
2025-11;Левітана;Д Набір №1 (Соев.-1шт.,Імб.-1шт.,Вас.-1шт.);01916;Б_Каппи_Добавки;441;0
2025-11;Левітана;Д Набір №2 (Соев.-2шт.,Імб.-1шт.,Вас.-1шт.);01917;Б_Каппи_Добавки;387;0
2025-11;Левітана;Д Набір №3 (Соев.-3шт.,Імб.-2шт.,Вас.-1шт.);01918;Б_Каппи_Добавки;521;0
2025-11;Левітана;Д Набір №4 (Соев.-4шт.,Імб.-2шт.,Вас.-2шт.);01919;Б_Каппи_Добавки;562;0
2025-11;Левітана;Д Соус Барбекю;00501;Б_Каппи_Добавки;19;543.2
2025-11;Левітана;Д Соус Часниковий;01323;Б_Каппи_Добавки;25;715.7
2025-11;Левітана;Д Соус горіховий 20 гр.;00729;Б_Каппи_Добавки;15;407.1
2025-11;Левітана;Д Соус соєвий Cappi 50 гр.;00695;Б_Каппи_Добавки;102;888.6
2025-11;Левітана;Д Соус унагі 20 гр.;00728;Б_Каппи_Добавки;20;464.3
2025-11;Левітана;Д Спайсі соус 10 гр.;02929;Б_Каппи_Добавки;16;153.3
2025-11;Левітана;Д_Авокадо 20 г;03095;Б_Каппи_Добавки;1;39
2025-11;Левітана;Д_Огірок 20 гр;03100;Б_Каппи_Добавки;1;25
2025-11;Левітана;Д_соус Теріякі  10 г;03191;Б_Каппи_Добавки;7;66.6
2025-11;Левітана;Дабл Тартар;02780;Б_Каппи_Роллы;60;22250
2025-11;Левітана;Джаз;01109;Б_Каппи_Роллы;76;6796.6
2025-11;Левітана;Дзен сет;01128;Б_Каппи_Сет;50;48994
2025-11;Левітана;Доставка;01341;Б_Прочие позиции;1;60
2025-11;Левітана;Доставка (зелена);00829;Б_Прочие позиции;35;1212.2
2025-11;Левітана;Доставка (помаранчева);01235;Б_Прочие позиции;22;896.9
2025-11;Левітана;Доставка (синя);01051;Б_Прочие позиции;6;327.3
2025-11;Левітана;Дружня парочка;03159;Б_Каппи_Акции;1;495
2025-11;Левітана;Ебі Грін;01790;Б_Каппи_Роллы;8;2262.6
2025-11;Левітана;Ебі сет;02710;Б_Каппи_Сет;66;80430.9
2025-11;Левітана;Ебі темпура;02986;Б_Каппи_Закуски;72;18101.7
2025-11;Левітана;Екзотік;03041;Б_Каппи_Роллы;5;1454.6
2025-11;Левітана;Замовлення з додатку;03198;;901;0
2025-11;Левітана;Заміна інгрідієнта;02139;Б_Прочие позиции;2;60
2025-11;Левітана;Зелений Дракон;00156;Б_Каппи_Роллы;14;5875.3
2025-11;Левітана;Зомбі;03188;Б_Сезонные блюда;3;829.9
2025-11;Левітана;Имбирь порц 30 г.;01037;Т Соуса порционные;1;12
2025-11;Левітана;Йоші рол;02776;Б_Каппи_Роллы;8;3070.7
2025-11;Левітана;Каліфорнія ;00774;Б_Каппи_Роллы;27;8812.7
2025-11;Левітана;Каліфорнія Мікс;00653;Б_Каппи_Роллы;14;5677.3
2025-11;Левітана;Каліфорнія з креветкою;00654;Б_Каппи_Роллы;33;11463.9
2025-11;Левітана;Камамбер фрі;03093;Б_Каппи_Закуски;37;10371.8
2025-11;Левітана;Камертон;00960;Б_Каппи_Роллы;75;23914.7
2025-11;Левітана;Капібара полюбляє;03141;Б_Каппи_Сет;5;5882.2
2025-11;Левітана;Класика вдвох;02988;Б_Каппи_Акции;11;5586.2
2025-11;Левітана;Кока-кола 0,75 л.;01731;Б_Общее_Напитки;70;4407.4
2025-11;Левітана;Кока-кола жб 0,33 л.;01736;Б_Общее_Напитки;26;1500
2025-11;Левітана;Кока-кола зеро жб 0,33 л.;01740;Б_Общее_Напитки;77;4456.5
2025-11;Левітана;Комбо #1;02178;Б_Каппи_Акции;2;2780
2025-11;Левітана;Комбо #2;02179;Б_Каппи_Акции;1;1068.8
2025-11;Левітана;Комбо #3;02180;Б_Каппи_Акции;4;3967.4
2025-11;Левітана;Комбуча  WILD каркаде 0,33 л.;03185;Б_Общее_Напитки;6;538.4
2025-11;Левітана;Комбуча  WILD класична 0,33 л.;03186;Б_Общее_Напитки;11;1009.3
2025-11;Левітана;Комбуча WILD зелений чай 0,33 л.;03184;Б_Общее_Напитки;7;617.1
2025-11;Левітана;Компенсація за негоду;02771;;19;357.1
2025-11;Левітана;Креветка в кунжуті;00511;Б_Каппи_Роллы;42;12859.7
2025-11;Левітана;Креветка в темпурі;00533;Б_Каппи_Темпура ролл;114;36366.8
2025-11;Левітана;Кривава Мері;03189;Б_Сезонные блюда;5;1548.6
2025-11;Левітана;Курка в Кисло-солодкому;01825;Б_Каппи_WOK;20;4879
2025-11;Левітана;Курортний;02169;Б_Каппи_Роллы;24;5354.5
2025-11;Левітана;Кімурай;03012;Б_Каппи_Роллы;31;11864.9
2025-11;Левітана;Лимонад 0,5 л.;02057;Б_Общее_Напитки;46;3332.7
2025-11;Левітана;Листівка до ДН;02061;Б_Прочие позиции;14;0
2025-11;Левітана;Логістичний збір;02770;;1399;38567.9
2025-11;Левітана;Лосось Пад Тай;02116;Б_Каппи_Роллы;27;9082.7
2025-11;Левітана;Лосось в темпурі;00534;Б_Каппи_Темпура ролл;74;15864.1
2025-11;Левітана;Лосось сет;00517;Б_Каппи_Сет;38;36881.1
2025-11;Левітана;Лідія Дітц;02957;Б_Сезонные блюда;1;204
2025-11;Левітана;М Авокадо 20 г;02133;Б_Каппи_Модификаторы;2;78
2025-11;Левітана;М Балик 100 г;01204;Б_Каппи_Модификаторы;6;345.6
2025-11;Левітана;М Вершковий сир 20 г;02126;Б_Каппи_Модификаторы;12;241.8
2025-11;Левітана;М Вугор 20 г;02125;Б_Каппи_Модификаторы;1;65
2025-11;Левітана;М Горіховий соус 20 г;01651;Б_Каппи_Модификаторы;7;200
2025-11;Левітана;М Гриби 50 г;01194;Б_Каппи_Модификаторы;12;291.2
2025-11;Левітана;М Кальмар 20 г;02136;Б_Каппи_Модификаторы;10;350
2025-11;Левітана;М Креветка 2 шт.;02123;Б_Каппи_Модификаторы;10;480.1
2025-11;Левітана;М Креветка 2 шт.;02135;Б_Каппи_Модификаторы;15;735
2025-11;Левітана;М Курка 20 г;02131;Б_Каппи_Модификаторы;8;455.8
2025-11;Левітана;М Куряче філе 60 г;01195;Б_Каппи_Модификаторы;24;1289.7
2025-11;Левітана;М Лосось 20 г;02122;Б_Каппи_Модификаторы;1;49
2025-11;Левітана;М Маслини 20 г;01196;Б_Каппи_Модификаторы;13;393.3
2025-11;Левітана;М Моцарела 100 г;01201;Б_Каппи_Модификаторы;9;531
2025-11;Левітана;М Мідії 20 г;02137;Б_Каппи_Модификаторы;8;280
2025-11;Левітана;М Огірок 20 г;02132;Б_Каппи_Модификаторы;2;49.4
2025-11;Левітана;М Пармезан 20 г;01193;Б_Каппи_Модификаторы;13;565.3
2025-11;Левітана;М Пепероні 50 г;01200;Б_Каппи_Модификаторы;11;935
2025-11;Левітана;М Перець болгарський 40 г;01197;Б_Каппи_Модификаторы;1;29
2025-11;Левітана;М Помідори 40 г;01199;Б_Каппи_Модификаторы;7;171.1
2025-11;Левітана;М Соус Барбекю 1 шт.;01202;Б_Каппи_Модификаторы;3;85.3
2025-11;Левітана;М Соус Пад Тай 10 г;02127;Б_Каппи_Модификаторы;18;176.6
2025-11;Левітана;М Соус Соєвий порц.;02728;Б_Каппи_Модификаторы;45;404.1
2025-11;Левітана;М Соус Теріякі 10 г;02130;Б_Каппи_Модификаторы;25;248
2025-11;Левітана;М Соус Унагі 20 г;01650;Б_Каппи_Модификаторы;17;423.4
2025-11;Левітана;М Соус Часниковий 1 шт.;01648;Б_Каппи_Модификаторы;14;404.5
2025-11;Левітана;М Соус Шірачі 5 г;02129;Б_Каппи_Модификаторы;14;139
2025-11;Левітана;М Спайсі соус 10 г;02128;Б_Каппи_Модификаторы;24;232.9
2025-11;Левітана;М Тунець 20 г;02124;Б_Каппи_Модификаторы;2;110
2025-11;Левітана;М Халапеньйо 15 г;01198;Б_Каппи_Модификаторы;9;175.4
2025-11;Левітана;Макі Вугор;00161;Б_Каппи_Роллы;19;4302.6
2025-11;Левітана;Макі Лосось;00159;Б_Каппи_Роллы;51;9151.8
2025-11;Левітана;Макі Огірок ;00506;Б_Каппи_Роллы;48;4245.4
2025-11;Левітана;Макі Сирний;00504;Б_Каппи_Роллы;31;2731.3
2025-11;Левітана;Макі Чука ;00507;Б_Каппи_Роллы;38;4147.7
2025-11;Левітана;Монако;00636;Б_Каппи_Роллы;15;6420
2025-11;Левітана;Морс Ягідний 0,5 л.;02697;Б_Общее_Напитки;56;4080.7
2025-11;Левітана;Моршинська без газу 0,5 л.;00585;Б_Общее_Напитки;13;637
2025-11;Левітана;Моршинська слаб.газ. 0,5 л.;00584;Б_Общее_Напитки;3;147
2025-11;Левітана;Мочі Полуниця;02618;Т_Десерты;21;2593.5
2025-11;Левітана;Мочі малина;02026;Т_Десерты;20;2410
2025-11;Левітана;Мочі смородина ;03161;Т_Десерты;6;721.1
2025-11;Левітана;Мочі фісташка-халва;03162;Т_Десерты;10;1184.7
2025-11;Левітана;Мідорі;03021;Б_Каппи_Премиум ролл;8;3044.6
2025-11;Левітана;Мідія в темпурі;02167;Б_Каппи_Темпура ролл;6;1979.1
2025-11;Левітана;Місо з тофу;00708;Б_Каппи_Супы;13;2514.7
2025-11;Левітана;Навчальні палички;01021;Б_Прочие позиции;175;0
2025-11;Левітана;Нагетси;03207;Б_Каппи_Закуски;10;1631.3
2025-11;Левітана;Нью-Йорк ;02915;Б_Каппи_Роллы;51;22167.1
2025-11;Левітана;Одеський сет;02170;Б_Каппи_Сет;18;13864.6
2025-11;Левітана;Ойши сет;02819;Б_Каппи_Сет;14;13833.8
2025-11;Левітана;Опен-фуд;02927;;576.2;560.6
2025-11;Левітана;Осака;00589;Б_Каппи_Роллы;78;23002.6
2025-11;Левітана;Париж;00657;Б_Каппи_Роллы;27;12114.9
2025-11;Левітана;Преміум Креветка;00652;Б_Каппи_Роллы;24;10315.9
2025-11;Левітана;Преміум сет;00658;Б_Каппи_Сет;22;37033
2025-11;Левітана;Пікантний краб;00531;Б_Каппи_Темпура ролл;17;4228.8
2025-11;Левітана;Пікантний лосось ;00532;Б_Каппи_Темпура ролл;25;6617.8
2025-11;Левітана;Піца 4 сезони;02101;Б_Каппи_Пицца;21;7945.7
2025-11;Левітана;Піца 4 сири;02118;Б_Каппи_Пицца;84;29632.6
2025-11;Левітана;Піца Амерікано;02111;Б_Каппи_Пицца;26;8061.6
2025-11;Левітана;Піца Гавайська;02104;Б_Каппи_Пицца;79;18624.4
2025-11;Левітана;Піца Груша Дор Блю;02175;Б_Каппи_Пицца;24;7027
2025-11;Левітана;Піца Кампаро;03131;Б_Каппи_Пицца;12;3420.6
2025-11;Левітана;Піца Курка та гриби;02177;Б_Каппи_Пицца;80;26497.1
2025-11;Левітана;Піца М'ясна;02102;Б_Каппи_Пицца;91;31918.8
2025-11;Левітана;Піца Маргарита;02174;Б_Каппи_Пицца;24;6445.5
2025-11;Левітана;Піца Мексиканська ;03130;Б_Каппи_Пицца;15;4431.1
2025-11;Левітана;Піца Мисливська;02176;Б_Каппи_Пицца;59;16566.7
2025-11;Левітана;Піца Океанія;02099;Б_Каппи_Пицца;39;15399.8
2025-11;Левітана;Піца Пепероні;02172;Б_Каппи_Пицца;77;20275.9
2025-11;Левітана;Піца Пепероні Блу Чіз;02119;Б_Каппи_Пицца;43;13750.2
2025-11;Левітана;Піца Том Ям;02978;Б_Каппи_Пицца;23;9118.1
2025-11;Левітана;Піца Чізбургер;02977;Б_Каппи_Пицца;47;14570.5
2025-11;Левітана;Піца з креветками та брі;02911;Б_Каппи_Пицца;22;8461.3
2025-11;Левітана;Піца з прошутто;03133;Б_Каппи_Пицца;14;4343.6
2025-11;Левітана;Піца з прошутто та грушою ;03132;Б_Каппи_Пицца;23;8319.9
2025-11;Левітана;Рамен Том Ям;02606;Б_Каппи_Супы;19;6904.2
2025-11;Левітана;Рамен Традиційний;02601;Б_Каппи_Супы;20;3552
2025-11;Левітана;Рамен з куркою;03201;Б_Каппи_Супы;39;7227
2025-11;Левітана;Рамен з морепродуктами ;03200;Б_Каппи_Супы;28;6192.6
2025-11;Левітана;Рис з куркою Гострий;00855;Б_Каппи_WOK;34;7653.7
2025-11;Левітана;Рол Пасаж;02168;Б_Каппи_Роллы;19;6032.4
2025-11;Левітана;Рол-Дог з Креветкою;01787;Б_Каппи_Темпура ролл;15;4825.3
2025-11;Левітана;Рол-Дог з Лососем;01788;Б_Каппи_Темпура ролл;8;2541.4
2025-11;Левітана;Сакайо;03128;Б_Каппи_Роллы;23;9514
2025-11;Левітана;Салат Чука-Вакаме;00602;Б_Каппи_Салати;46;9116.7
2025-11;Левітана;Салат з вугрем та авокадо;02900;Б_Каппи_Салати;9;3335
2025-11;Левітана;Салат з креветками, грушею та сиром Дор Блю		;02914;Б_Каппи_Салати;6;2157.8
2025-11;Левітана;Салат з тофу та овочами;02904;Б_Каппи_Салати;6;1770
2025-11;Левітана;Салмон в боніто ;00538;Б_Каппи_Роллы;30;5430.6
2025-11;Левітана;Свіні Тодд;02956;Б_Сезонные блюда;1;292
2025-11;Левітана;Сенкай;03022;Б_Каппи_Премиум ролл;22;11073.5
2025-11;Левітана;Сервісний збір_Glovo;01934;Б_Каппи_Glovo;147;3105.2
2025-11;Левітана;Сет 2х2;01175;Б_Каппи_Сет;18;17638.4
2025-11;Левітана;Сет Halloween;03196;;2;2190
2025-11;Левітана;Сет Бюджетний;03043;Б_Каппи_Сет;17;15148
2025-11;Левітана;Спайсі Вулкан;02113;Б_Каппи_Роллы;21;8094.5
2025-11;Левітана;Спрайт жб 0,33 л.;01749;Б_Общее_Напитки;3;174.9
2025-11;Левітана;Суші бургер з Креветкой;02943;Б_Каппи_Бургер;135;46058.6
2025-11;Левітана;Суші бургер з Лососем;02944;Б_Каппи_Бургер;100;33344.3
2025-11;Левітана;Сушіріто з креветкою ;03018;Б_Каппи_Суширито;55;9261.9
2025-11;Левітана;Сушіріто з куркою;03019;Б_Каппи_Суширито;18;3033.3
2025-11;Левітана;Сушіріто з лососем;03020;Б_Каппи_Суширито;29;6793.8
2025-11;Левітана;ТОП сет;00362;Б_Каппи_Сет;52;71725.6
2025-11;Левітана;Тайфун;03024;Б_Каппи_Темпура ролл;25;11412
2025-11;Левітана;Темпура вулкан з креветкою;03167;Б_Каппи_Темпура ролл;29;9975.6
2025-11;Левітана;Темпура вулкан з лососем;03166;Б_Каппи_Темпура ролл;48;13169.5
2025-11;Левітана;Темпура сет;00559;Б_Каппи_Сет;34;36140.9
2025-11;Левітана;Темпура-суширіто з крабом;03193;Б_Каппи_Суширито;35;7173.3
2025-11;Левітана;Темпура-суширіто мікс;03194;Б_Каппи_Суширито;60;15513.7
2025-11;Левітана;Теплий сет;02712;Б_Каппи_Сет;67;54316.3
2025-11;Левітана;Том Ям;02597;Б_Каппи_Супы;90;32560
2025-11;Левітана;Тропік ;01862;Б_Каппи_Роллы;16;5118.3
2025-11;Левітана;Тропікана;03014;Б_Каппи_Роллы;33;12495.6
2025-11;Левітана;Тропічний Вулкан;02112;Б_Каппи_Роллы;14;5088.7
2025-11;Левітана;Удон з креветками;01813;Б_Каппи_WOK;20;6434.4
2025-11;Левітана;Удон з куркою Теріякі;00856;Б_Каппи_WOK;33;8279.3
2025-11;Левітана;Унагамі;03011;Б_Каппи_Роллы;18;6541
2025-11;Левітана;Унагі Брі;02906;Б_Каппи_Роллы;10;3998.1
2025-11;Левітана;Унагі Фаєр Рол;00656;Б_Каппи_Премиум ролл;7;3242.5
2025-11;Левітана;Ф'южн;03155;Б_Каппи_Роллы;14;4450
2025-11;Левітана;Фанта жб 0,33 л.;01743;Б_Общее_Напитки;8;446.5
2025-11;Левітана;Фламмі;03040;Б_Каппи_Роллы;9;2743.5
2025-11;Левітана;Фудзі темпура;00911;Б_Каппи_Темпура ролл;56;15932.5
2025-11;Левітана;Фунчоза з куркою;03164;Б_Каппи_WOK;25;6576
2025-11;Левітана;Фунчоза з морепродуктами;03165;Б_Каппи_WOK;46;13437.5
2025-11;Левітана;Філа Ланч;02706;Б_Каппи_Акции;22;9709.9
2025-11;Левітана;Філадельфія;00168;Б_Каппи_Роллы;272;95743
2025-11;Левітана;Філадельфія Класік;00459;Б_Каппи_Роллы;129;28543.4
2025-11;Левітана;Філадельфія Преміум;00611;Б_Каппи_Роллы;154;58055.3
2025-11;Левітана;Філадельфія Унагі;02635;Б_Каппи_Роллы;1;395
2025-11;Левітана;Філадельфія з креветкою;02798;Б_Каппи_Роллы;67;25233.4
2025-11;Левітана;Філадельфія з манго;00612;Б_Каппи_Роллы;35;11286.3
2025-11;Левітана;Філадельфія з тунцем;00516;Б_Каппи_Роллы;30;11843.5
2025-11;Левітана;Цезар з куркою;02803;Б_Каппи_Салати;23;6279.9
2025-11;Левітана;Цезар з лососем;02992;Б_Каппи_Салати;17;4946.3
2025-11;Левітана;Чорний Дракон;00170;Б_Каппи_Роллы;35;14116.7
2025-11;Левітана;Чізі Креветка;01113;Б_Каппи_Роллы;47;11250.1
2025-11;Левітана;Чізі лосось;02921;Б_Каппи_Премиум ролл;7;2721.2
2025-11;Левітана;Юме сет;02818;Б_Каппи_Сет;12;13111.1
2025-11;Левітана;Які Ебі Манго;02946;Б_Каппи_Запеч_Роллы;61;20894.9
2025-11;Левітана;Які Салмон;02950;Б_Каппи_Запеч_Роллы;23;8657.2
2025-11;Левітана;Які Спайсі Краб;02949;Б_Каппи_Запеч_Роллы;48;13292
2025-11;Левітана;Які Туна ;02942;Б_Каппи_Запеч_Роллы;20;7363.1
2025-11;Левітана;Які Унагі;02945;Б_Каппи_Запеч_Роллы;37;12918
2025-11;Левітана;Яєчна з куркою та креветками;01815;Б_Каппи_WOK;22;7082.2
2025-11;Левітана;Яєчна з морепродуктами;00859;Б_Каппи_WOK;27;8635.1
2025-11;Левітана;рол Борщ;03209;Б_Каппи_Роллы;4;1156
2025-12;Лазарева;.Гарного дня!;00944;Б_Прочие позиции;2091;0
2025-12;Лазарева;Affinity сет;03015;Б_Каппи_Сет;12;13191.3
2025-12;Лазарева;Cappiroll;00583;Б_Каппи_Роллы;48;18973.1
2025-12;Лазарева;Cappizza;02173;Б_Каппи_Пицца;37;11728
2025-12;Лазарева;G Доставка;00984;Б_Каппи_Glovo;379;18895.2
2025-12;Лазарева;GC_Доставка 0 грн;02503;Б_Глово_Модификаторы;32;0
2025-12;Лазарева;Glovo <800 ;03025;;23;2172
2025-12;Лазарева;L`amour Сет;01729;Б_Каппи_Сет;17;19210.9
2025-12;Лазарева;MOVA світле пиво безалкогольне 0.33 л.;03046;Б_Общее_Напитки;2;178
2025-12;Лазарева;MOVA світле пиво безалкогольне 0.33 л.;03049;Б_Общее_Напитки;9;784.2
2025-12;Лазарева;MOVA темне пиво безалкогольне 0,33 л.;03048;Б_Общее_Напитки;20;1674.9
2025-12;Лазарева;Party-комбо ( Pepsi Cola з/б 0,33л -1шт та  Pepsi Cola Max з/б 0,33л - 1шт;02708;Б_Каппи_Акции;4;5033.1
2025-12;Лазарева;Rich 1 л. Апельсин;00352;Б_Общее_Напитки;9;1022.5
2025-12;Лазарева;Rich 1 л. Экзотик;00172;Б_Общее_Напитки;12;1327.9
2025-12;Лазарева;Rich 1 л. Яблуко;00415;Б_Общее_Напитки;10;1150
2025-12;Лазарева;VIP-комбо;02709;Б_Каппи_Акции;2;4278.2
2025-12;Лазарева;_Барбекю;03064;Б_Глово_Модификаторы;1;25
2025-12;Лазарева;_Гірчиця;03065;Б_Глово_Модификаторы;5;100
2025-12;Лазарева;_Кетчуп;03066;Б_Глово_Модификаторы;8;160
2025-12;Лазарева;_Комбо 1;03031;Б_Каппи_Glovo;22;7590
2025-12;Лазарева;_Комбо 2;03035;Б_Каппи_Glovo;6;1542
2025-12;Лазарева;_Комбо 3;03034;Б_Каппи_Glovo;22;8030
2025-12;Лазарева;_Комбо 4;03033;Б_Каппи_Glovo;25;8697.5
2025-12;Лазарева;_Комбо 5;03136;Б_Каппи_Glovo;15;3975
2025-12;Лазарева;_Комбо 6;03139;Б_Каппи_Glovo;8;2792
2025-12;Лазарева;_Комбо 7;03138;Б_Каппи_Glovo;21;7455
2025-12;Лазарева;_Комбо 8;03137;Б_Каппи_Glovo;13;4295.5
2025-12;Лазарева;_Майонез;03067;Б_Глово_Модификаторы;4;80
2025-12;Лазарева;_Сметана;03068;Б_Глово_Модификаторы;46;920
2025-12;Лазарева;_Хліб;03069;Б_Глово_Модификаторы;66;990
2025-12;Лазарева;Імператор;00892;Б_Каппи_Роллы;15;6650.5
2025-12;Лазарева;Акаї;03023;Б_Каппи_Премиум ролл;16;8180.6
2025-12;Лазарева;Акіра;03217;Б_Каппи_Премиум ролл;18;8800.4
2025-12;Лазарева;Аляска;00513;Б_Каппи_Премиум ролл;3;1078.4
2025-12;Лазарева;Амаі;03218;Б_Каппи_Премиум ролл;2;1070
2025-12;Лазарева;Аморе;02781;Б_Каппи_Роллы;31;12103.3
2025-12;Лазарева;Антикризовий сет;00578;Б_Каппи_Сет;92;54847.6
2025-12;Лазарева;Аурум ;03157;Б_Каппи_Роллы;11;2739.2
2025-12;Лазарева;Банзай ;00528;Б_Каппи_Темпура ролл;161;60722.8
2025-12;Лазарева;Бао бургер з крабом;02966;Б_Каппи_БАО;4;1146
2025-12;Лазарева;Бао бургер з креветкою;02967;Б_Каппи_БАО;13;4784.3
2025-12;Лазарева;Бао бургер з лососем;02968;Б_Каппи_БАО;12;4447.3
2025-12;Лазарева;Без приборів!;01593;Б_Прочие позиции;64;0
2025-12;Лазарева;Боніто з лососем;00154;Б_Каппи_Роллы;61;9094.5
2025-12;Лазарева;Боніто з тунцем;00512;Б_Каппи_Роллы;8;1885.4
2025-12;Лазарева;Борщ зі свининою;03028;Б_Каппи_Glovo;52;10392
2025-12;Лазарева;Боул Дабл Фіш;01886;Б_Каппи_Боул;12;4580.4
2025-12;Лазарева;Боул Філадельфія;01887;Б_Каппи_Боул;19;6713.9
2025-12;Лазарева;Боул з Лососем;01890;Б_Каппи_Боул;11;3717.7
2025-12;Лазарева;Боул з креветкою;03168;Б_Каппи_Боул;15;4789.5
2025-12;Лазарева;Бульон курячий;03029;Б_Каппи_Glovo;51;8925
2025-12;Лазарева;Вершкова креветка;00775;Б_Каппи_Роллы;50;18853.3
2025-12;Лазарева;Веселка;00509;Б_Каппи_Роллы;45;18052.4
2025-12;Лазарева;Весняний Сет;01844;Б_Каппи_Сет;22;21443.5
2025-12;Лазарева;Вишуканий дует;02989;Б_Каппи_Акции;1;685
2025-12;Лазарева;Вугор сет;02711;Б_Каппи_Сет;5;5837
2025-12;Лазарева;Вулкан Карі;03144;Б_Каппи_Роллы;13;5808.2
2025-12;Лазарева;Вулкан Токара;03126;Б_Каппи_Роллы;7;3012.4
2025-12;Лазарева;Вулкан з креветкою;02799;Б_Каппи_Роллы;37;11980.2
2025-12;Лазарева;Вулкан сет;03211;Б_Каппи_Сет;8;6942
2025-12;Лазарева;Відбивна куряча;03039;Б_Каппи_Glovo;3;705
2025-12;Лазарева;Вінегрет;03060;Б_Каппи_Glovo;8;1000
2025-12;Лазарева;Гречана каша;03053;Б_Каппи_Glovo;4;320
2025-12;Лазарева;Гурме;03127;Б_Каппи_Роллы;7;2556
2025-12;Лазарева;Д Імбир Cappi 30 гр.;01049;Б_Каппи_Добавки;178;2072
2025-12;Лазарева;Д Васабі Cappi 7,5 гр.;01050;Б_Каппи_Добавки;213;2486.4
2025-12;Лазарева;Д Набір №1 (Соев.-1шт.,Імб.-1шт.,Вас.-1шт.);01916;Б_Каппи_Добавки;345;0
2025-12;Лазарева;Д Набір №2 (Соев.-2шт.,Імб.-1шт.,Вас.-1шт.);01917;Б_Каппи_Добавки;325;0
2025-12;Лазарева;Д Набір №3 (Соев.-3шт.,Імб.-2шт.,Вас.-1шт.);01918;Б_Каппи_Добавки;456;0
2025-12;Лазарева;Д Набір №4 (Соев.-4шт.,Імб.-2шт.,Вас.-2шт.);01919;Б_Каппи_Добавки;597;0
2025-12;Лазарева;Д Перчик Халапеньо 15 гр.;00616;Б_Каппи_Добавки;1;19.9
2025-12;Лазарева;Д Соус Барбекю;00501;Б_Каппи_Добавки;21;597.7
2025-12;Лазарева;Д Соус Часниковий;01323;Б_Каппи_Добавки;39;1065.8
2025-12;Лазарева;Д Соус Ширачи 10г;02596;Б_Каппи_Добавки;1;19
2025-12;Лазарева;Д Соус горіховий 20 гр.;00729;Б_Каппи_Добавки;6;161
2025-12;Лазарева;Д Соус соєвий Cappi 50 гр.;00695;Б_Каппи_Добавки;98;1145
2025-12;Лазарева;Д Соус унагі 20 гр.;00728;Б_Каппи_Добавки;21;513.2
2025-12;Лазарева;Д Спайсі соус 10 гр.;02929;Б_Каппи_Добавки;12;112.3
2025-12;Лазарева;Д_соус Теріякі  10 г;03191;Б_Каппи_Добавки;5;48
2025-12;Лазарева;Дабл Тартар;02780;Б_Каппи_Роллы;49;18320.6
2025-12;Лазарева;Деруни зі сметаною;03054;Б_Каппи_Glovo;21;3055
2025-12;Лазарева;Джаз;01109;Б_Каппи_Роллы;28;6090.2
2025-12;Лазарева;Дзен сет;01128;Б_Каппи_Сет;38;37155.4
2025-12;Лазарева;Доставка (зелена);00829;Б_Прочие позиции;19;590.7
2025-12;Лазарева;Доставка (помаранчева);01235;Б_Прочие позиции;22;1084.8
2025-12;Лазарева;Доставка (рожева);03017;Б_Прочие позиции;2;300
2025-12;Лазарева;Доставка (синя);01051;Б_Прочие позиции;11;605
2025-12;Лазарева;Доставка (фіолетова);03016;Б_Прочие позиции;20;1964.4
2025-12;Лазарева;Дружня парочка;03159;Б_Каппи_Акции;1;495
2025-12;Лазарева;Ебі Грін;01790;Б_Каппи_Роллы;11;3108.6
2025-12;Лазарева;Ебі сет;02710;Б_Каппи_Сет;74;92265.2
2025-12;Лазарева;Ебі темпура;02986;Б_Каппи_Закуски;69;17758.8
2025-12;Лазарева;Екзотік;03041;Б_Каппи_Роллы;5;1457.6
2025-12;Лазарева;Замовлення з додатку;03198;;747;0
2025-12;Лазарева;Заміна інгрідієнта;02139;Б_Прочие позиции;1;30
2025-12;Лазарева;Зелений Дракон;00156;Б_Каппи_Роллы;12;5025.9
2025-12;Лазарева;Йоші рол;02776;Б_Каппи_Роллы;6;2322.5
2025-12;Лазарева;Каліфорнія ;00774;Б_Каппи_Роллы;35;11783.3
2025-12;Лазарева;Каліфорнія Мікс;00653;Б_Каппи_Роллы;18;7568.8
2025-12;Лазарева;Каліфорнія з креветкою;00654;Б_Каппи_Роллы;34;12206.7
2025-12;Лазарева;Камамбер фрі;03093;Б_Каппи_Закуски;40;11412.3
2025-12;Лазарева;Камертон;00960;Б_Каппи_Роллы;56;22132.4
2025-12;Лазарева;Капібара полюбляє;03141;Б_Каппи_Сет;12;14340
2025-12;Лазарева;Картопля по-домашньому  ;03051;Б_Каппи_Glovo;9;1305
2025-12;Лазарева;Класика вдвох;02988;Б_Каппи_Акции;4;1829.3
2025-12;Лазарева;Кока-кола 0,75 л БОРЩИК\ГЛОВО;03074;Б_Каппи_Glovo;12;780
2025-12;Лазарева;Кока-кола 0,75 л.;01731;Б_Общее_Напитки;78;4847.6
2025-12;Лазарева;Кока-кола жб 0,33 л БОРЩИК\ГЛОВО;03075;Б_Каппи_Glovo;5;295
2025-12;Лазарева;Кока-кола жб 0,33 л.;01736;Б_Общее_Напитки;23;1336.8
2025-12;Лазарева;Кока-кола зеро жб 0,33 л БОРЩИК\ГЛОВО;03076;Б_Каппи_Glovo;4;236
2025-12;Лазарева;Кока-кола зеро жб 0,33 л.;01740;Б_Общее_Напитки;51;2970.5
2025-12;Лазарева;Комбо #1;02178;Б_Каппи_Акции;2;2596.5
2025-12;Лазарева;Комбо #2;02179;Б_Каппи_Акции;1;1195
2025-12;Лазарева;Комбо #3;02180;Б_Каппи_Акции;4;3880.5
2025-12;Лазарева;Комбуча  WILD каркаде 0,33 л.;03185;Б_Общее_Напитки;9;848.2
2025-12;Лазарева;Комбуча  WILD класична 0,33 л.;03186;Б_Общее_Напитки;10;932.5
2025-12;Лазарева;Комбуча WILD зелений чай 0,33 л.;03184;Б_Общее_Напитки;10;920.5
2025-12;Лазарева;Компенсація за негоду;02771;;40;774.1
2025-12;Лазарева;Концепция-Борщик;03072;;216;0
2025-12;Лазарева;Котлета кордон-блю;03140;Б_Каппи_Glovo;7;1435
2025-12;Лазарева;Котлета куряча;03091;Б_Каппи_Glovo;25;3641
2025-12;Лазарева;Котлета по-київськи ;03055;Б_Каппи_Glovo;16;2656
2025-12;Лазарева;Креветка в кунжуті;00511;Б_Каппи_Роллы;33;10641.4
2025-12;Лазарева;Креветка в темпурі;00533;Б_Каппи_Темпура ролл;82;26874.6
2025-12;Лазарева;Курка в Кисло-солодкому;01825;Б_Каппи_WOK;11;2789.3
2025-12;Лазарева;Курортний;02169;Б_Каппи_Роллы;14;3279.2
2025-12;Лазарева;Кімурай;03012;Б_Каппи_Роллы;23;8822.3
2025-12;Лазарева;Лимонад 0,5 л.;02057;Б_Общее_Напитки;26;2140.4
2025-12;Лазарева;Лимонад БОРЩИК\ГЛОВО;03085;Б_Каппи_Glovo;21;1575
2025-12;Лазарева;Листівка до ДН;02061;Б_Прочие позиции;16;0
2025-12;Лазарева;Логістичний збір;02770;;1298;36069.9
2025-12;Лазарева;Лосось Пад Тай;02116;Б_Каппи_Роллы;39;13084.2
2025-12;Лазарева;Лосось в темпурі;00534;Б_Каппи_Темпура ролл;74;16353.7
2025-12;Лазарева;Лосось сет;00517;Б_Каппи_Сет;45;44724.7
2025-12;Лазарева;М Авокадо 20 г;02133;Б_Каппи_Модификаторы;6;213.3
2025-12;Лазарева;М Балик 100 г;01204;Б_Каппи_Модификаторы;6;384.7
2025-12;Лазарева;М Вершковий сир 20 г;02126;Б_Каппи_Модификаторы;16;386.6
2025-12;Лазарева;М Вугор 20 г;02125;Б_Каппи_Модификаторы;2;126.7
2025-12;Лазарева;М Горіховий соус 20 г;01651;Б_Каппи_Модификаторы;10;285.6
2025-12;Лазарева;М Гриби 50 г;01194;Б_Каппи_Модификаторы;15;351.7
2025-12;Лазарева;М Кальмар 20 г;02136;Б_Каппи_Модификаторы;12;410.7
2025-12;Лазарева;М Креветка 2 шт.;02123;Б_Каппи_Модификаторы;20;932.5
2025-12;Лазарева;М Креветка 2 шт.;02135;Б_Каппи_Модификаторы;12;588
2025-12;Лазарева;М Курка 20 г;02131;Б_Каппи_Модификаторы;3;177
2025-12;Лазарева;М Куряче філе 60 г;01195;Б_Каппи_Модификаторы;12;651.9
2025-12;Лазарева;М Лосось 20 г;02122;Б_Каппи_Модификаторы;4;196
2025-12;Лазарева;М Маслини 20 г;01196;Б_Каппи_Модификаторы;12;391.7
2025-12;Лазарева;М Моцарела 100 г;01201;Б_Каппи_Модификаторы;4;230.4
2025-12;Лазарева;М Мідії 20 г;02137;Б_Каппи_Модификаторы;9;305.7
2025-12;Лазарева;М Огірок 20 г;02132;Б_Каппи_Модификаторы;2;48.9
2025-12;Лазарева;М Пармезан 20 г;01193;Б_Каппи_Модификаторы;16;681.8
2025-12;Лазарева;М Пепероні 50 г;01200;Б_Каппи_Модификаторы;9;756
2025-12;Лазарева;М Перець болгарський 40 г;01197;Б_Каппи_Модификаторы;2;58
2025-12;Лазарева;М Помідори 40 г;01199;Б_Каппи_Модификаторы;7;170.7
2025-12;Лазарева;М Соус Барбекю 1 шт.;01202;Б_Каппи_Модификаторы;7;202.8
2025-12;Лазарева;М Соус Пад Тай 10 г;02127;Б_Каппи_Модификаторы;7;69.1
2025-12;Лазарева;М Соус Соєвий порц.;02728;Б_Каппи_Модификаторы;47;564
2025-12;Лазарева;М Соус Теріякі 10 г;02130;Б_Каппи_Модификаторы;24;239.5
2025-12;Лазарева;М Соус Унагі 20 г;01650;Б_Каппи_Модификаторы;15;358.4
2025-12;Лазарева;М Соус Часниковий 1 шт.;01648;Б_Каппи_Модификаторы;17;492.8
2025-12;Лазарева;М Соус Шірачі 5 г;02129;Б_Каппи_Модификаторы;12;119
2025-12;Лазарева;М Спайсі соус 10 г;02128;Б_Каппи_Модификаторы;34;334.6
2025-12;Лазарева;М Тунець 20 г;02124;Б_Каппи_Модификаторы;3;160.7
2025-12;Лазарева;М Халапеньйо 15 г;01198;Б_Каппи_Модификаторы;16;315.2
2025-12;Лазарева;М'ясо по-французьки;03056;Б_Каппи_Glovo;11;2915
2025-12;Лазарева;Макі Вугор;00161;Б_Каппи_Роллы;31;6809.1
2025-12;Лазарева;Макі Лосось;00159;Б_Каппи_Роллы;66;11740.7
2025-12;Лазарева;Макі Огірок ;00506;Б_Каппи_Роллы;38;3489.2
2025-12;Лазарева;Макі Сирний;00504;Б_Каппи_Роллы;9;846.3
2025-12;Лазарева;Макі Чука ;00507;Б_Каппи_Роллы;15;1646.4
2025-12;Лазарева;Млинці з вишнею та шоколадом ;03174;Б_Каппи_Glovo;16;3930
2025-12;Лазарева;Млинці з яблуками;03061;Б_Каппи_Glovo;2;360
2025-12;Лазарева;Монако;00636;Б_Каппи_Роллы;6;2743.5
2025-12;Лазарева;Морс Ягідний 0,5 л.;02697;Б_Общее_Напитки;57;4620.4
2025-12;Лазарева;Морс Ягідний БОРЩИК\ГЛОВО;03086;Б_Каппи_Glovo;14;1050
2025-12;Лазарева;Моршинська без газу 0,5 л БОРЩИК\ГЛОВО;03087;Б_Каппи_Glovo;6;294
2025-12;Лазарева;Моршинська без газу 0,5 л.;00585;Б_Общее_Напитки;25;1215.4
2025-12;Лазарева;Моршинська слаб.газ 0,5 л БОРЩИК\ГЛОВО;03088;Б_Каппи_Glovo;2;98
2025-12;Лазарева;Моршинська слаб.газ. 0,5 л.;00584;Б_Общее_Напитки;4;190.4
2025-12;Лазарева;Мочі Полуниця;02618;Т_Десерты;21;2736.8
2025-12;Лазарева;Мочі малина;02026;Т_Десерты;20;2625.1
2025-12;Лазарева;Мочі смородина ;03161;Т_Десерты;19;2460.6
2025-12;Лазарева;Мочі фісташка-халва;03162;Т_Десерты;22;2795.4
2025-12;Лазарева;Мідорі;03021;Б_Каппи_Премиум ролл;5;2575
2025-12;Лазарева;Мідія в темпурі;02167;Б_Каппи_Темпура ролл;2;670
2025-12;Лазарева;Місо з тофу;00708;Б_Каппи_Супы;9;1761.2
2025-12;Лазарева;Навчальні палички;01021;Б_Прочие позиции;282;0
2025-12;Лазарева;Нагетси;03207;Б_Каппи_Закуски;35;5632.5
2025-12;Лазарева;Нью-Йорк ;02915;Б_Каппи_Роллы;50;22283.4
2025-12;Лазарева;Одеський сет;02170;Б_Каппи_Сет;18;14282.2
2025-12;Лазарева;Ойши сет;02819;Б_Каппи_Сет;14;15292.7
2025-12;Лазарева;Осака;00589;Б_Каппи_Роллы;50;16481.1
2025-12;Лазарева;Париж;00657;Б_Каппи_Роллы;19;7945.9
2025-12;Лазарева;Пательня з куркою.;03036;Б_Каппи_Glovo;32;8180
2025-12;Лазарева;Пательня зі свининою;03030;Б_Каппи_Glovo;19;4865
2025-12;Лазарева;Пательня мисливська.;03037;Б_Каппи_Glovo;13;3705
2025-12;Лазарева;Пересип +;03045;;92;0
2025-12;Лазарева;Преміум Креветка;00652;Б_Каппи_Роллы;9;3920.2
2025-12;Лазарева;Преміум сет;00658;Б_Каппи_Сет;29;49296.7
2025-12;Лазарева;Пюре;03052;Б_Каппи_Glovo;13;1705
2025-12;Лазарева;Пікантний краб;00531;Б_Каппи_Темпура ролл;31;8022
2025-12;Лазарева;Пікантний лосось ;00532;Б_Каппи_Темпура ролл;19;6362.8
2025-12;Лазарева;Піца 4 сезони;02101;Б_Каппи_Пицца;20;7826.3
2025-12;Лазарева;Піца 4 сири;02118;Б_Каппи_Пицца;79;27984
2025-12;Лазарева;Піца Амерікано;02111;Б_Каппи_Пицца;28;8785.1
2025-12;Лазарева;Піца Гавайська;02104;Б_Каппи_Пицца;77;19551.1
2025-12;Лазарева;Піца Груша Дор Блю;02175;Б_Каппи_Пицца;24;7547.1
2025-12;Лазарева;Піца Кампаро;03131;Б_Каппи_Пицца;12;3249.3
2025-12;Лазарева;Піца Курка та гриби;02177;Б_Каппи_Пицца;68;22587.2
2025-12;Лазарева;Піца М'ясна;02102;Б_Каппи_Пицца;88;30890.2
2025-12;Лазарева;Піца Маргарита;02174;Б_Каппи_Пицца;31;7892.6
2025-12;Лазарева;Піца Мексиканська ;03130;Б_Каппи_Пицца;15;4237.3
2025-12;Лазарева;Піца Мисливська;02176;Б_Каппи_Пицца;60;17312.9
2025-12;Лазарева;Піца Океанія;02099;Б_Каппи_Пицца;26;10129
2025-12;Лазарева;Піца Пепероні;02172;Б_Каппи_Пицца;64;18520.3
2025-12;Лазарева;Піца Пепероні Блу Чіз;02119;Б_Каппи_Пицца;26;8992.6
2025-12;Лазарева;Піца Том Ям;02978;Б_Каппи_Пицца;38;15471.2
2025-12;Лазарева;Піца Чізбургер;02977;Б_Каппи_Пицца;38;12046.8
2025-12;Лазарева;Піца з креветками та брі;02911;Б_Каппи_Пицца;23;8467.8
2025-12;Лазарева;Піца з прошутто;03133;Б_Каппи_Пицца;20;6395.4
2025-12;Лазарева;Піца з прошутто та грушою ;03132;Б_Каппи_Пицца;18;6399.6
2025-12;Лазарева;Рамен Том Ям;02606;Б_Каппи_Супы;34;12409.7
2025-12;Лазарева;Рамен Традиційний;02601;Б_Каппи_Супы;22;3994.6
2025-12;Лазарева;Рамен з куркою;03201;Б_Каппи_Супы;36;7302.6
2025-12;Лазарева;Рамен з морепродуктами ;03200;Б_Каппи_Супы;13;3322
2025-12;Лазарева;Рис;03208;Б_Каппи_Glovo;3;245
2025-12;Лазарева;Рис з куркою Гострий;00855;Б_Каппи_WOK;33;7597.5
2025-12;Лазарева;Рол Пасаж;02168;Б_Каппи_Роллы;8;2624.8
2025-12;Лазарева;Рол-Дог з Креветкою;01787;Б_Каппи_Темпура ролл;10;3238.1
2025-12;Лазарева;Рол-Дог з Лососем;01788;Б_Каппи_Темпура ролл;6;1878.2
2025-12;Лазарева;Романтик-комбо;02916;Б_Каппи_Акции;1;1580
2025-12;Лазарева;Сакайо;03128;Б_Каппи_Роллы;23;9665.9
2025-12;Лазарева;"Салат ""Олів'є"" з куркою";03059;Б_Каппи_Glovo;24;4334.5
2025-12;Лазарева;Салат Цезар з куркою (борщик);03057;Б_Каппи_Glovo;26;7135
2025-12;Лазарева;Салат Чука-Вакаме;00602;Б_Каппи_Салати;30;6035.2
2025-12;Лазарева;Салат з вугрем та авокадо;02900;Б_Каппи_Салати;8;2961.3
2025-12;Лазарева;Салат з капустою та огірком;03135;Б_Каппи_Glovo;6;750
2025-12;Лазарева;Салат з креветками, грушею та сиром Дор Блю		;02914;Б_Каппи_Салати;7;2524.9
2025-12;Лазарева;Салат з тофу та овочами;02904;Б_Каппи_Салати;3;885
2025-12;Лазарева;Салат з яблуком та буряком;03202;Б_Каппи_Glovo;3;195
2025-12;Лазарева;Салат крабовий;03058;Б_Каппи_Glovo;18;3705
2025-12;Лазарева;Салмон в боніто ;00538;Б_Каппи_Роллы;31;6810.5
2025-12;Лазарева;Семга штат 200грн/кг;02824;;1.36;272
2025-12;Лазарева;Сенкай;03022;Б_Каппи_Премиум ролл;15;7718.7
2025-12;Лазарева;Сервісний збір_Glovo;01934;Б_Каппи_Glovo;125;2061.7
2025-12;Лазарева;Сет 2х2;01175;Б_Каппи_Сет;30;29906.8
2025-12;Лазарева;Сет Бюджетний;03043;Б_Каппи_Сет;22;19599
2025-12;Лазарева;Сет мандарин ;03220;Б_Сезонные блюда;9;8223.7
2025-12;Лазарева;Сет новорічний;03219;Б_Сезонные блюда;10;14724.9
2025-12;Лазарева;Сирники з родзинками;03062;Б_Каппи_Glovo;9;1485
2025-12;Лазарева;Сирники класичні;03173;Б_Каппи_Glovo;3;465
2025-12;Лазарева;Солянка;03038;Б_Каппи_Glovo;38;9729
2025-12;Лазарева;Спайсі Вулкан;02113;Б_Каппи_Роллы;10;3758
2025-12;Лазарева;Спрайт жб 0,33 л  БОРЩИК\ГЛОВО;03089;Б_Каппи_Glovo;1;59
2025-12;Лазарева;Спрайт жб 0,33 л.;01749;Б_Общее_Напитки;6;326.1
2025-12;Лазарева;Супер Комбо;02181;Б_Каппи_Акции;7;6166
2025-12;Лазарева;Суші бургер з Креветкой;02943;Б_Каппи_Бургер;106;33945
2025-12;Лазарева;Суші бургер з Лососем;02944;Б_Каппи_Бургер;105;34276.2
2025-12;Лазарева;Сушіріто з креветкою ;03018;Б_Каппи_Суширито;45;8578.4
2025-12;Лазарева;Сушіріто з куркою;03019;Б_Каппи_Суширито;11;1859.6
2025-12;Лазарева;Сушіріто з лососем;03020;Б_Каппи_Суширито;26;6348.8
2025-12;Лазарева;ТОП сет;00362;Б_Каппи_Сет;40;55189.3
2025-12;Лазарева;Тайфун;03024;Б_Каппи_Темпура ролл;14;6530.1
2025-12;Лазарева;Темпура вулкан з креветкою;03167;Б_Каппи_Темпура ролл;28;10031.7
2025-12;Лазарева;Темпура вулкан з лососем;03166;Б_Каппи_Темпура ролл;28;8217
2025-12;Лазарева;Темпура мандарин з креветкою;03215;Б_Сезонные блюда;3;1005
2025-12;Лазарева;Темпура сет;00559;Б_Каппи_Сет;49;53637.8
2025-12;Лазарева;Темпура-суширіто з крабом;03193;Б_Каппи_Суширито;33;7557.9
2025-12;Лазарева;Темпура-суширіто мікс;03194;Б_Каппи_Суширито;58;16587
2025-12;Лазарева;Теплий сет;02712;Б_Каппи_Сет;78;64764.5
2025-12;Лазарева;Том Ям;02597;Б_Каппи_Супы;69;25115.6
2025-12;Лазарева;Тропік ;01862;Б_Каппи_Роллы;14;4356.2
2025-12;Лазарева;Тропікана;03014;Б_Каппи_Роллы;26;10314.7
2025-12;Лазарева;Тропічний Вулкан;02112;Б_Каппи_Роллы;13;4712.4
2025-12;Лазарева;Удон з креветками;01813;Б_Каппи_WOK;16;5360
2025-12;Лазарева;Удон з куркою Теріякі;00856;Б_Каппи_WOK;30;7655.9
2025-12;Лазарева;Унагамі;03011;Б_Каппи_Роллы;7;2851.3
2025-12;Лазарева;Унагі Брі;02906;Б_Каппи_Роллы;10;4243
2025-12;Лазарева;Унагі Фаєр Рол;00656;Б_Каппи_Премиум ролл;9;4001.6
2025-12;Лазарева;Унагі мандарин;03216;Б_Сезонные блюда;18;7321.3
2025-12;Лазарева;Ф'южн;03155;Б_Каппи_Роллы;21;6934.8
2025-12;Лазарева;Фанта жб 0,33 л БОРЩИК\ГЛОВО;03090;Б_Каппи_Glovo;6;354
2025-12;Лазарева;Фанта жб 0,33 л.;01743;Б_Общее_Напитки;6;341.3
2025-12;Лазарева;Фламмі;03040;Б_Каппи_Роллы;2;731.5
2025-12;Лазарева;Фудзі темпура;00911;Б_Каппи_Темпура ролл;38;13205.8
2025-12;Лазарева;Фунчоза з куркою;03164;Б_Каппи_WOK;26;7578.6
2025-12;Лазарева;Фунчоза з морепродуктами;03165;Б_Каппи_WOK;32;10082
2025-12;Лазарева;Філа Ланч;02706;Б_Каппи_Акции;6;2831.9
2025-12;Лазарева;Філадельфія;00168;Б_Каппи_Роллы;184;69332.9
2025-12;Лазарева;Філадельфія Класік;00459;Б_Каппи_Роллы;126;26752.9
2025-12;Лазарева;Філадельфія Преміум;00611;Б_Каппи_Роллы;101;41164.3
2025-12;Лазарева;Філадельфія Унагі;02635;Б_Каппи_Роллы;20;5970.4
2025-12;Лазарева;Філадельфія з креветкою;02798;Б_Каппи_Роллы;42;16701.3
2025-12;Лазарева;Філадельфія з манго;00612;Б_Каппи_Роллы;24;7712.2
2025-12;Лазарева;Філадельфія з тунцем;00516;Б_Каппи_Роллы;34;13547.9
2025-12;Лазарева;Філадельфія мандарин;03213;Б_Сезонные блюда;45;15380.5
2025-12;Лазарева;Хек в паніровці;03206;Б_Каппи_Glovo;4;630
2025-12;Лазарева;Цезар з куркою;02803;Б_Каппи_Салати;37;10200.9
2025-12;Лазарева;Цезар з лососем;02992;Б_Каппи_Салати;5;1374.4
2025-12;Лазарева;Чорний Дракон;00170;Б_Каппи_Роллы;33;13732.9
2025-12;Лазарева;Чізі Креветка;01113;Б_Каппи_Роллы;29;6760.8
2025-12;Лазарева;Чізі лосось;02921;Б_Каппи_Премиум ролл;8;3376.9
2025-12;Лазарева;Чізі мандарин;03214;Б_Сезонные блюда;7;2069.4
2025-12;Лазарева;Юме сет;02818;Б_Каппи_Сет;16;17520
2025-12;Лазарева;Які Ебі Манго;02946;Б_Каппи_Запеч_Роллы;53;17406.9
2025-12;Лазарева;Які Салмон;02950;Б_Каппи_Запеч_Роллы;20;7283.5
2025-12;Лазарева;Які Спайсі Краб;02949;Б_Каппи_Запеч_Роллы;51;14310.5
2025-12;Лазарева;Які Туна ;02942;Б_Каппи_Запеч_Роллы;19;6902.2
2025-12;Лазарева;Які Унагі;02945;Б_Каппи_Запеч_Роллы;20;6993.5
2025-12;Лазарева;Яєчна з куркою та креветками;01815;Б_Каппи_WOK;24;7852
2025-12;Лазарева;Яєчна з морепродуктами;00859;Б_Каппи_WOK;28;9290.7
2025-12;Левітана;.Гарного дня!;00944;Б_Прочие позиции;2059;0
2025-12;Левітана;Affinity сет;03015;Б_Каппи_Сет;23;24939.4
2025-12;Левітана;Cappiroll;00583;Б_Каппи_Роллы;47;18435.9
2025-12;Левітана;Cappizza;02173;Б_Каппи_Пицца;44;13766.2
2025-12;Левітана;G Доставка;00984;Б_Каппи_Glovo;390;19460.2
2025-12;Левітана;L`amour Сет;01729;Б_Каппи_Сет;11;12400.8
2025-12;Левітана;MOVA світле пиво безалкогольне 0.33 л.;03046;Б_Общее_Напитки;5;445
2025-12;Левітана;MOVA світле пиво безалкогольне 0.33 л.;03049;Б_Общее_Напитки;9;720.9
2025-12;Левітана;MOVA темне пиво безалкогольне 0,33 л.;03048;Б_Общее_Напитки;5;423.2
2025-12;Левітана;Party-комбо ( Pepsi Cola з/б 0,33л -1шт та  Pepsi Cola Max з/б 0,33л - 1шт;02708;Б_Каппи_Акции;2;2550
2025-12;Левітана;Rich 1 л. Апельсин;00352;Б_Общее_Напитки;10;1124.6
2025-12;Левітана;Rich 1 л. Экзотик;00172;Б_Общее_Напитки;20;2244.1
2025-12;Левітана;Rich 1 л. Яблуко;00415;Б_Общее_Напитки;3;345
2025-12;Левітана;VIP-комбо;02709;Б_Каппи_Акции;1;2145.8
2025-12;Левітана;Імператор;00892;Б_Каппи_Роллы;8;3614.8
2025-12;Левітана;Акаї;03023;Б_Каппи_Премиум ролл;18;9321.5
2025-12;Левітана;Акіра;03217;Б_Каппи_Премиум ролл;18;8757.1
2025-12;Левітана;Аляска;00513;Б_Каппи_Премиум ролл;9;3645.3
2025-12;Левітана;Амаі;03218;Б_Каппи_Премиум ролл;6;2958
2025-12;Левітана;Аморе;02781;Б_Каппи_Роллы;20;7968.4
2025-12;Левітана;Антикризовий сет;00578;Б_Каппи_Сет;82;49242.6
2025-12;Левітана;Аурум ;03157;Б_Каппи_Роллы;23;5680.7
2025-12;Левітана;Банзай ;00528;Б_Каппи_Темпура ролл;168;64009.4
2025-12;Левітана;Бао бургер з крабом;02966;Б_Каппи_БАО;14;3909.3
2025-12;Левітана;Бао бургер з креветкою;02967;Б_Каппи_БАО;12;4308.8
2025-12;Левітана;Бао бургер з лососем;02968;Б_Каппи_БАО;4;1503.7
2025-12;Левітана;Без приборів!;01593;Б_Прочие позиции;81;0
2025-12;Левітана;Боніто з лососем;00154;Б_Каппи_Роллы;63;7395.4
2025-12;Левітана;Боніто з тунцем;00512;Б_Каппи_Роллы;8;2115.3
2025-12;Левітана;Боул Дабл Фіш;01886;Б_Каппи_Боул;19;6821.1
2025-12;Левітана;Боул Філадельфія;01887;Б_Каппи_Боул;25;8221.2
2025-12;Левітана;Боул з Лососем;01890;Б_Каппи_Боул;27;8785.5
2025-12;Левітана;Боул з креветкою;03168;Б_Каппи_Боул;22;7400.6
2025-12;Левітана;Вершкова креветка;00775;Б_Каппи_Роллы;51;19224.1
2025-12;Левітана;Веселка;00509;Б_Каппи_Роллы;42;16708.6
2025-12;Левітана;Весняний Сет;01844;Б_Каппи_Сет;14;13749.4
2025-12;Левітана;Вишуканий дует;02989;Б_Каппи_Акции;1;685
2025-12;Левітана;Вугор сет;02711;Б_Каппи_Сет;7;8231.6
2025-12;Левітана;Вулкан Карі;03144;Б_Каппи_Роллы;13;6135.6
2025-12;Левітана;Вулкан Токара;03126;Б_Каппи_Роллы;12;5128.3
2025-12;Левітана;Вулкан з креветкою;02799;Б_Каппи_Роллы;55;17174
2025-12;Левітана;Вулкан сет;03211;Б_Каппи_Сет;4;3201.8
2025-12;Левітана;Гурме;03127;Б_Каппи_Роллы;4;1557.3
2025-12;Левітана;Д Імбир Cappi 30 гр.;01049;Б_Каппи_Добавки;145;1697.7
2025-12;Левітана;Д Васабі Cappi 7,5 гр.;01050;Б_Каппи_Добавки;184;2144.3
2025-12;Левітана;Д Набір №1 (Соев.-1шт.,Імб.-1шт.,Вас.-1шт.);01916;Б_Каппи_Добавки;383;0
2025-12;Левітана;Д Набір №2 (Соев.-2шт.,Імб.-1шт.,Вас.-1шт.);01917;Б_Каппи_Добавки;307;0
2025-12;Левітана;Д Набір №3 (Соев.-3шт.,Імб.-2шт.,Вас.-1шт.);01918;Б_Каппи_Добавки;487;0
2025-12;Левітана;Д Набір №4 (Соев.-4шт.,Імб.-2шт.,Вас.-2шт.);01919;Б_Каппи_Добавки;521;0
2025-12;Левітана;Д Соус Барбекю;00501;Б_Каппи_Добавки;15;428.7
2025-12;Левітана;Д Соус Часниковий;01323;Б_Каппи_Добавки;27;773.2
2025-12;Левітана;Д Соус горіховий 20 гр.;00729;Б_Каппи_Добавки;7;201.6
2025-12;Левітана;Д Соус соєвий Cappi 50 гр.;00695;Б_Каппи_Добавки;82;967.8
2025-12;Левітана;Д Соус унагі 20 гр.;00728;Б_Каппи_Добавки;15;351.8
2025-12;Левітана;Д Спайсі соус 10 гр.;02929;Б_Каппи_Добавки;14;135.8
2025-12;Левітана;Д_соус Теріякі  10 г;03191;Б_Каппи_Добавки;5;45.1
2025-12;Левітана;Дабл Тартар;02780;Б_Каппи_Роллы;41;14909.2
2025-12;Левітана;Джаз;01109;Б_Каппи_Роллы;23;4961.6
2025-12;Левітана;Дзен сет;01128;Б_Каппи_Сет;48;47476.6
2025-12;Левітана;Доставка (зелена);00829;Б_Прочие позиции;40;1364.7
2025-12;Левітана;Доставка (помаранчева);01235;Б_Прочие позиции;17;762.4
2025-12;Левітана;Доставка (синя);01051;Б_Прочие позиции;1;60
2025-12;Левітана;Дружня парочка;03159;Б_Каппи_Акции;2;990
2025-12;Левітана;Ебі Грін;01790;Б_Каппи_Роллы;13;3721.8
2025-12;Левітана;Ебі сет;02710;Б_Каппи_Сет;80;100316.4
2025-12;Левітана;Ебі темпура;02986;Б_Каппи_Закуски;81;20460.7
2025-12;Левітана;Екзотік;03041;Б_Каппи_Роллы;4;1164.8
2025-12;Левітана;Замовлення з додатку;03198;;817;0
2025-12;Левітана;Заміна інгрідієнта;02139;Б_Прочие позиции;3;90
2025-12;Левітана;Зелений Дракон;00156;Б_Каппи_Роллы;11;4690
2025-12;Левітана;Йоші рол;02776;Б_Каппи_Роллы;11;3934.7
2025-12;Левітана;Каліфорнія ;00774;Б_Каппи_Роллы;34;11289.2
2025-12;Левітана;Каліфорнія Мікс;00653;Б_Каппи_Роллы;12;5112.3
2025-12;Левітана;Каліфорнія з креветкою;00654;Б_Каппи_Роллы;29;10106.3
2025-12;Левітана;Камамбер фрі;03093;Б_Каппи_Закуски;48;14035.9
2025-12;Левітана;Камертон;00960;Б_Каппи_Роллы;56;21452.8
2025-12;Левітана;Капібара полюбляє;03141;Б_Каппи_Сет;7;8232.1
2025-12;Левітана;Класика вдвох;02988;Б_Каппи_Акции;8;4024.6
2025-12;Левітана;Кока-кола 0,75 л.;01731;Б_Общее_Напитки;67;4248.3
2025-12;Левітана;Кока-кола жб 0,33 л.;01736;Б_Общее_Напитки;33;1921.7
2025-12;Левітана;Кока-кола зеро жб 0,33 л.;01740;Б_Общее_Напитки;55;3153.5
2025-12;Левітана;Комбо #1;02178;Б_Каппи_Акции;4;5580
2025-12;Левітана;Комбо #2;02179;Б_Каппи_Акции;3;3585
2025-12;Левітана;Комбо #3;02180;Б_Каппи_Акции;3;2887.2
2025-12;Левітана;Комбуча  WILD каркаде 0,33 л.;03185;Б_Общее_Напитки;9;855
2025-12;Левітана;Комбуча  WILD класична 0,33 л.;03186;Б_Общее_Напитки;5;475
2025-12;Левітана;Комбуча WILD зелений чай 0,33 л.;03184;Б_Общее_Напитки;5;456
2025-12;Левітана;Компенсація за негоду;02771;;42;821.4
2025-12;Левітана;Креветка в кунжуті;00511;Б_Каппи_Роллы;54;17210.7
2025-12;Левітана;Креветка в темпурі;00533;Б_Каппи_Темпура ролл;81;26925.8
2025-12;Левітана;Курка в Кисло-солодкому;01825;Б_Каппи_WOK;15;3901.1
2025-12;Левітана;Курортний;02169;Б_Каппи_Роллы;18;4096
2025-12;Левітана;Кімурай;03012;Б_Каппи_Роллы;28;10994.3
2025-12;Левітана;Лимонад 0,5 л.;02057;Б_Общее_Напитки;52;4299.1
2025-12;Левітана;Листівка до ДН;02061;Б_Прочие позиции;11;0
2025-12;Левітана;Логістичний збір;02770;;1281;35502.4
2025-12;Левітана;Лосось Пад Тай;02116;Б_Каппи_Роллы;35;11962.7
2025-12;Левітана;Лосось в темпурі;00534;Б_Каппи_Темпура ролл;93;20624.6
2025-12;Левітана;Лосось сет;00517;Б_Каппи_Сет;43;42302.4
2025-12;Левітана;М Авокадо 20 г;02133;Б_Каппи_Модификаторы;7;250.4
2025-12;Левітана;М Балик 100 г;01204;Б_Каппи_Модификаторы;10;650
2025-12;Левітана;М Вершковий сир 20 г;02126;Б_Каппи_Модификаторы;13;217.2
2025-12;Левітана;М Вугор 20 г;02125;Б_Каппи_Модификаторы;8;453.4
2025-12;Левітана;М Горіховий соус 20 г;01651;Б_Каппи_Модификаторы;16;457.2
2025-12;Левітана;М Горіховий соус 20 г;03123;Б_Каппи_Модификаторы;1;25
2025-12;Левітана;М Гриби 50 г;01194;Б_Каппи_Модификаторы;11;264.8
2025-12;Левітана;М Кальмар 20 г;02136;Б_Каппи_Модификаторы;12;416.6
2025-12;Левітана;М Креветка 2 шт.;02123;Б_Каппи_Модификаторы;19;677.6
2025-12;Левітана;М Креветка 2 шт.;02135;Б_Каппи_Модификаторы;10;472.7
2025-12;Левітана;М Курка 20 г;02131;Б_Каппи_Модификаторы;10;584.3
2025-12;Левітана;М Куряче філе 60 г;01195;Б_Каппи_Модификаторы;16;866.6
2025-12;Левітана;М Лосось 20 г;02122;Б_Каппи_Модификаторы;7;269.6
2025-12;Левітана;М Маслини 20 г;01196;Б_Каппи_Модификаторы;12;380.8
2025-12;Левітана;М Моцарела 100 г;01201;Б_Каппи_Модификаторы;7;408
2025-12;Левітана;М Мідії 20 г;02137;Б_Каппи_Модификаторы;13;438.6
2025-12;Левітана;М Огірок 20 г;02132;Б_Каппи_Модификаторы;5;83.1
2025-12;Левітана;М Пармезан 20 г;01193;Б_Каппи_Модификаторы;7;315
2025-12;Левітана;М Пепероні 50 г;01200;Б_Каппи_Модификаторы;7;586.3
2025-12;Левітана;М Перець болгарський 40 г;01197;Б_Каппи_Модификаторы;3;80
2025-12;Левітана;М Помідори 40 г;01199;Б_Каппи_Модификаторы;5;121
2025-12;Левітана;М Соус Барбекю 1 шт.;01202;Б_Каппи_Модификаторы;1;28.9
2025-12;Левітана;М Соус Пад Тай 10 г;02127;Б_Каппи_Модификаторы;2;20
2025-12;Левітана;М Соус Соєвий порц.;02728;Б_Каппи_Модификаторы;28;333.9
2025-12;Левітана;М Соус Теріякі 10 г;02130;Б_Каппи_Модификаторы;16;158
2025-12;Левітана;М Соус Унагі 20 г;01650;Б_Каппи_Модификаторы;19;467.5
2025-12;Левітана;М Соус Унагі 20 г;03120;Б_Каппи_Модификаторы;2;50
2025-12;Левітана;М Соус Часниковий 1 шт.;01648;Б_Каппи_Модификаторы;10;289.5
2025-12;Левітана;М Соус Шірачі 5 г;02129;Б_Каппи_Модификаторы;5;50
2025-12;Левітана;М Спайсі соус 10 г;02128;Б_Каппи_Модификаторы;22;208.4
2025-12;Левітана;М Тофу 20 г;02138;Б_Каппи_Модификаторы;1;39
2025-12;Левітана;М Тунець 20 г;02124;Б_Каппи_Модификаторы;3;115.8
2025-12;Левітана;М Халапеньйо 15 г;01198;Б_Каппи_Модификаторы;19;369
2025-12;Левітана;Макі Вугор;00161;Б_Каппи_Роллы;15;3422.4
2025-12;Левітана;Макі Лосось;00159;Б_Каппи_Роллы;34;5794.9
2025-12;Левітана;Макі Огірок ;00506;Б_Каппи_Роллы;41;3763.8
2025-12;Левітана;Макі Сирний;00504;Б_Каппи_Роллы;18;1583.2
2025-12;Левітана;Макі Чука ;00507;Б_Каппи_Роллы;26;2827.5
2025-12;Левітана;Монако;00636;Б_Каппи_Роллы;13;5603.8
2025-12;Левітана;Морс Ягідний 0,5 л.;02697;Б_Общее_Напитки;46;3789.6
2025-12;Левітана;Моршинська без газу 0,5 л.;00585;Б_Общее_Напитки;2;98
2025-12;Левітана;Моршинська слаб.газ. 0,5 л.;00584;Б_Общее_Напитки;2;95.2
2025-12;Левітана;Мочі Полуниця;02618;Т_Десерты;7;912.9
2025-12;Левітана;Мочі малина;02026;Т_Десерты;6;760.9
2025-12;Левітана;Мочі смородина ;03161;Т_Десерты;6;782.9
2025-12;Левітана;Мочі фісташка-халва;03162;Т_Десерты;9;1153.7
2025-12;Левітана;Мідорі;03021;Б_Каппи_Премиум ролл;5;2450
2025-12;Левітана;Мідія в темпурі;02167;Б_Каппи_Темпура ролл;8;2544.8
2025-12;Левітана;Місо з тофу;00708;Б_Каппи_Супы;10;1890
2025-12;Левітана;Навчальні палички;01021;Б_Прочие позиции;234;0
2025-12;Левітана;Нагетси;03207;Б_Каппи_Закуски;24;3810.6
2025-12;Левітана;Нью-Йорк ;02915;Б_Каппи_Роллы;42;19124.3
2025-12;Левітана;Одеський сет;02170;Б_Каппи_Сет;16;12686.1
2025-12;Левітана;Ойши сет;02819;Б_Каппи_Сет;12;12483.2
2025-12;Левітана;Опен-фуд;02927;;1353.02;1322.7
2025-12;Левітана;Осака;00589;Б_Каппи_Роллы;53;17738.4
2025-12;Левітана;Париж;00657;Б_Каппи_Роллы;26;11748.6
2025-12;Левітана;Преміум Креветка;00652;Б_Каппи_Роллы;13;5703
2025-12;Левітана;Преміум сет;00658;Б_Каппи_Сет;15;25074.8
2025-12;Левітана;Пікантний краб;00531;Б_Каппи_Темпура ролл;26;6680
2025-12;Левітана;Пікантний лосось ;00532;Б_Каппи_Темпура ролл;9;3045
2025-12;Левітана;Піца 4 сезони;02101;Б_Каппи_Пицца;22;8522.2
2025-12;Левітана;Піца 4 сири;02118;Б_Каппи_Пицца;91;32445.7
2025-12;Левітана;Піца Амерікано;02111;Б_Каппи_Пицца;23;7084.1
2025-12;Левітана;Піца Гавайська;02104;Б_Каппи_Пицца;75;19729.8
2025-12;Левітана;Піца Груша Дор Блю;02175;Б_Каппи_Пицца;25;7812.5
2025-12;Левітана;Піца Кампаро;03131;Б_Каппи_Пицца;18;5093.3
2025-12;Левітана;Піца Курка та гриби;02177;Б_Каппи_Пицца;65;21855.4
2025-12;Левітана;Піца М'ясна;02102;Б_Каппи_Пицца;108;37946.8
2025-12;Левітана;Піца Маргарита;02174;Б_Каппи_Пицца;32;8415.2
2025-12;Левітана;Піца Мексиканська ;03130;Б_Каппи_Пицца;17;4803.1
2025-12;Левітана;Піца Мисливська;02176;Б_Каппи_Пицца;63;17714.2
2025-12;Левітана;Піца Океанія;02099;Б_Каппи_Пицца;28;11395.3
2025-12;Левітана;Піца Пепероні;02172;Б_Каппи_Пицца;87;25220.7
2025-12;Левітана;Піца Пепероні Блу Чіз;02119;Б_Каппи_Пицца;38;12868.9
2025-12;Левітана;Піца Том Ям;02978;Б_Каппи_Пицца;15;6151.3
2025-12;Левітана;Піца Чізбургер;02977;Б_Каппи_Пицца;50;15902.6
2025-12;Левітана;Піца з креветками та брі;02911;Б_Каппи_Пицца;18;7128.2
2025-12;Левітана;Піца з прошутто;03133;Б_Каппи_Пицца;21;6816.3
2025-12;Левітана;Піца з прошутто та грушою ;03132;Б_Каппи_Пицца;15;5536.1
2025-12;Левітана;Рамен Том Ям;02606;Б_Каппи_Супы;24;8848.2
2025-12;Левітана;Рамен Традиційний;02601;Б_Каппи_Супы;14;2512.4
2025-12;Левітана;Рамен з куркою;03201;Б_Каппи_Супы;44;8907
2025-12;Левітана;Рамен з морепродуктами ;03200;Б_Каппи_Супы;12;3021.8
2025-12;Левітана;Рис з куркою Гострий;00855;Б_Каппи_WOK;33;7445.3
2025-12;Левітана;Рол Пасаж;02168;Б_Каппи_Роллы;15;4707.7
2025-12;Левітана;Рол-Дог з Креветкою;01787;Б_Каппи_Темпура ролл;14;4528.5
2025-12;Левітана;Рол-Дог з Лососем;01788;Б_Каппи_Темпура ролл;5;1618.3
2025-12;Левітана;Сакайо;03128;Б_Каппи_Роллы;26;10776
2025-12;Левітана;Салат Чука-Вакаме;00602;Б_Каппи_Салати;32;6404.2
2025-12;Левітана;Салат з вугрем та авокадо;02900;Б_Каппи_Салати;6;2206.9
2025-12;Левітана;Салат з креветками, грушею та сиром Дор Блю		;02914;Б_Каппи_Салати;6;2173.3
2025-12;Левітана;Салат з тофу та овочами;02904;Б_Каппи_Салати;6;1741
2025-12;Левітана;Салмон в боніто ;00538;Б_Каппи_Роллы;25;4647.2
2025-12;Левітана;Сенкай;03022;Б_Каппи_Премиум ролл;14;7284.3
2025-12;Левітана;Сервісний збір_Glovo;01934;Б_Каппи_Glovo;104;1780
2025-12;Левітана;Сет 2х2;01175;Б_Каппи_Сет;16;16023.9
2025-12;Левітана;Сет Бюджетний;03043;Б_Каппи_Сет;15;13484.8
2025-12;Левітана;Сет мандарин ;03220;Б_Сезонные блюда;11;10056.7
2025-12;Левітана;Сет новорічний;03219;Б_Сезонные блюда;7;10289.9
2025-12;Левітана;Спайсі Вулкан;02113;Б_Каппи_Роллы;18;6827
2025-12;Левітана;Спрайт жб 0,33 л.;01749;Б_Общее_Напитки;3;171.4
2025-12;Левітана;Супер Комбо;02181;Б_Каппи_Акции;2;1890
2025-12;Левітана;Суші бургер з Креветкой;02943;Б_Каппи_Бургер;116;37347.5
2025-12;Левітана;Суші бургер з Лососем;02944;Б_Каппи_Бургер;99;33479.7
2025-12;Левітана;Сушіріто з креветкою ;03018;Б_Каппи_Суширито;48;8119.3
2025-12;Левітана;Сушіріто з куркою;03019;Б_Каппи_Суширито;17;2718.2
2025-12;Левітана;Сушіріто з лососем;03020;Б_Каппи_Суширито;32;7748.7
2025-12;Левітана;ТОП сет;00362;Б_Каппи_Сет;40;55500.1
2025-12;Левітана;Тайфун;03024;Б_Каппи_Темпура ролл;26;11818.5
2025-12;Левітана;Темпура вулкан з креветкою;03167;Б_Каппи_Темпура ролл;25;8668.3
2025-12;Левітана;Темпура вулкан з лососем;03166;Б_Каппи_Темпура ролл;32;8946.1
2025-12;Левітана;Темпура мандарин з креветкою;03215;Б_Сезонные блюда;6;1822.7
2025-12;Левітана;Темпура сет;00559;Б_Каппи_Сет;43;47043.9
2025-12;Левітана;Темпура-суширіто з крабом;03193;Б_Каппи_Суширито;34;7691.1
2025-12;Левітана;Темпура-суширіто мікс;03194;Б_Каппи_Суширито;51;14663.5
2025-12;Левітана;Теплий сет;02712;Б_Каппи_Сет;68;56761.6
2025-12;Левітана;Том Ям;02597;Б_Каппи_Супы;64;22805.1
2025-12;Левітана;Тропік ;01862;Б_Каппи_Роллы;14;4468.6
2025-12;Левітана;Тропікана;03014;Б_Каппи_Роллы;23;9036.7
2025-12;Левітана;Тропічний Вулкан;02112;Б_Каппи_Роллы;11;3857.2
2025-12;Левітана;Удон з креветками;01813;Б_Каппи_WOK;22;7165.9
2025-12;Левітана;Удон з куркою Теріякі;00856;Б_Каппи_WOK;37;9368.2
2025-12;Левітана;Унагамі;03011;Б_Каппи_Роллы;16;6504.1
2025-12;Левітана;Унагі Брі;02906;Б_Каппи_Роллы;6;2499.3
2025-12;Левітана;Унагі Фаєр Рол;00656;Б_Каппи_Премиум ролл;10;4389
2025-12;Левітана;Унагі мандарин;03216;Б_Сезонные блюда;8;2813.7
2025-12;Левітана;Ф'южн;03155;Б_Каппи_Роллы;12;3938.8
2025-12;Левітана;Фанта жб 0,33 л.;01743;Б_Общее_Напитки;11;643.4
2025-12;Левітана;Фламмі;03040;Б_Каппи_Роллы;6;2124.7
2025-12;Левітана;Фудзі темпура;00911;Б_Каппи_Темпура ролл;43;14964.8
2025-12;Левітана;Фунчоза з куркою;03164;Б_Каппи_WOK;36;10346
2025-12;Левітана;Фунчоза з морепродуктами;03165;Б_Каппи_WOK;32;9363.2
2025-12;Левітана;Філа Ланч;02706;Б_Каппи_Акции;26;11581.1
2025-12;Левітана;Філадельфія;00168;Б_Каппи_Роллы;206;78632.8
2025-12;Левітана;Філадельфія Класік;00459;Б_Каппи_Роллы;134;30273.2
2025-12;Левітана;Філадельфія Преміум;00611;Б_Каппи_Роллы;77;31417.1
2025-12;Левітана;Філадельфія Унагі;02635;Б_Каппи_Роллы;12;3667.5
2025-12;Левітана;Філадельфія з креветкою;02798;Б_Каппи_Роллы;44;16560
2025-12;Левітана;Філадельфія з манго;00612;Б_Каппи_Роллы;14;4582.3
2025-12;Левітана;Філадельфія з тунцем;00516;Б_Каппи_Роллы;18;6956.1
2025-12;Левітана;Філадельфія мандарин;03213;Б_Сезонные блюда;50;15910.2
2025-12;Левітана;Цезар з куркою;02803;Б_Каппи_Салати;27;7734.9
2025-12;Левітана;Цезар з лососем;02992;Б_Каппи_Салати;5;1357.3
2025-12;Левітана;Чорний Дракон;00170;Б_Каппи_Роллы;24;9817.1
2025-12;Левітана;Чізі Креветка;01113;Б_Каппи_Роллы;26;6258
2025-12;Левітана;Чізі лосось;02921;Б_Каппи_Премиум ролл;5;2099.3
2025-12;Левітана;Чізі мандарин;03214;Б_Сезонные блюда;4;889.8
2025-12;Левітана;Юме сет;02818;Б_Каппи_Сет;16;17078.3
2025-12;Левітана;Які Ебі Манго;02946;Б_Каппи_Запеч_Роллы;50;16382.8
2025-12;Левітана;Які Салмон;02950;Б_Каппи_Запеч_Роллы;17;6332.6
2025-12;Левітана;Які Спайсі Краб;02949;Б_Каппи_Запеч_Роллы;63;16843.3
2025-12;Левітана;Які Туна ;02942;Б_Каппи_Запеч_Роллы;17;6007.4
2025-12;Левітана;Які Унагі;02945;Б_Каппи_Запеч_Роллы;30;9905
2025-12;Левітана;Яєчна з куркою та креветками;01815;Б_Каппи_WOK;23;7547.8
2025-12;Левітана;Яєчна з морепродуктами;00859;Б_Каппи_WOK;25;7982.5
2026-01;Лазарева;.Гарного дня!;00944;Б_Прочие позиции;2027;0
2026-01;Лазарева;Affinity сет;03015;Б_Каппи_Сет;14;15572.9
2026-01;Лазарева;Cappiroll;00583;Б_Каппи_Роллы;50;19895.7
2026-01;Лазарева;Cappizza;02173;Б_Каппи_Пицца;47;14723.8
2026-01;Лазарева;G Доставка;00984;Б_Каппи_Glovo;410;20498.3
2026-01;Лазарева;GC_Доставка 0 грн;02503;Б_Глово_Модификаторы;40;0
2026-01;Лазарева;Glovo <800 ;03025;;13;1201
2026-01;Лазарева;L`amour Сет;01729;Б_Каппи_Сет;26;29368.9
2026-01;Лазарева;MOVA світле пиво безалкогольне 0.33 л.;03046;Б_Общее_Напитки;1;80.1
2026-01;Лазарева;MOVA світле пиво безалкогольне 0.33 л.;03049;Б_Общее_Напитки;5;451
2026-01;Лазарева;MOVA темне пиво безалкогольне 0,33 л.;03048;Б_Общее_Напитки;4;340.4
2026-01;Лазарева;Party-комбо ( Pepsi Cola з/б 0,33л -1шт та  Pepsi Cola Max з/б 0,33л - 1шт;02708;Б_Каппи_Акции;4;5180
2026-01;Лазарева;Rich 1 л. Апельсин;00352;Б_Общее_Напитки;12;1301.2
2026-01;Лазарева;Rich 1 л. Экзотик;00172;Б_Общее_Напитки;14;1573.2
2026-01;Лазарева;Rich 1 л. Яблуко;00415;Б_Общее_Напитки;6;690
2026-01;Лазарева;VIP-комбо;02709;Б_Каппи_Акции;1;2175
2026-01;Лазарева;_Барбекю;03064;Б_Глово_Модификаторы;2;50
2026-01;Лазарева;_Гірчиця;03065;Б_Глово_Модификаторы;2;40
2026-01;Лазарева;_Кетчуп;03066;Б_Глово_Модификаторы;4;80
2026-01;Лазарева;_Комбо 1;03031;Б_Каппи_Glovo;6;2070
2026-01;Лазарева;_Комбо 2;03035;Б_Каппи_Glovo;2;514
2026-01;Лазарева;_Комбо 3;03034;Б_Каппи_Glovo;20;7300
2026-01;Лазарева;_Комбо 4;03033;Б_Каппи_Glovo;8;2840
2026-01;Лазарева;_Комбо 5;03136;Б_Каппи_Glovo;14;3432
2026-01;Лазарева;_Комбо 6;03139;Б_Каппи_Glovo;3;1047
2026-01;Лазарева;_Комбо 7;03138;Б_Каппи_Glovo;10;3550
2026-01;Лазарева;_Комбо 8;03137;Б_Каппи_Glovo;6;2130
2026-01;Лазарева;_Майонез;03067;Б_Глово_Модификаторы;2;40
2026-01;Лазарева;_Сметана;03068;Б_Глово_Модификаторы;15;300
2026-01;Лазарева;_Хліб;03069;Б_Глово_Модификаторы;30;450
2026-01;Лазарева;Імператор;00892;Б_Каппи_Роллы;30;13395.5
2026-01;Лазарева;Акаї;03023;Б_Каппи_Премиум ролл;16;8393.2
2026-01;Лазарева;Акіра;03217;Б_Каппи_Премиум ролл;20;10480.9
2026-01;Лазарева;Аляска;00513;Б_Каппи_Премиум ролл;2;656.5
2026-01;Лазарева;Амаі;03218;Б_Каппи_Премиум ролл;8;3988.2
2026-01;Лазарева;Аморе;02781;Б_Каппи_Роллы;26;10397.4
2026-01;Лазарева;Антикризовий сет;00578;Б_Каппи_Сет;78;49951.6
2026-01;Лазарева;Аурум ;03157;Б_Каппи_Роллы;16;4133
2026-01;Лазарева;Банзай ;00528;Б_Каппи_Темпура ролл;175;66942.5
2026-01;Лазарева;Бао бургер з крабом;02966;Б_Каппи_БАО;9;2556.3
2026-01;Лазарева;Бао бургер з креветкою;02967;Б_Каппи_БАО;16;5856.4
2026-01;Лазарева;Бао бургер з лососем;02968;Б_Каппи_БАО;14;5124.6
2026-01;Лазарева;Без приборів!;01593;Б_Прочие позиции;98;0
2026-01;Лазарева;Боніто з лососем;00154;Б_Каппи_Роллы;21;5535.9
2026-01;Лазарева;Боніто з тунцем;00512;Б_Каппи_Роллы;11;2904.9
2026-01;Лазарева;Борщ зі свининою;03028;Б_Каппи_Glovo;38;7980
2026-01;Лазарева;Боул Дабл Фіш;01886;Б_Каппи_Боул;14;5294.8
2026-01;Лазарева;Боул Філадельфія;01887;Б_Каппи_Боул;30;11110.1
2026-01;Лазарева;Боул з Лососем;01890;Б_Каппи_Боул;16;5767.8
2026-01;Лазарева;Боул з креветкою;03168;Б_Каппи_Боул;28;9178.5
2026-01;Лазарева;Бульон курячий;03029;Б_Каппи_Glovo;29;5075
2026-01;Лазарева;Вершкова креветка;00775;Б_Каппи_Роллы;49;18391.7
2026-01;Лазарева;Веселка;00509;Б_Каппи_Роллы;64;25284.6
2026-01;Лазарева;Весняний Сет;01844;Б_Каппи_Сет;27;26358.5
2026-01;Лазарева;Вишуканий дует;02989;Б_Каппи_Акции;1;548.7
2026-01;Лазарева;Вугор сет;02711;Б_Каппи_Сет;5;6125
2026-01;Лазарева;Вулкан Карі;03144;Б_Каппи_Роллы;20;8950.7
2026-01;Лазарева;Вулкан Токара;03126;Б_Каппи_Роллы;8;3523.6
2026-01;Лазарева;Вулкан з креветкою;02799;Б_Каппи_Роллы;53;15031
2026-01;Лазарева;Вулкан сет;03211;Б_Каппи_Сет;1;895.7
2026-01;Лазарева;Відбивна куряча;03039;Б_Каппи_Glovo;4;980
2026-01;Лазарева;Вінегрет;03060;Б_Каппи_Glovo;6;750
2026-01;Лазарева;Гречана каша;03053;Б_Каппи_Glovo;4;340
2026-01;Лазарева;Гурме;03127;Б_Каппи_Роллы;9;3258.8
2026-01;Лазарева;Д Імбир Cappi 30 гр.;01049;Б_Каппи_Добавки;165;1937.1
2026-01;Лазарева;Д Васабі Cappi 7,5 гр.;01050;Б_Каппи_Добавки;193;2218.9
2026-01;Лазарева;Д Набір №1 (Соев.-1шт.,Імб.-1шт.,Вас.-1шт.);01916;Б_Каппи_Добавки;353;0
2026-01;Лазарева;Д Набір №2 (Соев.-2шт.,Імб.-1шт.,Вас.-1шт.);01917;Б_Каппи_Добавки;323;0
2026-01;Лазарева;Д Набір №3 (Соев.-3шт.,Імб.-2шт.,Вас.-1шт.);01918;Б_Каппи_Добавки;416;0
2026-01;Лазарева;Д Набір №4 (Соев.-4шт.,Імб.-2шт.,Вас.-2шт.);01919;Б_Каппи_Добавки;525;0
2026-01;Лазарева;Д Соус Барбекю;00501;Б_Каппи_Добавки;1;29
2026-01;Лазарева;Д Соус Часниковий;01323;Б_Каппи_Добавки;12;328.9
2026-01;Лазарева;Д Соус Ширачи 10г;02596;Б_Каппи_Добавки;1;19
2026-01;Лазарева;Д Соус горіховий 20 гр.;00729;Б_Каппи_Добавки;19;503.1
2026-01;Лазарева;Д Соус соєвий Cappi 50 гр.;00695;Б_Каппи_Добавки;57;670.3
2026-01;Лазарева;Д Соус унагі 20 гр.;00728;Б_Каппи_Добавки;29;663.8
2026-01;Лазарева;Д Спайсі соус 10 гр.;02929;Б_Каппи_Добавки;20;184.9
2026-01;Лазарева;Д_соус Теріякі  10 г;03191;Б_Каппи_Добавки;4;39.5
2026-01;Лазарева;Дабл Тартар;02780;Б_Каппи_Роллы;48;18374.6
2026-01;Лазарева;Деруни зі сметаною;03054;Б_Каппи_Glovo;14;2170
2026-01;Лазарева;Джаз;01109;Б_Каппи_Роллы;26;5720.5
2026-01;Лазарева;Дзен сет;01128;Б_Каппи_Сет;45;45020.2
2026-01;Лазарева;Доставка (зелена);00829;Б_Прочие позиции;24;1019.9
2026-01;Лазарева;Доставка (помаранчева);01235;Б_Прочие позиции;22;1067
2026-01;Лазарева;Доставка (рожева);03017;Б_Прочие позиции;1;121.4
2026-01;Лазарева;Доставка (синя);01051;Б_Прочие позиции;4;273.3
2026-01;Лазарева;Доставка (фіолетова);03016;Б_Прочие позиции;13;1397
2026-01;Лазарева;Дружня парочка;03159;Б_Каппи_Акции;1;515
2026-01;Лазарева;Ебі Грін;01790;Б_Каппи_Роллы;7;1921.7
2026-01;Лазарева;Ебі сет;02710;Б_Каппи_Сет;51;62808.3
2026-01;Лазарева;Ебі темпура;02986;Б_Каппи_Закуски;54;13675.5
2026-01;Лазарева;Екзотік;03041;Б_Каппи_Роллы;2;618
2026-01;Лазарева;Замовлення з додатку;03198;;774;0
2026-01;Лазарева;Заміна інгрідієнта;02139;Б_Прочие позиции;9;254.9
2026-01;Лазарева;Зелений Дракон;00156;Б_Каппи_Роллы;5;2086
2026-01;Лазарева;Йоші рол;02776;Б_Каппи_Роллы;7;2660.6
2026-01;Лазарева;Каліфорнія ;00774;Б_Каппи_Роллы;33;11041.6
2026-01;Лазарева;Каліфорнія Мікс;00653;Б_Каппи_Роллы;7;2829.3
2026-01;Лазарева;Каліфорнія з креветкою;00654;Б_Каппи_Роллы;29;10236.7
2026-01;Лазарева;Камамбер фрі;03093;Б_Каппи_Закуски;25;7118.6
2026-01;Лазарева;Камертон;00960;Б_Каппи_Роллы;43;17012.2
2026-01;Лазарева;Капібара полюбляє;03141;Б_Каппи_Сет;6;7170
2026-01;Лазарева;Картопля по-домашньому  ;03051;Б_Каппи_Glovo;5;745
2026-01;Лазарева;Класика вдвох;02988;Б_Каппи_Акции;9;4582.4
2026-01;Лазарева;Кока-кола 0,75 л БОРЩИК\ГЛОВО;03074;Б_Каппи_Glovo;7;455
2026-01;Лазарева;Кока-кола 0,75 л.;01731;Б_Общее_Напитки;99;6346.5
2026-01;Лазарева;Кока-кола жб 0,33 л БОРЩИК\ГЛОВО;03075;Б_Каппи_Glovo;4;236
2026-01;Лазарева;Кока-кола жб 0,33 л.;01736;Б_Общее_Напитки;36;2117.9
2026-01;Лазарева;Кока-кола зеро жб 0,33 л БОРЩИК\ГЛОВО;03076;Б_Каппи_Glovo;3;177
2026-01;Лазарева;Кока-кола зеро жб 0,33 л.;01740;Б_Общее_Напитки;27;1571.5
2026-01;Лазарева;Комбо #1;02178;Б_Каппи_Акции;2;2790
2026-01;Лазарева;Комбо #2;02179;Б_Каппи_Акции;2;2390
2026-01;Лазарева;Комбо #3;02180;Б_Каппи_Акции;4;3920.4
2026-01;Лазарева;Комбуча  WILD каркаде 0,33 л.;03185;Б_Общее_Напитки;13;1235
2026-01;Лазарева;Комбуча  WILD класична 0,33 л.;03186;Б_Общее_Напитки;11;1023
2026-01;Лазарева;Комбуча WILD зелений чай 0,33 л.;03184;Б_Общее_Напитки;15;1383.6
2026-01;Лазарева;Компенсація за негоду;02771;;510;9654.6
2026-01;Лазарева;Концепция-Борщик;03072;;121;0
2026-01;Лазарева;Котлета кордон-блю;03140;Б_Каппи_Glovo;2;410
2026-01;Лазарева;Котлета куряча;03091;Б_Каппи_Glovo;21;2757.1
2026-01;Лазарева;Котлета по-київськи ;03055;Б_Каппи_Glovo;8;1352
2026-01;Лазарева;Креветка в кунжуті;00511;Б_Каппи_Роллы;35;11195.6
2026-01;Лазарева;Креветка в темпурі;00533;Б_Каппи_Темпура ролл;82;26503.9
2026-01;Лазарева;Курка в Кисло-солодкому;01825;Б_Каппи_WOK;35;8867.7
2026-01;Лазарева;Курортний;02169;Б_Каппи_Роллы;23;5432
2026-01;Лазарева;Кімурай;03012;Б_Каппи_Роллы;20;7781.3
2026-01;Лазарева;Лимонад 0,5 л.;02057;Б_Общее_Напитки;46;3845.1
2026-01;Лазарева;Лимонад БОРЩИК\ГЛОВО;03085;Б_Каппи_Glovo;6;450
2026-01;Лазарева;Листівка до ДН;02061;Б_Прочие позиции;11;0
2026-01;Лазарева;Листівка сюрприз;02062;Б_Прочие позиции;1;0
2026-01;Лазарева;Логістичний збір;02770;;1282;35463.8
2026-01;Лазарева;Лосось Пад Тай;02116;Б_Каппи_Роллы;33;10934.8
2026-01;Лазарева;Лосось в темпурі;00534;Б_Каппи_Темпура ролл;71;16768.8
2026-01;Лазарева;Лосось сет;00517;Б_Каппи_Сет;47;46745
2026-01;Лазарева;М Авокадо 20 г;02133;Б_Каппи_Модификаторы;1;35.9
2026-01;Лазарева;М Балик 100 г;01204;Б_Каппи_Модификаторы;9;569.3
2026-01;Лазарева;М Вершковий сир 20 г;02126;Б_Каппи_Модификаторы;4;100
2026-01;Лазарева;М Вугор 20 г;02125;Б_Каппи_Модификаторы;2;124.8
2026-01;Лазарева;М Горіховий соус 20 г;01651;Б_Каппи_Модификаторы;9;260.1
2026-01;Лазарева;М Гриби 50 г;01194;Б_Каппи_Модификаторы;15;348.6
2026-01;Лазарева;М Кальмар 20 г;02136;Б_Каппи_Модификаторы;11;377.6
2026-01;Лазарева;М Креветка 2 шт.;02123;Б_Каппи_Модификаторы;3;147
2026-01;Лазарева;М Креветка 2 шт.;02135;Б_Каппи_Модификаторы;12;588
2026-01;Лазарева;М Курка 20 г;02131;Б_Каппи_Модификаторы;3;177
2026-01;Лазарева;М Куряче філе 60 г;01195;Б_Каппи_Модификаторы;16;812.5
2026-01;Лазарева;М Лосось 20 г;02122;Б_Каппи_Модификаторы;1;45.1
2026-01;Лазарева;М Маслини 20 г;01196;Б_Каппи_Модификаторы;7;228
2026-01;Лазарева;М Моцарела 100 г;01201;Б_Каппи_Модификаторы;9;522.5
2026-01;Лазарева;М Мідії 20 г;02137;Б_Каппи_Модификаторы;13;429.1
2026-01;Лазарева;М Пармезан 20 г;01193;Б_Каппи_Модификаторы;20;814.6
2026-01;Лазарева;М Пепероні 50 г;01200;Б_Каппи_Модификаторы;10;817.3
2026-01;Лазарева;М Перець болгарський 40 г;01197;Б_Каппи_Модификаторы;4;105.4
2026-01;Лазарева;М Помідори 40 г;01199;Б_Каппи_Модификаторы;4;99.5
2026-01;Лазарева;М Соус Барбекю 1 шт.;01202;Б_Каппи_Модификаторы;5;145
2026-01;Лазарева;М Соус Пад Тай 10 г;02127;Б_Каппи_Модификаторы;6;60
2026-01;Лазарева;М Соус Соєвий порц.;02728;Б_Каппи_Модификаторы;34;408
2026-01;Лазарева;М Соус Теріякі 10 г;02130;Б_Каппи_Модификаторы;20;200
2026-01;Лазарева;М Соус Унагі 20 г;01650;Б_Каппи_Модификаторы;20;473.6
2026-01;Лазарева;М Соус Часниковий 1 шт.;01648;Б_Каппи_Модификаторы;13;377
2026-01;Лазарева;М Соус Шірачі 5 г;02129;Б_Каппи_Модификаторы;10;95.2
2026-01;Лазарева;М Спайсі соус 10 г;02128;Б_Каппи_Модификаторы;28;275.7
2026-01;Лазарева;М Тофу 20 г;02138;Б_Каппи_Модификаторы;1;39
2026-01;Лазарева;М Халапеньйо 15 г;01198;Б_Каппи_Модификаторы;19;363.6
2026-01;Лазарева;М'ясо по-французьки;03056;Б_Каппи_Glovo;12;3300
2026-01;Лазарева;Макі Вугор;00161;Б_Каппи_Роллы;21;4569
2026-01;Лазарева;Макі Лосось;00159;Б_Каппи_Роллы;73;12658.9
2026-01;Лазарева;Макі Огірок ;00506;Б_Каппи_Роллы;34;3028.5
2026-01;Лазарева;Макі Сирний;00504;Б_Каппи_Роллы;25;2283.5
2026-01;Лазарева;Макі Чука ;00507;Б_Каппи_Роллы;24;2646.2
2026-01;Лазарева;Млинці з вишнею та шоколадом ;03174;Б_Каппи_Glovo;7;1785
2026-01;Лазарева;Млинці з яблуками;03061;Б_Каппи_Glovo;7;1295
2026-01;Лазарева;Монако;00636;Б_Каппи_Роллы;14;5979.5
2026-01;Лазарева;Морс Ягідний 0,5 л.;02697;Б_Общее_Напитки;41;3252.8
2026-01;Лазарева;Морс Ягідний БОРЩИК\ГЛОВО;03086;Б_Каппи_Glovo;13;975
2026-01;Лазарева;Моршинська без газу 0,5 л БОРЩИК\ГЛОВО;03087;Б_Каппи_Glovo;1;49
2026-01;Лазарева;Моршинська без газу 0,5 л.;00585;Б_Общее_Напитки;1;49
2026-01;Лазарева;Моршинська слаб.газ 0,5 л БОРЩИК\ГЛОВО;03088;Б_Каппи_Glovo;1;49
2026-01;Лазарева;Моршинська слаб.газ. 0,5 л.;00584;Б_Общее_Напитки;2;91.8
2026-01;Лазарева;Мочі Полуниця;02618;Т_Десерты;21;2706.1
2026-01;Лазарева;Мочі малина;02026;Т_Десерты;23;2842.9
2026-01;Лазарева;Мочі смородина ;03161;Т_Десерты;9;1137.4
2026-01;Лазарева;Мочі фісташка-халва;03162;Т_Десерты;8;955.2
2026-01;Лазарева;Мідорі;03021;Б_Каппи_Премиум ролл;3;1413.5
2026-01;Лазарева;Мідія в темпурі;02167;Б_Каппи_Темпура ролл;8;2510.8
2026-01;Лазарева;Місо з тофу;00708;Б_Каппи_Супы;10;1990
2026-01;Лазарева;Навчальні палички;01021;Б_Прочие позиции;137;0
2026-01;Лазарева;Нагетси;03207;Б_Каппи_Закуски;23;3697.9
2026-01;Лазарева;Нью-Йорк ;02915;Б_Каппи_Роллы;45;20078.8
2026-01;Лазарева;Одеський сет;02170;Б_Каппи_Сет;15;12262.7
2026-01;Лазарева;Ойши сет;02819;Б_Каппи_Сет;12;12936.2
2026-01;Лазарева;Онігірі з крабом;03222;Онігірі;16;2237
2026-01;Лазарева;Онігірі з креветкою;03225;Онігірі;18;2927.1
2026-01;Лазарева;Онігірі з лососем;03223;Онігірі;8;1302.4
2026-01;Лазарева;Онігірі з тунцем;03224;Онігірі;5;990
2026-01;Лазарева;Опен-фуд;02927;;299;289.2
2026-01;Лазарева;Осака;00589;Б_Каппи_Роллы;46;15063.9
2026-01;Лазарева;Париж;00657;Б_Каппи_Роллы;19;8384.3
2026-01;Лазарева;Пательня з куркою.;03036;Б_Каппи_Glovo;18;4770
2026-01;Лазарева;Пательня зі свининою;03030;Б_Каппи_Glovo;16;4240
2026-01;Лазарева;Пательня мисливська.;03037;Б_Каппи_Glovo;9;2565
2026-01;Лазарева;Пересип +;03045;;50;0
2026-01;Лазарева;Преміум Креветка;00652;Б_Каппи_Роллы;18;7864.2
2026-01;Лазарева;Преміум сет;00658;Б_Каппи_Сет;16;27664.6
2026-01;Лазарева;Пюре;03052;Б_Каппи_Glovo;14;1890
2026-01;Лазарева;Пікантний краб;00531;Б_Каппи_Темпура ролл;29;7626.9
2026-01;Лазарева;Пікантний лосось ;00532;Б_Каппи_Темпура ролл;32;9534.9
2026-01;Лазарева;Піца 4 сезони;02101;Б_Каппи_Пицца;24;9263.8
2026-01;Лазарева;Піца 4 сири;02118;Б_Каппи_Пицца;84;29191.6
2026-01;Лазарева;Піца Амерікано;02111;Б_Каппи_Пицца;25;7799.7
2026-01;Лазарева;Піца Гавайська;02104;Б_Каппи_Пицца;57;14127.2
2026-01;Лазарева;Піца Груша Дор Блю;02175;Б_Каппи_Пицца;27;8311
2026-01;Лазарева;Піца Кампаро;03131;Б_Каппи_Пицца;10;2928.5
2026-01;Лазарева;Піца Курка та гриби;02177;Б_Каппи_Пицца;58;19032.8
2026-01;Лазарева;Піца М'ясна;02102;Б_Каппи_Пицца;82;28606.6
2026-01;Лазарева;Піца Маргарита;02174;Б_Каппи_Пицца;34;8987.5
2026-01;Лазарева;Піца Мексиканська ;03130;Б_Каппи_Пицца;17;5031.4
2026-01;Лазарева;Піца Мисливська;02176;Б_Каппи_Пицца;59;16964.6
2026-01;Лазарева;Піца Океанія;02099;Б_Каппи_Пицца;26;10582.7
2026-01;Лазарева;Піца Пепероні;02172;Б_Каппи_Пицца;52;15057.5
2026-01;Лазарева;Піца Пепероні Блу Чіз;02119;Б_Каппи_Пицца;31;10678.9
2026-01;Лазарева;Піца Том Ям;02978;Б_Каппи_Пицца;22;8902.2
2026-01;Лазарева;Піца Чізбургер;02977;Б_Каппи_Пицца;44;14094
2026-01;Лазарева;Піца з креветками та брі;02911;Б_Каппи_Пицца;20;7871.1
2026-01;Лазарева;Піца з прошутто;03133;Б_Каппи_Пицца;27;8649
2026-01;Лазарева;Піца з прошутто та грушою ;03132;Б_Каппи_Пицца;26;9317.8
2026-01;Лазарева;Рамен Том Ям;02606;Б_Каппи_Супы;53;17425.8
2026-01;Лазарева;Рамен Традиційний;02601;Б_Каппи_Супы;23;3884.9
2026-01;Лазарева;Рамен з куркою;03201;Б_Каппи_Супы;53;10412.2
2026-01;Лазарева;Рамен з морепродуктами ;03200;Б_Каппи_Супы;28;6860.2
2026-01;Лазарева;Рис;03208;Б_Каппи_Glovo;3;255
2026-01;Лазарева;Рис з куркою Гострий;00855;Б_Каппи_WOK;30;6775.8
2026-01;Лазарева;Рол Пасаж;02168;Б_Каппи_Роллы;9;2931.8
2026-01;Лазарева;Рол-Дог з Креветкою;01787;Б_Каппи_Темпура ролл;7;2311.9
2026-01;Лазарева;Рол-Дог з Лососем;01788;Б_Каппи_Темпура ролл;15;4782.9
2026-01;Лазарева;Сакайо;03128;Б_Каппи_Роллы;15;6516.8
2026-01;Лазарева;"Салат ""Олів'є"" з куркою";03059;Б_Каппи_Glovo;17;3213
2026-01;Лазарева;Салат Цезар з куркою (борщик);03057;Б_Каппи_Glovo;6;1770
2026-01;Лазарева;Салат Чука-Вакаме;00602;Б_Каппи_Салати;26;5180.6
2026-01;Лазарева;Салат з вугрем та авокадо;02900;Б_Каппи_Салати;9;3323.5
2026-01;Лазарева;Салат з капустою та огірком;03135;Б_Каппи_Glovo;9;1125
2026-01;Лазарева;Салат з креветками, грушею та сиром Дор Блю		;02914;Б_Каппи_Салати;6;2189.9
2026-01;Лазарева;Салат з тофу та овочами;02904;Б_Каппи_Салати;5;1407.2
2026-01;Лазарева;Салат з яблуком та буряком;03202;Б_Каппи_Glovo;2;150
2026-01;Лазарева;Салат крабовий;03058;Б_Каппи_Glovo;12;2520
2026-01;Лазарева;Салмон в боніто ;00538;Б_Каппи_Роллы;34;7490.6
2026-01;Лазарева;Сенкай;03022;Б_Каппи_Премиум ролл;15;7758.4
2026-01;Лазарева;Сервісний збір_Glovo;01934;Б_Каппи_Glovo;133;2240.1
2026-01;Лазарева;Сет 2х2;01175;Б_Каппи_Сет;22;22260.5
2026-01;Лазарева;Сет Бюджетний;03043;Б_Каппи_Сет;8;7421.1
2026-01;Лазарева;Сет мандарин ;03220;Б_Сезонные блюда;2;1930
2026-01;Лазарева;Сет новорічний;03219;Б_Сезонные блюда;5;7149.2
2026-01;Лазарева;Сирники з родзинками;03062;Б_Каппи_Glovo;2;288.8
2026-01;Лазарева;Сирники класичні;03173;Б_Каппи_Glovo;3;418.6
2026-01;Лазарева;Солянка;03038;Б_Каппи_Glovo;20;5500
2026-01;Лазарева;Спайсі Вулкан;02113;Б_Каппи_Роллы;9;3450.4
2026-01;Лазарева;Спрайт жб 0,33 л  БОРЩИК\ГЛОВО;03089;Б_Каппи_Glovo;2;118
2026-01;Лазарева;Спрайт жб 0,33 л.;01749;Б_Общее_Напитки;10;578.3
2026-01;Лазарева;Супер Комбо;02181;Б_Каппи_Акции;4;3782.3
2026-01;Лазарева;Суші бургер з Креветкой;02943;Б_Каппи_Бургер;94;31781.9
2026-01;Лазарева;Суші бургер з Лососем;02944;Б_Каппи_Бургер;106;38173.2
2026-01;Лазарева;Сушіріто з креветкою ;03018;Б_Каппи_Суширито;38;7360.9
2026-01;Лазарева;Сушіріто з куркою;03019;Б_Каппи_Суширито;19;3058.6
2026-01;Лазарева;Сушіріто з лососем;03020;Б_Каппи_Суширито;36;9543.5
2026-01;Лазарева;ТОП сет;00362;Б_Каппи_Сет;34;47666.1
2026-01;Лазарева;Тайфун;03024;Б_Каппи_Темпура ролл;26;11904
2026-01;Лазарева;Темпура вулкан з креветкою;03167;Б_Каппи_Темпура ролл;22;7856.5
2026-01;Лазарева;Темпура вулкан з лососем;03166;Б_Каппи_Темпура ролл;38;11383.2
2026-01;Лазарева;Темпура мандарин з креветкою;03215;Б_Сезонные блюда;3;999.8
2026-01;Лазарева;Темпура сет;00559;Б_Каппи_Сет;25;27173.8
2026-01;Лазарева;Темпура-суширіто з крабом;03193;Б_Каппи_Суширито;37;8880.1
2026-01;Лазарева;Темпура-суширіто мікс;03194;Б_Каппи_Суширито;52;15439.1
2026-01;Лазарева;Теплий сет;02712;Б_Каппи_Сет;68;56412.6
2026-01;Лазарева;Том Ям;02597;Б_Каппи_Супы;106;34143
2026-01;Лазарева;Тропік ;01862;Б_Каппи_Роллы;19;6021.8
2026-01;Лазарева;Тропікана;03014;Б_Каппи_Роллы;18;7215.9
2026-01;Лазарева;Тропічний Вулкан;02112;Б_Каппи_Роллы;11;3876.4
2026-01;Лазарева;Удон з креветками;01813;Б_Каппи_WOK;18;5828.9
2026-01;Лазарева;Удон з куркою Теріякі;00856;Б_Каппи_WOK;32;8317.4
2026-01;Лазарева;Унагамі;03011;Б_Каппи_Роллы;15;5874.1
2026-01;Лазарева;Унагі Брі;02906;Б_Каппи_Роллы;3;1305
2026-01;Лазарева;Унагі Фаєр Рол;00656;Б_Каппи_Премиум ролл;9;3954.5
2026-01;Лазарева;Унагі мандарин;03216;Б_Сезонные блюда;2;930
2026-01;Лазарева;Ф'южн;03155;Б_Каппи_Роллы;17;5418.9
2026-01;Лазарева;Фанта жб 0,33 л.;01743;Б_Общее_Напитки;8;469
2026-01;Лазарева;Фламмі;03040;Б_Каппи_Роллы;4;1507.9
2026-01;Лазарева;Фудзі темпура;00911;Б_Каппи_Темпура ролл;54;17019.6
2026-01;Лазарева;Фунчоза з куркою;03164;Б_Каппи_WOK;20;5633.4
2026-01;Лазарева;Фунчоза з морепродуктами;03165;Б_Каппи_WOK;37;11938.7
2026-01;Лазарева;Філа Ланч;02706;Б_Каппи_Акции;17;7775.6
2026-01;Лазарева;Філадельфія;00168;Б_Каппи_Роллы;190;71375.1
2026-01;Лазарева;Філадельфія Класік;00459;Б_Каппи_Роллы;142;26184.3
2026-01;Лазарева;Філадельфія Преміум;00611;Б_Каппи_Роллы;96;38900.4
2026-01;Лазарева;Філадельфія з креветкою;02798;Б_Каппи_Роллы;34;12622.6
2026-01;Лазарева;Філадельфія з манго;00612;Б_Каппи_Роллы;28;8964.7
2026-01;Лазарева;Філадельфія з тунцем;00516;Б_Каппи_Роллы;24;9512.6
2026-01;Лазарева;Філадельфія мандарин;03213;Б_Сезонные блюда;10;3658.7
2026-01;Лазарева;Хек в паніровці;03206;Б_Каппи_Glovo;2;330
2026-01;Лазарева;Цезар з куркою;02803;Б_Каппи_Салати;28;7839.7
2026-01;Лазарева;Цезар з лососем;02992;Б_Каппи_Салати;7;2201.4
2026-01;Лазарева;Чорний Дракон;00170;Б_Каппи_Роллы;23;9296.6
2026-01;Лазарева;Чізі Креветка;01113;Б_Каппи_Роллы;28;6861.2
2026-01;Лазарева;Чізі лосось;02921;Б_Каппи_Премиум ролл;8;3253.7
2026-01;Лазарева;Чізі мандарин;03214;Б_Сезонные блюда;1;335
2026-01;Лазарева;Юме сет;02818;Б_Каппи_Сет;15;15895.8
2026-01;Лазарева;Які Ебі Манго;02946;Б_Каппи_Запеч_Роллы;54;16442.4
2026-01;Лазарева;Які Салмон;02950;Б_Каппи_Запеч_Роллы;19;6831.7
2026-01;Лазарева;Які Спайсі Краб;02949;Б_Каппи_Запеч_Роллы;62;16001.3
2026-01;Лазарева;Які Туна ;02942;Б_Каппи_Запеч_Роллы;23;8380.4
2026-01;Лазарева;Які Унагі;02945;Б_Каппи_Запеч_Роллы;42;13714.7
2026-01;Лазарева;Яєчна з куркою та креветками;01815;Б_Каппи_WOK;29;9384.2
2026-01;Лазарева;Яєчна з морепродуктами;00859;Б_Каппи_WOK;16;5093
2026-01;Левітана;.Гарного дня!;00944;Б_Прочие позиции;1864;0
2026-01;Левітана;Affinity сет;03015;Б_Каппи_Сет;16;17889.6
2026-01;Левітана;Cappiroll;00583;Б_Каппи_Роллы;38;15682
2026-01;Левітана;Cappizza;02173;Б_Каппи_Пицца;37;11758.9
2026-01;Левітана;G Доставка;00984;Б_Каппи_Glovo;456;22779.5
2026-01;Левітана;GC_Доставка 0 грн;02503;Б_Глово_Модификаторы;6;0
2026-01;Левітана;L`amour Сет;01729;Б_Каппи_Сет;18;20309.7
2026-01;Левітана;MOVA світле пиво безалкогольне 0.33 л.;03049;Б_Общее_Напитки;10;820.7
2026-01;Левітана;MOVA темне пиво безалкогольне 0,33 л.;03048;Б_Общее_Напитки;11;922
2026-01;Левітана;Party-комбо ( Pepsi Cola з/б 0,33л -1шт та  Pepsi Cola Max з/б 0,33л - 1шт;02708;Б_Каппи_Акции;6;7770
2026-01;Левітана;Rich 1 л Апельсин ;03077;Б_Каппи_Glovo;1;115
2026-01;Левітана;Rich 1 л. Апельсин;00352;Б_Общее_Напитки;13;1500
2026-01;Левітана;Rich 1 л. Экзотик;00172;Б_Общее_Напитки;7;746.1
2026-01;Левітана;Rich 1 л. Яблуко;00415;Б_Общее_Напитки;11;1241.4
2026-01;Левітана;Імператор;00892;Б_Каппи_Роллы;13;6002
2026-01;Левітана;Акаї;03023;Б_Каппи_Премиум ролл;21;10812.8
2026-01;Левітана;Акіра;03217;Б_Каппи_Премиум ролл;10;5432.1
2026-01;Левітана;Аляска;00513;Б_Каппи_Премиум ролл;11;4616.7
2026-01;Левітана;Амаі;03218;Б_Каппи_Премиум ролл;5;2633.8
2026-01;Левітана;Аморе;02781;Б_Каппи_Роллы;30;12046.1
2026-01;Левітана;Антикризовий сет;00578;Б_Каппи_Сет;61;38880.1
2026-01;Левітана;Аурум ;03157;Б_Каппи_Роллы;12;3129.2
2026-01;Левітана;Банзай ;00528;Б_Каппи_Темпура ролл;133;50788.9
2026-01;Левітана;Бао бургер з крабом;02966;Б_Каппи_БАО;8;2102.4
2026-01;Левітана;Бао бургер з креветкою;02967;Б_Каппи_БАО;8;2890
2026-01;Левітана;Бао бургер з лососем;02968;Б_Каппи_БАО;5;1836.6
2026-01;Левітана;Без приборів!;01593;Б_Прочие позиции;73;0
2026-01;Левітана;Боніто з лососем;00154;Б_Каппи_Роллы;27;7195.1
2026-01;Левітана;Боніто з тунцем;00512;Б_Каппи_Роллы;4;1077.3
2026-01;Левітана;Боул Дабл Фіш;01886;Б_Каппи_Боул;25;9109.1
2026-01;Левітана;Боул Філадельфія;01887;Б_Каппи_Боул;29;10264.5
2026-01;Левітана;Боул з Лососем;01890;Б_Каппи_Боул;19;6615.4
2026-01;Левітана;Боул з креветкою;03168;Б_Каппи_Боул;18;6028.9
2026-01;Левітана;Васаби порц 7,5 г.;01036;Т Соуса порционные;1;12
2026-01;Левітана;Вершкова креветка;00775;Б_Каппи_Роллы;46;17260.8
2026-01;Левітана;Веселка;00509;Б_Каппи_Роллы;37;14736.8
2026-01;Левітана;Весняний Сет;01844;Б_Каппи_Сет;23;22416.2
2026-01;Левітана;Вишуканий дует;02989;Б_Каппи_Акции;3;2085
2026-01;Левітана;Вугор сет;02711;Б_Каппи_Сет;4;4794.1
2026-01;Левітана;Вулкан Карі;03144;Б_Каппи_Роллы;13;6100.5
2026-01;Левітана;Вулкан Токара;03126;Б_Каппи_Роллы;8;3386.7
2026-01;Левітана;Вулкан з креветкою;02799;Б_Каппи_Роллы;57;16563.7
2026-01;Левітана;Вулкан сет;03211;Б_Каппи_Сет;5;4440
2026-01;Левітана;Гурме;03127;Б_Каппи_Роллы;8;3123.5
2026-01;Левітана;Д Імбир Cappi 30 гр.;01049;Б_Каппи_Добавки;118;1368.1
2026-01;Левітана;Д Васабі Cappi 7,5 гр.;01050;Б_Каппи_Добавки;131;1533.4
2026-01;Левітана;Д Набір №1 (Соев.-1шт.,Імб.-1шт.,Вас.-1шт.);01916;Б_Каппи_Добавки;374;0
2026-01;Левітана;Д Набір №2 (Соев.-2шт.,Імб.-1шт.,Вас.-1шт.);01917;Б_Каппи_Добавки;289;0
2026-01;Левітана;Д Набір №3 (Соев.-3шт.,Імб.-2шт.,Вас.-1шт.);01918;Б_Каппи_Добавки;399;0
2026-01;Левітана;Д Набір №4 (Соев.-4шт.,Імб.-2шт.,Вас.-2шт.);01919;Б_Каппи_Добавки;444;0
2026-01;Левітана;Д Соус Барбекю;00501;Б_Каппи_Добавки;7;202
2026-01;Левітана;Д Соус Часниковий;01323;Б_Каппи_Добавки;12;346.4
2026-01;Левітана;Д Соус Ширачи 10г;02596;Б_Каппи_Добавки;5;95
2026-01;Левітана;Д Соус горіховий 20 гр.;00729;Б_Каппи_Добавки;4;111.3
2026-01;Левітана;Д Соус соєвий Cappi 50 гр.;00695;Б_Каппи_Добавки;38;437.9
2026-01;Левітана;Д Соус унагі 20 гр.;00728;Б_Каппи_Добавки;13;323.8
2026-01;Левітана;Д Спайсі соус 10 гр.;02929;Б_Каппи_Добавки;13;124.3
2026-01;Левітана;Д_Балик 100 гр;03103;Б_Каппи_Добавки;1;65
2026-01;Левітана;Д_Гриби 50 гр;03110;Б_Каппи_Добавки;1;25
2026-01;Левітана;Д_соус Теріякі  10 г;03191;Б_Каппи_Добавки;10;93.7
2026-01;Левітана;Дабл Тартар;02780;Б_Каппи_Роллы;43;15875.1
2026-01;Левітана;Джаз;01109;Б_Каппи_Роллы;19;4106.3
2026-01;Левітана;Дзен сет;01128;Б_Каппи_Сет;47;46176.8
2026-01;Левітана;Доставка (зелена);00829;Б_Прочие позиции;33;1421.8
2026-01;Левітана;Доставка (помаранчева);01235;Б_Прочие позиции;15;842.2
2026-01;Левітана;Доставка (синя);01051;Б_Прочие позиции;1;63.1
2026-01;Левітана;Ебі Грін;01790;Б_Каппи_Роллы;14;3912.2
2026-01;Левітана;Ебі сет;02710;Б_Каппи_Сет;72;89913.3
2026-01;Левітана;Ебі темпура;02986;Б_Каппи_Закуски;78;19987
2026-01;Левітана;Екзотік;03041;Б_Каппи_Роллы;3;905.7
2026-01;Левітана;Замовлення з додатку;03198;;698;0
2026-01;Левітана;Заміна інгрідієнта;02139;Б_Прочие позиции;5;149.4
2026-01;Левітана;Зелений Дракон;00156;Б_Каппи_Роллы;14;5849.5
2026-01;Левітана;Йоші рол;02776;Б_Каппи_Роллы;10;3425.1
2026-01;Левітана;Каліфорнія ;00774;Б_Каппи_Роллы;30;10311
2026-01;Левітана;Каліфорнія Мікс;00653;Б_Каппи_Роллы;8;3296.1
2026-01;Левітана;Каліфорнія з креветкою;00654;Б_Каппи_Роллы;24;8739.2
2026-01;Левітана;Камамбер фрі;03093;Б_Каппи_Закуски;28;8043.8
2026-01;Левітана;Камертон;00960;Б_Каппи_Роллы;36;14169.7
2026-01;Левітана;Капібара полюбляє;03141;Б_Каппи_Сет;3;3507.2
2026-01;Левітана;Класика вдвох;02988;Б_Каппи_Акции;10;4702.1
2026-01;Левітана;Кока-кола 0,75 л.;01731;Б_Общее_Напитки;63;3987
2026-01;Левітана;Кока-кола жб 0,33 л.;01736;Б_Общее_Напитки;47;2700.2
2026-01;Левітана;Кока-кола зеро жб 0,33 л.;01740;Б_Общее_Напитки;70;3999.2
2026-01;Левітана;Комбо #1;02178;Б_Каппи_Акции;2;2650.5
2026-01;Левітана;Комбо #2;02179;Б_Каппи_Акции;2;2376.7
2026-01;Левітана;Комбо #3;02180;Б_Каппи_Акции;3;2985
2026-01;Левітана;Комбуча  WILD каркаде 0,33 л.;03185;Б_Общее_Напитки;4;380
2026-01;Левітана;Комбуча  WILD класична 0,33 л.;03186;Б_Общее_Напитки;6;541.8
2026-01;Левітана;Комбуча WILD зелений чай 0,33 л.;03184;Б_Общее_Напитки;6;562
2026-01;Левітана;Компенсація за негоду;02771;;427;8145.6
2026-01;Левітана;Креветка в кунжуті;00511;Б_Каппи_Роллы;56;17927.8
2026-01;Левітана;Креветка в темпурі;00533;Б_Каппи_Темпура ролл;80;26229.4
2026-01;Левітана;Курка в Кисло-солодкому;01825;Б_Каппи_WOK;23;4991.1
2026-01;Левітана;Курортний;02169;Б_Каппи_Роллы;20;4710
2026-01;Левітана;Кімурай;03012;Б_Каппи_Роллы;23;9007.6
2026-01;Левітана;Лимонад 0,5 л.;02057;Б_Общее_Напитки;27;2188.3
2026-01;Левітана;Листівка до ДН;02061;Б_Прочие позиции;11;0
2026-01;Левітана;Листівка сюрприз;02062;Б_Прочие позиции;1;0
2026-01;Левітана;Логістичний збір;02770;;1120;30968.3
2026-01;Левітана;Лосось Пад Тай;02116;Б_Каппи_Роллы;31;10453.7
2026-01;Левітана;Лосось в темпурі;00534;Б_Каппи_Темпура ролл;63;14866.1
2026-01;Левітана;Лосось сет;00517;Б_Каппи_Сет;25;25395.5
2026-01;Левітана;М Авокадо 20 г;02133;Б_Каппи_Модификаторы;4;150.9
2026-01;Левітана;М Балик 100 г;01204;Б_Каппи_Модификаторы;8;516.4
2026-01;Левітана;М Вершковий сир 20 г;02126;Б_Каппи_Модификаторы;12;209.1
2026-01;Левітана;М Вугор 20 г;02125;Б_Каппи_Модификаторы;4;260
2026-01;Левітана;М Горіховий соус 20 г;01651;Б_Каппи_Модификаторы;15;416.4
2026-01;Левітана;М Гриби 50 г;01194;Б_Каппи_Модификаторы;7;169.1
2026-01;Левітана;М Кальмар 20 г;02136;Б_Каппи_Модификаторы;15;515.6
2026-01;Левітана;М Креветка 2 шт.;02123;Б_Каппи_Модификаторы;9;281.8
2026-01;Левітана;М Креветка 2 шт.;02135;Б_Каппи_Модификаторы;15;735
2026-01;Левітана;М Курка 20 г;02131;Б_Каппи_Модификаторы;6;345.6
2026-01;Левітана;М Куряче філе 60 г;01195;Б_Каппи_Модификаторы;13;656.1
2026-01;Левітана;М Лосось 20 г;02122;Б_Каппи_Модификаторы;6;289.4
2026-01;Левітана;М Маслини 20 г;01196;Б_Каппи_Модификаторы;5;172.3
2026-01;Левітана;М Моцарела 100 г;01201;Б_Каппи_Модификаторы;7;407
2026-01;Левітана;М Мідії 20 г;02137;Б_Каппи_Модификаторы;8;264.2
2026-01;Левітана;М Огірок 20 г;02132;Б_Каппи_Модификаторы;2;43.2
2026-01;Левітана;М Пармезан 20 г;01193;Б_Каппи_Модификаторы;7;315
2026-01;Левітана;М Пепероні 50 г;01200;Б_Каппи_Модификаторы;15;1228.6
2026-01;Левітана;М Перець болгарський 40 г;01197;Б_Каппи_Модификаторы;2;58
2026-01;Левітана;М Помідори 40 г;01199;Б_Каппи_Модификаторы;1;25
2026-01;Левітана;М Соус Барбекю 1 шт.;01202;Б_Каппи_Модификаторы;1;29
2026-01;Левітана;М Соус Пад Тай 10 г;02127;Б_Каппи_Модификаторы;9;90
2026-01;Левітана;М Соус Соєвий порц.;02728;Б_Каппи_Модификаторы;63;755.6
2026-01;Левітана;М Соус Теріякі 10 г;02130;Б_Каппи_Модификаторы;25;246.2
2026-01;Левітана;М Соус Унагі 20 г;01650;Б_Каппи_Модификаторы;21;520.2
2026-01;Левітана;М Соус Часниковий 1 шт.;01648;Б_Каппи_Модификаторы;20;576.1
2026-01;Левітана;М Соус Шірачі 5 г;02129;Б_Каппи_Модификаторы;13;130
2026-01;Левітана;М Спайсі соус 10 г;02128;Б_Каппи_Модификаторы;31;307
2026-01;Левітана;М Тофу 20 г;02138;Б_Каппи_Модификаторы;1;39
2026-01;Левітана;М Тунець 20 г;02124;Б_Каппи_Модификаторы;2;110
2026-01;Левітана;М Халапеньйо 15 г;01198;Б_Каппи_Модификаторы;9;178.5
2026-01;Левітана;М_Соус соевый порц.;03118;Б_Каппи_Модификаторы;4;48
2026-01;Левітана;Макі Вугор;00161;Б_Каппи_Роллы;13;2922.6
2026-01;Левітана;Макі Лосось;00159;Б_Каппи_Роллы;27;4840.4
2026-01;Левітана;Макі Огірок ;00506;Б_Каппи_Роллы;39;3464.5
2026-01;Левітана;Макі Сирний;00504;Б_Каппи_Роллы;20;1784.1
2026-01;Левітана;Макі Чука ;00507;Б_Каппи_Роллы;24;2602.3
2026-01;Левітана;Монако;00636;Б_Каппи_Роллы;14;5945.4
2026-01;Левітана;Морс Ягідний 0,5 л.;02697;Б_Общее_Напитки;30;2529.4
2026-01;Левітана;Моршинська без газу 0,5 л.;00585;Б_Общее_Напитки;8;389
2026-01;Левітана;Моршинська слаб.газ. 0,5 л.;00584;Б_Общее_Напитки;3;147
2026-01;Левітана;Мочі Полуниця;02618;Т_Десерты;30;3769.5
2026-01;Левітана;Мочі малина;02026;Т_Десерты;9;1200.6
2026-01;Левітана;Мочі смородина ;03161;Т_Десерты;9;1082.6
2026-01;Левітана;Мочі фісташка-халва;03162;Т_Десерты;6;745.5
2026-01;Левітана;Мідорі;03021;Б_Каппи_Премиум ролл;3;1591.7
2026-01;Левітана;Мідія в темпурі;02167;Б_Каппи_Темпура ролл;4;1275.2
2026-01;Левітана;Місо з тофу;00708;Б_Каппи_Супы;18;3576.4
2026-01;Левітана;Навчальні палички;01021;Б_Прочие позиции;86;0
2026-01;Левітана;Нагетси;03207;Б_Каппи_Закуски;29;4671.4
2026-01;Левітана;Нью-Йорк ;02915;Б_Каппи_Роллы;36;16901.9
2026-01;Левітана;Одеський сет;02170;Б_Каппи_Сет;12;9759.2
2026-01;Левітана;Ойши сет;02819;Б_Каппи_Сет;6;6279.4
2026-01;Левітана;Онігірі з крабом;03222;Онігірі;16;2250.5
2026-01;Левітана;Онігірі з креветкою;03225;Онігірі;22;3705.4
2026-01;Левітана;Онігірі з лососем;03223;Онігірі;11;1904.6
2026-01;Левітана;Онігірі з тунцем;03224;Онігірі;3;596.3
2026-01;Левітана;Опен-фуд;02927;;384;376
2026-01;Левітана;Осака;00589;Б_Каппи_Роллы;54;17921
2026-01;Левітана;Париж;00657;Б_Каппи_Роллы;18;7999.1
2026-01;Левітана;Преміум Креветка;00652;Б_Каппи_Роллы;11;5071.9
2026-01;Левітана;Преміум сет;00658;Б_Каппи_Сет;7;12091.5
2026-01;Левітана;Пікантний краб;00531;Б_Каппи_Темпура ролл;21;5722.5
2026-01;Левітана;Пікантний лосось ;00532;Б_Каппи_Темпура ролл;30;8911.8
2026-01;Левітана;Піца 4 сезони;02101;Б_Каппи_Пицца;14;5317.6
2026-01;Левітана;Піца 4 сири;02118;Б_Каппи_Пицца;76;27098.8
2026-01;Левітана;Піца Амерікано;02111;Б_Каппи_Пицца;21;6705.1
2026-01;Левітана;Піца Гавайська;02104;Б_Каппи_Пицца;73;19769.5
2026-01;Левітана;Піца Груша Дор Блю;02175;Б_Каппи_Пицца;21;6592
2026-01;Левітана;Піца Кампаро;03131;Б_Каппи_Пицца;10;2873.3
2026-01;Левітана;Піца Курка та гриби;02177;Б_Каппи_Пицца;51;16932.6
2026-01;Левітана;Піца М'ясна;02102;Б_Каппи_Пицца;94;33179.9
2026-01;Левітана;Піца Маргарита;02174;Б_Каппи_Пицца;29;7753.3
2026-01;Левітана;Піца Мексиканська ;03130;Б_Каппи_Пицца;18;5233.3
2026-01;Левітана;Піца Мисливська;02176;Б_Каппи_Пицца;59;16194
2026-01;Левітана;Піца Океанія;02099;Б_Каппи_Пицца;25;10032.1
2026-01;Левітана;Піца Пепероні;02172;Б_Каппи_Пицца;67;19241.9
2026-01;Левітана;Піца Пепероні Блу Чіз;02119;Б_Каппи_Пицца;34;11883.2
2026-01;Левітана;Піца Том Ям;02978;Б_Каппи_Пицца;18;7418.7
2026-01;Левітана;Піца Чізбургер;02977;Б_Каппи_Пицца;60;19132.1
2026-01;Левітана;Піца з креветками та брі;02911;Б_Каппи_Пицца;20;7701.6
2026-01;Левітана;Піца з прошутто;03133;Б_Каппи_Пицца;19;6325
2026-01;Левітана;Піца з прошутто та грушою ;03132;Б_Каппи_Пицца;16;5837.2
2026-01;Левітана;Рамен Том Ям;02606;Б_Каппи_Супы;44;15124.3
2026-01;Левітана;Рамен Традиційний;02601;Б_Каппи_Супы;28;4766.2
2026-01;Левітана;Рамен з куркою;03201;Б_Каппи_Супы;39;7763.4
2026-01;Левітана;Рамен з морепродуктами ;03200;Б_Каппи_Супы;27;6509.8
2026-01;Левітана;Рис з куркою Гострий;00855;Б_Каппи_WOK;37;8285.3
2026-01;Левітана;Рол Пасаж;02168;Б_Каппи_Роллы;14;4574
2026-01;Левітана;Рол-Дог з Креветкою;01787;Б_Каппи_Темпура ролл;12;3933.4
2026-01;Левітана;Рол-Дог з Лососем;01788;Б_Каппи_Темпура ролл;5;1684.9
2026-01;Левітана;Сакайо;03128;Б_Каппи_Роллы;25;10439.5
2026-01;Левітана;Салат Чука-Вакаме;00602;Б_Каппи_Салати;33;6616.3
2026-01;Левітана;Салат з вугрем та авокадо;02900;Б_Каппи_Салати;4;1494.5
2026-01;Левітана;Салат з креветками, грушею та сиром Дор Блю		;02914;Б_Каппи_Салати;4;1500
2026-01;Левітана;Салат з тофу та овочами;02904;Б_Каппи_Салати;2;585.6
2026-01;Левітана;Салмон в боніто ;00538;Б_Каппи_Роллы;24;5457.8
2026-01;Левітана;Сенкай;03022;Б_Каппи_Премиум ролл;16;8242.3
2026-01;Левітана;Сервісний збір_Glovo;01934;Б_Каппи_Glovo;133;2415.5
2026-01;Левітана;Сет 2х2;01175;Б_Каппи_Сет;18;18401.8
2026-01;Левітана;Сет Бюджетний;03043;Б_Каппи_Сет;15;13405
2026-01;Левітана;Сет мандарин ;03220;Б_Сезонные блюда;1;940.1
2026-01;Левітана;Сет новорічний;03219;Б_Сезонные блюда;5;7262.5
2026-01;Левітана;Спайсі Вулкан;02113;Б_Каппи_Роллы;13;5016.7
2026-01;Левітана;Спрайт жб 0,33 л.;01749;Б_Общее_Напитки;7;389.9
2026-01;Левітана;Супер Комбо;02181;Б_Каппи_Акции;2;1680.2
2026-01;Левітана;Суші бургер з Креветкой;02943;Б_Каппи_Бургер;92;31480.5
2026-01;Левітана;Суші бургер з Лососем;02944;Б_Каппи_Бургер;98;34937
2026-01;Левітана;Сушіріто з креветкою ;03018;Б_Каппи_Суширито;49;8955.1
2026-01;Левітана;Сушіріто з куркою;03019;Б_Каппи_Суширито;9;1669.6
2026-01;Левітана;Сушіріто з лососем;03020;Б_Каппи_Суширито;27;6887.1
2026-01;Левітана;ТОП сет;00362;Б_Каппи_Сет;34;46970.9
2026-01;Левітана;Тайфун;03024;Б_Каппи_Темпура ролл;25;11468
2026-01;Левітана;Темпура вулкан з креветкою;03167;Б_Каппи_Темпура ролл;32;11225.8
2026-01;Левітана;Темпура вулкан з лососем;03166;Б_Каппи_Темпура ролл;27;8068
2026-01;Левітана;Темпура мандарин з креветкою;03215;Б_Сезонные блюда;1;335
2026-01;Левітана;Темпура сет;00559;Б_Каппи_Сет;37;41006.4
2026-01;Левітана;Темпура-суширіто з крабом;03193;Б_Каппи_Суширито;42;10029.2
2026-01;Левітана;Темпура-суширіто мікс;03194;Б_Каппи_Суширито;33;9978.2
2026-01;Левітана;Теплий сет;02712;Б_Каппи_Сет;52;43248.6
2026-01;Левітана;Том Ям;02597;Б_Каппи_Супы;95;32168
2026-01;Левітана;Тропік ;01862;Б_Каппи_Роллы;9;2932.8
2026-01;Левітана;Тропікана;03014;Б_Каппи_Роллы;18;7289.8
2026-01;Левітана;Тропічний Вулкан;02112;Б_Каппи_Роллы;8;2916.9
2026-01;Левітана;Удон з креветками;01813;Б_Каппи_WOK;39;12306.8
2026-01;Левітана;Удон з куркою Теріякі;00856;Б_Каппи_WOK;35;9054.6
2026-01;Левітана;Унагамі;03011;Б_Каппи_Роллы;6;2427.1
2026-01;Левітана;Унагі Брі;02906;Б_Каппи_Роллы;11;4571.5
2026-01;Левітана;Унагі Фаєр Рол;00656;Б_Каппи_Премиум ролл;6;2790
2026-01;Левітана;Унагі мандарин;03216;Б_Сезонные блюда;4;1714.3
2026-01;Левітана;Ф'южн;03155;Б_Каппи_Роллы;12;3898.8
2026-01;Левітана;Фанта жб 0,33 л.;01743;Б_Общее_Напитки;17;972.6
2026-01;Левітана;Фламмі;03040;Б_Каппи_Роллы;3;1185
2026-01;Левітана;Фудзі темпура;00911;Б_Каппи_Темпура ролл;48;15187.8
2026-01;Левітана;Фунчоза з куркою;03164;Б_Каппи_WOK;44;12278.3
2026-01;Левітана;Фунчоза з морепродуктами;03165;Б_Каппи_WOK;26;8254.6
2026-01;Левітана;Філа Ланч;02706;Б_Каппи_Акции;17;7919.4
2026-01;Левітана;Філадельфія;00168;Б_Каппи_Роллы;183;70444.7
2026-01;Левітана;Філадельфія Класік;00459;Б_Каппи_Роллы;131;25402
2026-01;Левітана;Філадельфія Преміум;00611;Б_Каппи_Роллы;86;35296.9
2026-01;Левітана;Філадельфія з креветкою;02798;Б_Каппи_Роллы;39;15356.8
2026-01;Левітана;Філадельфія з манго;00612;Б_Каппи_Роллы;16;5101
2026-01;Левітана;Філадельфія з тунцем;00516;Б_Каппи_Роллы;25;9933.6
2026-01;Левітана;Філадельфія мандарин;03213;Б_Сезонные блюда;6;2074.5
2026-01;Левітана;Цезар з куркою;02803;Б_Каппи_Салати;29;8156.2
2026-01;Левітана;Цезар з лососем;02992;Б_Каппи_Салати;2;640
2026-01;Левітана;Чорний Дракон;00170;Б_Каппи_Роллы;24;10075.3
2026-01;Левітана;Чізі Креветка;01113;Б_Каппи_Роллы;26;6325.7
2026-01;Левітана;Чізі лосось;02921;Б_Каппи_Премиум ролл;5;2175
2026-01;Левітана;Чізі мандарин;03214;Б_Сезонные блюда;1;326.4
2026-01;Левітана;Юме сет;02818;Б_Каппи_Сет;14;15260.8
2026-01;Левітана;Які Ебі Манго;02946;Б_Каппи_Запеч_Роллы;41;12766
2026-01;Левітана;Які Салмон;02950;Б_Каппи_Запеч_Роллы;26;9122.9
2026-01;Левітана;Які Спайсі Краб;02949;Б_Каппи_Запеч_Роллы;54;13330.2
2026-01;Левітана;Які Туна ;02942;Б_Каппи_Запеч_Роллы;12;4004.4
2026-01;Левітана;Які Унагі;02945;Б_Каппи_Запеч_Роллы;47;14382.5
2026-01;Левітана;Яєчна з куркою та креветками;01815;Б_Каппи_WOK;24;7777.4
2026-01;Левітана;Яєчна з морепродуктами;00859;Б_Каппи_WOK;28;8832.3
2026-02;Лазарева;.Гарного дня!;00944;Б_Прочие позиции;1916;0
2026-02;Лазарева;Affinity сет;03015;Б_Каппи_Сет;20;22264.8
2026-02;Лазарева;Cappiroll;00583;Б_Каппи_Роллы;46;18711
2026-02;Лазарева;Cappizza;02173;Б_Каппи_Пицца;27;8788.1
2026-02;Лазарева;G Доставка;00984;Б_Каппи_Glovo;311;15538.7
2026-02;Лазарева;GC_Доставка 0 грн;02503;Б_Глово_Модификаторы;22;0
2026-02;Лазарева;Glovo <800 ;03025;;6;600
2026-02;Лазарева;L`amour Сет;01729;Б_Каппи_Сет;19;22221.4
2026-02;Лазарева;MOVA світле пиво безалкогольне 0.33 л.;03049;Б_Общее_Напитки;2;190
2026-02;Лазарева;MOVA темне пиво безалкогольне 0,33 л.;03048;Б_Общее_Напитки;8;720.4
2026-02;Лазарева;One Love;03237;Б_Каппи_Сет;14;16399.1
2026-02;Лазарева;Party-комбо ( Pepsi Cola з/б 0,33л -1шт та  Pepsi Cola Max з/б 0,33л - 1шт;02708;Б_Каппи_Акции;4;5055.9
2026-02;Лазарева;Rich 1 л. Апельсин;00352;Б_Общее_Напитки;9;1101.1
2026-02;Лазарева;Rich 1 л. Яблуко;00415;Б_Общее_Напитки;11;1318.6
2026-02;Лазарева;_Гірчиця;03065;Б_Глово_Модификаторы;4;80
2026-02;Лазарева;_Кетчуп;03066;Б_Глово_Модификаторы;6;120
2026-02;Лазарева;_Комбо 1;03031;Б_Каппи_Glovo;3;1035
2026-02;Лазарева;_Комбо 2;03035;Б_Каппи_Glovo;2;514
2026-02;Лазарева;_Комбо 3;03034;Б_Каппи_Glovo;14;4344.2
2026-02;Лазарева;_Комбо 4;03033;Б_Каппи_Glovo;20;7100
2026-02;Лазарева;_Комбо 5;03136;Б_Каппи_Glovo;6;1590
2026-02;Лазарева;_Комбо 6;03139;Б_Каппи_Glovo;5;1745
2026-02;Лазарева;_Комбо 7;03138;Б_Каппи_Glovo;5;1775
2026-02;Лазарева;_Комбо 8;03137;Б_Каппи_Glovo;9;3195
2026-02;Лазарева;_Майонез;03067;Б_Глово_Модификаторы;2;40
2026-02;Лазарева;_Сметана;03068;Б_Глово_Модификаторы;11;220
2026-02;Лазарева;_Хліб;03069;Б_Глово_Модификаторы;21;315
2026-02;Лазарева;Імператор;00892;Б_Каппи_Роллы;28;12566
2026-02;Лазарева;Акаї;03023;Б_Каппи_Премиум ролл;26;13685.6
2026-02;Лазарева;Акіра;03217;Б_Каппи_Премиум ролл;14;7434.1
2026-02;Лазарева;Амаі;03218;Б_Каппи_Премиум ролл;8;4311
2026-02;Лазарева;Аморе;02781;Б_Каппи_Роллы;36;14428.3
2026-02;Лазарева;Антикризовий сет;00578;Б_Каппи_Сет;68;45869.2
2026-02;Лазарева;Аурум ;03157;Б_Каппи_Роллы;9;2415.2
2026-02;Лазарева;Банзай ;00528;Б_Каппи_Темпура ролл;150;58447
2026-02;Лазарева;Бао бургер з крабом;02966;Б_Каппи_БАО;12;3356.2
2026-02;Лазарева;Бао бургер з креветкою;02967;Б_Каппи_БАО;8;3035
2026-02;Лазарева;Бао бургер з лососем;02968;Б_Каппи_БАО;9;3363.3
2026-02;Лазарева;Без приборів!;01593;Б_Прочие позиции;74;0
2026-02;Лазарева;Боніто з лососем;00154;Б_Каппи_Роллы;21;5607.6
2026-02;Лазарева;Борщ зі свининою;03028;Б_Каппи_Glovo;19;3990
2026-02;Лазарева;Боул Дабл Фіш;01886;Б_Каппи_Боул;20;7482.5
2026-02;Лазарева;Боул Філадельфія;01887;Б_Каппи_Боул;41;15336.8
2026-02;Лазарева;Боул з Лососем;01890;Б_Каппи_Боул;13;4782.7
2026-02;Лазарева;Боул з креветкою;03168;Б_Каппи_Боул;22;7480.6
2026-02;Лазарева;Бульон курячий;03029;Б_Каппи_Glovo;22;3850
2026-02;Лазарева;Вершкова креветка;00775;Б_Каппи_Роллы;76;26437.7
2026-02;Лазарева;Веселка;00509;Б_Каппи_Роллы;58;23570.3
2026-02;Лазарева;Весняний Сет;01844;Б_Каппи_Сет;32;31529.1
2026-02;Лазарева;Вулкан Карі;03144;Б_Каппи_Роллы;14;6671.3
2026-02;Лазарева;Вулкан з креветкою;02799;Б_Каппи_Роллы;39;11701
2026-02;Лазарева;Вулкан сет;03211;Б_Каппи_Сет;2;1872.7
2026-02;Лазарева;Відбивна куряча;03039;Б_Каппи_Glovo;5;1225
2026-02;Лазарева;Вінегрет;03060;Б_Каппи_Glovo;4;500
2026-02;Лазарева;Гречана каша;03053;Б_Каппи_Glovo;5;425
2026-02;Лазарева;Д Імбир Cappi 30 гр.;01049;Б_Каппи_Добавки;189;2781.2
2026-02;Лазарева;Д Васабі Cappi 7,5 гр.;01050;Б_Каппи_Добавки;200;2336.3
2026-02;Лазарева;Д Набір Cappi (додатковий);01038;Б_Каппи_Добавки;1;35
2026-02;Лазарева;Д Набір №1 (Соев.-1шт.,Імб.-1шт.,Вас.-1шт.);01916;Б_Каппи_Добавки;345;0
2026-02;Лазарева;Д Набір №2 (Соев.-2шт.,Імб.-1шт.,Вас.-1шт.);01917;Б_Каппи_Добавки;313;0
2026-02;Лазарева;Д Набір №3 (Соев.-3шт.,Імб.-2шт.,Вас.-1шт.);01918;Б_Каппи_Добавки;397;0
2026-02;Лазарева;Д Набір №4 (Соев.-4шт.,Імб.-2шт.,Вас.-2шт.);01919;Б_Каппи_Добавки;586;0
2026-02;Лазарева;Д Соус Барбекю;00501;Б_Каппи_Добавки;5;143.2
2026-02;Лазарева;Д Соус Часниковий;01323;Б_Каппи_Добавки;13;375.2
2026-02;Лазарева;Д Соус горіховий 20 гр.;00729;Б_Каппи_Добавки;16;454
2026-02;Лазарева;Д Соус соєвий Cappi 50 гр.;00695;Б_Каппи_Добавки;72;906.5
2026-02;Лазарева;Д Соус унагі 20 гр.;00728;Б_Каппи_Добавки;26;657.8
2026-02;Лазарева;Д Спайсі соус 10 гр.;02929;Б_Каппи_Добавки;17;194.8
2026-02;Лазарева;Д_Маслини 20 гр;03111;Б_Каппи_Добавки;1;35
2026-02;Лазарева;Д_соус Теріякі  10 г;03191;Б_Каппи_Добавки;8;79.2
2026-02;Лазарева;Дабл Тартар;02780;Б_Каппи_Роллы;56;19332.4
2026-02;Лазарева;Деруни зі сметаною;03054;Б_Каппи_Glovo;13;2015
2026-02;Лазарева;Джаз;01109;Б_Каппи_Роллы;17;3911.4
2026-02;Лазарева;Дзен сет;01128;Б_Каппи_Сет;41;41609.1
2026-02;Лазарева;Доставка (зелена);00829;Б_Прочие позиции;15;628.9
2026-02;Лазарева;Доставка (помаранчева);01235;Б_Прочие позиции;14;769.3
2026-02;Лазарева;Доставка (синя);01051;Б_Прочие позиции;3;175.9
2026-02;Лазарева;Доставка (фіолетова);03016;Б_Прочие позиции;8;861.3
2026-02;Лазарева;Дружня парочка;03159;Б_Каппи_Акции;3;1369.5
2026-02;Лазарева;Ебі Грін;01790;Б_Каппи_Роллы;9;2735.9
2026-02;Лазарева;Ебі сет;02710;Б_Каппи_Сет;94;117011.2
2026-02;Лазарева;Ебі темпура;02986;Б_Каппи_Закуски;79;20336.5
2026-02;Лазарева;Ейфорія;03242;Б_Каппи_Роллы;25;9279.8
2026-02;Лазарева;Замовлення з додатку;03198;;757;0
2026-02;Лазарева;Заміна інгрідієнта;02139;Б_Прочие позиции;4;119
2026-02;Лазарева;Зелений Дракон;00156;Б_Каппи_Роллы;6;2539.9
2026-02;Лазарева;Каліфорнія ;00774;Б_Каппи_Роллы;29;9578.6
2026-02;Лазарева;Каліфорнія Мікс;00653;Б_Каппи_Роллы;25;10611.4
2026-02;Лазарева;Каліфорнія з креветкою;00654;Б_Каппи_Роллы;42;13649.2
2026-02;Лазарева;Камамбер фрі;03093;Б_Каппи_Закуски;26;7511.5
2026-02;Лазарева;Камертон;00960;Б_Каппи_Роллы;40;16157.9
2026-02;Лазарева;Картопля по-домашньому  ;03051;Б_Каппи_Glovo;7;1043
2026-02;Лазарева;Класика вдвох;02988;Б_Каппи_Акции;10;5121
2026-02;Лазарева;Кока-кола 0,5 л.;03246;Б_Общее_Напитки;43;2729.8
2026-02;Лазарева;Кока-кола жб 0,33 л БОРЩИК\ГЛОВО;03075;Б_Каппи_Glovo;7;413
2026-02;Лазарева;Кока-кола жб 0,33 л.;01736;Б_Общее_Напитки;40;2323.3
2026-02;Лазарева;Кока-кола зеро жб 0,33 л БОРЩИК\ГЛОВО;03076;Б_Каппи_Glovo;1;59
2026-02;Лазарева;Кока-кола зеро жб 0,33 л.;01740;Б_Общее_Напитки;37;2148.5
2026-02;Лазарева;Комбо #1;02178;Б_Каппи_Акции;1;1378.9
2026-02;Лазарева;Комбо #2;02179;Б_Каппи_Акции;4;4268.5
2026-02;Лазарева;Комбо #3;02180;Б_Каппи_Акции;1;995
2026-02;Лазарева;Комбуча  WILD каркаде 0,33 л.;03185;Б_Общее_Напитки;16;1484.2
2026-02;Лазарева;Комбуча  WILD класична 0,33 л.;03186;Б_Общее_Напитки;11;1002.5
2026-02;Лазарева;Комбуча WILD зелений чай 0,33 л.;03184;Б_Общее_Напитки;7;629.6
2026-02;Лазарева;Компенсація за негоду;02771;;356;6804.1
2026-02;Лазарева;Концепция-Борщик;03072;;100;0
2026-02;Лазарева;Котлета куряча;03091;Б_Каппи_Glovo;16;2384
2026-02;Лазарева;Котлета по-київськи ;03055;Б_Каппи_Glovo;2;338
2026-02;Лазарева;Креветка в кунжуті;00511;Б_Каппи_Роллы;50;14581.7
2026-02;Лазарева;Креветка в темпурі;00533;Б_Каппи_Темпура ролл;86;28143.6
2026-02;Лазарева;Курка в Кисло-солодкому;01825;Б_Каппи_WOK;20;4601.4
2026-02;Лазарева;Курортний;02169;Б_Каппи_Роллы;16;3849.8
2026-02;Лазарева;Кімурай;03012;Б_Каппи_Роллы;17;6730.4
2026-02;Лазарева;Лимонад 0,5 л.;02057;Б_Общее_Напитки;41;3426.7
2026-02;Лазарева;Лимонад БОРЩИК\ГЛОВО;03085;Б_Каппи_Glovo;4;300
2026-02;Лазарева;Листівка до ДН;02061;Б_Прочие позиции;14;0
2026-02;Лазарева;Логістичний збір;02770;;1321;36652.4
2026-02;Лазарева;Лосось Пад Тай;02116;Б_Каппи_Роллы;31;10746.1
2026-02;Лазарева;Лосось в темпурі;00534;Б_Каппи_Темпура ролл;53;12635.8
2026-02;Лазарева;Лосось сет;00517;Б_Каппи_Сет;28;28666.2
2026-02;Лазарева;М Авокадо 20 г;02133;Б_Каппи_Модификаторы;3;109.6
2026-02;Лазарева;М Балик 100 г;01204;Б_Каппи_Модификаторы;6;390
2026-02;Лазарева;М Вершковий сир 20 г;02126;Б_Каппи_Модификаторы;9;220.1
2026-02;Лазарева;М Вугор 20 г;02125;Б_Каппи_Модификаторы;2;130
2026-02;Лазарева;М Горіховий соус 20 г;01651;Б_Каппи_Модификаторы;6;163.3
2026-02;Лазарева;М Гриби 50 г;01194;Б_Каппи_Модификаторы;17;419
2026-02;Лазарева;М Кальмар 20 г;02136;Б_Каппи_Модификаторы;8;280
2026-02;Лазарева;М Креветка 2 шт.;02123;Б_Каппи_Модификаторы;14;645.6
2026-02;Лазарева;М Креветка 2 шт.;02135;Б_Каппи_Модификаторы;7;343
2026-02;Лазарева;М Курка 20 г;02131;Б_Каппи_Модификаторы;7;400.3
2026-02;Лазарева;М Куряче філе 60 г;01195;Б_Каппи_Модификаторы;10;549.1
2026-02;Лазарева;М Лосось 20 г;02122;Б_Каппи_Модификаторы;5;245
2026-02;Лазарева;М Маслини 20 г;01196;Б_Каппи_Модификаторы;4;140
2026-02;Лазарева;М Моцарела 100 г;01201;Б_Каппи_Модификаторы;6;354
2026-02;Лазарева;М Огірок 20 г;02132;Б_Каппи_Модификаторы;1;25
2026-02;Лазарева;М Пармезан 20 г;01193;Б_Каппи_Модификаторы;6;270
2026-02;Лазарева;М Пепероні 50 г;01200;Б_Каппи_Модификаторы;6;510
2026-02;Лазарева;М Перець болгарський 40 г;01197;Б_Каппи_Модификаторы;3;87
2026-02;Лазарева;М Помідори 40 г;01199;Б_Каппи_Модификаторы;9;229.6
2026-02;Лазарева;М Соус Барбекю 1 шт.;01202;Б_Каппи_Модификаторы;2;58
2026-02;Лазарева;М Соус Пад Тай 10 г;02127;Б_Каппи_Модификаторы;5;60
2026-02;Лазарева;М Соус Соєвий порц.;02728;Б_Каппи_Модификаторы;31;380.6
2026-02;Лазарева;М Соус Теріякі 10 г;02130;Б_Каппи_Модификаторы;11;119.7
2026-02;Лазарева;М Соус Унагі 20 г;01650;Б_Каппи_Модификаторы;7;179
2026-02;Лазарева;М Соус Часниковий 1 шт.;01648;Б_Каппи_Модификаторы;6;174
2026-02;Лазарева;М Соус Шірачі 5 г;02129;Б_Каппи_Модификаторы;7;67.1
2026-02;Лазарева;М Спайсі соус 10 г;02128;Б_Каппи_Модификаторы;17;188.5
2026-02;Лазарева;М Тофу 20 г;02138;Б_Каппи_Модификаторы;1;39
2026-02;Лазарева;М Тунець 20 г;02124;Б_Каппи_Модификаторы;1;51.5
2026-02;Лазарева;М Халапеньйо 15 г;01198;Б_Каппи_Модификаторы;4;80
2026-02;Лазарева;М'ясо по-французьки;03056;Б_Каппи_Glovo;5;1375
2026-02;Лазарева;М_Имбирь порц.;03124;Б_Каппи_Модификаторы;1;15
2026-02;Лазарева;М_Соус соевый порц.;03118;Б_Каппи_Модификаторы;2;27
2026-02;Лазарева;Макі Вугор;00161;Б_Каппи_Роллы;29;6179.1
2026-02;Лазарева;Макі Лосось;00159;Б_Каппи_Роллы;50;8590.2
2026-02;Лазарева;Макі Огірок ;00506;Б_Каппи_Роллы;31;2775
2026-02;Лазарева;Макі Сирний;00504;Б_Каппи_Роллы;26;2421.6
2026-02;Лазарева;Макі Чука ;00507;Б_Каппи_Роллы;26;2679
2026-02;Лазарева;Млинці з вишнею та шоколадом ;03174;Б_Каппи_Glovo;6;1300.8
2026-02;Лазарева;Млинці з яблуками;03061;Б_Каппи_Glovo;1;185
2026-02;Лазарева;Монако;00636;Б_Каппи_Роллы;20;9052.8
2026-02;Лазарева;Морс Ягідний 0,5 л.;02697;Б_Общее_Напитки;54;4479.2
2026-02;Лазарева;Морс Ягідний БОРЩИК\ГЛОВО;03086;Б_Каппи_Glovo;4;300
2026-02;Лазарева;Моршинська без газу 0,5 л.;00585;Б_Общее_Напитки;3;147
2026-02;Лазарева;Моршинська слаб.газ 0,5 л БОРЩИК\ГЛОВО;03088;Б_Каппи_Glovo;2;98
2026-02;Лазарева;Моршинська слаб.газ. 0,5 л.;00584;Б_Общее_Напитки;2;98
2026-02;Лазарева;Мочі Полуниця;02618;Т_Десерты;32;4145.9
2026-02;Лазарева;Мочі малина;02026;Т_Десерты;31;4082.3
2026-02;Лазарева;Мочі смородина ;03161;Т_Десерты;13;1685.9
2026-02;Лазарева;Мочі фісташка-халва;03162;Т_Десерты;22;2758.7
2026-02;Лазарева;Мідорі;03021;Б_Каппи_Премиум ролл;4;2150.1
2026-02;Лазарева;Місо з тофу;00708;Б_Каппи_Супы;10;1937.2
2026-02;Лазарева;Навчальні палички;01021;Б_Прочие позиции;148;0
2026-02;Лазарева;Нагетси;03207;Б_Каппи_Закуски;30;4844.1
2026-02;Лазарева;Нью-Йорк ;02915;Б_Каппи_Роллы;38;17660.5
2026-02;Лазарева;Одеський сет;02170;Б_Каппи_Сет;32;27129.6
2026-02;Лазарева;Ойши сет;02819;Б_Каппи_Сет;8;8616.4
2026-02;Лазарева;Окінава;03235;Б_Каппи_Роллы;15;4900.2
2026-02;Лазарева;Онігірі з крабом;03222;Онігірі;45;6190.6
2026-02;Лазарева;Онігірі з креветкою;03225;Онігірі;58;9580
2026-02;Лазарева;Онігірі з лососем;03223;Онігірі;30;5231.8
2026-02;Лазарева;Онігірі з тунцем;03224;Онігірі;15;2976
2026-02;Лазарева;Опен-фуд;02927;;2620;2514.9
2026-02;Лазарева;Осака;00589;Б_Каппи_Роллы;43;14041.3
2026-02;Лазарева;Париж;00657;Б_Каппи_Роллы;33;14834.6
2026-02;Лазарева;Пательня з куркою.;03036;Б_Каппи_Glovo;24;5407.2
2026-02;Лазарева;Пательня зі свининою;03030;Б_Каппи_Glovo;18;4770
2026-02;Лазарева;Пательня мисливська.;03037;Б_Каппи_Glovo;4;1140
2026-02;Лазарева;Пересип +;03045;;84;0
2026-02;Лазарева;Преміум Креветка;00652;Б_Каппи_Роллы;25;9862.4
2026-02;Лазарева;Преміум сет;00658;Б_Каппи_Сет;24;40641.7
2026-02;Лазарева;Пюре;03052;Б_Каппи_Glovo;10;1350
2026-02;Лазарева;Пікантний краб;00531;Б_Каппи_Темпура ролл;19;5041.8
2026-02;Лазарева;Пікантний лосось ;00532;Б_Каппи_Темпура ролл;18;5954.5
2026-02;Лазарева;Піца 4 сезони;02101;Б_Каппи_Пицца;11;4351.1
2026-02;Лазарева;Піца 4 сири;02118;Б_Каппи_Пицца;78;28159
2026-02;Лазарева;Піца Амерікано;02111;Б_Каппи_Пицца;11;3479.7
2026-02;Лазарева;Піца Гавайська;02104;Б_Каппи_Пицца;46;10014.3
2026-02;Лазарева;Піца Груша Дор Блю;02175;Б_Каппи_Пицца;21;6604.1
2026-02;Лазарева;Піца Кампаро;03131;Б_Каппи_Пицца;7;2054
2026-02;Лазарева;Піца Курка та гриби;02177;Б_Каппи_Пицца;50;16329
2026-02;Лазарева;Піца М'ясна;02102;Б_Каппи_Пицца;108;39161
2026-02;Лазарева;Піца Маргарита;02174;Б_Каппи_Пицца;20;5377.1
2026-02;Лазарева;Піца Мексиканська ;03130;Б_Каппи_Пицца;22;6292
2026-02;Лазарева;Піца Мисливська;02176;Б_Каппи_Пицца;45;12703.5
2026-02;Лазарева;Піца Океанія;02099;Б_Каппи_Пицца;24;10007.4
2026-02;Лазарева;Піца Пепероні;02172;Б_Каппи_Пицца;48;14030.6
2026-02;Лазарева;Піца Пепероні Блу Чіз;02119;Б_Каппи_Пицца;29;10258.6
2026-02;Лазарева;Піца Том Ям;02978;Б_Каппи_Пицца;21;8542
2026-02;Лазарева;Піца Чізбургер;02977;Б_Каппи_Пицца;40;12636.6
2026-02;Лазарева;Піца з креветками та брі;02911;Б_Каппи_Пицца;21;8440
2026-02;Лазарева;Піца з прошутто;03133;Б_Каппи_Пицца;19;6268.9
2026-02;Лазарева;Піца з прошутто та грушою ;03132;Б_Каппи_Пицца;20;7206.4
2026-02;Лазарева;Рамен Том Ям;02606;Б_Каппи_Супы;28;10327.6
2026-02;Лазарева;Рамен Традиційний;02601;Б_Каппи_Супы;16;2750.1
2026-02;Лазарева;Рамен з куркою;03201;Б_Каппи_Супы;38;7971.3
2026-02;Лазарева;Рамен з морепродуктами ;03200;Б_Каппи_Супы;19;4820.3
2026-02;Лазарева;Рис;03208;Б_Каппи_Glovo;2;170
2026-02;Лазарева;Рис з куркою Гострий;00855;Б_Каппи_WOK;26;5715.2
2026-02;Лазарева;Рол Пасаж;02168;Б_Каппи_Роллы;19;5940.1
2026-02;Лазарева;Рол-Дог з Креветкою;01787;Б_Каппи_Темпура ролл;14;4631.9
2026-02;Лазарева;Рол-Дог з Лососем;01788;Б_Каппи_Темпура ролл;13;4365.7
2026-02;Лазарева;Сакайо;03128;Б_Каппи_Роллы;9;3970.9
2026-02;Лазарева;"Салат ""Олів'є"" з куркою";03059;Б_Каппи_Glovo;12;2268
2026-02;Лазарева;Салат Цезар з куркою (борщик);03057;Б_Каппи_Glovo;7;2065
2026-02;Лазарева;Салат Чука-Вакаме;00602;Б_Каппи_Салати;41;8046.5
2026-02;Лазарева;Салат з капустою та огірком;03135;Б_Каппи_Glovo;15;1875
2026-02;Лазарева;Салат з яблуком та буряком;03202;Б_Каппи_Glovo;2;150
2026-02;Лазарева;Салат крабовий;03058;Б_Каппи_Glovo;15;3150
2026-02;Лазарева;Салмон в боніто ;00538;Б_Каппи_Роллы;22;5098.8
2026-02;Лазарева;Санрайз;03236;Б_Каппи_Роллы;13;5719
2026-02;Лазарева;Семга штат 200грн/кг;02824;;0.75;150
2026-02;Лазарева;Сенкай;03022;Б_Каппи_Премиум ролл;18;9683.8
2026-02;Лазарева;Сервісний збір_Glovo;01934;Б_Каппи_Glovo;94;1520
2026-02;Лазарева;Сет 2х2;01175;Б_Каппи_Сет;5;5245
2026-02;Лазарева;Сирники з родзинками;03062;Б_Каппи_Glovo;2;330
2026-02;Лазарева;Сирники класичні;03173;Б_Каппи_Glovo;6;930
2026-02;Лазарева;Солянка;03038;Б_Каппи_Glovo;22;5143.6
2026-02;Лазарева;Спайсі Вулкан;02113;Б_Каппи_Роллы;16;6027.8
2026-02;Лазарева;Спрайт жб 0,33 л  БОРЩИК\ГЛОВО;03089;Б_Каппи_Glovo;2;118
2026-02;Лазарева;Спрайт жб 0,33 л.;01749;Б_Общее_Напитки;12;696.8
2026-02;Лазарева;Супер Комбо;02181;Б_Каппи_Акции;5;4175.4
2026-02;Лазарева;Суші бургер з Креветкой;02943;Б_Каппи_Бургер;83;28029.9
2026-02;Лазарева;Суші бургер з Лососем;02944;Б_Каппи_Бургер;83;29868.8
2026-02;Лазарева;Сушіріто з креветкою ;03018;Б_Каппи_Суширито;46;9585.7
2026-02;Лазарева;Сушіріто з куркою;03019;Б_Каппи_Суширито;17;2887.6
2026-02;Лазарева;Сушіріто з лососем;03020;Б_Каппи_Суширито;25;6833.2
2026-02;Лазарева;ТОП сет;00362;Б_Каппи_Сет;41;58375.5
2026-02;Лазарева;Тайфун;03024;Б_Каппи_Темпура ролл;23;10481.7
2026-02;Лазарева;Темпура вулкан з креветкою;03167;Б_Каппи_Темпура ролл;30;10810.7
2026-02;Лазарева;Темпура вулкан з лососем;03166;Б_Каппи_Темпура ролл;33;9951.2
2026-02;Лазарева;Темпура сет;00559;Б_Каппи_Сет;43;48281.2
2026-02;Лазарева;Темпура-суширіто з крабом;03193;Б_Каппи_Суширито;24;5499.8
2026-02;Лазарева;Темпура-суширіто мікс;03194;Б_Каппи_Суширито;58;16935.7
2026-02;Лазарева;Теплий сет;02712;Б_Каппи_Сет;79;66403.9
2026-02;Лазарева;Том Ям;02597;Б_Каппи_Супы;87;32234.1
2026-02;Лазарева;Тропік ;01862;Б_Каппи_Роллы;19;6242.5
2026-02;Лазарева;Тропікана;03014;Б_Каппи_Роллы;14;5706.1
2026-02;Лазарева;Тропічний Вулкан;02112;Б_Каппи_Роллы;15;5406.1
2026-02;Лазарева;Трюфель мікс;03231;Б_Каппи_Роллы;21;6316.2
2026-02;Лазарева;Удон з креветками;01813;Б_Каппи_WOK;19;6210.6
2026-02;Лазарева;Удон з куркою Теріякі;00856;Б_Каппи_WOK;30;7651.7
2026-02;Лазарева;Умі;03243;Б_Каппи_Роллы;49;17692.5
2026-02;Лазарева;Унагамі;03011;Б_Каппи_Роллы;13;5276.7
2026-02;Лазарева;Ф'южн;03155;Б_Каппи_Роллы;3;1014.2
2026-02;Лазарева;Фанта жб 0,33 л БОРЩИК\ГЛОВО;03090;Б_Каппи_Glovo;5;295
2026-02;Лазарева;Фанта жб 0,33 л.;01743;Б_Общее_Напитки;10;573.7
2026-02;Лазарева;Фудзі темпура;00911;Б_Каппи_Темпура ролл;40;13654.7
2026-02;Лазарева;Фунчоза з куркою;03164;Б_Каппи_WOK;21;5898.1
2026-02;Лазарева;Фунчоза з морепродуктами;03165;Б_Каппи_WOK;27;8996.6
2026-02;Лазарева;Філа Ланч;02706;Б_Каппи_Акции;21;10024.6
2026-02;Лазарева;Філадельфія;00168;Б_Каппи_Роллы;130;49997.4
2026-02;Лазарева;Філадельфія Класік;00459;Б_Каппи_Роллы;138;19436.3
2026-02;Лазарева;Філадельфія Преміум;00611;Б_Каппи_Роллы;94;37866.2
2026-02;Лазарева;Філадельфія з креветкою;02798;Б_Каппи_Роллы;82;28886.3
2026-02;Лазарева;Філадельфія з манго;00612;Б_Каппи_Роллы;12;3740
2026-02;Лазарева;Філадельфія з тунцем;00516;Б_Каппи_Роллы;22;8910.7
2026-02;Лазарева;Хікарі сет;03232;Б_Каппи_Сет;22;22058.6
2026-02;Лазарева;Цезар з куркою;02803;Б_Каппи_Салати;32;8940.1
2026-02;Лазарева;Цезар з лососем;02992;Б_Каппи_Салати;15;4745.6
2026-02;Лазарева;Чорний Дракон;00170;Б_Каппи_Роллы;13;5350.3
2026-02;Лазарева;Чізі Креветка;01113;Б_Каппи_Роллы;32;6968.2
2026-02;Лазарева;Чікен Чіз;03229;Б_Каппи_Роллы;5;1389.1
2026-02;Лазарева;Юме сет;02818;Б_Каппи_Сет;7;7542.8
2026-02;Лазарева;Які Ебі Манго;02946;Б_Каппи_Запеч_Роллы;73;22961.7
2026-02;Лазарева;Які Салмон;02950;Б_Каппи_Запеч_Роллы;28;9753.3
2026-02;Лазарева;Які Спайсі Краб;02949;Б_Каппи_Запеч_Роллы;57;14565.1
2026-02;Лазарева;Які Туна ;02942;Б_Каппи_Запеч_Роллы;24;8845
2026-02;Лазарева;Які Унагі;02945;Б_Каппи_Запеч_Роллы;34;10317.6
2026-02;Лазарева;Яєчна з куркою та креветками;01815;Б_Каппи_WOK;17;5570.7
2026-02;Лазарева;Яєчна з морепродуктами;00859;Б_Каппи_WOK;29;9222.5
2026-02;Левітана;.Гарного дня!;00944;Б_Прочие позиции;2101;0
2026-02;Левітана;Affinity сет;03015;Б_Каппи_Сет;20;22708.6
2026-02;Левітана;Cappiroll;00583;Б_Каппи_Роллы;51;20948.9
2026-02;Левітана;Cappizza;02173;Б_Каппи_Пицца;36;11711.2
2026-02;Левітана;G Доставка;00984;Б_Каппи_Glovo;394;19644.9
2026-02;Левітана;GC_Доставка 0 грн;02503;Б_Глово_Модификаторы;2;0
2026-02;Левітана;L`amour Сет;01729;Б_Каппи_Сет;17;19715
2026-02;Левітана;MOVA світле пиво безалкогольне 0.33 л.;03049;Б_Общее_Напитки;9;768.6
2026-02;Левітана;MOVA темне пиво безалкогольне 0,33 л.;03048;Б_Общее_Напитки;5;405.1
2026-02;Левітана;One Love;03237;Б_Каппи_Сет;8;9329.5
2026-02;Левітана;Party-комбо ( Pepsi Cola з/б 0,33л -1шт та  Pepsi Cola Max з/б 0,33л - 1шт;02708;Б_Каппи_Акции;2;2590
2026-02;Левітана;Rich 1 л. Апельсин;00352;Б_Общее_Напитки;9;1113.7
2026-02;Левітана;Rich 1 л. Яблуко;00415;Б_Общее_Напитки;6;731.2
2026-02;Левітана;Імператор;00892;Б_Каппи_Роллы;20;9133.3
2026-02;Левітана;Акаї;03023;Б_Каппи_Премиум ролл;24;12630.2
2026-02;Левітана;Акіра;03217;Б_Каппи_Премиум ролл;15;7969.1
2026-02;Левітана;Амаі;03218;Б_Каппи_Премиум ролл;10;5340.1
2026-02;Левітана;Аморе;02781;Б_Каппи_Роллы;19;7674
2026-02;Левітана;Антикризовий сет;00578;Б_Каппи_Сет;63;42131.8
2026-02;Левітана;Аурум ;03157;Б_Каппи_Роллы;7;1898.2
2026-02;Левітана;Банзай ;00528;Б_Каппи_Темпура ролл;177;68605.5
2026-02;Левітана;Бао бургер з крабом;02966;Б_Каппи_БАО;8;2033.2
2026-02;Левітана;Бао бургер з креветкою;02967;Б_Каппи_БАО;4;1492.9
2026-02;Левітана;Бао бургер з лососем;02968;Б_Каппи_БАО;4;1494.5
2026-02;Левітана;Без приборів!;01593;Б_Прочие позиции;88;0
2026-02;Левітана;Боніто з лососем;00154;Б_Каппи_Роллы;30;7675.5
2026-02;Левітана;Боул Дабл Фіш;01886;Б_Каппи_Боул;26;9763.7
2026-02;Левітана;Боул Філадельфія;01887;Б_Каппи_Боул;38;13011.6
2026-02;Левітана;Боул з Лососем;01890;Б_Каппи_Боул;23;7210.2
2026-02;Левітана;Боул з креветкою;03168;Б_Каппи_Боул;27;9508.9
2026-02;Левітана;Вершкова креветка;00775;Б_Каппи_Роллы;76;26321.3
2026-02;Левітана;Веселка;00509;Б_Каппи_Роллы;49;19798.7
2026-02;Левітана;Весняний Сет;01844;Б_Каппи_Сет;19;18745.2
2026-02;Левітана;Вулкан Карі;03144;Б_Каппи_Роллы;10;4787.7
2026-02;Левітана;Вулкан з креветкою;02799;Б_Каппи_Роллы;55;15805.5
2026-02;Левітана;Вулкан сет;03211;Б_Каппи_Сет;4;3611
2026-02;Левітана;Д Імбир Cappi 30 гр.;01049;Б_Каппи_Добавки;129;1872.5
2026-02;Левітана;Д Васабі Cappi 7,5 гр.;01050;Б_Каппи_Добавки;182;2083.8
2026-02;Левітана;Д Набір №1 (Соев.-1шт.,Імб.-1шт.,Вас.-1шт.);01916;Б_Каппи_Добавки;374;0
2026-02;Левітана;Д Набір №2 (Соев.-2шт.,Імб.-1шт.,Вас.-1шт.);01917;Б_Каппи_Добавки;362;0
2026-02;Левітана;Д Набір №3 (Соев.-3шт.,Імб.-2шт.,Вас.-1шт.);01918;Б_Каппи_Добавки;451;0
2026-02;Левітана;Д Набір №4 (Соев.-4шт.,Імб.-2шт.,Вас.-2шт.);01919;Б_Каппи_Добавки;559;0
2026-02;Левітана;Д Соус Барбекю;00501;Б_Каппи_Добавки;5;141.5
2026-02;Левітана;Д Соус Часниковий;01323;Б_Каппи_Добавки;12;337.7
2026-02;Левітана;Д Соус горіховий 20 гр.;00729;Б_Каппи_Добавки;10;273.4
2026-02;Левітана;Д Соус соєвий Cappi 50 гр.;00695;Б_Каппи_Добавки;46;583.8
2026-02;Левітана;Д Соус унагі 20 гр.;00728;Б_Каппи_Добавки;13;332.9
2026-02;Левітана;Д Спайсі соус 10 гр.;02929;Б_Каппи_Добавки;8;88.9
2026-02;Левітана;Д_Балик 100 гр;03103;Б_Каппи_Добавки;2;130
2026-02;Левітана;Д_Гриби 50 гр;03110;Б_Каппи_Добавки;2;50
2026-02;Левітана;Д_Креветка 2 шт;03098;Б_Каппи_Добавки;2;96.4
2026-02;Левітана;Д_Помідор 20 гр;03109;Б_Каппи_Добавки;2;60
2026-02;Левітана;Д_соус Теріякі  10 г;03191;Б_Каппи_Добавки;3;27.3
2026-02;Левітана;Дабл Тартар;02780;Б_Каппи_Роллы;59;21202.1
2026-02;Левітана;Джаз;01109;Б_Каппи_Роллы;28;6047.7
2026-02;Левітана;Дзен сет;01128;Б_Каппи_Сет;32;32646.9
2026-02;Левітана;Доставка (зелена);00829;Б_Прочие позиции;29;1319.6
2026-02;Левітана;Доставка (помаранчева);01235;Б_Прочие позиции;17;888.1
2026-02;Левітана;Доставка (синя);01051;Б_Прочие позиции;1;70
2026-02;Левітана;Дружня парочка;03159;Б_Каппи_Акции;2;1022.1
2026-02;Левітана;Ебі Грін;01790;Б_Каппи_Роллы;13;3771.5
2026-02;Левітана;Ебі сет;02710;Б_Каппи_Сет;79;98453.4
2026-02;Левітана;Ебі темпура;02986;Б_Каппи_Закуски;96;24552.6
2026-02;Левітана;Ейфорія;03242;Б_Каппи_Роллы;20;7168.3
2026-02;Левітана;Замовлення з додатку;03198;;865;0
2026-02;Левітана;Заміна інгрідієнта;02139;Б_Прочие позиции;5;140.3
2026-02;Левітана;Зелений Дракон;00156;Б_Каппи_Роллы;15;6424.3
2026-02;Левітана;Имбирь порц 30 г.;01037;Т Соуса порционные;2;30
2026-02;Левітана;Каліфорнія ;00774;Б_Каппи_Роллы;31;10652.4
2026-02;Левітана;Каліфорнія Мікс;00653;Б_Каппи_Роллы;24;9917.8
2026-02;Левітана;Каліфорнія з креветкою;00654;Б_Каппи_Роллы;49;15543.5
2026-02;Левітана;Камамбер фрі;03093;Б_Каппи_Закуски;26;7483.9
2026-02;Левітана;Камертон;00960;Б_Каппи_Роллы;50;20330.5
2026-02;Левітана;Класика вдвох;02988;Б_Каппи_Акции;7;3533.5
2026-02;Левітана;Кока-кола 0,5 л.;03246;Б_Общее_Напитки;72;4397
2026-02;Левітана;Кока-кола жб 0,33 л.;01736;Б_Общее_Напитки;34;1920.2
2026-02;Левітана;Кока-кола зеро жб 0,33 л.;01740;Б_Общее_Напитки;46;2690.8
2026-02;Левітана;Комбо #1;02178;Б_Каппи_Акции;2;2662.6
2026-02;Левітана;Комбо #2;02179;Б_Каппи_Акции;2;2390
2026-02;Левітана;Комбо #3;02180;Б_Каппи_Акции;7;6769.6
2026-02;Левітана;Комбуча  WILD каркаде 0,33 л.;03185;Б_Общее_Напитки;8;747.9
2026-02;Левітана;Комбуча  WILD класична 0,33 л.;03186;Б_Общее_Напитки;5;456
2026-02;Левітана;Комбуча WILD зелений чай 0,33 л.;03184;Б_Общее_Напитки;15;1348
2026-02;Левітана;Компенсація за негоду;02771;;370;7057.6
2026-02;Левітана;Креветка в кунжуті;00511;Б_Каппи_Роллы;65;18711.8
2026-02;Левітана;Креветка в темпурі;00533;Б_Каппи_Темпура ролл;92;29882.2
2026-02;Левітана;Курка в Кисло-солодкому;01825;Б_Каппи_WOK;31;6792.3
2026-02;Левітана;Курортний;02169;Б_Каппи_Роллы;21;5080.9
2026-02;Левітана;Кімурай;03012;Б_Каппи_Роллы;28;11368.2
2026-02;Левітана;Лимонад 0,5 л.;02057;Б_Общее_Напитки;43;3569
2026-02;Левітана;Листівка до ДН;02061;Б_Прочие позиции;14;0
2026-02;Левітана;Логістичний збір;02770;;1363;37685.1
2026-02;Левітана;Лосось Пад Тай;02116;Б_Каппи_Роллы;50;16989.7
2026-02;Левітана;Лосось в темпурі;00534;Б_Каппи_Темпура ролл;58;13443.1
2026-02;Левітана;Лосось сет;00517;Б_Каппи_Сет;51;52069.2
2026-02;Левітана;М Авокадо 20 г;02133;Б_Каппи_Модификаторы;1;39
2026-02;Левітана;М Балик 100 г;01204;Б_Каппи_Модификаторы;11;707.8
2026-02;Левітана;М Вершковий сир 20 г;02126;Б_Каппи_Модификаторы;10;212.9
2026-02;Левітана;М Вугор 20 г;02125;Б_Каппи_Модификаторы;11;715
2026-02;Левітана;М Горіховий соус 20 г;01651;Б_Каппи_Модификаторы;10;282.2
2026-02;Левітана;М Гриби 50 г;01194;Б_Каппи_Модификаторы;17;409.4
2026-02;Левітана;М Кальмар 20 г;02136;Б_Каппи_Модификаторы;9;315
2026-02;Левітана;М Креветка 2 шт.;02123;Б_Каппи_Модификаторы;4;164
2026-02;Левітана;М Креветка 2 шт.;02135;Б_Каппи_Модификаторы;19;931
2026-02;Левітана;М Курка 20 г;02131;Б_Каппи_Модификаторы;9;499.2
2026-02;Левітана;М Куряче філе 60 г;01195;Б_Каппи_Модификаторы;17;874.7
2026-02;Левітана;М Лосось 20 г;02122;Б_Каппи_Модификаторы;6;294
2026-02;Левітана;М Маслини 20 г;01196;Б_Каппи_Модификаторы;12;408.1
2026-02;Левітана;М Моцарела 100 г;01201;Б_Каппи_Модификаторы;6;348.3
2026-02;Левітана;М Мідії 20 г;02137;Б_Каппи_Модификаторы;10;346.3
2026-02;Левітана;М Огірок 20 г;02132;Б_Каппи_Модификаторы;2;42.1
2026-02;Левітана;М Пармезан 20 г;01193;Б_Каппи_Модификаторы;13;576.1
2026-02;Левітана;М Пепероні 50 г;01200;Б_Каппи_Модификаторы;9;752.6
2026-02;Левітана;М Перець болгарський 40 г;01197;Б_Каппи_Модификаторы;2;58
2026-02;Левітана;М Помідори 40 г;01199;Б_Каппи_Модификаторы;4;96.4
2026-02;Левітана;М Соус Барбекю 1 шт.;01202;Б_Каппи_Модификаторы;4;101.6
2026-02;Левітана;М Соус Пад Тай 10 г;02127;Б_Каппи_Модификаторы;8;82.1
2026-02;Левітана;М Соус Соєвий порц.;02728;Б_Каппи_Модификаторы;41;510
2026-02;Левітана;М Соус Теріякі 10 г;02130;Б_Каппи_Модификаторы;20;227.9
2026-02;Левітана;М Соус Унагі 20 г;01650;Б_Каппи_Модификаторы;18;459.4
2026-02;Левітана;М Соус Часниковий 1 шт.;01648;Б_Каппи_Модификаторы;3;73.6
2026-02;Левітана;М Соус Шірачі 5 г;02129;Б_Каппи_Модификаторы;15;147.3
2026-02;Левітана;М Спайсі соус 10 г;02128;Б_Каппи_Модификаторы;39;461.2
2026-02;Левітана;М Тунець 20 г;02124;Б_Каппи_Модификаторы;2;97.3
2026-02;Левітана;М Халапеньйо 15 г;01198;Б_Каппи_Модификаторы;10;188.7
2026-02;Левітана;Макі Вугор;00161;Б_Каппи_Роллы;13;3005.7
2026-02;Левітана;Макі Лосось;00159;Б_Каппи_Роллы;55;9701.3
2026-02;Левітана;Макі Огірок ;00506;Б_Каппи_Роллы;39;3402.7
2026-02;Левітана;Макі Сирний;00504;Б_Каппи_Роллы;20;1779.2
2026-02;Левітана;Макі Чука ;00507;Б_Каппи_Роллы;22;2419.8
2026-02;Левітана;Монако;00636;Б_Каппи_Роллы;18;8062.7
2026-02;Левітана;Морс Ягідний 0,5 л.;02697;Б_Общее_Напитки;61;5068.8
2026-02;Левітана;Моршинська без газу 0,5 л.;00585;Б_Общее_Напитки;5;237.7
2026-02;Левітана;Мочі Полуниця;02618;Т_Десерты;24;3098.3
2026-02;Левітана;Мочі малина;02026;Т_Десерты;31;4068.6
2026-02;Левітана;Мочі смородина ;03161;Т_Десерты;20;2589.6
2026-02;Левітана;Мочі фісташка-халва;03162;Т_Десерты;22;2903.3
2026-02;Левітана;Мідорі;03021;Б_Каппи_Премиум ролл;2;921.9
2026-02;Левітана;Місо з тофу;00708;Б_Каппи_Супы;12;2294.9
2026-02;Левітана;Навчальні палички;01021;Б_Прочие позиции;96;0
2026-02;Левітана;Нагетси;03207;Б_Каппи_Закуски;38;6107.9
2026-02;Левітана;Нью-Йорк ;02915;Б_Каппи_Роллы;36;16986.7
2026-02;Левітана;Одеський сет;02170;Б_Каппи_Сет;36;29755
2026-02;Левітана;Ойши сет;02819;Б_Каппи_Сет;13;14052.4
2026-02;Левітана;Окінава;03235;Б_Каппи_Роллы;10;2978.4
2026-02;Левітана;Онігірі з крабом;03222;Онігірі;15;2118.9
2026-02;Левітана;Онігірі з креветкою;03225;Онігірі;43;7172.5
2026-02;Левітана;Онігірі з лососем;03223;Онігірі;22;3792
2026-02;Левітана;Онігірі з тунцем;03224;Онігірі;14;2856.7
2026-02;Левітана;Опен-фуд;02927;;150.85;140.7
2026-02;Левітана;Осака;00589;Б_Каппи_Роллы;50;16566.9
2026-02;Левітана;Париж;00657;Б_Каппи_Роллы;42;18632.7
2026-02;Левітана;Преміум Креветка;00652;Б_Каппи_Роллы;28;10984.6
2026-02;Левітана;Преміум сет;00658;Б_Каппи_Сет;19;32935.4
2026-02;Левітана;Пікантний краб;00531;Б_Каппи_Темпура ролл;11;2970.1
2026-02;Левітана;Пікантний лосось ;00532;Б_Каппи_Темпура ролл;11;3564.3
2026-02;Левітана;Піца 4 сезони;02101;Б_Каппи_Пицца;21;8027.3
2026-02;Левітана;Піца 4 сири;02118;Б_Каппи_Пицца;94;33917.2
2026-02;Левітана;Піца Амерікано;02111;Б_Каппи_Пицца;24;7683
2026-02;Левітана;Піца Гавайська;02104;Б_Каппи_Пицца;72;17753.9
2026-02;Левітана;Піца Груша Дор Блю;02175;Б_Каппи_Пицца;25;7790.5
2026-02;Левітана;Піца Кампаро;03131;Б_Каппи_Пицца;9;2618.5
2026-02;Левітана;Піца Курка та гриби;02177;Б_Каппи_Пицца;60;19867.8
2026-02;Левітана;Піца М'ясна;02102;Б_Каппи_Пицца;110;39597.7
2026-02;Левітана;Піца Маргарита;02174;Б_Каппи_Пицца;23;6147.3
2026-02;Левітана;Піца Мексиканська ;03130;Б_Каппи_Пицца;25;7407.7
2026-02;Левітана;Піца Мисливська;02176;Б_Каппи_Пицца;61;17366.4
2026-02;Левітана;Піца Океанія;02099;Б_Каппи_Пицца;29;11997.3
2026-02;Левітана;Піца Пепероні;02172;Б_Каппи_Пицца;71;20205.9
2026-02;Левітана;Піца Пепероні Блу Чіз;02119;Б_Каппи_Пицца;35;11891
2026-02;Левітана;Піца Том Ям;02978;Б_Каппи_Пицца;17;6792.5
2026-02;Левітана;Піца Чізбургер;02977;Б_Каппи_Пицца;54;17618.5
2026-02;Левітана;Піца з креветками та брі;02911;Б_Каппи_Пицца;24;9818.9
2026-02;Левітана;Піца з прошутто;03133;Б_Каппи_Пицца;18;5847.7
2026-02;Левітана;Піца з прошутто та грушою ;03132;Б_Каппи_Пицца;24;8715.3
2026-02;Левітана;Рамен Том Ям;02606;Б_Каппи_Супы;23;8574.8
2026-02;Левітана;Рамен Традиційний;02601;Б_Каппи_Супы;18;3123
2026-02;Левітана;Рамен з куркою;03201;Б_Каппи_Супы;37;7795.8
2026-02;Левітана;Рамен з морепродуктами ;03200;Б_Каппи_Супы;21;5307.6
2026-02;Левітана;Рис з куркою Гострий;00855;Б_Каппи_WOK;25;5592.9
2026-02;Левітана;Рол Пасаж;02168;Б_Каппи_Роллы;18;6041.6
2026-02;Левітана;Рол-Дог з Креветкою;01787;Б_Каппи_Темпура ролл;15;4841.7
2026-02;Левітана;Рол-Дог з Лососем;01788;Б_Каппи_Темпура ролл;4;1193.5
2026-02;Левітана;Сакайо;03128;Б_Каппи_Роллы;12;5243.5
2026-02;Левітана;Салат Чука-Вакаме;00602;Б_Каппи_Салати;54;10596.2
2026-02;Левітана;Салмон в боніто ;00538;Б_Каппи_Роллы;27;6072.6
2026-02;Левітана;Санрайз;03236;Б_Каппи_Роллы;19;8560.2
2026-02;Левітана;Сенкай;03022;Б_Каппи_Премиум ролл;15;7622.1
2026-02;Левітана;Сервісний збір_Glovo;01934;Б_Каппи_Glovo;119;2054
2026-02;Левітана;Сет 2х2;01175;Б_Каппи_Сет;3;3147
2026-02;Левітана;Спайсі Вулкан;02113;Б_Каппи_Роллы;19;6803.5
2026-02;Левітана;Спрайт жб 0,33 л.;01749;Б_Общее_Напитки;6;354
2026-02;Левітана;Супер Комбо;02181;Б_Каппи_Акции;4;3730.2
2026-02;Левітана;Суші бургер з Креветкой;02943;Б_Каппи_Бургер;121;42385.3
2026-02;Левітана;Суші бургер з Лососем;02944;Б_Каппи_Бургер;101;36308.6
2026-02;Левітана;Сушіріто з креветкою ;03018;Б_Каппи_Суширито;42;8391.9
2026-02;Левітана;Сушіріто з куркою;03019;Б_Каппи_Суширито;15;2923.4
2026-02;Левітана;Сушіріто з лососем;03020;Б_Каппи_Суширито;29;7612.6
2026-02;Левітана;ТОП сет;00362;Б_Каппи_Сет;40;57329.6
2026-02;Левітана;Тайфун;03024;Б_Каппи_Темпура ролл;12;5542.7
2026-02;Левітана;Темпура вулкан з креветкою;03167;Б_Каппи_Темпура ролл;29;10436
2026-02;Левітана;Темпура вулкан з лососем;03166;Б_Каппи_Темпура ролл;44;12910.9
2026-02;Левітана;Темпура сет;00559;Б_Каппи_Сет;30;33743.8
2026-02;Левітана;Темпура-суширіто з крабом;03193;Б_Каппи_Суширито;27;6305.6
2026-02;Левітана;Темпура-суширіто мікс;03194;Б_Каппи_Суширито;53;15920.3
2026-02;Левітана;Теплий сет;02712;Б_Каппи_Сет;79;64966.8
2026-02;Левітана;Том Ям;02597;Б_Каппи_Супы;81;29846
2026-02;Левітана;Тропік ;01862;Б_Каппи_Роллы;23;7658.1
2026-02;Левітана;Тропікана;03014;Б_Каппи_Роллы;17;6844.5
2026-02;Левітана;Тропічний Вулкан;02112;Б_Каппи_Роллы;10;3240.8
2026-02;Левітана;Трюфель мікс;03231;Б_Каппи_Роллы;32;10093
2026-02;Левітана;Удон з креветками;01813;Б_Каппи_WOK;23;7350.6
2026-02;Левітана;Удон з куркою Теріякі;00856;Б_Каппи_WOK;44;11442.8
2026-02;Левітана;Умі;03243;Б_Каппи_Роллы;56;20598.5
2026-02;Левітана;Унагамі;03011;Б_Каппи_Роллы;15;6141.3
2026-02;Левітана;Ф'южн;03155;Б_Каппи_Роллы;12;4012.3
2026-02;Левітана;Фанта жб 0,33 л.;01743;Б_Общее_Напитки;10;573.2
2026-02;Левітана;Фудзі темпура;00911;Б_Каппи_Темпура ролл;42;14207
2026-02;Левітана;Фунчоза з куркою;03164;Б_Каппи_WOK;29;8046.3
2026-02;Левітана;Фунчоза з морепродуктами;03165;Б_Каппи_WOK;39;12730.1
2026-02;Левітана;Філа Ланч;02706;Б_Каппи_Акции;27;12325.1
2026-02;Левітана;Філадельфія;00168;Б_Каппи_Роллы;223;85625.9
2026-02;Левітана;Філадельфія Класік;00459;Б_Каппи_Роллы;153;26671.6
2026-02;Левітана;Філадельфія Преміум;00611;Б_Каппи_Роллы;111;45919.6
2026-02;Левітана;Філадельфія з креветкою;02798;Б_Каппи_Роллы;91;31411.6
2026-02;Левітана;Філадельфія з манго;00612;Б_Каппи_Роллы;25;8130.1
2026-02;Левітана;Філадельфія з тунцем;00516;Б_Каппи_Роллы;23;9156.3
2026-02;Левітана;Хікарі сет;03232;Б_Каппи_Сет;13;13653
2026-02;Левітана;Цезар з куркою;02803;Б_Каппи_Салати;25;6764.6
2026-02;Левітана;Цезар з лососем;02992;Б_Каппи_Салати;12;3746.9
2026-02;Левітана;Чорний Дракон;00170;Б_Каппи_Роллы;22;9350.7
2026-02;Левітана;Чізі Креветка;01113;Б_Каппи_Роллы;50;11015.5
2026-02;Левітана;Чікен Чіз;03229;Б_Каппи_Роллы;11;3113.5
2026-02;Левітана;Юме сет;02818;Б_Каппи_Сет;12;12832.6
2026-02;Левітана;Які Ебі Манго;02946;Б_Каппи_Запеч_Роллы;45;13707.2
2026-02;Левітана;Які Салмон;02950;Б_Каппи_Запеч_Роллы;38;13344.5
2026-02;Левітана;Які Спайсі Краб;02949;Б_Каппи_Запеч_Роллы;62;16090.5
2026-02;Левітана;Які Туна ;02942;Б_Каппи_Запеч_Роллы;26;9603.8
2026-02;Левітана;Які Унагі;02945;Б_Каппи_Запеч_Роллы;43;13817.7
2026-02;Левітана;Яєчна з куркою та креветками;01815;Б_Каппи_WOK;35;11433
2026-02;Левітана;Яєчна з морепродуктами;00859;Б_Каппи_WOK;24;7343.2
2026-03;Лазарева;.Гарного дня!;00944;Б_Прочие позиции;2054;0
2026-03;Лазарева;Affinity сет;03015;Б_Каппи_Сет;18;20322.1
2026-03;Лазарева;Cappiroll;00583;Б_Каппи_Роллы;80;31312.8
2026-03;Лазарева;Cappizza;02173;Б_Каппи_Пицца;29;9485.1
2026-03;Лазарева;G Доставка;00984;Б_Каппи_Glovo;281;14002
2026-03;Лазарева;GC_Доставка 0 грн;02503;Б_Глово_Модификаторы;10;0
2026-03;Лазарева;Glovo <800 ;03025;;17;1688
2026-03;Лазарева;L`amour Сет;01729;Б_Каппи_Сет;25;29364.6
2026-03;Лазарева;MOVA світле пиво безалкогольне 0.33 л.;03046;Б_Общее_Напитки;1;95
2026-03;Лазарева;MOVA світле пиво безалкогольне 0.33 л.;03049;Б_Общее_Напитки;14;1330
2026-03;Лазарева;MOVA темне пиво безалкогольне 0,33 л.;03047;Б_Общее_Напитки;1;95
2026-03;Лазарева;MOVA темне пиво безалкогольне 0,33 л.;03048;Б_Общее_Напитки;8;704.1
2026-03;Лазарева;One Love;03237;Б_Каппи_Сет;9;10800
2026-03;Лазарева;Rich 1 л. Яблуко;00415;Б_Общее_Напитки;1;115.4
2026-03;Лазарева;_Барбекю;03064;Б_Глово_Модификаторы;6;150
2026-03;Лазарева;_Гірчиця;03065;Б_Глово_Модификаторы;7;140
2026-03;Лазарева;_Кетчуп;03066;Б_Глово_Модификаторы;12;240
2026-03;Лазарева;_Комбо 1;03031;Б_Каппи_Glovo;13;4485
2026-03;Лазарева;_Комбо 2;03035;Б_Каппи_Glovo;3;771
2026-03;Лазарева;_Комбо 3;03034;Б_Каппи_Glovo;19;6825.6
2026-03;Лазарева;_Комбо 4;03033;Б_Каппи_Glovo;23;8165
2026-03;Лазарева;_Комбо 5;03136;Б_Каппи_Glovo;16;4240
2026-03;Лазарева;_Комбо 6;03139;Б_Каппи_Glovo;5;1745
2026-03;Лазарева;_Комбо 7;03138;Б_Каппи_Glovo;10;3550
2026-03;Лазарева;_Комбо 8;03137;Б_Каппи_Glovo;11;3905
2026-03;Лазарева;_Майонез;03067;Б_Глово_Модификаторы;5;100
2026-03;Лазарева;_Сметана;03068;Б_Глово_Модификаторы;33;660
2026-03;Лазарева;_Хліб;03069;Б_Глово_Модификаторы;54;810
2026-03;Лазарева;Імператор;00892;Б_Каппи_Роллы;33;14726.6
2026-03;Лазарева;Акаї;03023;Б_Каппи_Премиум ролл;26;13944
2026-03;Лазарева;Акіра;03217;Б_Каппи_Премиум ролл;9;5002.5
2026-03;Лазарева;Амаі;03218;Б_Каппи_Премиум ролл;6;3230.2
2026-03;Лазарева;Аморе;02781;Б_Каппи_Роллы;31;12406.1
2026-03;Лазарева;Антикризовий сет;00578;Б_Каппи_Сет;83;57007.2
2026-03;Лазарева;Аурум ;03157;Б_Каппи_Роллы;11;3069.7
2026-03;Лазарева;Банзай ;00528;Б_Каппи_Темпура ролл;154;57195.8
2026-03;Лазарева;Бао бургер з крабом;02966;Б_Каппи_БАО;4;1148.1
2026-03;Лазарева;Бао бургер з креветкою;02967;Б_Каппи_БАО;9;3051.2
2026-03;Лазарева;Бао бургер з лососем;02968;Б_Каппи_БАО;3;974.8
2026-03;Лазарева;Без приборів!;01593;Б_Прочие позиции;79;0
2026-03;Лазарева;Боніто з лососем;00154;Б_Каппи_Роллы;30;8002.9
2026-03;Лазарева;Борщ зі свининою;03028;Б_Каппи_Glovo;49;10290
2026-03;Лазарева;Боул Дабл Фіш;01886;Б_Каппи_Боул;23;8624.2
2026-03;Лазарева;Боул Філадельфія;01887;Б_Каппи_Боул;22;7999.5
2026-03;Лазарева;Боул з Лососем;01890;Б_Каппи_Боул;8;2942.5
2026-03;Лазарева;Боул з креветкою;03168;Б_Каппи_Боул;13;4590.8
2026-03;Лазарева;Боул з тунцем;03250;Б_Каппи_Боул;2;710.5
2026-03;Лазарева;Боул мікс;03251;Б_Каппи_Боул;8;2704
2026-03;Лазарева;Бульон курячий;03029;Б_Каппи_Glovo;42;7350
2026-03;Лазарева;Вершкова креветка;00775;Б_Каппи_Роллы;62;22554.1
2026-03;Лазарева;Веселка;00509;Б_Каппи_Роллы;43;16934.7
2026-03;Лазарева;Весняний Сет;01844;Б_Каппи_Сет;29;28551.1
2026-03;Лазарева;Вулкан Карі;03144;Б_Каппи_Роллы;10;4656.3
2026-03;Лазарева;Вулкан з креветкою;02799;Б_Каппи_Роллы;39;11908
2026-03;Лазарева;Вулкан сет;03211;Б_Каппи_Сет;5;4825
2026-03;Лазарева;Відбивна куряча;03039;Б_Каппи_Glovo;3;735
2026-03;Лазарева;Вінегрет;03060;Б_Каппи_Glovo;12;1500
2026-03;Лазарева;Гречана каша;03053;Б_Каппи_Glovo;6;510
2026-03;Лазарева;Д Імбир Cappi 30 гр.;01049;Б_Каппи_Добавки;188;2769.9
2026-03;Лазарева;Д Васабі Cappi 7,5 гр.;01050;Б_Каппи_Добавки;194;2260.2
2026-03;Лазарева;Д Набір №1 (Соев.-1шт.,Імб.-1шт.,Вас.-1шт.);01916;Б_Каппи_Добавки;305;0
2026-03;Лазарева;Д Набір №2 (Соев.-2шт.,Імб.-1шт.,Вас.-1шт.);01917;Б_Каппи_Добавки;333;0
2026-03;Лазарева;Д Набір №3 (Соев.-3шт.,Імб.-2шт.,Вас.-1шт.);01918;Б_Каппи_Добавки;421;0
2026-03;Лазарева;Д Набір №4 (Соев.-4шт.,Імб.-2шт.,Вас.-2шт.);01919;Б_Каппи_Добавки;613;0
2026-03;Лазарева;Д Соус Барбекю;00501;Б_Каппи_Добавки;17;492.9
2026-03;Лазарева;Д Соус Часниковий;01323;Б_Каппи_Добавки;27;782.4
2026-03;Лазарева;Д Соус горіховий 20 гр.;00729;Б_Каппи_Добавки;10;279.6
2026-03;Лазарева;Д Соус соєвий Cappi 50 гр.;00695;Б_Каппи_Добавки;88;1303.8
2026-03;Лазарева;Д Соус унагі 20 гр.;00728;Б_Каппи_Добавки;22;599.4
2026-03;Лазарева;Д Спайсі соус 10 гр.;02929;Б_Каппи_Добавки;4;55.5
2026-03;Лазарева;Д_соус Теріякі  10 г;03191;Б_Каппи_Добавки;6;89.3
2026-03;Лазарева;Дабл Тартар;02780;Б_Каппи_Роллы;65;24134.5
2026-03;Лазарева;Деруни зі сметаною;03054;Б_Каппи_Glovo;13;2015
2026-03;Лазарева;Джаз;01109;Б_Каппи_Роллы;30;6429.5
2026-03;Лазарева;Дзен сет;01128;Б_Каппи_Сет;44;44969.3
2026-03;Лазарева;Доставка (зелена);00829;Б_Прочие позиции;11;468.1
2026-03;Лазарева;Доставка (помаранчева);01235;Б_Прочие позиции;21;1167.6
2026-03;Лазарева;Доставка (рожева);03017;Б_Прочие позиции;1;151.1
2026-03;Лазарева;Доставка (синя);01051;Б_Прочие позиции;8;534.2
2026-03;Лазарева;Доставка (фіолетова);03016;Б_Прочие позиции;24;2459.6
2026-03;Лазарева;Дружня парочка;03159;Б_Каппи_Акции;2;1021.7
2026-03;Лазарева;Ебі Грін;01790;Б_Каппи_Роллы;16;4808.6
2026-03;Лазарева;Ебі сет;02710;Б_Каппи_Сет;93;117986.5
2026-03;Лазарева;Ебі темпура;02986;Б_Каппи_Закуски;60;15665.1
2026-03;Лазарева;Ейфорія;03242;Б_Каппи_Роллы;14;5605.6
2026-03;Лазарева;Замовлення з додатку;03198;;806;0
2026-03;Лазарева;Заміна інгрідієнта;02139;Б_Прочие позиции;4;111
2026-03;Лазарева;Зелений Дракон;00156;Б_Каппи_Роллы;7;3062.5
2026-03;Лазарева;Каліфорнія ;00774;Б_Каппи_Роллы;38;12943.7
2026-03;Лазарева;Каліфорнія Мікс;00653;Б_Каппи_Роллы;17;6972.1
2026-03;Лазарева;Каліфорнія з креветкою;00654;Б_Каппи_Роллы;42;14062
2026-03;Лазарева;Камамбер фрі;03093;Б_Каппи_Закуски;24;6953.9
2026-03;Лазарева;Камертон;00960;Б_Каппи_Роллы;54;21974.2
2026-03;Лазарева;Картопля по-домашньому  ;03051;Б_Каппи_Glovo;11;1639
2026-03;Лазарева;Класика вдвох;02988;Б_Каппи_Акции;14;7515.2
2026-03;Лазарева;Кока-кола 0,5 л.;03246;Б_Общее_Напитки;77;4849.3
2026-03;Лазарева;Кока-кола 0,75 л БОРЩИК\ГЛОВО;03074;Б_Каппи_Glovo;1;65
2026-03;Лазарева;Кока-кола жб 0,33 л БОРЩИК\ГЛОВО;03075;Б_Каппи_Glovo;9;531
2026-03;Лазарева;Кока-кола жб 0,33 л.;01736;Б_Общее_Напитки;22;1155.1
2026-03;Лазарева;Кока-кола зеро жб 0,33 л БОРЩИК\ГЛОВО;03076;Б_Каппи_Glovo;3;177
2026-03;Лазарева;Кока-кола зеро жб 0,33 л.;01740;Б_Общее_Напитки;36;2076.8
2026-03;Лазарева;Комбо #1;02178;Б_Каппи_Акции;1;1395
2026-03;Лазарева;Комбо #2;02179;Б_Каппи_Акции;3;3585
2026-03;Лазарева;Комбо #3;02180;Б_Каппи_Акции;6;5923.1
2026-03;Лазарева;Комбуча  WILD каркаде 0,33 л.;03185;Б_Общее_Напитки;6;570
2026-03;Лазарева;Комбуча  WILD класична 0,33 л.;03186;Б_Общее_Напитки;10;881.7
2026-03;Лазарева;Комбуча WILD зелений чай 0,33 л.;03184;Б_Общее_Напитки;7;665
2026-03;Лазарева;Компенсація за негоду;02771;;6;114.9
2026-03;Лазарева;Концепция-Борщик;03072;;152;0
2026-03;Лазарева;Котлета кордон-блю;03140;Б_Каппи_Glovo;3;615
2026-03;Лазарева;Котлета куряча;03091;Б_Каппи_Glovo;12;1788
2026-03;Лазарева;Котлета по-київськи ;03055;Б_Каппи_Glovo;5;845
2026-03;Лазарева;Креветка в кунжуті;00511;Б_Каппи_Роллы;29;9002.5
2026-03;Лазарева;Креветка в темпурі;00533;Б_Каппи_Темпура ролл;108;35512.6
2026-03;Лазарева;Курка в Кисло-солодкому;01825;Б_Каппи_WOK;21;5099
2026-03;Лазарева;Курортний;02169;Б_Каппи_Роллы;18;4500.6
2026-03;Лазарева;Кімурай;03012;Б_Каппи_Роллы;16;6308.4
2026-03;Лазарева;Лимонад 0,5 л.;02057;Б_Общее_Напитки;45;3694.8
2026-03;Лазарева;Лимонад БОРЩИК\ГЛОВО;03085;Б_Каппи_Glovo;13;975
2026-03;Лазарева;Листівка до ДН;02061;Б_Прочие позиции;13;0
2026-03;Лазарева;Листівка сюрприз;02062;Б_Прочие позиции;1;0
2026-03;Лазарева;Логістичний збір;02770;;1311;43288.5
2026-03;Лазарева;Лосось Пад Тай;02116;Б_Каппи_Роллы;50;15476
2026-03;Лазарева;Лосось в темпурі;00534;Б_Каппи_Темпура ролл;53;12537.6
2026-03;Лазарева;Лосось сет;00517;Б_Каппи_Сет;35;36887.8
2026-03;Лазарева;М Авокадо 20 г;02133;Б_Каппи_Модификаторы;2;73.2
2026-03;Лазарева;М Балик 100 г;01204;Б_Каппи_Модификаторы;4;228.6
2026-03;Лазарева;М Вершковий сир 20 г;02126;Б_Каппи_Модификаторы;13;317.2
2026-03;Лазарева;М Горіховий соус 20 г;01651;Б_Каппи_Модификаторы;13;348.5
2026-03;Лазарева;М Гриби 50 г;01194;Б_Каппи_Модификаторы;14;311.1
2026-03;Лазарева;М Кальмар 20 г;02136;Б_Каппи_Модификаторы;4;133.4
2026-03;Лазарева;М Креветка 2 шт.;02123;Б_Каппи_Модификаторы;10;471.8
2026-03;Лазарева;М Креветка 2 шт.;02135;Б_Каппи_Модификаторы;7;327.6
2026-03;Лазарева;М Курка 20 г;02131;Б_Каппи_Модификаторы;11;599.8
2026-03;Лазарева;М Куряче філе 60 г;01195;Б_Каппи_Модификаторы;7;385
2026-03;Лазарева;М Лосось 20 г;02122;Б_Каппи_Модификаторы;4;196
2026-03;Лазарева;М Маслини 20 г;01196;Б_Каппи_Модификаторы;3;97.2
2026-03;Лазарева;М Моцарела 100 г;01201;Б_Каппи_Модификаторы;4;232
2026-03;Лазарева;М Мідії 20 г;02137;Б_Каппи_Модификаторы;6;190.1
2026-03;Лазарева;М Огірок 20 г;02132;Б_Каппи_Модификаторы;2;46.5
2026-03;Лазарева;М Пармезан 20 г;01193;Б_Каппи_Модификаторы;10;439.3
2026-03;Лазарева;М Пепероні 50 г;01200;Б_Каппи_Модификаторы;2;170
2026-03;Лазарева;М Перець болгарський 40 г;01197;Б_Каппи_Модификаторы;1;29
2026-03;Лазарева;М Помідори 40 г;01199;Б_Каппи_Модификаторы;4;91.8
2026-03;Лазарева;М Соус Барбекю 1 шт.;01202;Б_Каппи_Модификаторы;1;29
2026-03;Лазарева;М Соус Пад Тай 10 г;02127;Б_Каппи_Модификаторы;5;75
2026-03;Лазарева;М Соус Соєвий порц.;02728;Б_Каппи_Модификаторы;32;480
2026-03;Лазарева;М Соус Теріякі 10 г;02130;Б_Каппи_Модификаторы;10;150
2026-03;Лазарева;М Соус Унагі 20 г;01650;Б_Каппи_Модификаторы;20;544.5
2026-03;Лазарева;М Соус Часниковий 1 шт.;01648;Б_Каппи_Модификаторы;5;137.3
2026-03;Лазарева;М Соус Шірачі 5 г;02129;Б_Каппи_Модификаторы;5;44.3
2026-03;Лазарева;М Спайсі соус 10 г;02128;Б_Каппи_Модификаторы;17;249.4
2026-03;Лазарева;М Тофу 20 г;02138;Б_Каппи_Модификаторы;2;78
2026-03;Лазарева;М Тунець 20 г;02124;Б_Каппи_Модификаторы;3;161.7
2026-03;Лазарева;М Халапеньйо 15 г;01198;Б_Каппи_Модификаторы;13;241.2
2026-03;Лазарева;М'ясо по-французьки;03056;Б_Каппи_Glovo;11;3025
2026-03;Лазарева;Макі Вугор;00161;Б_Каппи_Роллы;35;7844.3
2026-03;Лазарева;Макі Лосось;00159;Б_Каппи_Роллы;79;13856.6
2026-03;Лазарева;Макі Огірок ;00506;Б_Каппи_Роллы;33;3057.3
2026-03;Лазарева;Макі Сирний;00504;Б_Каппи_Роллы;28;2557
2026-03;Лазарева;Макі Чука ;00507;Б_Каппи_Роллы;36;3858.9
2026-03;Лазарева;Млинці з вишнею та шоколадом ;03174;Б_Каппи_Glovo;11;2766.8
2026-03;Лазарева;Монако;00636;Б_Каппи_Роллы;10;4687.2
2026-03;Лазарева;Морс Ягідний 0,5 л.;02697;Б_Общее_Напитки;57;4592.3
2026-03;Лазарева;Морс Ягідний БОРЩИК\ГЛОВО;03086;Б_Каппи_Glovo;21;1575
2026-03;Лазарева;Моршинська без газу 0,5 л БОРЩИК\ГЛОВО;03087;Б_Каппи_Glovo;20;980
2026-03;Лазарева;Моршинська без газу 0,5 л.;00585;Б_Общее_Напитки;105;5137.3
2026-03;Лазарева;Моршинська слаб.газ. 0,5 л.;00584;Б_Общее_Напитки;3;147
2026-03;Лазарева;Мочі Полуниця;02618;Т_Десерты;21;2729.3
2026-03;Лазарева;Мочі малина;02026;Т_Десерты;28;3717.9
2026-03;Лазарева;Мочі смородина ;03161;Т_Десерты;11;1435.1
2026-03;Лазарева;Мочі фісташка-халва;03162;Т_Десерты;17;2269.7
2026-03;Лазарева;Мідорі;03021;Б_Каппи_Премиум ролл;6;3348.2
2026-03;Лазарева;Місо з тофу;00708;Б_Каппи_Супы;7;1337.2
2026-03;Лазарева;Навчальні палички;01021;Б_Прочие позиции;143;0
2026-03;Лазарева;Нагетси;03207;Б_Каппи_Закуски;25;4064.2
2026-03;Лазарева;Нью-Йорк ;02915;Б_Каппи_Роллы;82;37946.7
2026-03;Лазарева;Одеський сет;02170;Б_Каппи_Сет;23;19454
2026-03;Лазарева;Ойши сет;02819;Б_Каппи_Сет;8;8269.6
2026-03;Лазарева;Окінава;03235;Б_Каппи_Роллы;11;3819.9
2026-03;Лазарева;Онігірі з крабом;03222;Онігірі;47;6574.8
2026-03;Лазарева;Онігірі з креветкою;03225;Онігірі;57;9331.8
2026-03;Лазарева;Онігірі з лососем;03223;Онігірі;28;4722.6
2026-03;Лазарева;Онігірі з тунцем;03224;Онігірі;17;3195.7
2026-03;Лазарева;Опен-фуд;02927;;419.4;413.6
2026-03;Лазарева;Осака;00589;Б_Каппи_Роллы;43;14453.8
2026-03;Лазарева;Париж;00657;Б_Каппи_Роллы;32;14055.2
2026-03;Лазарева;Пательня з куркою.;03036;Б_Каппи_Glovo;23;5975.9
2026-03;Лазарева;Пательня зі свининою;03030;Б_Каппи_Glovo;15;3975
2026-03;Лазарева;Пательня мисливська.;03037;Б_Каппи_Glovo;14;3990
2026-03;Лазарева;Пересип +;03045;;79;0
2026-03;Лазарева;Преміум Креветка;00652;Б_Каппи_Роллы;10;4418.5
2026-03;Лазарева;Преміум сет;00658;Б_Каппи_Сет;24;41277.8
2026-03;Лазарева;Пюре;03052;Б_Каппи_Glovo;12;1620
2026-03;Лазарева;Пікантний краб;00531;Б_Каппи_Темпура ролл;20;5392
2026-03;Лазарева;Пікантний лосось ;00532;Б_Каппи_Темпура ролл;11;3721.5
2026-03;Лазарева;Піца 4 сезони;02101;Б_Каппи_Пицца;10;3873.6
2026-03;Лазарева;Піца 4 сири;02118;Б_Каппи_Пицца;82;27938.4
2026-03;Лазарева;Піца Амерікано;02111;Б_Каппи_Пицца;16;5009.5
2026-03;Лазарева;Піца Гавайська;02104;Б_Каппи_Пицца;78;17565.8
2026-03;Лазарева;Піца Груша Дор Блю;02175;Б_Каппи_Пицца;28;8118.5
2026-03;Лазарева;Піца Кампаро;03131;Б_Каппи_Пицца;13;3822.9
2026-03;Лазарева;Піца Курка та гриби;02177;Б_Каппи_Пицца;38;12749.2
2026-03;Лазарева;Піца М'ясна;02102;Б_Каппи_Пицца;70;25352.9
2026-03;Лазарева;Піца Маргарита;02174;Б_Каппи_Пицца;41;9708.8
2026-03;Лазарева;Піца Мексиканська ;03130;Б_Каппи_Пицца;20;5755.8
2026-03;Лазарева;Піца Мисливська;02176;Б_Каппи_Пицца;59;16783.5
2026-03;Лазарева;Піца Океанія;02099;Б_Каппи_Пицца;24;9931.6
2026-03;Лазарева;Піца Пепероні;02172;Б_Каппи_Пицца;49;14285.6
2026-03;Лазарева;Піца Пепероні Блу Чіз;02119;Б_Каппи_Пицца;18;6187.6
2026-03;Лазарева;Піца Селянська;03258;Б_Каппи_Пицца;10;2536.1
2026-03;Лазарева;Піца Том Ям;02978;Б_Каппи_Пицца;22;8249.6
2026-03;Лазарева;Піца Чізбургер;02977;Б_Каппи_Пицца;28;8903.5
2026-03;Лазарева;Піца з креветками та ананасом ;03256;Б_Каппи_Пицца;8;2673.6
2026-03;Лазарева;Піца з креветками та брі;02911;Б_Каппи_Пицца;27;10974.2
2026-03;Лазарева;Піца з прошуто та трюфелем ;03257;Б_Каппи_Пицца;8;1918.4
2026-03;Лазарева;Піца з прошутто;03133;Б_Каппи_Пицца;15;4495.1
2026-03;Лазарева;Піца з прошутто та грушою ;03132;Б_Каппи_Пицца;18;6758.4
2026-03;Лазарева;Рамен Том Ям;02606;Б_Каппи_Супы;30;11230.4
2026-03;Лазарева;Рамен Традиційний;02601;Б_Каппи_Супы;17;2975.1
2026-03;Лазарева;Рамен з куркою;03201;Б_Каппи_Супы;31;6687
2026-03;Лазарева;Рамен з морепродуктами ;03200;Б_Каппи_Супы;17;4474.5
2026-03;Лазарева;Рис;03208;Б_Каппи_Glovo;5;425
2026-03;Лазарева;Рис з куркою Гострий;00855;Б_Каппи_WOK;20;4540.1
2026-03;Лазарева;Рол Пасаж;02168;Б_Каппи_Роллы;15;5050.9
2026-03;Лазарева;Рол-Дог з Креветкою;01787;Б_Каппи_Темпура ролл;9;2911.8
2026-03;Лазарева;Рол-Дог з Лососем;01788;Б_Каппи_Темпура ролл;5;1593.7
2026-03;Лазарева;Сакайо;03128;Б_Каппи_Роллы;9;4127.5
2026-03;Лазарева;"Салат ""Олів'є"" з куркою";03059;Б_Каппи_Glovo;15;2835
2026-03;Лазарева;Салат Цезар з куркою (борщик);03057;Б_Каппи_Glovo;8;2360
2026-03;Лазарева;Салат Чука-Вакаме;00602;Б_Каппи_Салати;38;7658.2
2026-03;Лазарева;Салат з вугрем ;03252;Б_Каппи_Салати;6;2260.1
2026-03;Лазарева;Салат з капустою та огірком;03135;Б_Каппи_Glovo;16;2000
2026-03;Лазарева;Салат з прошуто;03253;Б_Каппи_Салати;1;336.1
2026-03;Лазарева;Салат з яблуком та буряком;03202;Б_Каппи_Glovo;2;150
2026-03;Лазарева;Салат крабовий;03058;Б_Каппи_Glovo;15;3150
2026-03;Лазарева;Салмон в боніто ;00538;Б_Каппи_Роллы;31;8447.9
2026-03;Лазарева;Санрайз;03236;Б_Каппи_Роллы;11;5475.4
2026-03;Лазарева;Світле пиво безалкогольне БОРЩИК\ГЛОВО;03080;Б_Каппи_Glovo;3;285
2026-03;Лазарева;Сенкай;03022;Б_Каппи_Премиум ролл;14;7787.6
2026-03;Лазарева;Сервісний збір_Glovo;01934;Б_Каппи_Glovo;77;1246.6
2026-03;Лазарева;Сет 2х2;01175;Б_Каппи_Сет;2;2098
2026-03;Лазарева;Сирники з родзинками;03062;Б_Каппи_Glovo;8;1320
2026-03;Лазарева;Сирники класичні;03173;Б_Каппи_Glovo;1;155
2026-03;Лазарева;Солянка;03038;Б_Каппи_Glovo;35;9460.2
2026-03;Лазарева;Спайсі Вулкан;02113;Б_Каппи_Роллы;11;3768.4
2026-03;Лазарева;Спрайт жб 0,33 л  БОРЩИК\ГЛОВО;03089;Б_Каппи_Glovo;2;118
2026-03;Лазарева;Спрайт жб 0,33 л.;01749;Б_Общее_Напитки;8;444.4
2026-03;Лазарева;Супер Комбо;02181;Б_Каппи_Акции;1;634.4
2026-03;Лазарева;Суші бургер з Креветкой;02943;Б_Каппи_Бургер;89;29993.4
2026-03;Лазарева;Суші бургер з Лососем;02944;Б_Каппи_Бургер;89;30444.3
2026-03;Лазарева;Сушіріто з креветкою ;03018;Б_Каппи_Суширито;35;7339.3
2026-03;Лазарева;Сушіріто з куркою;03019;Б_Каппи_Суширито;11;2146.9
2026-03;Лазарева;Сушіріто з лососем;03020;Б_Каппи_Суширито;29;7370.5
2026-03;Лазарева;ТОП сет;00362;Б_Каппи_Сет;42;60660.4
2026-03;Лазарева;Тайфун;03024;Б_Каппи_Темпура ролл;21;9455.5
2026-03;Лазарева;Темне пиво безалкогольне БОРЩИК\ГЛОВО;03081;Б_Каппи_Glovo;1;95
2026-03;Лазарева;Темпура вулкан з креветкою;03167;Б_Каппи_Темпура ролл;19;6976.7
2026-03;Лазарева;Темпура вулкан з лососем;03166;Б_Каппи_Темпура ролл;34;10780
2026-03;Лазарева;Темпура сет;00559;Б_Каппи_Сет;42;47574.5
2026-03;Лазарева;Темпура-суширіто з крабом;03193;Б_Каппи_Суширито;27;6299
2026-03;Лазарева;Темпура-суширіто мікс;03194;Б_Каппи_Суширито;46;13992.8
2026-03;Лазарева;Теплий сет;02712;Б_Каппи_Сет;60;50383.4
2026-03;Лазарева;Том Ям;02597;Б_Каппи_Супы;106;38240.2
2026-03;Лазарева;Тропік ;01862;Б_Каппи_Роллы;20;6612.8
2026-03;Лазарева;Тропікана;03014;Б_Каппи_Роллы;10;4113.1
2026-03;Лазарева;Тропічний Вулкан;02112;Б_Каппи_Роллы;8;2915.6
2026-03;Лазарева;Трюфель мікс;03231;Б_Каппи_Роллы;19;6716.1
2026-03;Лазарева;Удон з креветками;01813;Б_Каппи_WOK;16;4964.2
2026-03;Лазарева;Удон з куркою Теріякі;00856;Б_Каппи_WOK;28;7477.2
2026-03;Лазарева;Умі;03243;Б_Каппи_Роллы;29;12826.4
2026-03;Лазарева;Унагамі;03011;Б_Каппи_Роллы;9;3739.2
2026-03;Лазарева;Ф'южн;03155;Б_Каппи_Роллы;7;2321.3
2026-03;Лазарева;Фанта жб 0,33 л БОРЩИК\ГЛОВО;03090;Б_Каппи_Glovo;3;177
2026-03;Лазарева;Фанта жб 0,33 л.;01743;Б_Общее_Напитки;12;654.1
2026-03;Лазарева;Фудзі темпура;00911;Б_Каппи_Темпура ролл;46;15585.6
2026-03;Лазарева;Фунчоза з куркою;03164;Б_Каппи_WOK;26;7136.5
2026-03;Лазарева;Фунчоза з морепродуктами;03165;Б_Каппи_WOK;19;6077.7
2026-03;Лазарева;Філа Ланч;02706;Б_Каппи_Акции;12;5577.9
2026-03;Лазарева;Філадельфія;00168;Б_Каппи_Роллы;142;55025.3
2026-03;Лазарева;Філадельфія Класік;00459;Б_Каппи_Роллы;184;29888.3
2026-03;Лазарева;Філадельфія Преміум;00611;Б_Каппи_Роллы;100;41710.5
2026-03;Лазарева;Філадельфія з креветкою;02798;Б_Каппи_Роллы;63;23072.5
2026-03;Лазарева;Філадельфія з манго;00612;Б_Каппи_Роллы;26;8437.9
2026-03;Лазарева;Філадельфія з тунцем;00516;Б_Каппи_Роллы;27;11025.4
2026-03;Лазарева;Хек в паніровці;03206;Б_Каппи_Glovo;3;495
2026-03;Лазарева;Хікарі сет;03232;Б_Каппи_Сет;27;27350.2
2026-03;Лазарева;Цезар з куркою;02803;Б_Каппи_Салати;48;13929.6
2026-03;Лазарева;Цезар з лососем;02992;Б_Каппи_Салати;13;3952.5
2026-03;Лазарева;Чорний Дракон;00170;Б_Каппи_Роллы;28;12158.1
2026-03;Лазарева;Чізі Креветка;01113;Б_Каппи_Роллы;48;10960.8
2026-03;Лазарева;Чікен Чіз;03229;Б_Каппи_Роллы;22;6192.4
2026-03;Лазарева;Юме сет;02818;Б_Каппи_Сет;18;19236.4
2026-03;Лазарева;Які Ебі Манго;02946;Б_Каппи_Запеч_Роллы;43;14824.8
2026-03;Лазарева;Які Салмон;02950;Б_Каппи_Запеч_Роллы;26;10112.3
2026-03;Лазарева;Які Спайсі Краб;02949;Б_Каппи_Запеч_Роллы;54;15347.3
2026-03;Лазарева;Які Туна ;02942;Б_Каппи_Запеч_Роллы;29;10737.1
2026-03;Лазарева;Які Унагі;02945;Б_Каппи_Запеч_Роллы;19;6700
2026-03;Лазарева;Яєчна з куркою та креветками;01815;Б_Каппи_WOK;22;6844.6
2026-03;Лазарева;Яєчна з морепродуктами;00859;Б_Каппи_WOK;22;7291.6
2026-03;Левітана;.Гарного дня!;00944;Б_Прочие позиции;2111;0
2026-03;Левітана;Affinity сет;03015;Б_Каппи_Сет;27;31171.6
2026-03;Левітана;Cappiroll;00583;Б_Каппи_Роллы;93;36124.5
2026-03;Левітана;Cappizza;02173;Б_Каппи_Пицца;30;9871.5
2026-03;Левітана;G Доставка;00984;Б_Каппи_Glovo;322;16091.3
2026-03;Левітана;GC_Доставка 0 грн;02503;Б_Глово_Модификаторы;7;0
2026-03;Левітана;L`amour Сет;01729;Б_Каппи_Сет;21;24297
2026-03;Левітана;MOVA світле пиво безалкогольне 0.33 л.;03046;Б_Общее_Напитки;7;593.4
2026-03;Левітана;MOVA світле пиво безалкогольне 0.33 л.;03049;Б_Общее_Напитки;8;653.7
2026-03;Левітана;MOVA темне пиво безалкогольне 0,33 л.;03048;Б_Общее_Напитки;7;589.9
2026-03;Левітана;One Love;03237;Б_Каппи_Сет;8;9600
2026-03;Левітана;Party-комбо ( Pepsi Cola з/б 0,33л -1шт та  Pepsi Cola Max з/б 0,33л - 1шт;02708;Б_Каппи_Акции;3;3885
2026-03;Левітана;Rich 1 л. Апельсин;00352;Б_Общее_Напитки;2;250
2026-03;Левітана;Rich 1 л. Яблуко;00415;Б_Общее_Напитки;10;1143.3
2026-03;Левітана;Імператор;00892;Б_Каппи_Роллы;32;14226.1
2026-03;Левітана;Акаї;03023;Б_Каппи_Премиум ролл;29;15981.3
2026-03;Левітана;Акіра;03217;Б_Каппи_Премиум ролл;14;7741.9
2026-03;Левітана;Амаі;03218;Б_Каппи_Премиум ролл;19;10190.3
2026-03;Левітана;Аморе;02781;Б_Каппи_Роллы;32;12540.4
2026-03;Левітана;Антикризовий сет;00578;Б_Каппи_Сет;83;56911.9
2026-03;Левітана;Аурум ;03157;Б_Каппи_Роллы;9;2521.7
2026-03;Левітана;Банзай ;00528;Б_Каппи_Темпура ролл;184;69829.4
2026-03;Левітана;Бао бургер з крабом;02966;Б_Каппи_БАО;10;2374.6
2026-03;Левітана;Бао бургер з креветкою;02967;Б_Каппи_БАО;6;2216.2
2026-03;Левітана;Бао бургер з лососем;02968;Б_Каппи_БАО;5;1848
2026-03;Левітана;Без приборів!;01593;Б_Прочие позиции;83;0
2026-03;Левітана;Боніто з лососем;00154;Б_Каппи_Роллы;31;8406.9
2026-03;Левітана;Боул Дабл Фіш;01886;Б_Каппи_Боул;22;7954
2026-03;Левітана;Боул Філадельфія;01887;Б_Каппи_Боул;38;12559.5
2026-03;Левітана;Боул з Лососем;01890;Б_Каппи_Боул;22;6991
2026-03;Левітана;Боул з креветкою;03168;Б_Каппи_Боул;15;5146.7
2026-03;Левітана;Боул з тунцем;03250;Б_Каппи_Боул;4;1183.1
2026-03;Левітана;Боул мікс;03251;Б_Каппи_Боул;10;3415.9
2026-03;Левітана;Вершкова креветка;00775;Б_Каппи_Роллы;54;19315.6
2026-03;Левітана;Веселка;00509;Б_Каппи_Роллы;49;19577.7
2026-03;Левітана;Весняний Сет;01844;Б_Каппи_Сет;29;28495.6
2026-03;Левітана;Вулкан Карі;03144;Б_Каппи_Роллы;8;3601.7
2026-03;Левітана;Вулкан з креветкою;02799;Б_Каппи_Роллы;43;12856.3
2026-03;Левітана;Вулкан сет;03211;Б_Каппи_Сет;2;1930
2026-03;Левітана;Д Імбир Cappi 30 гр.;01049;Б_Каппи_Добавки;140;2037.9
2026-03;Левітана;Д Васабі Cappi 7,5 гр.;01050;Б_Каппи_Добавки;203;2339.8
2026-03;Левітана;Д Набір №1 (Соев.-1шт.,Імб.-1шт.,Вас.-1шт.);01916;Б_Каппи_Добавки;399;0
2026-03;Левітана;Д Набір №2 (Соев.-2шт.,Імб.-1шт.,Вас.-1шт.);01917;Б_Каппи_Добавки;352;0
2026-03;Левітана;Д Набір №3 (Соев.-3шт.,Імб.-2шт.,Вас.-1шт.);01918;Б_Каппи_Добавки;478;0
2026-03;Левітана;Д Набір №4 (Соев.-4шт.,Імб.-2шт.,Вас.-2шт.);01919;Б_Каппи_Добавки;569;0
2026-03;Левітана;Д Соус Барбекю;00501;Б_Каппи_Добавки;9;251.3
2026-03;Левітана;Д Соус Часниковий;01323;Б_Каппи_Добавки;23;663.1
2026-03;Левітана;Д Соус горіховий 20 гр.;00729;Б_Каппи_Добавки;21;598.2
2026-03;Левітана;Д Соус соєвий Cappi 50 гр.;00695;Б_Каппи_Добавки;101;1466.9
2026-03;Левітана;Д Соус унагі 20 гр.;00728;Б_Каппи_Добавки;21;586.8
2026-03;Левітана;Д Спайсі соус 10 гр.;02929;Б_Каппи_Добавки;9;129.1
2026-03;Левітана;Д_Мідії 20 гр;03106;Б_Каппи_Добавки;2;70
2026-03;Левітана;Д_соус Теріякі  10 г;03191;Б_Каппи_Добавки;8;113.3
2026-03;Левітана;Дабл Тартар;02780;Б_Каппи_Роллы;56;21016.1
2026-03;Левітана;Джаз;01109;Б_Каппи_Роллы;50;10673.9
2026-03;Левітана;Дзен сет;01128;Б_Каппи_Сет;49;49584.5
2026-03;Левітана;Доставка (зелена);00829;Б_Прочие позиции;26;1136.4
2026-03;Левітана;Доставка (помаранчева);01235;Б_Прочие позиции;12;608.1
2026-03;Левітана;Доставка (синя);01051;Б_Прочие позиции;1;70
2026-03;Левітана;Дружня парочка;03159;Б_Каппи_Акции;1;535
2026-03;Левітана;Ебі Грін;01790;Б_Каппи_Роллы;25;7449.9
2026-03;Левітана;Ебі сет;02710;Б_Каппи_Сет;90;113776.6
2026-03;Левітана;Ебі темпура;02986;Б_Каппи_Закуски;75;19340.3
2026-03;Левітана;Ейфорія;03242;Б_Каппи_Роллы;9;3481.8
2026-03;Левітана;Замовлення з додатку;03198;;877;0
2026-03;Левітана;Заміна інгрідієнта;02139;Б_Прочие позиции;3;87.5
2026-03;Левітана;Зелений Дракон;00156;Б_Каппи_Роллы;7;3055.8
2026-03;Левітана;Имбирь порц 30 г.;01037;Т Соуса порционные;2;30
2026-03;Левітана;Каліфорнія ;00774;Б_Каппи_Роллы;42;14453.4
2026-03;Левітана;Каліфорнія Мікс;00653;Б_Каппи_Роллы;21;8994.4
2026-03;Левітана;Каліфорнія з креветкою;00654;Б_Каппи_Роллы;58;19457.5
2026-03;Левітана;Камамбер фрі;03093;Б_Каппи_Закуски;25;7073.3
2026-03;Левітана;Камертон;00960;Б_Каппи_Роллы;45;18495.2
2026-03;Левітана;Класика вдвох;02988;Б_Каппи_Акции;7;3763.7
2026-03;Левітана;Кока-кола 0,5 л.;03246;Б_Общее_Напитки;70;4400.4
2026-03;Левітана;Кока-кола жб 0,33 л.;01736;Б_Общее_Напитки;15;829.7
2026-03;Левітана;Кока-кола зеро жб 0,33 л.;01740;Б_Общее_Напитки;40;2271.3
2026-03;Левітана;Комбо #1;02178;Б_Каппи_Акции;1;1395
2026-03;Левітана;Комбо #2;02179;Б_Каппи_Акции;1;1195
2026-03;Левітана;Комбо #3;02180;Б_Каппи_Акции;2;1920.3
2026-03;Левітана;Комбуча  WILD каркаде 0,33 л.;03185;Б_Общее_Напитки;3;239.2
2026-03;Левітана;Комбуча  WILD класична 0,33 л.;03186;Б_Общее_Напитки;6;428.7
2026-03;Левітана;Комбуча WILD зелений чай 0,33 л.;03184;Б_Общее_Напитки;13;1213.4
2026-03;Левітана;Компенсація за негоду;02771;;8;152.2
2026-03;Левітана;Креветка в кунжуті;00511;Б_Каппи_Роллы;54;17049
2026-03;Левітана;Креветка в темпурі;00533;Б_Каппи_Темпура ролл;85;27817.8
2026-03;Левітана;Курка в Кисло-солодкому;01825;Б_Каппи_WOK;35;6908.6
2026-03;Левітана;Курортний;02169;Б_Каппи_Роллы;32;7677.1
2026-03;Левітана;Кімурай;03012;Б_Каппи_Роллы;22;8975.8
2026-03;Левітана;Лимонад 0,5 л.;02057;Б_Общее_Напитки;49;3990
2026-03;Левітана;Листівка до ДН;02061;Б_Прочие позиции;19;0
2026-03;Левітана;Логістичний збір;02770;;1348;44221.8
2026-03;Левітана;Лосось Пад Тай;02116;Б_Каппи_Роллы;46;14064.5
2026-03;Левітана;Лосось в темпурі;00534;Б_Каппи_Темпура ролл;59;14155.6
2026-03;Левітана;Лосось сет;00517;Б_Каппи_Сет;32;33558.5
2026-03;Левітана;М Авокадо 20 г;02133;Б_Каппи_Модификаторы;4;152.2
2026-03;Левітана;М Балик 100 г;01204;Б_Каппи_Модификаторы;9;585
2026-03;Левітана;М Вершковий сир 20 г;02126;Б_Каппи_Модификаторы;11;229.7
2026-03;Левітана;М Вугор 20 г;02125;Б_Каппи_Модификаторы;3;168.5
2026-03;Левітана;М Горіховий соус 20 г;01651;Б_Каппи_Модификаторы;11;313.9
2026-03;Левітана;М Гриби 50 г;01194;Б_Каппи_Модификаторы;9;209.2
2026-03;Левітана;М Кальмар 20 г;02136;Б_Каппи_Модификаторы;1;32.3
2026-03;Левітана;М Креветка 2 шт.;02123;Б_Каппи_Модификаторы;7;316.5
2026-03;Левітана;М Креветка 2 шт.;02135;Б_Каппи_Модификаторы;6;280.9
2026-03;Левітана;М Курка 20 г;02131;Б_Каппи_Модификаторы;2;118
2026-03;Левітана;М Куряче філе 60 г;01195;Б_Каппи_Модификаторы;3;159.2
2026-03;Левітана;М Лосось 20 г;02122;Б_Каппи_Модификаторы;4;196
2026-03;Левітана;М Маслини 20 г;01196;Б_Каппи_Модификаторы;10;335.9
2026-03;Левітана;М Моцарела 100 г;01201;Б_Каппи_Модификаторы;6;350.9
2026-03;Левітана;М Мідії 20 г;02137;Б_Каппи_Модификаторы;2;65.7
2026-03;Левітана;М Пармезан 20 г;01193;Б_Каппи_Модификаторы;6;270
2026-03;Левітана;М Пепероні 50 г;01200;Б_Каппи_Модификаторы;8;653.4
2026-03;Левітана;М Перець болгарський 40 г;01197;Б_Каппи_Модификаторы;7;203
2026-03;Левітана;М Помідори 40 г;01199;Б_Каппи_Модификаторы;9;270
2026-03;Левітана;М Соус Барбекю 1 шт.;01202;Б_Каппи_Модификаторы;5;142.9
2026-03;Левітана;М Соус Пад Тай 10 г;02127;Б_Каппи_Модификаторы;7;104.2
2026-03;Левітана;М Соус Соєвий порц.;02728;Б_Каппи_Модификаторы;27;400.1
2026-03;Левітана;М Соус Теріякі 10 г;02130;Б_Каппи_Модификаторы;15;223.5
2026-03;Левітана;М Соус Унагі 20 г;01650;Б_Каппи_Модификаторы;21;604.9
2026-03;Левітана;М Соус Часниковий 1 шт.;01648;Б_Каппи_Модификаторы;8;219.7
2026-03;Левітана;М Соус Шірачі 5 г;02129;Б_Каппи_Модификаторы;7;67.4
2026-03;Левітана;М Спайсі соус 10 г;02128;Б_Каппи_Модификаторы;17;247.6
2026-03;Левітана;М Тунець 20 г;02124;Б_Каппи_Модификаторы;3;150.9
2026-03;Левітана;М Халапеньйо 15 г;01198;Б_Каппи_Модификаторы;11;220
2026-03;Левітана;Макі Вугор;00161;Б_Каппи_Роллы;20;4667
2026-03;Левітана;Макі Лосось;00159;Б_Каппи_Роллы;61;10539.3
2026-03;Левітана;Макі Огірок ;00506;Б_Каппи_Роллы;44;3855.4
2026-03;Левітана;Макі Сирний;00504;Б_Каппи_Роллы;23;1964.5
2026-03;Левітана;Макі Чука ;00507;Б_Каппи_Роллы;45;4969.1
2026-03;Левітана;Монако;00636;Б_Каппи_Роллы;21;9251
2026-03;Левітана;Морс Ягідний 0,5 л.;02697;Б_Общее_Напитки;36;2930.1
2026-03;Левітана;Моршинська без газу 0,5 л.;00585;Б_Общее_Напитки;46;2238.8
2026-03;Левітана;Моршинська слаб.газ. 0,5 л.;00584;Б_Общее_Напитки;1;49
2026-03;Левітана;Мочі Полуниця;02618;Т_Десерты;16;2033
2026-03;Левітана;Мочі малина;02026;Т_Десерты;21;2757.9
2026-03;Левітана;Мочі смородина ;03161;Т_Десерты;21;2681.5
2026-03;Левітана;Мочі фісташка-халва;03162;Т_Десерты;8;1060.6
2026-03;Левітана;Мідорі;03021;Б_Каппи_Премиум ролл;5;2815
2026-03;Левітана;Місо з тофу;00708;Б_Каппи_Супы;8;1530.7
2026-03;Левітана;Навчальні палички;01021;Б_Прочие позиции;105;0
2026-03;Левітана;Нагетси;03207;Б_Каппи_Закуски;20;3281.7
2026-03;Левітана;Нью-Йорк ;02915;Б_Каппи_Роллы;54;25273.7
2026-03;Левітана;Одеський сет;02170;Б_Каппи_Сет;32;26985.5
2026-03;Левітана;Ойши сет;02819;Б_Каппи_Сет;12;12346.1
2026-03;Левітана;Окінава;03235;Б_Каппи_Роллы;6;1918.1
2026-03;Левітана;Онігірі з крабом;03222;Онігірі;17;2333.4
2026-03;Левітана;Онігірі з креветкою;03225;Онігірі;46;7778.2
2026-03;Левітана;Онігірі з лососем;03223;Онігірі;19;3231.3
2026-03;Левітана;Онігірі з тунцем;03224;Онігірі;17;3278.2
2026-03;Левітана;Опен-фуд;02927;;3767.297;3711.9
2026-03;Левітана;Осака;00589;Б_Каппи_Роллы;66;21384
2026-03;Левітана;Париж;00657;Б_Каппи_Роллы;34;15008.9
2026-03;Левітана;Преміум Креветка;00652;Б_Каппи_Роллы;15;6265.9
2026-03;Левітана;Преміум сет;00658;Б_Каппи_Сет;23;37318.7
2026-03;Левітана;Пікантний краб;00531;Б_Каппи_Темпура ролл;20;5430.6
2026-03;Левітана;Пікантний лосось ;00532;Б_Каппи_Темпура ролл;23;7752.5
2026-03;Левітана;Піца 4 сезони;02101;Б_Каппи_Пицца;10;3790.5
2026-03;Левітана;Піца 4 сири;02118;Б_Каппи_Пицца;67;22421.6
2026-03;Левітана;Піца Амерікано;02111;Б_Каппи_Пицца;20;6125.7
2026-03;Левітана;Піца Гавайська;02104;Б_Каппи_Пицца;78;18517.4
2026-03;Левітана;Піца Груша Дор Блю;02175;Б_Каппи_Пицца;26;7578.8
2026-03;Левітана;Піца Кампаро;03131;Б_Каппи_Пицца;8;2357.1
2026-03;Левітана;Піца Курка та гриби;02177;Б_Каппи_Пицца;50;16873.1
2026-03;Левітана;Піца М'ясна;02102;Б_Каппи_Пицца;70;25468.8
2026-03;Левітана;Піца Маргарита;02174;Б_Каппи_Пицца;30;7479.8
2026-03;Левітана;Піца Мексиканська ;03130;Б_Каппи_Пицца;16;4917.5
2026-03;Левітана;Піца Мисливська;02176;Б_Каппи_Пицца;54;15582.5
2026-03;Левітана;Піца Океанія;02099;Б_Каппи_Пицца;31;12554.3
2026-03;Левітана;Піца Пепероні;02172;Б_Каппи_Пицца;76;21923.9
2026-03;Левітана;Піца Пепероні Блу Чіз;02119;Б_Каппи_Пицца;30;10353
2026-03;Левітана;Піца Селянська;03258;Б_Каппи_Пицца;7;2135
2026-03;Левітана;Піца Том Ям;02978;Б_Каппи_Пицца;18;6466.1
2026-03;Левітана;Піца Чізбургер;02977;Б_Каппи_Пицца;37;11521.7
2026-03;Левітана;Піца з креветками та ананасом ;03256;Б_Каппи_Пицца;3;1204.5
2026-03;Левітана;Піца з креветками та брі;02911;Б_Каппи_Пицца;21;8566.5
2026-03;Левітана;Піца з прошуто та трюфелем ;03257;Б_Каппи_Пицца;5;1524.1
2026-03;Левітана;Піца з прошутто;03133;Б_Каппи_Пицца;14;4498.5
2026-03;Левітана;Піца з прошутто та грушою ;03132;Б_Каппи_Пицца;18;6336.1
2026-03;Левітана;Рамен Том Ям;02606;Б_Каппи_Супы;19;7005.2
2026-03;Левітана;Рамен Традиційний;02601;Б_Каппи_Супы;7;1173.7
2026-03;Левітана;Рамен з куркою;03201;Б_Каппи_Супы;36;7623.6
2026-03;Левітана;Рамен з морепродуктами ;03200;Б_Каппи_Супы;14;3564
2026-03;Левітана;Рис з куркою Гострий;00855;Б_Каппи_WOK;19;4453.4
2026-03;Левітана;Рол Пасаж;02168;Б_Каппи_Роллы;17;5567.5
2026-03;Левітана;Рол-Дог з Креветкою;01787;Б_Каппи_Темпура ролл;8;2698
2026-03;Левітана;Рол-Дог з Лососем;01788;Б_Каппи_Темпура ролл;7;2278.3
2026-03;Левітана;Сакайо;03128;Б_Каппи_Роллы;10;4515.6
2026-03;Левітана;Салат Чука-Вакаме;00602;Б_Каппи_Салати;58;11318.2
2026-03;Левітана;Салат з вугрем ;03252;Б_Каппи_Салати;4;1339.3
2026-03;Левітана;Салат з прошуто;03253;Б_Каппи_Салати;1;290
2026-03;Левітана;Салмон в боніто ;00538;Б_Каппи_Роллы;31;8263.9
2026-03;Левітана;Санрайз;03236;Б_Каппи_Роллы;11;5154.9
2026-03;Левітана;Сенкай;03022;Б_Каппи_Премиум ролл;16;8560.1
2026-03;Левітана;Сервісний збір_Glovo;01934;Б_Каппи_Glovo;86;1249.4
2026-03;Левітана;Спайсі Вулкан;02113;Б_Каппи_Роллы;11;4153.3
2026-03;Левітана;Спрайт жб 0,33 л.;01749;Б_Общее_Напитки;8;443.2
2026-03;Левітана;Супер Комбо;02181;Б_Каппи_Акции;2;1833.5
2026-03;Левітана;Суші бургер з Креветкой;02943;Б_Каппи_Бургер;111;36104.2
2026-03;Левітана;Суші бургер з Лососем;02944;Б_Каппи_Бургер;121;40715.8
2026-03;Левітана;Сушіріто з креветкою ;03018;Б_Каппи_Суширито;38;7394.9
2026-03;Левітана;Сушіріто з куркою;03019;Б_Каппи_Суширито;5;1032.8
2026-03;Левітана;Сушіріто з лососем;03020;Б_Каппи_Суширито;27;7085.3
2026-03;Левітана;ТОП сет;00362;Б_Каппи_Сет;32;45229.7
2026-03;Левітана;Тайфун;03024;Б_Каппи_Темпура ролл;21;9431.1
2026-03;Левітана;Темпура вулкан з креветкою;03167;Б_Каппи_Темпура ролл;29;10319.7
2026-03;Левітана;Темпура вулкан з лососем;03166;Б_Каппи_Темпура ролл;43;13493.7
2026-03;Левітана;Темпура сет;00559;Б_Каппи_Сет;30;34120.7
2026-03;Левітана;Темпура-суширіто з крабом;03193;Б_Каппи_Суширито;48;11316
2026-03;Левітана;Темпура-суширіто мікс;03194;Б_Каппи_Суширито;50;15352.2
2026-03;Левітана;Теплий сет;02712;Б_Каппи_Сет;59;49773
2026-03;Левітана;Том Ям;02597;Б_Каппи_Супы;76;27826.3
2026-03;Левітана;Тропік ;01862;Б_Каппи_Роллы;16;5156.9
2026-03;Левітана;Тропікана;03014;Б_Каппи_Роллы;7;2872.8
2026-03;Левітана;Тропічний Вулкан;02112;Б_Каппи_Роллы;9;3033.2
2026-03;Левітана;Трюфель мікс;03231;Б_Каппи_Роллы;18;6156.8
2026-03;Левітана;Удон з креветками;01813;Б_Каппи_WOK;25;8126
2026-03;Левітана;Удон з куркою Теріякі;00856;Б_Каппи_WOK;35;9382.9
2026-03;Левітана;Умі;03243;Б_Каппи_Роллы;41;17227.3
2026-03;Левітана;Унагамі;03011;Б_Каппи_Роллы;10;4071.4
2026-03;Левітана;Ф'южн;03155;Б_Каппи_Роллы;12;4048.2
2026-03;Левітана;Фанта жб 0,33 л.;01743;Б_Общее_Напитки;9;531
2026-03;Левітана;Фудзі темпура;00911;Б_Каппи_Темпура ролл;35;11786.6
2026-03;Левітана;Фунчоза з куркою;03164;Б_Каппи_WOK;28;7690.2
2026-03;Левітана;Фунчоза з морепродуктами;03165;Б_Каппи_WOK;34;10837.5
2026-03;Левітана;Філа Ланч;02706;Б_Каппи_Акции;17;7873.3
2026-03;Левітана;Філадельфія;00168;Б_Каппи_Роллы;161;61491.5
2026-03;Левітана;Філадельфія Класік;00459;Б_Каппи_Роллы;230;40744.5
2026-03;Левітана;Філадельфія Преміум;00611;Б_Каппи_Роллы;99;41520.2
2026-03;Левітана;Філадельфія Унагі;02635;Б_Каппи_Роллы;1;316
2026-03;Левітана;Філадельфія з креветкою;02798;Б_Каппи_Роллы;85;30846
2026-03;Левітана;Філадельфія з манго;00612;Б_Каппи_Роллы;26;8158.5
2026-03;Левітана;Філадельфія з тунцем;00516;Б_Каппи_Роллы;28;11029.2
2026-03;Левітана;Хікарі сет;03232;Б_Каппи_Сет;17;17206.8
2026-03;Левітана;Цезар з куркою;02803;Б_Каппи_Салати;28;7654.9
2026-03;Левітана;Цезар з лососем;02992;Б_Каппи_Салати;8;2389
2026-03;Левітана;Чорний Дракон;00170;Б_Каппи_Роллы;23;9809.7
2026-03;Левітана;Чізі Креветка;01113;Б_Каппи_Роллы;47;10510.3
2026-03;Левітана;Чікен Чіз;03229;Б_Каппи_Роллы;12;3381.5
2026-03;Левітана;Юме сет;02818;Б_Каппи_Сет;20;20544
2026-03;Левітана;Які Ебі Манго;02946;Б_Каппи_Запеч_Роллы;48;16452.8
2026-03;Левітана;Які Салмон;02950;Б_Каппи_Запеч_Роллы;48;17756.2
2026-03;Левітана;Які Спайсі Краб;02949;Б_Каппи_Запеч_Роллы;48;13200.5
2026-03;Левітана;Які Туна ;02942;Б_Каппи_Запеч_Роллы;14;5351.8
2026-03;Левітана;Які Унагі;02945;Б_Каппи_Запеч_Роллы;38;12866.1
2026-03;Левітана;Яєчна з куркою та креветками;01815;Б_Каппи_WOK;13;4192.7
2026-03;Левітана;Яєчна з морепродуктами;00859;Б_Каппи_WOK;21;6355.7
2026-04;Лазарева;.Гарного дня!;00944;Б_Прочие позиции;2163;0
2026-04;Лазарева;7-up 0,5 л.;03281;Б_Общее_Напитки;1;65
2026-04;Лазарева;Affinity сет;03015;Б_Каппи_Сет;10;11157.8
2026-04;Лазарева;Cappiroll;00583;Б_Каппи_Роллы;68;26119.5
2026-04;Лазарева;Cappizza;02173;Б_Каппи_Пицца;32;10473.7
2026-04;Лазарева;G Доставка;00984;Б_Каппи_Glovo;333;16589.5
2026-04;Лазарева;GC_Доставка 0 грн;02503;Б_Глово_Модификаторы;17;0
2026-04;Лазарева;Glovo <800 ;03025;;12;955.6
2026-04;Лазарева;L`amour Сет;01729;Б_Каппи_Сет;20;23231.7
2026-04;Лазарева;MOVA світле пиво безалкогольне 0.33 л.;03046;Б_Общее_Напитки;2;190
2026-04;Лазарева;MOVA світле пиво безалкогольне 0.33 л.;03049;Б_Общее_Напитки;3;274.3
2026-04;Лазарева;MOVA темне пиво безалкогольне 0,33 л.;03047;Б_Общее_Напитки;3;285
2026-04;Лазарева;MOVA темне пиво безалкогольне 0,33 л.;03048;Б_Общее_Напитки;2;162
2026-04;Лазарева;Mirinda Free 0,33 л.;03284;Б_Общее_Напитки;1;59
2026-04;Лазарева;Mirinda Free 0,5 л.;03283;Б_Общее_Напитки;4;146.7
2026-04;Лазарева;One Love;03237;Б_Каппи_Сет;6;7142.6
2026-04;Лазарева;Party-комбо ( Pepsi Cola з/б 0,33л -1шт та  Pepsi Cola Max з/б 0,33л - 1шт;02708;Б_Каппи_Акции;1;1295
2026-04;Лазарева;Pepsi Black 0,33 л.;03286;Б_Общее_Напитки;4;192.5
2026-04;Лазарева;Pepsi Black 0,5 л.;03280;Б_Общее_Напитки;17;1092.1
2026-04;Лазарева;Pepsi Cola 0,33 л.;03285;Б_Общее_Напитки;3;110
2026-04;Лазарева;Pepsi Cola 0,5 л.;03279;Б_Общее_Напитки;9;552.5
2026-04;Лазарева;Sandora сік  Мультивітамін 0,95 л.;03273;Б_Общее_Напитки;1;62.5
2026-04;Лазарева;_Барбекю;03064;Б_Глово_Модификаторы;5;125
2026-04;Лазарева;_Гірчиця;03065;Б_Глово_Модификаторы;2;40
2026-04;Лазарева;_Кетчуп;03066;Б_Глово_Модификаторы;6;120
2026-04;Лазарева;_Комбо 1;03031;Б_Каппи_Glovo;13;4485
2026-04;Лазарева;_Комбо 3;03034;Б_Каппи_Glovo;27;9855
2026-04;Лазарева;_Комбо 4;03033;Б_Каппи_Glovo;6;2130
2026-04;Лазарева;_Комбо 5;03136;Б_Каппи_Glovo;15;3975
2026-04;Лазарева;_Комбо 6;03139;Б_Каппи_Glovo;6;2094
2026-04;Лазарева;_Комбо 7;03138;Б_Каппи_Glovo;13;4615
2026-04;Лазарева;_Комбо 8;03137;Б_Каппи_Glovo;16;5680
2026-04;Лазарева;_Комбо 9;03203;Б_Каппи_Glovo;3;765
2026-04;Лазарева;_Майонез;03067;Б_Глово_Модификаторы;3;60
2026-04;Лазарева;_Сметана;03068;Б_Глово_Модификаторы;32;640
2026-04;Лазарева;_Хліб;03069;Б_Глово_Модификаторы;26;390
2026-04;Лазарева;Імператор;00892;Б_Каппи_Роллы;29;12807.5
2026-04;Лазарева;Акаї;03023;Б_Каппи_Премиум ролл;24;12875.6
2026-04;Лазарева;Акіра;03217;Б_Каппи_Премиум ролл;9;5046.4
2026-04;Лазарева;Амаі;03218;Б_Каппи_Премиум ролл;3;1608.7
2026-04;Лазарева;Аморе;02781;Б_Каппи_Роллы;38;14544.1
2026-04;Лазарева;Антикризовий сет;00578;Б_Каппи_Сет;80;47129.2
2026-04;Лазарева;Аурум ;03157;Б_Каппи_Роллы;3;786.9
2026-04;Лазарева;Банзай ;00528;Б_Каппи_Темпура ролл;128;50831
2026-04;Лазарева;Бао бургер з крабом;02966;Б_Каппи_БАО;6;1871.1
2026-04;Лазарева;Бао бургер з креветкою;02967;Б_Каппи_БАО;4;1474.2
2026-04;Лазарева;Бао бургер з лососем;02968;Б_Каппи_БАО;2;774
2026-04;Лазарева;Без приборів!;01593;Б_Прочие позиции;69;0
2026-04;Лазарева;Боніто з лососем;00154;Б_Каппи_Роллы;28;6782.7
2026-04;Лазарева;Борщ зі свининою;03028;Б_Каппи_Glovo;50;10500
2026-04;Лазарева;Боул Дабл Фіш;01886;Б_Каппи_Боул;15;5838
2026-04;Лазарева;Боул Філадельфія;01887;Б_Каппи_Боул;20;7640.7
2026-04;Лазарева;Боул з Лососем;01890;Б_Каппи_Боул;19;7194.2
2026-04;Лазарева;Боул з креветкою;03168;Б_Каппи_Боул;10;3675.2
2026-04;Лазарева;Боул з тунцем;03250;Б_Каппи_Боул;9;3555
2026-04;Лазарева;Боул мікс;03251;Б_Каппи_Боул;12;4197.4
2026-04;Лазарева;Бульон курячий;03029;Б_Каппи_Glovo;43;7525
2026-04;Лазарева;Вершкова креветка;00775;Б_Каппи_Роллы;61;23121.9
2026-04;Лазарева;Веселка;00509;Б_Каппи_Роллы;63;23273.1
2026-04;Лазарева;Весняний Сет;01844;Б_Каппи_Сет;26;25297.6
2026-04;Лазарева;Вулкан Карі;03144;Б_Каппи_Роллы;8;3837.9
2026-04;Лазарева;Вулкан з креветкою;02799;Б_Каппи_Роллы;41;13894.7
2026-04;Лазарева;Вулкан сет;03211;Б_Каппи_Сет;2;1930
2026-04;Лазарева;Відбивна куряча;03039;Б_Каппи_Glovo;5;1225
2026-04;Лазарева;Вінегрет;03060;Б_Каппи_Glovo;5;625
2026-04;Лазарева;Гречана каша;03053;Б_Каппи_Glovo;3;255
2026-04;Лазарева;Д Імбир Cappi 30 гр.;01049;Б_Каппи_Добавки;158;2281.5
2026-04;Лазарева;Д Васабі Cappi 7,5 гр.;01050;Б_Каппи_Добавки;136;1556.5
2026-04;Лазарева;Д Набір №1 (Соев.-1шт.,Імб.-1шт.,Вас.-1шт.);01916;Б_Каппи_Добавки;319;0
2026-04;Лазарева;Д Набір №2 (Соев.-2шт.,Імб.-1шт.,Вас.-1шт.);01917;Б_Каппи_Добавки;293;0
2026-04;Лазарева;Д Набір №3 (Соев.-3шт.,Імб.-2шт.,Вас.-1шт.);01918;Б_Каппи_Добавки;416;0
2026-04;Лазарева;Д Набір №4 (Соев.-4шт.,Імб.-2шт.,Вас.-2шт.);01919;Б_Каппи_Добавки;534;0
2026-04;Лазарева;Д Соус Барбекю;00501;Б_Каппи_Добавки;21;585.7
2026-04;Лазарева;Д Соус Часниковий;01323;Б_Каппи_Добавки;31;874.3
2026-04;Лазарева;Д Соус горіховий 20 гр.;00729;Б_Каппи_Добавки;5;135.1
2026-04;Лазарева;Д Соус соєвий Cappi 50 гр.;00695;Б_Каппи_Добавки;77;1121.9
2026-04;Лазарева;Д Соус унагі 20 гр.;00728;Б_Каппи_Добавки;10;284.4
2026-04;Лазарева;Д Спайсі соус 10 гр.;02929;Б_Каппи_Добавки;6;87.4
2026-04;Лазарева;Д_соус Теріякі  10 г;03191;Б_Каппи_Добавки;6;90
2026-04;Лазарева;Дабл Тартар;02780;Б_Каппи_Роллы;49;18636.7
2026-04;Лазарева;Деруни зі сметаною;03054;Б_Каппи_Glovo;13;2015
2026-04;Лазарева;Джаз;01109;Б_Каппи_Роллы;47;9579.6
2026-04;Лазарева;Дзен сет;01128;Б_Каппи_Сет;50;51285.6
2026-04;Лазарева;Доставка (зелена);00829;Б_Прочие позиции;18;773.3
2026-04;Лазарева;Доставка (помаранчева);01235;Б_Прочие позиции;17;875.3
2026-04;Лазарева;Доставка (рожева);03017;Б_Прочие позиции;2;320
2026-04;Лазарева;Доставка (синя);01051;Б_Прочие позиции;2;109.9
2026-04;Лазарева;Доставка (фіолетова);03016;Б_Прочие позиции;11;1208.3
2026-04;Лазарева;Дружня парочка;03159;Б_Каппи_Акции;1;535
2026-04;Лазарева;Ебі Грін;01790;Б_Каппи_Роллы;5;1423.8
2026-04;Лазарева;Ебі сет;02710;Б_Каппи_Сет;64;80547.7
2026-04;Лазарева;Ебі темпура;02986;Б_Каппи_Закуски;54;14420.9
2026-04;Лазарева;Ейфорія;03242;Б_Каппи_Роллы;6;2374.1
2026-04;Лазарева;Замовлення з додатку;03198;;681;0
2026-04;Лазарева;Заміна інгрідієнта;02139;Б_Прочие позиции;3;90
2026-04;Лазарева;Зелений Дракон;00156;Б_Каппи_Роллы;4;1758.8
2026-04;Лазарева;Каліфорнія ;00774;Б_Каппи_Роллы;28;9228.2
2026-04;Лазарева;Каліфорнія Мікс;00653;Б_Каппи_Роллы;14;5886.6
2026-04;Лазарева;Каліфорнія з креветкою;00654;Б_Каппи_Роллы;35;12544.4
2026-04;Лазарева;Камамбер фрі;03093;Б_Каппи_Закуски;20;5872.9
2026-04;Лазарева;Камертон;00960;Б_Каппи_Роллы;25;10241.5
2026-04;Лазарева;Картопля по-домашньому  ;03051;Б_Каппи_Glovo;7;1043
2026-04;Лазарева;Класика вдвох;02988;Б_Каппи_Акции;5;2701.8
2026-04;Лазарева;Кока-кола 0,5 л.;03246;Б_Общее_Напитки;23;1469.3
2026-04;Лазарева;Кока-кола жб 0,33 л БОРЩИК\ГЛОВО;03075;Б_Каппи_Glovo;1;59
2026-04;Лазарева;Кока-кола жб 0,33 л.;01736;Б_Общее_Напитки;18;1056.1
2026-04;Лазарева;Кока-кола зеро жб 0,33 л БОРЩИК\ГЛОВО;03076;Б_Каппи_Glovo;1;59
2026-04;Лазарева;Кока-кола зеро жб 0,33 л.;01740;Б_Общее_Напитки;17;975.5
2026-04;Лазарева;Комбо #1;02178;Б_Каппи_Акции;3;4183.1
2026-04;Лазарева;Комбо #2;02179;Б_Каппи_Акции;1;1195
2026-04;Лазарева;Комбо #3;02180;Б_Каппи_Акции;2;1996.2
2026-04;Лазарева;Комбо боул Тріо;03261;Б_Каппи_Акции;4;4020.3
2026-04;Лазарева;Комбо боул дуо;03260;Б_Каппи_Акции;1;675.7
2026-04;Лазарева;Комбуча  WILD каркаде 0,33 л.;03185;Б_Общее_Напитки;6;544.4
2026-04;Лазарева;Комбуча  WILD класична 0,33 л.;03186;Б_Общее_Напитки;5;465.5
2026-04;Лазарева;Комбуча WILD зелений чай 0,33 л.;03184;Б_Общее_Напитки;8;755.1
2026-04;Лазарева;Компенсація за негоду;02771;;72;1374.6
2026-04;Лазарева;Концепция-Борщик;03072;;165;0
2026-04;Лазарева;Котлета кордон-блю;03140;Б_Каппи_Glovo;2;410
2026-04;Лазарева;Котлета куряча;03091;Б_Каппи_Glovo;19;2831
2026-04;Лазарева;Котлета по-київськи ;03055;Б_Каппи_Glovo;7;1183
2026-04;Лазарева;Креветка в кунжуті;00511;Б_Каппи_Роллы;28;8939.3
2026-04;Лазарева;Креветка в темпурі;00533;Б_Каппи_Темпура ролл;72;23370.1
2026-04;Лазарева;Курка в Кисло-солодкому;01825;Б_Каппи_WOK;15;3832.5
2026-04;Лазарева;Курортний;02169;Б_Каппи_Роллы;31;6518.2
2026-04;Лазарева;Кімурай;03012;Б_Каппи_Роллы;47;17469.6
2026-04;Лазарева;Лимонад 0,5 л.;02057;Б_Общее_Напитки;35;2928.5
2026-04;Лазарева;Лимонад БОРЩИК\ГЛОВО;03085;Б_Каппи_Glovo;11;825
2026-04;Лазарева;Листівка до ДН;02061;Б_Прочие позиции;24;0
2026-04;Лазарева;Логістичний збір;02770;;1178;39401.2
2026-04;Лазарева;Лосось Пад Тай;02116;Б_Каппи_Роллы;32;10531.2
2026-04;Лазарева;Лосось в темпурі;00534;Б_Каппи_Темпура ролл;42;9604.3
2026-04;Лазарева;Лосось сет;00517;Б_Каппи_Сет;39;41192.3
2026-04;Лазарева;М Авокадо 20 г;02133;Б_Каппи_Модификаторы;3;110.5
2026-04;Лазарева;М Балик 100 г;01204;Б_Каппи_Модификаторы;6;358.2
2026-04;Лазарева;М Вершковий сир 20 г;02126;Б_Каппи_Модификаторы;4;96.9
2026-04;Лазарева;М Горіховий соус 20 г;01651;Б_Каппи_Модификаторы;12;344.4
2026-04;Лазарева;М Гриби 50 г;01194;Б_Каппи_Модификаторы;14;326.9
2026-04;Лазарева;М Кальмар 20 г;02136;Б_Каппи_Модификаторы;4;140
2026-04;Лазарева;М Краб 30 г;03297;Б_Каппи_Модификаторы;1;0
2026-04;Лазарева;М Креветка 2 шт.;02123;Б_Каппи_Модификаторы;3;147
2026-04;Лазарева;М Креветка 2 шт.;02135;Б_Каппи_Модификаторы;9;426.1
2026-04;Лазарева;М Кукурудза с/м 30 г;03292;Б_Каппи_Модификаторы;2;0
2026-04;Лазарева;М Курка 20 г;02131;Б_Каппи_Модификаторы;7;413
2026-04;Лазарева;М Куряче філе 60 г;01195;Б_Каппи_Модификаторы;7;385
2026-04;Лазарева;М Лосось 20 г;02122;Б_Каппи_Модификаторы;4;181.5
2026-04;Лазарева;М Маслини 20 г;01196;Б_Каппи_Модификаторы;3;105
2026-04;Лазарева;М Моцарела 100 г;01201;Б_Каппи_Модификаторы;5;287.1
2026-04;Лазарева;М Мідії 20 г;02137;Б_Каппи_Модификаторы;8;280
2026-04;Лазарева;М Пармезан 20 г;01193;Б_Каппи_Модификаторы;11;495
2026-04;Лазарева;М Пепероні 50 г;01200;Б_Каппи_Модификаторы;7;595
2026-04;Лазарева;М Перець болгарський 40 г;01197;Б_Каппи_Модификаторы;5;145
2026-04;Лазарева;М Перець чилі 5 г;03291;Б_Каппи_Модификаторы;2;0
2026-04;Лазарева;М Помідори 40 г;01199;Б_Каппи_Модификаторы;7;203.7
2026-04;Лазарева;М Соус Пад Тай 10 г;02127;Б_Каппи_Модификаторы;5;74.8
2026-04;Лазарева;М Соус Соєвий порц.;02728;Б_Каппи_Модификаторы;25;375
2026-04;Лазарева;М Соус Теріякі 10 г;02130;Б_Каппи_Модификаторы;21;312.2
2026-04;Лазарева;М Соус Унагі 20 г;01650;Б_Каппи_Модификаторы;16;445.2
2026-04;Лазарева;М Соус Часниковий 1 шт.;01648;Б_Каппи_Модификаторы;10;280.5
2026-04;Лазарева;М Соус Шірачі 5 г;02129;Б_Каппи_Модификаторы;4;39.6
2026-04;Лазарева;М Спайсі соус 10 г;02128;Б_Каппи_Модификаторы;16;237.2
2026-04;Лазарева;М Тунець 20 г;02124;Б_Каппи_Модификаторы;1;45.9
2026-04;Лазарева;М Халапеньйо 15 г;01198;Б_Каппи_Модификаторы;11;213.7
2026-04;Лазарева;М'ясо по-французьки;03056;Б_Каппи_Glovo;17;4675
2026-04;Лазарева;Макі Вугор;00161;Б_Каппи_Роллы;18;3999
2026-04;Лазарева;Макі Лосось;00159;Б_Каппи_Роллы;52;9434.6
2026-04;Лазарева;Макі Огірок ;00506;Б_Каппи_Роллы;31;3016.4
2026-04;Лазарева;Макі Сирний;00504;Б_Каппи_Роллы;22;2202.2
2026-04;Лазарева;Макі Чука ;00507;Б_Каппи_Роллы;25;2694.8
2026-04;Лазарева;Млинці з вишнею та шоколадом ;03174;Б_Каппи_Glovo;5;1275
2026-04;Лазарева;Млинці з яблуками;03061;Б_Каппи_Glovo;5;925
2026-04;Лазарева;Монако;00636;Б_Каппи_Роллы;16;7489.6
2026-04;Лазарева;Морс Ягідний 0,5 л.;02697;Б_Общее_Напитки;39;3139
2026-04;Лазарева;Морс Ягідний БОРЩИК\ГЛОВО;03086;Б_Каппи_Glovo;21;1575
2026-04;Лазарева;Моршинська без газу 0,5 л БОРЩИК\ГЛОВО;03087;Б_Каппи_Glovo;58;2842
2026-04;Лазарева;Моршинська без газу 0,5 л.;00585;Б_Общее_Напитки;219;10720.8
2026-04;Лазарева;Моршинська слаб.газ. 0,5 л.;00584;Б_Общее_Напитки;3;137.2
2026-04;Лазарева;Мочі Полуниця;02618;Т_Десерты;14;1861.3
2026-04;Лазарева;Мочі малина;02026;Т_Десерты;15;1969.4
2026-04;Лазарева;Мочі смородина ;03161;Т_Десерты;6;810
2026-04;Лазарева;Мочі фісташка-халва;03162;Т_Десерты;15;1883.5
2026-04;Лазарева;Мідорі;03021;Б_Каппи_Премиум ролл;4;2268
2026-04;Лазарева;Місо з тофу;00708;Б_Каппи_Супы;13;2440.7
2026-04;Лазарева;Навчальні палички;01021;Б_Прочие позиции;117;0
2026-04;Лазарева;Нагетси;03207;Б_Каппи_Закуски;45;7761
2026-04;Лазарева;Нью-Йорк ;02915;Б_Каппи_Роллы;58;27224.5
2026-04;Лазарева;Одеський сет;02170;Б_Каппи_Сет;40;27866.7
2026-04;Лазарева;Ойши сет;02819;Б_Каппи_Сет;7;7701.1
2026-04;Лазарева;Окінава;03235;Б_Каппи_Роллы;9;3059.4
2026-04;Лазарева;Онігірі з крабом;03222;Онігірі;32;4506.2
2026-04;Лазарева;Онігірі з креветкою;03225;Онігірі;33;5603.8
2026-04;Лазарева;Онігірі з лососем;03223;Онігірі;27;4505.4
2026-04;Лазарева;Онігірі з тунцем;03224;Онігірі;8;1616
2026-04;Лазарева;Опен-фуд;02927;;374;374
2026-04;Лазарева;Осака;00589;Б_Каппи_Роллы;44;14955.5
2026-04;Лазарева;Париж;00657;Б_Каппи_Роллы;30;12771.2
2026-04;Лазарева;Пательня з куркою.;03036;Б_Каппи_Glovo;19;5035
2026-04;Лазарева;Пательня зі свининою;03030;Б_Каппи_Glovo;10;2650
2026-04;Лазарева;Пательня мисливська.;03037;Б_Каппи_Glovo;7;1995
2026-04;Лазарева;Пересип +;03045;;75;0
2026-04;Лазарева;Преміум Креветка;00652;Б_Каппи_Роллы;17;7416.2
2026-04;Лазарева;Преміум сет;00658;Б_Каппи_Сет;22;37359.5
2026-04;Лазарева;Пюре;03052;Б_Каппи_Glovo;12;1620
2026-04;Лазарева;Пікантний краб;00531;Б_Каппи_Темпура ролл;33;8187.8
2026-04;Лазарева;Пікантний лосось ;00532;Б_Каппи_Темпура ролл;22;4927.1
2026-04;Лазарева;Піца 4 сезони;02101;Б_Каппи_Пицца;5;2007
2026-04;Лазарева;Піца 4 сири;02118;Б_Каппи_Пицца;94;32581.6
2026-04;Лазарева;Піца Амерікано;02111;Б_Каппи_Пицца;10;3115.3
2026-04;Лазарева;Піца Гавайська;02104;Б_Каппи_Пицца;48;10902.7
2026-04;Лазарева;Піца Груша Дор Блю;02175;Б_Каппи_Пицца;21;6742.4
2026-04;Лазарева;Піца Кампаро;03131;Б_Каппи_Пицца;11;3011.2
2026-04;Лазарева;Піца Курка та гриби;02177;Б_Каппи_Пицца;58;20031.2
2026-04;Лазарева;Піца М'ясна;02102;Б_Каппи_Пицца;65;24014.3
2026-04;Лазарева;Піца Маргарита;02174;Б_Каппи_Пицца;29;7810.4
2026-04;Лазарева;Піца Мексиканська ;03130;Б_Каппи_Пицца;17;5319.1
2026-04;Лазарева;Піца Мисливська;02176;Б_Каппи_Пицца;33;9373.7
2026-04;Лазарева;Піца Морська ;03264;Б_Каппи_Пицца;12;4450.1
2026-04;Лазарева;Піца Океанія;02099;Б_Каппи_Пицца;21;8905.5
2026-04;Лазарева;Піца Пепероні;02172;Б_Каппи_Пицца;54;16022.9
2026-04;Лазарева;Піца Пепероні Блу Чіз;02119;Б_Каппи_Пицца;34;12173.8
2026-04;Лазарева;Піца Селянська;03258;Б_Каппи_Пицца;34;8530.6
2026-04;Лазарева;Піца Том Ям;02978;Б_Каппи_Пицца;13;5470.1
2026-04;Лазарева;Піца Чізбургер;02977;Б_Каппи_Пицца;32;10353.2
2026-04;Лазарева;Піца з креветками та ананасом ;03256;Б_Каппи_Пицца;27;10479.6
2026-04;Лазарева;Піца з креветками та брі;02911;Б_Каппи_Пицца;20;8081.8
2026-04;Лазарева;Піца з прошуто та трюфелем ;03257;Б_Каппи_Пицца;39;10794.8
2026-04;Лазарева;Піца з прошутто;03133;Б_Каппи_Пицца;14;4530.3
2026-04;Лазарева;Піца з прошутто та грушою ;03132;Б_Каппи_Пицца;10;3719.6
2026-04;Лазарева;Рамен Том Ям;02606;Б_Каппи_Супы;23;8822.9
2026-04;Лазарева;Рамен Традиційний;02601;Б_Каппи_Супы;12;2194.3
2026-04;Лазарева;Рамен з куркою;03201;Б_Каппи_Супы;23;5156.8
2026-04;Лазарева;Рамен з морепродуктами ;03200;Б_Каппи_Супы;9;2379.2
2026-04;Лазарева;Рис;03208;Б_Каппи_Glovo;18;1530
2026-04;Лазарева;Рис з куркою Гострий;00855;Б_Каппи_WOK;18;4143
2026-04;Лазарева;Рис з морепродуктами;03263;Б_Каппи_WOK;9;2901.9
2026-04;Лазарева;Рол Курортний (акц);02767;Б_Каппи_Акции;19;3753.5
2026-04;Лазарева;Рол Пасаж;02168;Б_Каппи_Роллы;8;2635.2
2026-04;Лазарева;Рол-Дог з Креветкою;01787;Б_Каппи_Темпура ролл;8;2685.7
2026-04;Лазарева;Рол-Дог з Лососем;01788;Б_Каппи_Темпура ролл;3;1035.8
2026-04;Лазарева;Сакайо;03128;Б_Каппи_Роллы;6;2721.3
2026-04;Лазарева;"Салат ""Олів'є"" з куркою";03059;Б_Каппи_Glovo;17;3213
2026-04;Лазарева;Салат Цезар з куркою (борщик);03057;Б_Каппи_Glovo;11;3245
2026-04;Лазарева;Салат Чука-Вакаме;00602;Б_Каппи_Салати;21;4499.9
2026-04;Лазарева;Салат з вугрем ;03252;Б_Каппи_Салати;15;5728.5
2026-04;Лазарева;Салат з капустою та огірком;03135;Б_Каппи_Glovo;15;1875
2026-04;Лазарева;Салат з прошуто;03253;Б_Каппи_Салати;2;714.6
2026-04;Лазарева;Салат з яблуком та буряком;03202;Б_Каппи_Glovo;1;75
2026-04;Лазарева;Салат крабовий;03058;Б_Каппи_Glovo;14;2940
2026-04;Лазарева;Салмон в боніто ;00538;Б_Каппи_Роллы;33;7987.8
2026-04;Лазарева;Санрайз;03236;Б_Каппи_Роллы;8;3556.3
2026-04;Лазарева;Світле пиво безалкогольне БОРЩИК\ГЛОВО;03080;Б_Каппи_Glovo;5;475
2026-04;Лазарева;Сенкай;03022;Б_Каппи_Премиум ролл;8;3959.1
2026-04;Лазарева;Сервісний збір_Glovo;01934;Б_Каппи_Glovo;84;1329.7
2026-04;Лазарева;Сет 2х2;01175;Б_Каппи_Сет;3;3147
2026-04;Лазарева;Сирники з родзинками;03062;Б_Каппи_Glovo;1;165
2026-04;Лазарева;Сирники класичні;03173;Б_Каппи_Glovo;6;930
2026-04;Лазарева;Солянка;03038;Б_Каппи_Glovo;33;9075
2026-04;Лазарева;Спайсі Вулкан;02113;Б_Каппи_Роллы;7;2694
2026-04;Лазарева;Спрайт жб 0,33 л.;01749;Б_Общее_Напитки;15;726.9
2026-04;Лазарева;Суші - Паска;03268;;3;3346
2026-04;Лазарева;Суші бургер з Креветкой;02943;Б_Каппи_Бургер;88;32410.2
2026-04;Лазарева;Суші бургер з Лососем;02944;Б_Каппи_Бургер;95;33555.6
2026-04;Лазарева;Сушіріто з креветкою ;03018;Б_Каппи_Суширито;27;5784.5
2026-04;Лазарева;Сушіріто з куркою;03019;Б_Каппи_Суширито;15;2944.9
2026-04;Лазарева;Сушіріто з лососем;03020;Б_Каппи_Суширито;22;5921.3
2026-04;Лазарева;ТОП сет;00362;Б_Каппи_Сет;25;35735.5
2026-04;Лазарева;Тайфун;03024;Б_Каппи_Темпура ролл;25;11411.8
2026-04;Лазарева;Темпура вулкан з креветкою;03167;Б_Каппи_Темпура ролл;14;4997.6
2026-04;Лазарева;Темпура вулкан з лососем;03166;Б_Каппи_Темпура ролл;28;9240.2
2026-04;Лазарева;Темпура сет;00559;Б_Каппи_Сет;51;45499.1
2026-04;Лазарева;Темпура-суширіто з крабом;03193;Б_Каппи_Суширито;39;9929.3
2026-04;Лазарева;Темпура-суширіто мікс;03194;Б_Каппи_Суширито;41;13196.4
2026-04;Лазарева;Теплий сет;02712;Б_Каппи_Сет;84;54845.8
2026-04;Лазарева;Том Ям;02597;Б_Каппи_Супы;76;28526.5
2026-04;Лазарева;Тропік ;01862;Б_Каппи_Роллы;15;5236.3
2026-04;Лазарева;Тропікана;03014;Б_Каппи_Роллы;13;5240.7
2026-04;Лазарева;Тропічний Вулкан;02112;Б_Каппи_Роллы;16;5849.1
2026-04;Лазарева;Трюфель мікс;03231;Б_Каппи_Роллы;14;4560.5
2026-04;Лазарева;Удон з креветками;01813;Б_Каппи_WOK;23;6946.5
2026-04;Лазарева;Удон з куркою Теріякі;00856;Б_Каппи_WOK;21;5467.8
2026-04;Лазарева;Умі;03243;Б_Каппи_Роллы;16;6967.3
2026-04;Лазарева;Унагамі;03011;Б_Каппи_Роллы;11;4814.7
2026-04;Лазарева;Ф'южн;03155;Б_Каппи_Роллы;11;3806.7
2026-04;Лазарева;Фанта жб 0,33 л БОРЩИК\ГЛОВО;03090;Б_Каппи_Glovo;3;177
2026-04;Лазарева;Фанта жб 0,33 л.;01743;Б_Общее_Напитки;6;265.5
2026-04;Лазарева;Фудзі темпура;00911;Б_Каппи_Темпура ролл;30;9761.1
2026-04;Лазарева;Фунчоза з куркою;03164;Б_Каппи_WOK;24;6786.5
2026-04;Лазарева;Фунчоза з морепродуктами;03165;Б_Каппи_WOK;40;13750.7
2026-04;Лазарева;Філа Ланч;02706;Б_Каппи_Акции;10;4841.8
2026-04;Лазарева;Філадельфія;00168;Б_Каппи_Роллы;131;50372.5
2026-04;Лазарева;Філадельфія Класік;00459;Б_Каппи_Роллы;213;22619
2026-04;Лазарева;Філадельфія Преміум;00611;Б_Каппи_Роллы;74;30598.6
2026-04;Лазарева;Філадельфія з креветкою;02798;Б_Каппи_Роллы;51;20686
2026-04;Лазарева;Філадельфія з манго;00612;Б_Каппи_Роллы;23;7521.8
2026-04;Лазарева;Філадельфія з тунцем;00516;Б_Каппи_Роллы;16;6675.7
2026-04;Лазарева;Хек в паніровці;03206;Б_Каппи_Glovo;4;660
2026-04;Лазарева;Хікарі сет;03232;Б_Каппи_Сет;9;9166.1
2026-04;Лазарева;Цезар з куркою;02803;Б_Каппи_Салати;24;6711.1
2026-04;Лазарева;Цезар з лососем;02992;Б_Каппи_Салати;7;2210.8
2026-04;Лазарева;Чорний Дракон;00170;Б_Каппи_Роллы;26;10815.4
2026-04;Лазарева;Чізі Креветка;01113;Б_Каппи_Роллы;26;6301.1
2026-04;Лазарева;Чікен Чіз;03229;Б_Каппи_Роллы;23;6847.5
2026-04;Лазарева;Юме сет;02818;Б_Каппи_Сет;8;8504.6
2026-04;Лазарева;Які Ебі Манго;02946;Б_Каппи_Запеч_Роллы;45;13454.9
2026-04;Лазарева;Які Салмон;02950;Б_Каппи_Запеч_Роллы;34;11214.4
2026-04;Лазарева;Які Спайсі Краб;02949;Б_Каппи_Запеч_Роллы;57;13700.5
2026-04;Лазарева;Які Туна ;02942;Б_Каппи_Запеч_Роллы;30;9326
2026-04;Лазарева;Які Унагі;02945;Б_Каппи_Запеч_Роллы;29;9370
2026-04;Лазарева;Яєчна з куркою та креветками;01815;Б_Каппи_WOK;17;5293.2
2026-04;Лазарева;Яєчна з морепродуктами;00859;Б_Каппи_WOK;26;8825.7
2026-04;Лазарева;від Насті;03266;Б_Каппи_Роллы;9;3716.7
2026-04;Лазарева;від Роми;03267;Б_Каппи_Роллы;8;3436.1
2026-04;Левітана;.Гарного дня!;00944;Б_Прочие позиции;2185;0
2026-04;Левітана;7-up 0,33 л.;03282;Б_Общее_Напитки;1;59
2026-04;Левітана;7-up 0,5 л.;03281;Б_Общее_Напитки;1;65
2026-04;Левітана;Affinity сет;03015;Б_Каппи_Сет;12;13588.4
2026-04;Левітана;Cappiroll;00583;Б_Каппи_Роллы;81;31697.8
2026-04;Левітана;Cappizza;02173;Б_Каппи_Пицца;26;8729.6
2026-04;Левітана;G Доставка;00984;Б_Каппи_Glovo;323;16105.4
2026-04;Левітана;GC_Доставка 0 грн;02503;Б_Глово_Модификаторы;1;0
2026-04;Левітана;L`amour Сет;01729;Б_Каппи_Сет;14;15754.9
2026-04;Левітана;MOVA світле пиво безалкогольне 0.33 л.;03046;Б_Общее_Напитки;4;352.7
2026-04;Левітана;MOVA світле пиво безалкогольне 0.33 л.;03049;Б_Общее_Напитки;3;261
2026-04;Левітана;MOVA темне пиво безалкогольне 0,33 л.;03047;Б_Общее_Напитки;2;187
2026-04;Левітана;MOVA темне пиво безалкогольне 0,33 л.;03048;Б_Общее_Напитки;2;190
2026-04;Левітана;One Love;03237;Б_Каппи_Сет;4;4685
2026-04;Левітана;Pepsi Black 0,33 л.;03286;Б_Общее_Напитки;2;95.7
2026-04;Левітана;Pepsi Black 0,5 л.;03280;Б_Общее_Напитки;6;357.1
2026-04;Левітана;Pepsi Cola 0,33 л.;03285;Б_Общее_Напитки;1;46.1
2026-04;Левітана;Pepsi Cola 0,5 л.;03279;Б_Общее_Напитки;14;825.7
2026-04;Левітана;Імператор;00892;Б_Каппи_Роллы;20;8974.2
2026-04;Левітана;Акаї;03023;Б_Каппи_Премиум ролл;36;18683.4
2026-04;Левітана;Акіра;03217;Б_Каппи_Премиум ролл;15;8297
2026-04;Левітана;Амаі;03218;Б_Каппи_Премиум ролл;9;4857.9
2026-04;Левітана;Аморе;02781;Б_Каппи_Роллы;37;13628.8
2026-04;Левітана;Антикризовий сет;00578;Б_Каппи_Сет;63;38571.2
2026-04;Левітана;Аурум ;03157;Б_Каппи_Роллы;3;771.9
2026-04;Левітана;Банзай ;00528;Б_Каппи_Темпура ролл;129;50560.3
2026-04;Левітана;Бао бургер з крабом;02966;Б_Каппи_БАО;6;1767.4
2026-04;Левітана;Бао бургер з креветкою;02967;Б_Каппи_БАО;20;7317.7
2026-04;Левітана;Бао бургер з лососем;02968;Б_Каппи_БАО;4;1444.6
2026-04;Левітана;Без приборів!;01593;Б_Прочие позиции;89;0
2026-04;Левітана;Боніто з лососем;00154;Б_Каппи_Роллы;24;5351.7
2026-04;Левітана;Боул Дабл Фіш;01886;Б_Каппи_Боул;19;6923.7
2026-04;Левітана;Боул Філадельфія;01887;Б_Каппи_Боул;19;6709.6
2026-04;Левітана;Боул з Лососем;01890;Б_Каппи_Боул;26;8437.3
2026-04;Левітана;Боул з креветкою;03168;Б_Каппи_Боул;12;4189.6
2026-04;Левітана;Боул з тунцем;03250;Б_Каппи_Боул;11;4276.3
2026-04;Левітана;Боул мікс;03251;Б_Каппи_Боул;25;9136.6
2026-04;Левітана;Вершкова креветка;00775;Б_Каппи_Роллы;88;32960.5
2026-04;Левітана;Веселка;00509;Б_Каппи_Роллы;70;25994
2026-04;Левітана;Весняний Сет;01844;Б_Каппи_Сет;24;23540.4
2026-04;Левітана;Вулкан Карі;03144;Б_Каппи_Роллы;14;6521.8
2026-04;Левітана;Вулкан з креветкою;02799;Б_Каппи_Роллы;33;10362.7
2026-04;Левітана;Вулкан сет;03211;Б_Каппи_Сет;4;3354.9
2026-04;Левітана;Д Імбир Cappi 30 гр.;01049;Б_Каппи_Добавки;109;1557.5
2026-04;Левітана;Д Васабі Cappi 7,5 гр.;01050;Б_Каппи_Добавки;158;1807.4
2026-04;Левітана;Д Набір №1 (Соев.-1шт.,Імб.-1шт.,Вас.-1шт.);01916;Б_Каппи_Добавки;376;0
2026-04;Левітана;Д Набір №2 (Соев.-2шт.,Імб.-1шт.,Вас.-1шт.);01917;Б_Каппи_Добавки;352;0
2026-04;Левітана;Д Набір №3 (Соев.-3шт.,Імб.-2шт.,Вас.-1шт.);01918;Б_Каппи_Добавки;449;0
2026-04;Левітана;Д Набір №4 (Соев.-4шт.,Імб.-2шт.,Вас.-2шт.);01919;Б_Каппи_Добавки;549;0
2026-04;Левітана;Д Соус Барбекю;00501;Б_Каппи_Добавки;16;457.8
2026-04;Левітана;Д Соус Часниковий;01323;Б_Каппи_Добавки;25;698
2026-04;Левітана;Д Соус Ширачи 10г;02596;Б_Каппи_Добавки;1;19
2026-04;Левітана;Д Соус горіховий 20 гр.;00729;Б_Каппи_Добавки;5;145
2026-04;Левітана;Д Соус соєвий Cappi 50 гр.;00695;Б_Каппи_Добавки;58;836.1
2026-04;Левітана;Д Соус унагі 20 гр.;00728;Б_Каппи_Добавки;17;435.3
2026-04;Левітана;Д Спайсі соус 10 гр.;02929;Б_Каппи_Добавки;8;114.3
2026-04;Левітана;Д_Креветка 2 шт;03098;Б_Каппи_Добавки;1;34.1
2026-04;Левітана;Д_Тунець 20 гр;03102;Б_Каппи_Добавки;2;79.8
2026-04;Левітана;Д_соус Теріякі  10 г;03191;Б_Каппи_Добавки;3;42.9
2026-04;Левітана;Дабл Тартар;02780;Б_Каппи_Роллы;48;17688.1
2026-04;Левітана;Джаз;01109;Б_Каппи_Роллы;45;8869
2026-04;Левітана;Дзен сет;01128;Б_Каппи_Сет;48;49293.3
2026-04;Левітана;Доставка (зелена);00829;Б_Прочие позиции;30;1280.7
2026-04;Левітана;Доставка (помаранчева);01235;Б_Прочие позиции;8;330.7
2026-04;Левітана;Дружня парочка;03159;Б_Каппи_Акции;1;499.2
2026-04;Левітана;Ебі Грін;01790;Б_Каппи_Роллы;14;4222.9
2026-04;Левітана;Ебі сет;02710;Б_Каппи_Сет;78;97565.1
2026-04;Левітана;Ебі темпура;02986;Б_Каппи_Закуски;86;22735.8
2026-04;Левітана;Ейфорія;03242;Б_Каппи_Роллы;4;1632.2
2026-04;Левітана;Замовлення з додатку;03198;;850;0
2026-04;Левітана;Заміна інгрідієнта;02139;Б_Прочие позиции;3;90
2026-04;Левітана;Зелений Дракон;00156;Б_Каппи_Роллы;12;5167.9
2026-04;Левітана;Каліфорнія ;00774;Б_Каппи_Роллы;24;8150.8
2026-04;Левітана;Каліфорнія Мікс;00653;Б_Каппи_Роллы;21;8892.3
2026-04;Левітана;Каліфорнія з креветкою;00654;Б_Каппи_Роллы;42;15041.8
2026-04;Левітана;Камамбер фрі;03093;Б_Каппи_Закуски;23;6542.5
2026-04;Левітана;Камертон;00960;Б_Каппи_Роллы;30;12213.7
2026-04;Левітана;Класика вдвох;02988;Б_Каппи_Акции;6;3259.9
2026-04;Левітана;Кока-кола 0,5 л.;03246;Б_Общее_Напитки;31;1941.8
2026-04;Левітана;Кока-кола жб 0,33 л.;01736;Б_Общее_Напитки;27;1466
2026-04;Левітана;Кока-кола зеро жб 0,33 л.;01740;Б_Общее_Напитки;28;1604.4
2026-04;Левітана;Комбо #1;02178;Б_Каппи_Акции;1;1395
2026-04;Левітана;Комбо #2;02179;Б_Каппи_Акции;1;1075.5
2026-04;Левітана;Комбо #3;02180;Б_Каппи_Акции;2;1990
2026-04;Левітана;Комбо боул дуо;03260;Б_Каппи_Акции;1;725
2026-04;Левітана;Комбуча  WILD каркаде 0,33 л.;03185;Б_Общее_Напитки;5;466.5
2026-04;Левітана;Комбуча  WILD класична 0,33 л.;03186;Б_Общее_Напитки;9;776.7
2026-04;Левітана;Комбуча WILD зелений чай 0,33 л.;03184;Б_Общее_Напитки;16;1474.3
2026-04;Левітана;Компенсація за негоду;02771;;75;1404.7
2026-04;Левітана;Креветка в кунжуті;00511;Б_Каппи_Роллы;51;16127.6
2026-04;Левітана;Креветка в темпурі;00533;Б_Каппи_Темпура ролл;87;28615.7
2026-04;Левітана;Курка в Кисло-солодкому;01825;Б_Каппи_WOK;29;5796.8
2026-04;Левітана;Курортний;02169;Б_Каппи_Роллы;34;6768.5
2026-04;Левітана;Кімурай;03012;Б_Каппи_Роллы;36;13368.8
2026-04;Левітана;Лимонад 0,5 л.;02057;Б_Общее_Напитки;54;4389.5
2026-04;Левітана;Листівка до ДН;02061;Б_Прочие позиции;18;0
2026-04;Левітана;Логістичний збір;02770;;1306;43223.5
2026-04;Левітана;Лосось Пад Тай;02116;Б_Каппи_Роллы;45;14579
2026-04;Левітана;Лосось в темпурі;00534;Б_Каппи_Темпура ролл;68;15553.2
2026-04;Левітана;Лосось сет;00517;Б_Каппи_Сет;30;31089.6
2026-04;Левітана;М Авокадо 20 г;02133;Б_Каппи_Модификаторы;3;117
2026-04;Левітана;М Ананас 30 г;03290;Б_Каппи_Модификаторы;1;0
2026-04;Левітана;М Балик 100 г;01204;Б_Каппи_Модификаторы;10;644.1
2026-04;Левітана;М Бекон 30 г;03294;Б_Каппи_Модификаторы;2;0
2026-04;Левітана;М Вершковий сир 20 г;02126;Б_Каппи_Модификаторы;6;135
2026-04;Левітана;М Вугор 20 г;02125;Б_Каппи_Модификаторы;4;260
2026-04;Левітана;М Горіховий соус 20 г;01651;Б_Каппи_Модификаторы;8;215.6
2026-04;Левітана;М Гриби 50 г;01194;Б_Каппи_Модификаторы;16;383.7
2026-04;Левітана;М Груша 30 г;03296;Б_Каппи_Модификаторы;1;0
2026-04;Левітана;М Кальмар 20 г;02136;Б_Каппи_Модификаторы;6;200.1
2026-04;Левітана;М Краб 30 г;03297;Б_Каппи_Модификаторы;2;0
2026-04;Левітана;М Креветка 2 шт.;02123;Б_Каппи_Модификаторы;9;413.2
2026-04;Левітана;М Креветка 2 шт.;02135;Б_Каппи_Модификаторы;13;618
2026-04;Левітана;М Кукурудза с/м 30 г;03292;Б_Каппи_Модификаторы;1;0
2026-04;Левітана;М Курка 20 г;02131;Б_Каппи_Модификаторы;3;141.6
2026-04;Левітана;М Куряче філе 60 г;01195;Б_Каппи_Модификаторы;10;536.4
2026-04;Левітана;М Лосось 20 г;02122;Б_Каппи_Модификаторы;8;392
2026-04;Левітана;М Маслини 20 г;01196;Б_Каппи_Модификаторы;17;575.9
2026-04;Левітана;М Моцарела 100 г;01201;Б_Каппи_Модификаторы;9;501.6
2026-04;Левітана;М Мідії 20 г;02137;Б_Каппи_Модификаторы;4;137
2026-04;Левітана;М Огірок 20 г;02132;Б_Каппи_Модификаторы;2;50
2026-04;Левітана;М Пармезан 20 г;01193;Б_Каппи_Модификаторы;6;256.4
2026-04;Левітана;М Пепероні 50 г;01200;Б_Каппи_Модификаторы;5;408.1
2026-04;Левітана;М Перець болгарський 40 г;01197;Б_Каппи_Модификаторы;3;78.9
2026-04;Левітана;М Помідори 40 г;01199;Б_Каппи_Модификаторы;8;236
2026-04;Левітана;М Соус Барбекю 1 шт.;01202;Б_Каппи_Модификаторы;3;87
2026-04;Левітана;М Соус Пад Тай 10 г;02127;Б_Каппи_Модификаторы;7;104
2026-04;Левітана;М Соус Соєвий порц.;02728;Б_Каппи_Модификаторы;32;479.6
2026-04;Левітана;М Соус Теріякі 10 г;02130;Б_Каппи_Модификаторы;9;135
2026-04;Левітана;М Соус Унагі 20 г;01650;Б_Каппи_Модификаторы;15;423.7
2026-04;Левітана;М Соус Часниковий 1 шт.;01648;Б_Каппи_Модификаторы;8;232
2026-04;Левітана;М Соус Шірачі 5 г;02129;Б_Каппи_Модификаторы;8;77.2
2026-04;Левітана;М Спайсі соус 10 г;02128;Б_Каппи_Модификаторы;24;352.7
2026-04;Левітана;М Тунець 20 г;02124;Б_Каппи_Модификаторы;2;104.6
2026-04;Левітана;М Халапеньйо 15 г;01198;Б_Каппи_Модификаторы;9;175.4
2026-04;Левітана;Макі Вугор;00161;Б_Каппи_Роллы;11;2445.6
2026-04;Левітана;Макі Лосось;00159;Б_Каппи_Роллы;60;10785
2026-04;Левітана;Макі Огірок ;00506;Б_Каппи_Роллы;36;3406.4
2026-04;Левітана;Макі Сирний;00504;Б_Каппи_Роллы;20;1846
2026-04;Левітана;Макі Чука ;00507;Б_Каппи_Роллы;35;3802.3
2026-04;Левітана;Монако;00636;Б_Каппи_Роллы;12;5379.3
2026-04;Левітана;Морс Ягідний 0,5 л.;02697;Б_Общее_Напитки;40;3305.6
2026-04;Левітана;Моршинська без газу 0,5 л.;00585;Б_Общее_Напитки;199;9751
2026-04;Левітана;Моршинська слаб.газ. 0,5 л.;00584;Б_Общее_Напитки;1;49
2026-04;Левітана;Мочі Полуниця;02618;Т_Десерты;16;2113.1
2026-04;Левітана;Мочі малина;02026;Т_Десерты;12;1599.6
2026-04;Левітана;Мочі смородина ;03161;Т_Десерты;8;1031.9
2026-04;Левітана;Мочі фісташка-халва;03162;Т_Десерты;6;756.9
2026-04;Левітана;Мідорі;03021;Б_Каппи_Премиум ролл;2;1130
2026-04;Левітана;Місо з тофу;00708;Б_Каппи_Супы;19;3651
2026-04;Левітана;Навчальні палички;01021;Б_Прочие позиции;162;0
2026-04;Левітана;Нагетси;03207;Б_Каппи_Закуски;27;4498.9
2026-04;Левітана;Нью-Йорк ;02915;Б_Каппи_Роллы;52;23917.1
2026-04;Левітана;Одеський сет;02170;Б_Каппи_Сет;76;50148.1
2026-04;Левітана;Ойши сет;02819;Б_Каппи_Сет;11;11730.9
2026-04;Левітана;Окінава;03235;Б_Каппи_Роллы;5;1740.4
2026-04;Левітана;Онігірі з крабом;03222;Онігірі;22;3046.7
2026-04;Левітана;Онігірі з креветкою;03225;Онігірі;26;4427.3
2026-04;Левітана;Онігірі з лососем;03223;Онігірі;11;1850.9
2026-04;Левітана;Онігірі з тунцем;03224;Онігірі;6;1074.4
2026-04;Левітана;Опен-фуд;02927;;735.2;732.8
2026-04;Левітана;Осака;00589;Б_Каппи_Роллы;54;18440.9
2026-04;Левітана;Париж;00657;Б_Каппи_Роллы;30;13470.9
2026-04;Левітана;Преміум Креветка;00652;Б_Каппи_Роллы;16;7022.5
2026-04;Левітана;Преміум сет;00658;Б_Каппи_Сет;19;32163
2026-04;Левітана;Пікантний краб;00531;Б_Каппи_Темпура ролл;31;7574
2026-04;Левітана;Пікантний лосось ;00532;Б_Каппи_Темпура ролл;24;5417.2
2026-04;Левітана;Піца 4 сезони;02101;Б_Каппи_Пицца;11;4130.4
2026-04;Левітана;Піца 4 сири;02118;Б_Каппи_Пицца;66;22516.7
2026-04;Левітана;Піца Амерікано;02111;Б_Каппи_Пицца;18;5757.6
2026-04;Левітана;Піца Гавайська;02104;Б_Каппи_Пицца;56;15292.1
2026-04;Левітана;Піца Груша Дор Блю;02175;Б_Каппи_Пицца;29;8983.8
2026-04;Левітана;Піца Кампаро;03131;Б_Каппи_Пицца;9;2534
2026-04;Левітана;Піца Курка та гриби;02177;Б_Каппи_Пицца;48;16409.6
2026-04;Левітана;Піца М'ясна;02102;Б_Каппи_Пицца;108;40059.9
2026-04;Левітана;Піца Маргарита;02174;Б_Каппи_Пицца;21;5324.5
2026-04;Левітана;Піца Мексиканська ;03130;Б_Каппи_Пицца;15;4699.5
2026-04;Левітана;Піца Мисливська;02176;Б_Каппи_Пицца;47;13687.9
2026-04;Левітана;Піца Морська ;03264;Б_Каппи_Пицца;8;3340.4
2026-04;Левітана;Піца Океанія;02099;Б_Каппи_Пицца;15;6097.1
2026-04;Левітана;Піца Пепероні;02172;Б_Каппи_Пицца;55;15956.2
2026-04;Левітана;Піца Пепероні Блу Чіз;02119;Б_Каппи_Пицца;25;8234.5
2026-04;Левітана;Піца Селянська;03258;Б_Каппи_Пицца;45;12369.3
2026-04;Левітана;Піца Том Ям;02978;Б_Каппи_Пицца;13;4632.7
2026-04;Левітана;Піца Чізбургер;02977;Б_Каппи_Пицца;33;10673.9
2026-04;Левітана;Піца з креветками та ананасом ;03256;Б_Каппи_Пицца;28;11247.8
2026-04;Левітана;Піца з креветками та брі;02911;Б_Каппи_Пицца;21;8549.1
2026-04;Левітана;Піца з прошуто та трюфелем ;03257;Б_Каппи_Пицца;33;9390.5
2026-04;Левітана;Піца з прошутто;03133;Б_Каппи_Пицца;8;2856.4
2026-04;Левітана;Піца з прошутто та грушою ;03132;Б_Каппи_Пицца;12;4700.7
2026-04;Левітана;Рамен Том Ям;02606;Б_Каппи_Супы;25;9376.9
2026-04;Левітана;Рамен Традиційний;02601;Б_Каппи_Супы;10;1718.4
2026-04;Левітана;Рамен з куркою;03201;Б_Каппи_Супы;27;5704.2
2026-04;Левітана;Рамен з морепродуктами ;03200;Б_Каппи_Супы;14;3673.7
2026-04;Левітана;Рис з куркою Гострий;00855;Б_Каппи_WOK;36;8616.9
2026-04;Левітана;Рис з морепродуктами;03263;Б_Каппи_WOK;9;2733.2
2026-04;Левітана;Рол Курортний (акц);02767;Б_Каппи_Акции;24;4688.1
2026-04;Левітана;Рол Пасаж;02168;Б_Каппи_Роллы;13;4373.3
2026-04;Левітана;Рол-Дог з Креветкою;01787;Б_Каппи_Темпура ролл;16;5274.8
2026-04;Левітана;Рол-Дог з Лососем;01788;Б_Каппи_Темпура ролл;7;2153.1
2026-04;Левітана;Садочок сік Нектар Яблуко та Виноград (білий)  0.2 л.;03276;Б_Общее_Напитки;1;20
2026-04;Левітана;Сакайо;03128;Б_Каппи_Роллы;12;5361.1
2026-04;Левітана;Салат Чука-Вакаме;00602;Б_Каппи_Салати;37;7879.5
2026-04;Левітана;Салат з вугрем ;03252;Б_Каппи_Салати;9;3428.1
2026-04;Левітана;Салат з прошуто;03253;Б_Каппи_Салати;7;2386.7
2026-04;Левітана;Салмон в боніто ;00538;Б_Каппи_Роллы;27;5974.1
2026-04;Левітана;Санрайз;03236;Б_Каппи_Роллы;10;4525.5
2026-04;Левітана;Сенкай;03022;Б_Каппи_Премиум ролл;13;7263.2
2026-04;Левітана;Сервісний збір_Glovo;01934;Б_Каппи_Glovo;91;1336.6
2026-04;Левітана;Сет 2х2;01175;Б_Каппи_Сет;3;3147
2026-04;Левітана;Соевый соус порц 50 г.;00593;Т Соуса порционные;1;15
2026-04;Левітана;Спайсі Вулкан;02113;Б_Каппи_Роллы;17;6032.6
2026-04;Левітана;Спрайт жб 0,33 л.;01749;Б_Общее_Напитки;10;507.8
2026-04;Левітана;Супер Комбо;02181;Б_Каппи_Акции;2;1940
2026-04;Левітана;Суші бургер з Креветкой;02943;Б_Каппи_Бургер;78;28056.6
2026-04;Левітана;Суші бургер з Лососем;02944;Б_Каппи_Бургер;100;35640.6
2026-04;Левітана;Сушіріто з креветкою ;03018;Б_Каппи_Суширито;26;5422.7
2026-04;Левітана;Сушіріто з куркою;03019;Б_Каппи_Суширито;5;912.8
2026-04;Левітана;Сушіріто з лососем;03020;Б_Каппи_Суширито;30;7540.3
2026-04;Левітана;ТОП сет;00362;Б_Каппи_Сет;39;56399.5
2026-04;Левітана;Тайфун;03024;Б_Каппи_Темпура ролл;31;14140.4
2026-04;Левітана;Темпура вулкан з креветкою;03167;Б_Каппи_Темпура ролл;31;11275
2026-04;Левітана;Темпура вулкан з лососем;03166;Б_Каппи_Темпура ролл;23;7427
2026-04;Левітана;Темпура сет;00559;Б_Каппи_Сет;40;38215.4
2026-04;Левітана;Темпура-суширіто з крабом;03193;Б_Каппи_Суширито;30;7387.8
2026-04;Левітана;Темпура-суширіто мікс;03194;Б_Каппи_Суширито;40;12658.5
2026-04;Левітана;Теплий сет;02712;Б_Каппи_Сет;92;61262.9
2026-04;Левітана;Том Ям;02597;Б_Каппи_Супы;72;26293.1
2026-04;Левітана;Тропік ;01862;Б_Каппи_Роллы;19;6390.8
2026-04;Левітана;Тропікана;03014;Б_Каппи_Роллы;12;4866.1
2026-04;Левітана;Тропічний Вулкан;02112;Б_Каппи_Роллы;9;3429.7
2026-04;Левітана;Трюфель мікс;03231;Б_Каппи_Роллы;10;3466.7
2026-04;Левітана;Удон з креветками;01813;Б_Каппи_WOK;18;5952.3
2026-04;Левітана;Удон з куркою Теріякі;00856;Б_Каппи_WOK;25;6594
2026-04;Левітана;Умі;03243;Б_Каппи_Роллы;27;12154.6
2026-04;Левітана;Унагамі;03011;Б_Каппи_Роллы;8;3394.5
2026-04;Левітана;Ф'южн;03155;Б_Каппи_Роллы;4;1390.7
2026-04;Левітана;Фанта жб 0,33 л.;01743;Б_Общее_Напитки;16;864.5
2026-04;Левітана;Фудзі темпура;00911;Б_Каппи_Темпура ролл;36;12436.4
2026-04;Левітана;Фунчоза з куркою;03164;Б_Каппи_WOK;21;6087.5
2026-04;Левітана;Фунчоза з морепродуктами;03165;Б_Каппи_WOK;38;11835
2026-04;Левітана;Філа Ланч;02706;Б_Каппи_Акции;9;4158.7
2026-04;Левітана;Філадельфія;00168;Б_Каппи_Роллы;136;51763.8
2026-04;Левітана;Філадельфія Класік;00459;Б_Каппи_Роллы;285;32935.4
2026-04;Левітана;Філадельфія Преміум;00611;Б_Каппи_Роллы;73;30361.1
2026-04;Левітана;Філадельфія Унагі;02635;Б_Каппи_Роллы;1;261.1
2026-04;Левітана;Філадельфія з креветкою;02798;Б_Каппи_Роллы;77;29710.7
2026-04;Левітана;Філадельфія з манго;00612;Б_Каппи_Роллы;18;5813.7
2026-04;Левітана;Філадельфія з тунцем;00516;Б_Каппи_Роллы;24;9563.3
2026-04;Левітана;Хікарі сет;03232;Б_Каппи_Сет;3;3024.5
2026-04;Левітана;Цезар з куркою;02803;Б_Каппи_Салати;23;6512.2
2026-04;Левітана;Цезар з лососем;02992;Б_Каппи_Салати;4;1273
2026-04;Левітана;Чорний Дракон;00170;Б_Каппи_Роллы;15;6403.5
2026-04;Левітана;Чізі Креветка;01113;Б_Каппи_Роллы;41;10063.3
2026-04;Левітана;Чікен Чіз;03229;Б_Каппи_Роллы;8;2320.4
2026-04;Левітана;Юме сет;02818;Б_Каппи_Сет;7;7492.6
2026-04;Левітана;Які Ебі Манго;02946;Б_Каппи_Запеч_Роллы;49;14851.5
2026-04;Левітана;Які Салмон;02950;Б_Каппи_Запеч_Роллы;39;13597.7
2026-04;Левітана;Які Спайсі Краб;02949;Б_Каппи_Запеч_Роллы;42;10987.4
2026-04;Левітана;Які Туна ;02942;Б_Каппи_Запеч_Роллы;23;7734.2
2026-04;Левітана;Які Унагі;02945;Б_Каппи_Запеч_Роллы;34;10791.4
2026-04;Левітана;Яєчна з куркою та креветками;01815;Б_Каппи_WOK;10;3409.9
2026-04;Левітана;Яєчна з морепродуктами;00859;Б_Каппи_WOK;16;5053.9
2026-04;Левітана;від Насті;03266;Б_Каппи_Роллы;5;1831.9
2026-04;Левітана;від Роми;03267;Б_Каппи_Роллы;9;3383.2
2026-05;Лазарева;.Гарного дня!;00944;Б_Прочие позиции;2151;0
2026-05;Лазарева;7-up 0,33 л.;03282;Б_Общее_Напитки;7;207
2026-05;Лазарева;7-up 0,5 л.;03281;Б_Общее_Напитки;5;220.2
2026-05;Лазарева;Affinity сет;03015;Б_Каппи_Сет;14;16422.3
2026-05;Лазарева;Cappiroll;00583;Б_Каппи_Роллы;55;22610.1
2026-05;Лазарева;Cappizza;02173;Б_Каппи_Пицца;22;7298.2
2026-05;Лазарева;G Доставка;00984;Б_Каппи_Glovo;342;16338.7
2026-05;Лазарева;GC_Доставка;02479;Б_Глово_Модификаторы;1;59
2026-05;Лазарева;GC_Доставка 0 грн;02503;Б_Глово_Модификаторы;12;0
2026-05;Лазарева;Glovo <800 ;03025;;11;1056.5
2026-05;Лазарева;L`amour Сет;01729;Б_Каппи_Сет;12;14085
2026-05;Лазарева;Lipton Зелений чай 0,5 л.;03287;Б_Общее_Напитки;6;324.8
2026-05;Лазарева;Lipton Чорний чай Лимон 0,5 л.;03288;Б_Общее_Напитки;12;588.6
2026-05;Лазарева;MOVA світле пиво безалкогольне 0.33 л.;03046;Б_Общее_Напитки;8;706.3
2026-05;Лазарева;MOVA темне пиво безалкогольне 0,33 л.;03047;Б_Общее_Напитки;3;275.2
2026-05;Лазарева;Mirinda Free 0,33 л.;03284;Б_Общее_Напитки;1;59
2026-05;Лазарева;Mirinda Free 0,5 л.;03283;Б_Общее_Напитки;5;186
2026-05;Лазарева;One Love;03237;Б_Каппи_Сет;7;8261
2026-05;Лазарева;Party-комбо ( Pepsi Cola з/б 0,33л -1шт та  Pepsi Cola Max з/б 0,33л - 1шт;02708;Б_Каппи_Акции;2;2486.1
2026-05;Лазарева;Pepsi Black 0,33 л.;03286;Б_Общее_Напитки;9;357.5
2026-05;Лазарева;Pepsi Black 0,5 л.;03280;Б_Общее_Напитки;29;1573.7
2026-05;Лазарева;Pepsi Cola 0,33 л.;03285;Б_Общее_Напитки;14;612.7
2026-05;Лазарева;Pepsi Cola 0,5 л.;03279;Б_Общее_Напитки;55;2824.2
2026-05;Лазарева;Sandora Сицилійський червоний апельсин 0,95 л.;03271;Б_Общее_Напитки;14;1224.7
2026-05;Лазарева;Sandora Сік Томат-Сіль 0.95л ;03272;Б_Общее_Напитки;6;676.3
2026-05;Лазарева;Sandora Сік Яблуко 0.95 л.;03274;Б_Общее_Напитки;8;912
2026-05;Лазарева;Sandora сік  Мультивітамін 0,95 л.;03273;Б_Общее_Напитки;11;937.2
2026-05;Лазарева;_Гірчиця;03065;Б_Глово_Модификаторы;1;20
2026-05;Лазарева;_Кетчуп;03066;Б_Глово_Модификаторы;1;20
2026-05;Лазарева;_Комбо 1;03031;Б_Каппи_Glovo;5;1745
2026-05;Лазарева;_Комбо 2;03035;Б_Каппи_Glovo;3;777
2026-05;Лазарева;_Комбо 3;03034;Б_Каппи_Glovo;8;2944
2026-05;Лазарева;_Комбо 4;03033;Б_Каппи_Glovo;8;2872
2026-05;Лазарева;_Комбо 5;03136;Б_Каппи_Glovo;10;2690
2026-05;Лазарева;_Комбо 6;03139;Б_Каппи_Glovo;2;704
2026-05;Лазарева;_Комбо 7;03138;Б_Каппи_Glovo;1;359
2026-05;Лазарева;_Комбо 8;03137;Б_Каппи_Glovo;5;1795
2026-05;Лазарева;_Комбо 9;03203;Б_Каппи_Glovo;5;1291
2026-05;Лазарева;_Майонез;03067;Б_Глово_Модификаторы;3;60
2026-05;Лазарева;_Сметана;03068;Б_Глово_Модификаторы;24;480
2026-05;Лазарева;_Хліб;03069;Б_Глово_Модификаторы;22;330
2026-05;Лазарева;Імператор;00892;Б_Каппи_Роллы;38;16809.6
2026-05;Лазарева;Акаї;03023;Б_Каппи_Премиум ролл;28;15529.6
2026-05;Лазарева;Акіра;03217;Б_Каппи_Премиум ролл;8;4409.9
2026-05;Лазарева;Амаі;03218;Б_Каппи_Премиум ролл;7;3759.4
2026-05;Лазарева;Аморе;02781;Б_Каппи_Роллы;37;14886.8
2026-05;Лазарева;Антикризовий сет;00578;Б_Каппи_Сет;88;55108.8
2026-05;Лазарева;Аурум ;03157;Б_Каппи_Роллы;7;1962.5
2026-05;Лазарева;Банзай ;00528;Б_Каппи_Темпура ролл;130;52106.7
2026-05;Лазарева;Бао бургер з крабом;02966;Б_Каппи_БАО;11;3125
2026-05;Лазарева;Бао бургер з креветкою;02967;Б_Каппи_БАО;15;5410.9
2026-05;Лазарева;Бао бургер з лососем;02968;Б_Каппи_БАО;7;2596.5
2026-05;Лазарева;Без приборів!;01593;Б_Прочие позиции;78;0
2026-05;Лазарева;Боніто з лососем;00154;Б_Каппи_Роллы;19;5229
2026-05;Лазарева;Борщ зі свининою;03028;Б_Каппи_Glovo;28;5990
2026-05;Лазарева;Боул Дабл Фіш;01886;Б_Каппи_Боул;19;6759.7
2026-05;Лазарева;Боул Філадельфія;01887;Б_Каппи_Боул;27;9691.8
2026-05;Лазарева;Боул з Лососем;01890;Б_Каппи_Боул;12;4304.2
2026-05;Лазарева;Боул з креветкою;03168;Б_Каппи_Боул;16;5549.1
2026-05;Лазарева;Боул з тунцем;03250;Б_Каппи_Боул;5;1869.9
2026-05;Лазарева;Боул мікс;03251;Б_Каппи_Боул;22;8174.6
2026-05;Лазарева;Бульон курячий;03029;Б_Каппи_Glovo;44;7872
2026-05;Лазарева;Вершкова креветка;00775;Б_Каппи_Роллы;50;19451.8
2026-05;Лазарева;Веселка;00509;Б_Каппи_Роллы;54;22344.1
2026-05;Лазарева;Весняний Сет;01844;Б_Каппи_Сет;20;19259.7
2026-05;Лазарева;Вулкан Карі;03144;Б_Каппи_Роллы;7;3248
2026-05;Лазарева;Вулкан з креветкою;02799;Б_Каппи_Роллы;55;18635
2026-05;Лазарева;Вулкан сет;03211;Б_Каппи_Сет;5;4762.5
2026-05;Лазарева;Відбивна куряча;03039;Б_Каппи_Glovo;1;245
2026-05;Лазарева;Вінегрет;03060;Б_Каппи_Glovo;2;254
2026-05;Лазарева;Гречана каша;03053;Б_Каппи_Glovo;2;174
2026-05;Лазарева;Д Імбир Cappi 30 гр.;01049;Б_Каппи_Добавки;140;2247.1
2026-05;Лазарева;Д Васабі Cappi 7,5 гр.;01050;Б_Каппи_Добавки;147;1923.5
2026-05;Лазарева;Д Набір №1 (Соев.-1шт.,Імб.-1шт.,Вас.-1шт.);01916;Б_Каппи_Добавки;311;0
2026-05;Лазарева;Д Набір №2 (Соев.-2шт.,Імб.-1шт.,Вас.-1шт.);01917;Б_Каппи_Добавки;273;0
2026-05;Лазарева;Д Набір №3 (Соев.-3шт.,Імб.-2шт.,Вас.-1шт.);01918;Б_Каппи_Добавки;449;0
2026-05;Лазарева;Д Набір №4 (Соев.-4шт.,Імб.-2шт.,Вас.-2шт.);01919;Б_Каппи_Добавки;616;0
2026-05;Лазарева;Д Соус Барбекю;00501;Б_Каппи_Добавки;9;270.2
2026-05;Лазарева;Д Соус Часниковий;01323;Б_Каппи_Добавки;16;474.7
2026-05;Лазарева;Д Соус горіховий 20 гр.;00729;Б_Каппи_Добавки;5;143.7
2026-05;Лазарева;Д Соус соєвий Cappi 50 гр.;00695;Б_Каппи_Добавки;53;873.9
2026-05;Лазарева;Д Соус унагі 20 гр.;00728;Б_Каппи_Добавки;11;326.9
2026-05;Лазарева;Д Спайсі соус 10 гр.;02929;Б_Каппи_Добавки;8;120.9
2026-05;Лазарева;Дабл Тартар;02780;Б_Каппи_Роллы;43;16369.9
2026-05;Лазарева;Деруни зі сметаною;03054;Б_Каппи_Glovo;15;2385
2026-05;Лазарева;Джаз;01109;Б_Каппи_Роллы;91;7816.8
2026-05;Лазарева;Дзен сет;01128;Б_Каппи_Сет;53;52672.5
2026-05;Лазарева;Доставка (зелена);00829;Б_Прочие позиции;16;718.4
2026-05;Лазарева;Доставка (помаранчева);01235;Б_Прочие позиции;16;789.8
2026-05;Лазарева;Доставка (рожева);03017;Б_Прочие позиции;1;160
2026-05;Лазарева;Доставка (синя);01051;Б_Прочие позиции;7;464.9
2026-05;Лазарева;Доставка (фіолетова);03016;Б_Прочие позиции;12;1300.9
2026-05;Лазарева;Дружня парочка;03159;Б_Каппи_Акции;1;535
2026-05;Лазарева;Ебі Грін;01790;Б_Каппи_Роллы;11;3366.6
2026-05;Лазарева;Ебі сет;02710;Б_Каппи_Сет;89;107740.9
2026-05;Лазарева;Ебі темпура;02986;Б_Каппи_Закуски;57;15000.5
2026-05;Лазарева;Ейфорія;03242;Б_Каппи_Роллы;7;2980.5
2026-05;Лазарева;Замовлення з додатку;03198;;576;0
2026-05;Лазарева;Заміна інгрідієнта;02139;Б_Прочие позиции;2;60
2026-05;Лазарева;Зелений Дракон;00156;Б_Каппи_Роллы;6;2917.3
2026-05;Лазарева;Каліфорнія ;00774;Б_Каппи_Роллы;26;8523.9
2026-05;Лазарева;Каліфорнія Мікс;00653;Б_Каппи_Роллы;11;4373.3
2026-05;Лазарева;Каліфорнія з креветкою;00654;Б_Каппи_Роллы;33;11926.4
2026-05;Лазарева;Камамбер фрі;03093;Б_Каппи_Закуски;13;3922.5
2026-05;Лазарева;Камертон;00960;Б_Каппи_Роллы;32;12864.3
2026-05;Лазарева;Карпатська джерельна 0,5 л. б/г;03277;Б_Общее_Напитки;1;22.5
2026-05;Лазарева;Карпатська джерельна 0,5 л. сл/г;03278;Б_Общее_Напитки;4;90
2026-05;Лазарева;Картопля по-домашньому  ;03051;Б_Каппи_Glovo;4;605
2026-05;Лазарева;Класика вдвох;02988;Б_Каппи_Акции;9;5015.3
2026-05;Лазарева;Комбо #2;02179;Б_Каппи_Акции;1;1199
2026-05;Лазарева;Комбо #3;02180;Б_Каппи_Акции;2;1998
2026-05;Лазарева;Комбо боул дуо;03260;Б_Каппи_Акции;5;3389.4
2026-05;Лазарева;Комбуча  WILD каркаде 0,33 л.;03185;Б_Общее_Напитки;8;709.7
2026-05;Лазарева;Комбуча  WILD класична 0,33 л.;03186;Б_Общее_Напитки;7;622.9
2026-05;Лазарева;Комбуча WILD Цитрус 0,33 л;03300;Б_Общее_Напитки;8;717.2
2026-05;Лазарева;Комбуча WILD зелений чай 0,33 л.;03184;Б_Общее_Напитки;4;363.3
2026-05;Лазарева;Компенсація за негоду;02771;;106;2034.3
2026-05;Лазарева;Концепция-Борщик;03072;;118;0
2026-05;Лазарева;Котлета кордон-блю;03140;Б_Каппи_Glovo;1;205
2026-05;Лазарева;Котлета куряча;03091;Б_Каппи_Glovo;7;1052
2026-05;Лазарева;Котлета по-київськи ;03055;Б_Каппи_Glovo;7;1201
2026-05;Лазарева;Креветка в кунжуті;00511;Б_Каппи_Роллы;24;7733.9
2026-05;Лазарева;Креветка в темпурі;00533;Б_Каппи_Темпура ролл;68;23190.9
2026-05;Лазарева;Курка в Кисло-солодкому;01825;Б_Каппи_WOK;16;4158.2
2026-05;Лазарева;Курортний;02169;Б_Каппи_Роллы;9;2350.4
2026-05;Лазарева;Кімурай;03012;Б_Каппи_Роллы;39;15756.3
2026-05;Лазарева;Лимонад 0,5 л.;02057;Б_Общее_Напитки;42;3273
2026-05;Лазарева;Лимонад БОРЩИК\ГЛОВО;03085;Б_Каппи_Glovo;5;391
2026-05;Лазарева;Листівка до ДН;02061;Б_Прочие позиции;20;0
2026-05;Лазарева;Логістичний збір;02770;;1166;38843.2
2026-05;Лазарева;Лосось Пад Тай;02116;Б_Каппи_Роллы;38;13108.2
2026-05;Лазарева;Лосось в темпурі;00534;Б_Каппи_Темпура ролл;27;7655.4
2026-05;Лазарева;Лосось сет;00517;Б_Каппи_Сет;39;40922.1
2026-05;Лазарева;М Ананас 30 г;03290;Б_Каппи_Модификаторы;9;107.5
2026-05;Лазарева;М Балик 100 г;01204;Б_Каппи_Модификаторы;5;270
2026-05;Лазарева;М Бекон 30 г;03294;Б_Каппи_Модификаторы;9;216.9
2026-05;Лазарева;М Вершковий сир 20 г;02126;Б_Каппи_Модификаторы;3;76.2
2026-05;Лазарева;М Вугор 20 г;02125;Б_Каппи_Модификаторы;2;124
2026-05;Лазарева;М Горіховий соус 20 г;01651;Б_Каппи_Модификаторы;7;196.1
2026-05;Лазарева;М Гриби 50 г;01194;Б_Каппи_Модификаторы;13;327.9
2026-05;Лазарева;М Груша 30 г;03296;Б_Каппи_Модификаторы;2;19
2026-05;Лазарева;М Кальмар 20 г;02136;Б_Каппи_Модификаторы;4;148
2026-05;Лазарева;М Краб 30 г;03297;Б_Каппи_Модификаторы;3;87
2026-05;Лазарева;М Креветка 2 шт.;02123;Б_Каппи_Модификаторы;6;278.1
2026-05;Лазарева;М Креветка 2 шт.;02135;Б_Каппи_Модификаторы;10;505.8
2026-05;Лазарева;М Кукурудза с/м 30 г;03292;Б_Каппи_Модификаторы;1;0
2026-05;Лазарева;М Курка 20 г;02131;Б_Каппи_Модификаторы;2;104.8
2026-05;Лазарева;М Куряче філе 60 г;01195;Б_Каппи_Модификаторы;12;620
2026-05;Лазарева;М Лосось 20 г;02122;Б_Каппи_Модификаторы;2;97.2
2026-05;Лазарева;М Маслини 20 г;01196;Б_Каппи_Модификаторы;3;103.1
2026-05;Лазарева;М Мисливські ковбаски 30 г;03293;Б_Каппи_Модификаторы;1;22
2026-05;Лазарева;М Моцарела 100 г;01201;Б_Каппи_Модификаторы;4;236
2026-05;Лазарева;М Мідії 20 г;02137;Б_Каппи_Модификаторы;4;133.2
2026-05;Лазарева;М Пармезан 20 г;01193;Б_Каппи_Модификаторы;5;224.5
2026-05;Лазарева;М Пепероні 50 г;01200;Б_Каппи_Модификаторы;11;914.9
2026-05;Лазарева;М Перець болгарський 40 г;01197;Б_Каппи_Модификаторы;1;29
2026-05;Лазарева;М Перець чилі 5 г;03291;Б_Каппи_Модификаторы;1;18.6
2026-05;Лазарева;М Помідори 40 г;01199;Б_Каппи_Модификаторы;9;275.1
2026-05;Лазарева;М Соус Барбекю 1 шт.;01202;Б_Каппи_Модификаторы;3;93
2026-05;Лазарева;М Соус Пад Тай 10 г;02127;Б_Каппи_Модификаторы;12;172.7
2026-05;Лазарева;М Соус Соєвий порц.;02728;Б_Каппи_Модификаторы;43;685.2
2026-05;Лазарева;М Соус Теріякі 10 г;02130;Б_Каппи_Модификаторы;11;175.5
2026-05;Лазарева;М Соус Теріякі 10 г;03121;Б_Каппи_Модификаторы;1;17
2026-05;Лазарева;М Соус Унагі 20 г;01650;Б_Каппи_Модификаторы;21;609.6
2026-05;Лазарева;М Соус Часниковий 1 шт.;01648;Б_Каппи_Модификаторы;8;238.9
2026-05;Лазарева;М Соус Шірачі 5 г;02129;Б_Каппи_Модификаторы;11;101.9
2026-05;Лазарева;М Спайсі соус 10 г;02128;Б_Каппи_Модификаторы;27;432.6
2026-05;Лазарева;М Тофу 20 г;02138;Б_Каппи_Модификаторы;1;37.2
2026-05;Лазарева;М Тунець 20 г;02124;Б_Каппи_Модификаторы;1;57
2026-05;Лазарева;М Халапеньйо 15 г;01198;Б_Каппи_Модификаторы;7;138.4
2026-05;Лазарева;М'ясо по-французьки;03056;Б_Каппи_Glovo;6;1662
2026-05;Лазарева;Макі Вугор;00161;Б_Каппи_Роллы;22;4839.8
2026-05;Лазарева;Макі Лосось;00159;Б_Каппи_Роллы;65;11817.9
2026-05;Лазарева;Макі Огірок ;00506;Б_Каппи_Роллы;29;2898.8
2026-05;Лазарева;Макі Сирний;00504;Б_Каппи_Роллы;16;1598.8
2026-05;Лазарева;Макі Чука ;00507;Б_Каппи_Роллы;24;2663
2026-05;Лазарева;Млинці з вишнею та шоколадом ;03174;Б_Каппи_Glovo;4;1032
2026-05;Лазарева;Млинці з яблуками;03061;Б_Каппи_Glovo;2;378
2026-05;Лазарева;Монако;00636;Б_Каппи_Роллы;11;5022.3
2026-05;Лазарева;Морс Ягідний 0,5 л.;02697;Б_Общее_Напитки;42;3391.9
2026-05;Лазарева;Морс Ягідний БОРЩИК\ГЛОВО;03086;Б_Каппи_Glovo;14;1098
2026-05;Лазарева;Моршинська без газу 0,5 л БОРЩИК\ГЛОВО;03087;Б_Каппи_Glovo;8;392
2026-05;Лазарева;Моршинська без газу 0,5 л.;00585;Б_Общее_Напитки;183;8956.7
2026-05;Лазарева;Моршинська слаб.газ. 0,5 л.;00584;Б_Общее_Напитки;1;49
2026-05;Лазарева;Мочі Полуниця;02618;Т_Десерты;18;2336.4
2026-05;Лазарева;Мочі малина;02026;Т_Десерты;13;1692.2
2026-05;Лазарева;Мочі смородина ;03161;Т_Десерты;8;1045.3
2026-05;Лазарева;Мочі фісташка-халва;03162;Т_Десерты;9;1132.2
2026-05;Лазарева;Мідорі;03021;Б_Каппи_Премиум ролл;3;1675.5
2026-05;Лазарева;Місо з тофу;00708;Б_Каппи_Супы;8;1584.3
2026-05;Лазарева;Навчальні палички;01021;Б_Прочие позиции;118;0
2026-05;Лазарева;Нагетси;03207;Б_Каппи_Закуски;22;3752.8
2026-05;Лазарева;Нью-Йорк ;02915;Б_Каппи_Роллы;58;27568
2026-05;Лазарева;Одеський сет;02170;Б_Каппи_Сет;61;39641
2026-05;Лазарева;Ойши сет;02819;Б_Каппи_Сет;10;10919.3
2026-05;Лазарева;Окінава;03235;Б_Каппи_Роллы;4;1456.9
2026-05;Лазарева;Онігірі з крабом;03222;Онігірі;24;3288.4
2026-05;Лазарева;Онігірі з креветкою;03225;Онігірі;34;5845.2
2026-05;Лазарева;Онігірі з лососем;03223;Онігірі;19;3437.2
2026-05;Лазарева;Онігірі з тунцем;03224;Онігірі;6;1205.9
2026-05;Лазарева;Опен-фуд;02927;;349.6;347.7
2026-05;Лазарева;Осака;00589;Б_Каппи_Роллы;37;12796.8
2026-05;Лазарева;Париж;00657;Б_Каппи_Роллы;17;7686
2026-05;Лазарева;Пательня з куркою.;03036;Б_Каппи_Glovo;14;3766
2026-05;Лазарева;Пательня зі свининою;03030;Б_Каппи_Glovo;28;7524
2026-05;Лазарева;Пательня мисливська.;03037;Б_Каппи_Glovo;6;1730
2026-05;Лазарева;Пересип +;03045;;76;0
2026-05;Лазарева;Преміум Креветка;00652;Б_Каппи_Роллы;13;5859.4
2026-05;Лазарева;Преміум сет;00658;Б_Каппи_Сет;26;43973.6
2026-05;Лазарева;Пюре;03052;Б_Каппи_Glovo;6;816
2026-05;Лазарева;Пікантний краб;00531;Б_Каппи_Темпура ролл;22;6085.1
2026-05;Лазарева;Пікантний лосось ;00532;Б_Каппи_Темпура ролл;16;4709
2026-05;Лазарева;Піца 4 сезони;02101;Б_Каппи_Пицца;7;2644.2
2026-05;Лазарева;Піца 4 сири;02118;Б_Каппи_Пицца;72;24778.9
2026-05;Лазарева;Піца Амерікано;02111;Б_Каппи_Пицца;11;3507.7
2026-05;Лазарева;Піца Гавайська;02104;Б_Каппи_Пицца;55;13775.4
2026-05;Лазарева;Піца Груша Дор Блю;02175;Б_Каппи_Пицца;20;6689.6
2026-05;Лазарева;Піца Кампаро;03131;Б_Каппи_Пицца;14;3977.8
2026-05;Лазарева;Піца Курка та гриби;02177;Б_Каппи_Пицца;41;14208.4
2026-05;Лазарева;Піца М'ясна;02102;Б_Каппи_Пицца;59;21533.1
2026-05;Лазарева;Піца Маргарита;02174;Б_Каппи_Пицца;23;6023.7
2026-05;Лазарева;Піца Мексиканська ;03130;Б_Каппи_Пицца;14;4594.3
2026-05;Лазарева;Піца Мисливська;02176;Б_Каппи_Пицца;45;13250.7
2026-05;Лазарева;Піца Морська ;03264;Б_Каппи_Пицца;45;17659.9
2026-05;Лазарева;Піца Океанія;02099;Б_Каппи_Пицца;23;10037.4
2026-05;Лазарева;Піца Пепероні;02172;Б_Каппи_Пицца;44;13265.5
2026-05;Лазарева;Піца Пепероні Блу Чіз;02119;Б_Каппи_Пицца;16;5757.7
2026-05;Лазарева;Піца Селянська;03258;Б_Каппи_Пицца;18;5412.5
2026-05;Лазарева;Піца Том Ям;02978;Б_Каппи_Пицца;7;2921.3
2026-05;Лазарева;Піца Чізбургер;02977;Б_Каппи_Пицца;23;7741.5
2026-05;Лазарева;Піца з креветками та ананасом ;03256;Б_Каппи_Пицца;7;3048.4
2026-05;Лазарева;Піца з креветками та брі;02911;Б_Каппи_Пицца;14;5929.3
2026-05;Лазарева;Піца з прошуто та трюфелем ;03257;Б_Каппи_Пицца;20;6339.8
2026-05;Лазарева;Піца з прошутто;03133;Б_Каппи_Пицца;10;3748.9
2026-05;Лазарева;Піца з прошутто та грушою ;03132;Б_Каппи_Пицца;9;3403.1
2026-05;Лазарева;Рамен Том Ям;02606;Б_Каппи_Супы;19;7373.3
2026-05;Лазарева;Рамен Традиційний;02601;Б_Каппи_Супы;8;1416.5
2026-05;Лазарева;Рамен з куркою;03201;Б_Каппи_Супы;13;2931.8
2026-05;Лазарева;Рамен з морепродуктами ;03200;Б_Каппи_Супы;4;1108.4
2026-05;Лазарева;Рибна юшка з сьомгою;03302;Б_Каппи_Супы;11;2939.8
2026-05;Лазарева;Рис;03208;Б_Каппи_Glovo;5;427
2026-05;Лазарева;Рис з куркою Гострий;00855;Б_Каппи_WOK;18;4160.7
2026-05;Лазарева;Рис з морепродуктами;03263;Б_Каппи_WOK;16;5394.9
2026-05;Лазарева;Рол Курортний (акц);02767;Б_Каппи_Акции;31;6047.6
2026-05;Лазарева;Рол Пасаж;02168;Б_Каппи_Роллы;10;3344.8
2026-05;Лазарева;Рол-Дог з Креветкою;01787;Б_Каппи_Темпура ролл;10;3152.4
2026-05;Лазарева;Рол-Дог з Лососем;01788;Б_Каппи_Темпура ролл;8;2881.7
2026-05;Лазарева;Садочок Сік Мультивітамін 0.2 л.;03275;Б_Общее_Напитки;3;60
2026-05;Лазарева;Садочок сік Нектар Яблуко та Виноград (білий)  0.2 л.;03276;Б_Общее_Напитки;5;154.2
2026-05;Лазарева;Сакайо;03128;Б_Каппи_Роллы;7;3210.6
2026-05;Лазарева;"Салат ""Олів'є"" з куркою";03059;Б_Каппи_Glovo;16;3080
2026-05;Лазарева;Салат Цезар з куркою (борщик);03057;Б_Каппи_Glovo;12;3580
2026-05;Лазарева;Салат Чука-Вакаме;00602;Б_Каппи_Салати;26;5728
2026-05;Лазарева;Салат з вугрем ;03252;Б_Каппи_Салати;5;1970.8
2026-05;Лазарева;Салат з капустою та огірком;03135;Б_Каппи_Glovo;18;2322
2026-05;Лазарева;Салат з прошуто;03253;Б_Каппи_Салати;6;2139.5
2026-05;Лазарева;Салат з яблуком та буряком;03202;Б_Каппи_Glovo;2;158
2026-05;Лазарева;Салат крабовий;03058;Б_Каппи_Glovo;11;2365
2026-05;Лазарева;Салмон в боніто ;00538;Б_Каппи_Роллы;30;7423.8
2026-05;Лазарева;Санрайз;03236;Б_Каппи_Роллы;8;3793.5
2026-05;Лазарева;Сенкай;03022;Б_Каппи_Премиум ролл;23;12450.2
2026-05;Лазарева;Сервісний збір_Glovo;01934;Б_Каппи_Glovo;80;2332.5
2026-05;Лазарева;Сет 2х2;01175;Б_Каппи_Сет;2;2098
2026-05;Лазарева;Солянка;03038;Б_Каппи_Glovo;16;4456
2026-05;Лазарева;Спайсі Вулкан;02113;Б_Каппи_Роллы;12;4562.4
2026-05;Лазарева;Супер Комбо;02181;Б_Каппи_Акции;2;1903.9
2026-05;Лазарева;Суші бургер з Креветкой;02943;Б_Каппи_Бургер;70;25617.8
2026-05;Лазарева;Суші бургер з Лососем;02944;Б_Каппи_Бургер;78;27553.2
2026-05;Лазарева;Сушіріто з креветкою ;03018;Б_Каппи_Суширито;44;9095.5
2026-05;Лазарева;Сушіріто з куркою;03019;Б_Каппи_Суширито;16;2917
2026-05;Лазарева;Сушіріто з лососем;03020;Б_Каппи_Суширито;50;12991.8
2026-05;Лазарева;ТОП сет;00362;Б_Каппи_Сет;26;37875.4
2026-05;Лазарева;Тайський суп з сьомгою та креветками;03303;Б_Каппи_Супы;19;7183.4
2026-05;Лазарева;Тайфун;03024;Б_Каппи_Темпура ролл;26;12046.5
2026-05;Лазарева;Темпура вулкан з креветкою;03167;Б_Каппи_Темпура ролл;13;4872.9
2026-05;Лазарева;Темпура вулкан з лососем;03166;Б_Каппи_Темпура ролл;34;11473
2026-05;Лазарева;Темпура сет;00559;Б_Каппи_Сет;77;66098.5
2026-05;Лазарева;Темпура-суширіто з крабом;03193;Б_Каппи_Суширито;23;5291.1
2026-05;Лазарева;Темпура-суширіто мікс;03194;Б_Каппи_Суширито;39;12049.1
2026-05;Лазарева;Теплий сет;02712;Б_Каппи_Сет;156;93567.6
2026-05;Лазарева;Том Ям;02597;Б_Каппи_Супы;72;26710.4
2026-05;Лазарева;Тропік ;01862;Б_Каппи_Роллы;17;5976.8
2026-05;Лазарева;Тропікана;03014;Б_Каппи_Роллы;17;6858.7
2026-05;Лазарева;Тропічний Вулкан;02112;Б_Каппи_Роллы;1;407.4
2026-05;Лазарева;Трюфель мікс;03231;Б_Каппи_Роллы;9;3369.1
2026-05;Лазарева;Удон з креветками;01813;Б_Каппи_WOK;25;8173.8
2026-05;Лазарева;Удон з куркою Теріякі;00856;Б_Каппи_WOK;19;5046.8
2026-05;Лазарева;Умі;03243;Б_Каппи_Роллы;16;7521.1
2026-05;Лазарева;Унагамі;03011;Б_Каппи_Роллы;10;4522.7
2026-05;Лазарева;Ф'южн;03155;Б_Каппи_Роллы;7;2460.6
2026-05;Лазарева;Фудзі темпура;00911;Б_Каппи_Темпура ролл;36;12565.5
2026-05;Лазарева;Фунчоза з куркою;03164;Б_Каппи_WOK;21;6100.6
2026-05;Лазарева;Фунчоза з морепродуктами;03165;Б_Каппи_WOK;36;12254.1
2026-05;Лазарева;Філа Ланч;02706;Б_Каппи_Акции;15;6952.8
2026-05;Лазарева;Філадельфія;00168;Б_Каппи_Роллы;118;46090.8
2026-05;Лазарева;Філадельфія Класік;00459;Б_Каппи_Роллы;146;26309.5
2026-05;Лазарева;Філадельфія Преміум;00611;Б_Каппи_Роллы;90;35063.6
2026-05;Лазарева;Філадельфія з креветкою;02798;Б_Каппи_Роллы;53;21061.9
2026-05;Лазарева;Філадельфія з манго;00612;Б_Каппи_Роллы;22;7001.2
2026-05;Лазарева;Філадельфія з тунцем;00516;Б_Каппи_Роллы;15;6254.1
2026-05;Лазарева;Хек в паніровці;03206;Б_Каппи_Glovo;3;503
2026-05;Лазарева;Хікарі сет;03232;Б_Каппи_Сет;10;10602.5
2026-05;Лазарева;Цезар з куркою;02803;Б_Каппи_Салати;16;4571.2
2026-05;Лазарева;Цезар з лососем;02992;Б_Каппи_Салати;6;1886.1
2026-05;Лазарева;Чорний Дракон;00170;Б_Каппи_Роллы;25;10845.5
2026-05;Лазарева;Чізі Креветка;01113;Б_Каппи_Роллы;18;4887.1
2026-05;Лазарева;Чікен Чіз;03229;Б_Каппи_Роллы;9;2756.1
2026-05;Лазарева;Юме сет;02818;Б_Каппи_Сет;11;12141.1
2026-05;Лазарева;Які Ебі Манго;02946;Б_Каппи_Запеч_Роллы;31;10873.6
2026-05;Лазарева;Які Салмон;02950;Б_Каппи_Запеч_Роллы;21;7825
2026-05;Лазарева;Які Спайсі Краб;02949;Б_Каппи_Запеч_Роллы;48;14250.6
2026-05;Лазарева;Які Туна ;02942;Б_Каппи_Запеч_Роллы;24;8916.8
2026-05;Лазарева;Які Унагі;02945;Б_Каппи_Запеч_Роллы;33;11895.1
2026-05;Лазарева;Яєчна з куркою та креветками;01815;Б_Каппи_WOK;20;6524
2026-05;Лазарева;Яєчна з морепродуктами;00859;Б_Каппи_WOK;21;6930.5
2026-05;Лазарева;від Насті;03266;Б_Каппи_Роллы;10;3933.6
2026-05;Лазарева;від Роми;03267;Б_Каппи_Роллы;10;4013.4
2026-05;Левітана;.Гарного дня!;00944;Б_Прочие позиции;2366;0
2026-05;Левітана;7-up 0,33 л.;03282;Б_Общее_Напитки;2;97.5
2026-05;Левітана;7-up 0,5 л.;03281;Б_Общее_Напитки;4;260
2026-05;Левітана;Affinity сет;03015;Б_Каппи_Сет;21;24139.3
2026-05;Левітана;Cappiroll;00583;Б_Каппи_Роллы;55;22842.5
2026-05;Левітана;Cappizza;02173;Б_Каппи_Пицца;29;9437.1
2026-05;Левітана;G Доставка;00984;Б_Каппи_Glovo;364;17434.6
2026-05;Левітана;GC_Доставка 0 грн;02503;Б_Глово_Модификаторы;7;0
2026-05;Левітана;L`amour Сет;01729;Б_Каппи_Сет;16;18086.3
2026-05;Левітана;Lipton Зелений чай 0,5 л.;03287;Б_Общее_Напитки;5;228.8
2026-05;Левітана;Lipton Чорний чай Лимон 0,5 л.;03288;Б_Общее_Напитки;7;382
2026-05;Левітана;MOVA світле пиво безалкогольне 0.33 л.;03046;Б_Общее_Напитки;3;280.8
2026-05;Левітана;MOVA темне пиво безалкогольне 0,33 л.;03047;Б_Общее_Напитки;3;268.6
2026-05;Левітана;Mirinda Free 0,5 л.;03283;Б_Общее_Напитки;8;388.7
2026-05;Левітана;One Love;03237;Б_Каппи_Сет;9;10744.1
2026-05;Левітана;Party-комбо ( Pepsi Cola з/б 0,33л -1шт та  Pepsi Cola Max з/б 0,33л - 1шт;02708;Б_Каппи_Акции;1;1161
2026-05;Левітана;Pepsi Black 0,33 л.;03286;Б_Общее_Напитки;16;725.8
2026-05;Левітана;Pepsi Black 0,5 л.;03280;Б_Общее_Напитки;41;2445.7
2026-05;Левітана;Pepsi Cola 0,33 л.;03285;Б_Общее_Напитки;23;1068.6
2026-05;Левітана;Pepsi Cola 0,5 л.;03279;Б_Общее_Напитки;44;2629.5
2026-05;Левітана;Sandora Сицилійський червоний апельсин 0,95 л.;03271;Б_Общее_Напитки;11;1251.6
2026-05;Левітана;Sandora Сік Томат-Сіль 0.95л ;03272;Б_Общее_Напитки;5;608.3
2026-05;Левітана;Sandora Сік Яблуко 0.95 л.;03274;Б_Общее_Напитки;5;611.6
2026-05;Левітана;Sandora сік  Мультивітамін 0,95 л.;03273;Б_Общее_Напитки;16;1785.8
2026-05;Левітана;Імператор;00892;Б_Каппи_Роллы;34;15520
2026-05;Левітана;Акаї;03023;Б_Каппи_Премиум ролл;34;18755.6
2026-05;Левітана;Акіра;03217;Б_Каппи_Премиум ролл;21;11515.4
2026-05;Левітана;Амаі;03218;Б_Каппи_Премиум ролл;2;1132.5
2026-05;Левітана;Аморе;02781;Б_Каппи_Роллы;45;17765.6
2026-05;Левітана;Антикризовий сет;00578;Б_Каппи_Сет;106;64914.3
2026-05;Левітана;Аурум ;03157;Б_Каппи_Роллы;8;2354.9
2026-05;Левітана;Банзай ;00528;Б_Каппи_Темпура ролл;147;59489.1
2026-05;Левітана;Бао бургер з крабом;02966;Б_Каппи_БАО;10;2719.5
2026-05;Левітана;Бао бургер з креветкою;02967;Б_Каппи_БАО;12;4303.5
2026-05;Левітана;Бао бургер з лососем;02968;Б_Каппи_БАО;6;2224.7
2026-05;Левітана;Без приборів!;01593;Б_Прочие позиции;94;0
2026-05;Левітана;Боніто з лососем;00154;Б_Каппи_Роллы;23;6163.2
2026-05;Левітана;Боул Дабл Фіш;01886;Б_Каппи_Боул;36;13129.5
2026-05;Левітана;Боул Філадельфія;01887;Б_Каппи_Боул;40;14070.1
2026-05;Левітана;Боул з Лососем;01890;Б_Каппи_Боул;22;7561.8
2026-05;Левітана;Боул з креветкою;03168;Б_Каппи_Боул;22;8377.8
2026-05;Левітана;Боул з тунцем;03250;Б_Каппи_Боул;10;3782.7
2026-05;Левітана;Боул мікс;03251;Б_Каппи_Боул;25;8377.8
2026-05;Левітана;Вершкова креветка;00775;Б_Каппи_Роллы;56;21525.8
2026-05;Левітана;Веселка;00509;Б_Каппи_Роллы;73;29676.9
2026-05;Левітана;Весняний Сет;01844;Б_Каппи_Сет;45;43960.3
2026-05;Левітана;Вулкан Карі;03144;Б_Каппи_Роллы;6;2751.4
2026-05;Левітана;Вулкан з креветкою;02799;Б_Каппи_Роллы;48;15803.5
2026-05;Левітана;Вулкан сет;03211;Б_Каппи_Сет;2;1938
2026-05;Левітана;Д Імбир Cappi 30 гр.;01049;Б_Каппи_Добавки;120;1963.8
2026-05;Левітана;Д Васабі Cappi 7,5 гр.;01050;Б_Каппи_Добавки;150;1966.3
2026-05;Левітана;Д Набір №1 (Соев.-1шт.,Імб.-1шт.,Вас.-1шт.);01916;Б_Каппи_Добавки;369;0
2026-05;Левітана;Д Набір №2 (Соев.-2шт.,Імб.-1шт.,Вас.-1шт.);01917;Б_Каппи_Добавки;364;0
2026-05;Левітана;Д Набір №3 (Соев.-3шт.,Імб.-2шт.,Вас.-1шт.);01918;Б_Каппи_Добавки;564;0
2026-05;Левітана;Д Набір №4 (Соев.-4шт.,Імб.-2шт.,Вас.-2шт.);01919;Б_Каппи_Добавки;633;0
2026-05;Левітана;Д Соус Барбекю;00501;Б_Каппи_Добавки;5;152.7
2026-05;Левітана;Д Соус Часниковий;01323;Б_Каппи_Добавки;17;487.9
2026-05;Левітана;Д Соус Ширачи 10г;02596;Б_Каппи_Добавки;1;19.4
2026-05;Левітана;Д Соус горіховий 20 гр.;00729;Б_Каппи_Добавки;8;242.6
2026-05;Левітана;Д Соус соєвий Cappi 50 гр.;00695;Б_Каппи_Добавки;89;1460.1
2026-05;Левітана;Д Соус унагі 20 гр.;00728;Б_Каппи_Добавки;6;180.4
2026-05;Левітана;Д Спайсі соус 10 гр.;02929;Б_Каппи_Добавки;20;330.6
2026-05;Левітана;Д_Вершковий сир 20 г;03096;Б_Каппи_Добавки;2;37.8
2026-05;Левітана;Д_соус Теріякі  10 г;03191;Б_Каппи_Добавки;5;72.9
2026-05;Левітана;Дабл Тартар;02780;Б_Каппи_Роллы;44;16415.9
2026-05;Левітана;Джаз;01109;Б_Каппи_Роллы;120;9196.2
2026-05;Левітана;Дзен сет;01128;Б_Каппи_Сет;59;58472.6
2026-05;Левітана;Доставка (зелена);00829;Б_Прочие позиции;25;1101.3
2026-05;Левітана;Доставка (помаранчева);01235;Б_Прочие позиции;10;537.4
2026-05;Левітана;Дружня парочка;03159;Б_Каппи_Акции;1;535
2026-05;Левітана;Ебі Грін;01790;Б_Каппи_Роллы;16;4834.5
2026-05;Левітана;Ебі сет;02710;Б_Каппи_Сет;93;114307.3
2026-05;Левітана;Ебі темпура;02986;Б_Каппи_Закуски;86;22534
2026-05;Левітана;Ейфорія;03242;Б_Каппи_Роллы;5;2055.1
2026-05;Левітана;Замовлення з додатку;03198;;760;0
2026-05;Левітана;Заміна інгрідієнта;02139;Б_Прочие позиции;1;30
2026-05;Левітана;Зелений Дракон;00156;Б_Каппи_Роллы;9;4255.1
2026-05;Левітана;Имбирь порц 30 г.;01037;Т Соуса порционные;5;75
2026-05;Левітана;Каліфорнія ;00774;Б_Каппи_Роллы;27;9114.4
2026-05;Левітана;Каліфорнія Мікс;00653;Б_Каппи_Роллы;29;11841.4
2026-05;Левітана;Каліфорнія з креветкою;00654;Б_Каппи_Роллы;47;17649.4
2026-05;Левітана;Камамбер фрі;03093;Б_Каппи_Закуски;25;7312.5
2026-05;Левітана;Камертон;00960;Б_Каппи_Роллы;32;12159.3
2026-05;Левітана;Карпатська джерельна 0,5 л. сл/г;03278;Б_Общее_Напитки;1;45
2026-05;Левітана;Класика вдвох;02988;Б_Каппи_Акции;4;2113.1
2026-05;Левітана;Комбо #1;02178;Б_Каппи_Акции;1;1397
2026-05;Левітана;Комбо #2;02179;Б_Каппи_Акции;5;5927.6
2026-05;Левітана;Комбо #3;02180;Б_Каппи_Акции;4;3934
2026-05;Левітана;Комбо боул дуо;03260;Б_Каппи_Акции;1;638.9
2026-05;Левітана;Комбуча  WILD каркаде 0,33 л.;03185;Б_Общее_Напитки;5;470.3
2026-05;Левітана;Комбуча  WILD класична 0,33 л.;03186;Б_Общее_Напитки;5;411.1
2026-05;Левітана;Комбуча WILD Цитрус 0,33 л;03300;Б_Общее_Напитки;5;434.9
2026-05;Левітана;Комбуча WILD зелений чай 0,33 л.;03184;Б_Общее_Напитки;5;437.3
2026-05;Левітана;Компенсація за негоду;02771;;141;2652.1
2026-05;Левітана;Креветка в кунжуті;00511;Б_Каппи_Роллы;58;18146.3
2026-05;Левітана;Креветка в темпурі;00533;Б_Каппи_Темпура ролл;75;25560.9
2026-05;Левітана;Курка в Кисло-солодкому;01825;Б_Каппи_WOK;19;4160.8
2026-05;Левітана;Курортний;02169;Б_Каппи_Роллы;24;6247
2026-05;Левітана;Кімурай;03012;Б_Каппи_Роллы;37;14806
2026-05;Левітана;Лимонад 0,5 л.;02057;Б_Общее_Напитки;60;4701.1
2026-05;Левітана;Листівка до ДН;02061;Б_Прочие позиции;16;0
2026-05;Левітана;Логістичний збір;02770;;1369;45377.8
2026-05;Левітана;Лосось Пад Тай;02116;Б_Каппи_Роллы;53;17028.8
2026-05;Левітана;Лосось в темпурі;00534;Б_Каппи_Темпура ролл;25;6935
2026-05;Левітана;Лосось сет;00517;Б_Каппи_Сет;31;31749
2026-05;Левітана;М Авокадо 20 г;02133;Б_Каппи_Модификаторы;4;162
2026-05;Левітана;М Ананас 30 г;03290;Б_Каппи_Модификаторы;7;168
2026-05;Левітана;М Балик 100 г;01204;Б_Каппи_Модификаторы;8;536
2026-05;Левітана;М Бекон 30 г;03294;Б_Каппи_Модификаторы;4;112.9
2026-05;Левітана;М Вершковий сир 20 г;02126;Б_Каппи_Модификаторы;10;202.3
2026-05;Левітана;М Вугор 20 г;02125;Б_Каппи_Модификаторы;3;192.5
2026-05;Левітана;М Горіховий соус 20 г;01651;Б_Каппи_Модификаторы;7;197.5
2026-05;Левітана;М Гриби 50 г;01194;Б_Каппи_Модификаторы;9;243
2026-05;Левітана;М Кальмар 20 г;02136;Б_Каппи_Модификаторы;9;309.3
2026-05;Левітана;М Краб 30 г;03297;Б_Каппи_Модификаторы;5;141.9
2026-05;Левітана;М Креветка 2 шт.;02123;Б_Каппи_Модификаторы;11;507.4
2026-05;Левітана;М Креветка 2 шт.;02135;Б_Каппи_Модификаторы;22;1040.5
2026-05;Левітана;М Кукурудза с/м 30 г;03292;Б_Каппи_Модификаторы;1;19
2026-05;Левітана;М Курка 20 г;02131;Б_Каппи_Модификаторы;6;351.6
2026-05;Левітана;М Куряче філе 60 г;01195;Б_Каппи_Модификаторы;7;400.9
2026-05;Левітана;М Лосось 20 г;02122;Б_Каппи_Модификаторы;7;351
2026-05;Левітана;М Маслини 20 г;01196;Б_Каппи_Модификаторы;9;306.5
2026-05;Левітана;М Мисливські ковбаски 30 г;03293;Б_Каппи_Модификаторы;5;110
2026-05;Левітана;М Моцарела 100 г;01201;Б_Каппи_Модификаторы;12;700.4
2026-05;Левітана;М Мідії 20 г;02137;Б_Каппи_Модификаторы;6;220.8
2026-05;Левітана;М Огірок 20 г;02132;Б_Каппи_Модификаторы;5;124.2
2026-05;Левітана;М Пармезан 20 г;01193;Б_Каппи_Модификаторы;5;230
2026-05;Левітана;М Пепероні 50 г;01200;Б_Каппи_Модификаторы;15;1208.9
2026-05;Левітана;М Перець болгарський 40 г;01197;Б_Каппи_Модификаторы;1;27.9
2026-05;Левітана;М Помідори 40 г;01199;Б_Каппи_Модификаторы;1;32
2026-05;Левітана;М Сир тостовий 30 г;03295;Б_Каппи_Модификаторы;4;101.5
2026-05;Левітана;М Соус Барбекю 1 шт.;01202;Б_Каппи_Модификаторы;2;58
2026-05;Левітана;М Соус Пад Тай 10 г;02127;Б_Каппи_Модификаторы;5;66.2
2026-05;Левітана;М Соус Соєвий порц.;02728;Б_Каппи_Модификаторы;38;600.2
2026-05;Левітана;М Соус Теріякі 10 г;02130;Б_Каппи_Модификаторы;18;284
2026-05;Левітана;М Соус Унагі 20 г;01650;Б_Каппи_Модификаторы;20;575.6
2026-05;Левітана;М Соус Часниковий 1 шт.;01648;Б_Каппи_Модификаторы;10;304.7
2026-05;Левітана;М Соус Шірачі 5 г;02129;Б_Каппи_Модификаторы;4;38.9
2026-05;Левітана;М Спайсі соус 10 г;02128;Б_Каппи_Модификаторы;24;375.8
2026-05;Левітана;М Тофу 20 г;02138;Б_Каппи_Модификаторы;1;41
2026-05;Левітана;М Тунець 20 г;02124;Б_Каппи_Модификаторы;2;114
2026-05;Левітана;М Халапеньйо 15 г;01198;Б_Каппи_Модификаторы;11;187.4
2026-05;Левітана;М_Имбирь порц.;03124;Б_Каппи_Модификаторы;3;51
2026-05;Левітана;Макі Вугор;00161;Б_Каппи_Роллы;12;2530.7
2026-05;Левітана;Макі Лосось;00159;Б_Каппи_Роллы;52;9441
2026-05;Левітана;Макі Огірок ;00506;Б_Каппи_Роллы;45;4491.8
2026-05;Левітана;Макі Сирний;00504;Б_Каппи_Роллы;28;2674.9
2026-05;Левітана;Макі Чука ;00507;Б_Каппи_Роллы;30;3268.7
2026-05;Левітана;Монако;00636;Б_Каппи_Роллы;18;8558.5
2026-05;Левітана;Морс Ягідний 0,5 л.;02697;Б_Общее_Напитки;40;3205.5
2026-05;Левітана;Моршинська без газу 0,5 л.;00585;Б_Общее_Напитки;160;7828.2
2026-05;Левітана;Моршинська слаб.газ. 0,5 л.;00584;Б_Общее_Напитки;4;114.6
2026-05;Левітана;Мочі Полуниця;02618;Т_Десерты;20;2607.2
2026-05;Левітана;Мочі малина;02026;Т_Десерты;17;2134.7
2026-05;Левітана;Мочі смородина ;03161;Т_Десерты;13;1677.9
2026-05;Левітана;Мочі фісташка-халва;03162;Т_Десерты;11;1415.6
2026-05;Левітана;Мідорі;03021;Б_Каппи_Премиум ролл;7;3836
2026-05;Левітана;Місо з тофу;00708;Б_Каппи_Супы;18;3632.7
2026-05;Левітана;Навчальні палички;01021;Б_Прочие позиции;117;0
2026-05;Левітана;Нагетси;03207;Б_Каппи_Закуски;37;6430
2026-05;Левітана;Нью-Йорк ;02915;Б_Каппи_Роллы;58;26862.7
2026-05;Левітана;Одеський сет;02170;Б_Каппи_Сет;113;73222.8
2026-05;Левітана;Ойши сет;02819;Б_Каппи_Сет;10;10895.5
2026-05;Левітана;Окінава;03235;Б_Каппи_Роллы;4;1464.4
2026-05;Левітана;Онігірі з крабом;03222;Онігірі;29;4069.9
2026-05;Левітана;Онігірі з креветкою;03225;Онігірі;45;7608
2026-05;Левітана;Онігірі з лососем;03223;Онігірі;16;2816.1
2026-05;Левітана;Онігірі з тунцем;03224;Онігірі;11;2297.7
2026-05;Левітана;Опен-фуд;02927;;1111.5;1060.6
2026-05;Левітана;Осака;00589;Б_Каппи_Роллы;56;18439.3
2026-05;Левітана;Париж;00657;Б_Каппи_Роллы;34;15293.7
2026-05;Левітана;Преміум Креветка;00652;Б_Каппи_Роллы;16;7147.8
2026-05;Левітана;Преміум сет;00658;Б_Каппи_Сет;17;29373.5
2026-05;Левітана;Пікантний краб;00531;Б_Каппи_Темпура ролл;19;5364.8
2026-05;Левітана;Пікантний лосось ;00532;Б_Каппи_Темпура ролл;22;6157.3
2026-05;Левітана;Піца 4 сезони;02101;Б_Каппи_Пицца;11;4295.8
2026-05;Левітана;Піца 4 сири;02118;Б_Каппи_Пицца;71;24980.7
2026-05;Левітана;Піца Амерікано;02111;Б_Каппи_Пицца;22;6887.1
2026-05;Левітана;Піца Гавайська;02104;Б_Каппи_Пицца;55;16318.1
2026-05;Левітана;Піца Груша Дор Блю;02175;Б_Каппи_Пицца;18;5892.2
2026-05;Левітана;Піца Кампаро;03131;Б_Каппи_Пицца;13;3755.9
2026-05;Левітана;Піца Курка та гриби;02177;Б_Каппи_Пицца;49;17196
2026-05;Левітана;Піца М'ясна;02102;Б_Каппи_Пицца;98;36165.4
2026-05;Левітана;Піца Маргарита;02174;Б_Каппи_Пицца;20;5255
2026-05;Левітана;Піца Мексиканська ;03130;Б_Каппи_Пицца;13;4204.8
2026-05;Левітана;Піца Мисливська;02176;Б_Каппи_Пицца;39;11470
2026-05;Левітана;Піца Морська ;03264;Б_Каппи_Пицца;32;12351.7
2026-05;Левітана;Піца Океанія;02099;Б_Каппи_Пицца;13;5622
2026-05;Левітана;Піца Пепероні;02172;Б_Каппи_Пицца;64;19266
2026-05;Левітана;Піца Пепероні Блу Чіз;02119;Б_Каппи_Пицца;35;12395.7
2026-05;Левітана;Піца Селянська;03258;Б_Каппи_Пицца;23;7059.7
2026-05;Левітана;Піца Том Ям;02978;Б_Каппи_Пицца;9;3904.2
2026-05;Левітана;Піца Чізбургер;02977;Б_Каппи_Пицца;30;9896.7
2026-05;Левітана;Піца з креветками та ананасом ;03256;Б_Каппи_Пицца;11;4543.8
2026-05;Левітана;Піца з креветками та брі;02911;Б_Каппи_Пицца;19;7950.7
2026-05;Левітана;Піца з прошуто та трюфелем ;03257;Б_Каппи_Пицца;24;7510.1
2026-05;Левітана;Піца з прошутто;03133;Б_Каппи_Пицца;12;4550.4
2026-05;Левітана;Піца з прошутто та грушою ;03132;Б_Каппи_Пицца;15;5849.3
2026-05;Левітана;Рамен Том Ям;02606;Б_Каппи_Супы;29;10723.3
2026-05;Левітана;Рамен Традиційний;02601;Б_Каппи_Супы;13;2290.5
2026-05;Левітана;Рамен з куркою;03201;Б_Каппи_Супы;32;6943.3
2026-05;Левітана;Рамен з морепродуктами ;03200;Б_Каппи_Супы;10;2851
2026-05;Левітана;Рибна юшка з сьомгою;03302;Б_Каппи_Супы;12;2916.4
2026-05;Левітана;Рис з куркою Гострий;00855;Б_Каппи_WOK;28;6395.9
2026-05;Левітана;Рис з морепродуктами;03263;Б_Каппи_WOK;26;8940.9
2026-05;Левітана;Рол Курортний (акц);02767;Б_Каппи_Акции;47;9098.5
2026-05;Левітана;Рол Пасаж;02168;Б_Каппи_Роллы;30;10059.1
2026-05;Левітана;Рол-Дог з Креветкою;01787;Б_Каппи_Темпура ролл;13;4323.6
2026-05;Левітана;Рол-Дог з Лососем;01788;Б_Каппи_Темпура ролл;16;5186.7
2026-05;Левітана;Садочок Сік Мультивітамін 0.2 л.;03275;Б_Общее_Напитки;4;95.8
2026-05;Левітана;Садочок сік Нектар Яблуко та Виноград (білий)  0.2 л.;03276;Б_Общее_Напитки;9;240
2026-05;Левітана;Сакайо;03128;Б_Каппи_Роллы;15;6782.3
2026-05;Левітана;Салат Чука-Вакаме;00602;Б_Каппи_Салати;61;13195.6
2026-05;Левітана;Салат з вугрем ;03252;Б_Каппи_Салати;9;3243.1
2026-05;Левітана;Салат з прошуто;03253;Б_Каппи_Салати;3;1004.5
2026-05;Левітана;Салмон в боніто ;00538;Б_Каппи_Роллы;14;3110.9
2026-05;Левітана;Санрайз;03236;Б_Каппи_Роллы;9;4491.9
2026-05;Левітана;Сенкай;03022;Б_Каппи_Премиум ролл;20;10969.8
2026-05;Левітана;Сервісний збір_Glovo;01934;Б_Каппи_Glovo;112;2908
2026-05;Левітана;Сет 2х2;01175;Б_Каппи_Сет;4;4220
2026-05;Левітана;Спайсі Вулкан;02113;Б_Каппи_Роллы;13;5047.8
2026-05;Левітана;Спрайт жб 0,33 л.;01749;Б_Общее_Напитки;2;58.5
2026-05;Левітана;Супер Комбо;02181;Б_Каппи_Акции;4;3905.4
2026-05;Левітана;Суші бургер з Креветкой;02943;Б_Каппи_Бургер;104;37817.3
2026-05;Левітана;Суші бургер з Лососем;02944;Б_Каппи_Бургер;123;43607.1
2026-05;Левітана;Сушіріто з креветкою ;03018;Б_Каппи_Суширито;46;9100.4
2026-05;Левітана;Сушіріто з куркою;03019;Б_Каппи_Суширито;9;1807.4
2026-05;Левітана;Сушіріто з лососем;03020;Б_Каппи_Суширито;22;5777.1
2026-05;Левітана;ТОП сет;00362;Б_Каппи_Сет;31;44875.1
2026-05;Левітана;Тайський суп з сьомгою та креветками;03303;Б_Каппи_Супы;22;7489.9
2026-05;Левітана;Тайфун;03024;Б_Каппи_Темпура ролл;23;10653.9
2026-05;Левітана;Темпура вулкан з креветкою;03167;Б_Каппи_Темпура ролл;24;8812.5
2026-05;Левітана;Темпура вулкан з лососем;03166;Б_Каппи_Темпура ролл;28;9178.7
2026-05;Левітана;Темпура сет;00559;Б_Каппи_Сет;60;51820.9
2026-05;Левітана;Темпура-суширіто з крабом;03193;Б_Каппи_Суширито;41;10172.9
2026-05;Левітана;Темпура-суширіто мікс;03194;Б_Каппи_Суширито;46;14499.4
2026-05;Левітана;Теплий сет;02712;Б_Каппи_Сет;163;100370.2
2026-05;Левітана;Том Ям;02597;Б_Каппи_Супы;69;25527.7
2026-05;Левітана;Тропік ;01862;Б_Каппи_Роллы;15;5276.1
2026-05;Левітана;Тропікана;03014;Б_Каппи_Роллы;11;4179.6
2026-05;Левітана;Тропічний Вулкан;02112;Б_Каппи_Роллы;12;4536.1
2026-05;Левітана;Трюфель мікс;03231;Б_Каппи_Роллы;5;1881.8
2026-05;Левітана;Удон з креветками;01813;Б_Каппи_WOK;27;9022.6
2026-05;Левітана;Удон з куркою Теріякі;00856;Б_Каппи_WOK;37;9760
2026-05;Левітана;Умі;03243;Б_Каппи_Роллы;27;12174.3
2026-05;Левітана;Унагамі;03011;Б_Каппи_Роллы;6;2584.1
2026-05;Левітана;Ф'южн;03155;Б_Каппи_Роллы;7;2479.7
2026-05;Левітана;Фудзі темпура;00911;Б_Каппи_Темпура ролл;31;10797.3
2026-05;Левітана;Фунчоза з куркою;03164;Б_Каппи_WOK;27;7667.3
2026-05;Левітана;Фунчоза з морепродуктами;03165;Б_Каппи_WOK;25;8172.8
2026-05;Левітана;Філа Ланч;02706;Б_Каппи_Акции;9;3787
2026-05;Левітана;Філадельфія;00168;Б_Каппи_Роллы;186;71877.2
2026-05;Левітана;Філадельфія Класік;00459;Б_Каппи_Роллы;165;31847.6
2026-05;Левітана;Філадельфія Преміум;00611;Б_Каппи_Роллы;97;39186.6
2026-05;Левітана;Філадельфія з креветкою;02798;Б_Каппи_Роллы;62;24733.8
2026-05;Левітана;Філадельфія з манго;00612;Б_Каппи_Роллы;26;8489.3
2026-05;Левітана;Філадельфія з тунцем;00516;Б_Каппи_Роллы;22;8899
2026-05;Левітана;Хікарі сет;03232;Б_Каппи_Сет;14;14757.7
2026-05;Левітана;Цезар з куркою;02803;Б_Каппи_Салати;39;11079.5
2026-05;Левітана;Цезар з лососем;02992;Б_Каппи_Салати;9;3051
2026-05;Левітана;Чорний Дракон;00170;Б_Каппи_Роллы;27;11930.7
2026-05;Левітана;Чізі Креветка;01113;Б_Каппи_Роллы;42;11392.1
2026-05;Левітана;Чікен Чіз;03229;Б_Каппи_Роллы;5;1473.2
2026-05;Левітана;Юме сет;02818;Б_Каппи_Сет;9;9920.6
2026-05;Левітана;Які Ебі Манго;02946;Б_Каппи_Запеч_Роллы;40;14089.7
2026-05;Левітана;Які Салмон;02950;Б_Каппи_Запеч_Роллы;20;7463.4
2026-05;Левітана;Які Спайсі Краб;02949;Б_Каппи_Запеч_Роллы;42;12373
2026-05;Левітана;Які Туна ;02942;Б_Каппи_Запеч_Роллы;12;4440.2
2026-05;Левітана;Які Унагі;02945;Б_Каппи_Запеч_Роллы;28;9724.3
2026-05;Левітана;Яєчна з куркою та креветками;01815;Б_Каппи_WOK;11;3631.5
2026-05;Левітана;Яєчна з морепродуктами;00859;Б_Каппи_WOK;16;5385.6
2026-05;Левітана;від Насті;03266;Б_Каппи_Роллы;12;4594.4
2026-05;Левітана;від Роми;03267;Б_Каппи_Роллы;11;4076
2026-06;Лазарева;.Гарного дня!;00944;Б_Прочие позиции;1760;0
2026-06;Лазарева;7-up 0,5 л.;03281;Б_Общее_Напитки;5;294.1
2026-06;Лазарева;Affinity сет;03015;Б_Каппи_Сет;16;18383.5
2026-06;Лазарева;Cappiroll;00583;Б_Каппи_Роллы;54;22584.9
2026-06;Лазарева;Cappizza;02173;Б_Каппи_Пицца;19;6193.6
2026-06;Лазарева;G Доставка;00984;Б_Каппи_Glovo;257;12321.8
2026-06;Лазарева;GC_Доставка 0 грн;02503;Б_Глово_Модификаторы;13;0
2026-06;Лазарева;Glovo <800 ;03025;;13;1150.6
2026-06;Лазарева;L`amour Сет;01729;Б_Каппи_Сет;18;20700
2026-06;Лазарева;Lipton Зелений чай 0,5 л.;03287;Б_Общее_Напитки;4;182.5
2026-06;Лазарева;Lipton Чорний чай Лимон 0,5 л.;03288;Б_Общее_Напитки;10;402
2026-06;Лазарева;MOVA світле пиво безалкогольне 0.33 л.;03046;Б_Общее_Напитки;6;532.2
2026-06;Лазарева;MOVA темне пиво безалкогольне 0,33 л.;03047;Б_Общее_Напитки;10;880.6
2026-06;Лазарева;Mirinda Free 0,5 л.;03283;Б_Общее_Напитки;3;135.5
2026-06;Лазарева;One Love;03237;Б_Каппи_Сет;5;6044.3
2026-06;Лазарева;Pepsi Black 0,33 л.;03286;Б_Общее_Напитки;5;213
2026-06;Лазарева;Pepsi Black 0,5 л.;03280;Б_Общее_Напитки;34;1794.9
2026-06;Лазарева;Pepsi Cola 0,33 л.;03285;Б_Общее_Напитки;3;150
2026-06;Лазарева;Pepsi Cola 0,5 л.;03279;Б_Общее_Напитки;31;1794.4
2026-06;Лазарева;Sandora Сицилійський червоний апельсин 0,95 л.;03271;Б_Общее_Напитки;24;1878.2
2026-06;Лазарева;Sandora Сік Томат-Сіль 0.95л ;03272;Б_Общее_Напитки;3;378
2026-06;Лазарева;Sandora Сік Яблуко 0.95 л.;03274;Б_Общее_Напитки;7;730.4
2026-06;Лазарева;Sandora сік  Мультивітамін 0,95 л.;03273;Б_Общее_Напитки;19;1844.7
2026-06;Лазарева;Імператор;00892;Б_Каппи_Роллы;30;13958.5
2026-06;Лазарева;Акаї;03023;Б_Каппи_Премиум ролл;24;13324.2
2026-06;Лазарева;Акіра;03217;Б_Каппи_Премиум ролл;17;9492.5
2026-06;Лазарева;Амаі;03218;Б_Каппи_Премиум ролл;3;1601
2026-06;Лазарева;Аморе;02781;Б_Каппи_Роллы;31;11750
2026-06;Лазарева;Антикризовий сет;00578;Б_Каппи_Сет;78;50001.1
2026-06;Лазарева;Аурум ;03157;Б_Каппи_Роллы;7;2100.1
2026-06;Лазарева;Банзай ;00528;Б_Каппи_Темпура ролл;106;40391.7
2026-06;Лазарева;Бао бургер з крабом;02966;Б_Каппи_БАО;8;2466.9
2026-06;Лазарева;Бао бургер з креветкою;02967;Б_Каппи_БАО;10;3683.7
2026-06;Лазарева;Бао бургер з лососем;02968;Б_Каппи_БАО;4;1502.7
2026-06;Лазарева;Без приборів!;01593;Б_Прочие позиции;77;0
2026-06;Лазарева;Боніто з лососем;00154;Б_Каппи_Роллы;14;3752.2
2026-06;Лазарева;Боул Дабл Фіш;01886;Б_Каппи_Боул;18;6580.2
2026-06;Лазарева;Боул Філадельфія;01887;Б_Каппи_Боул;26;10054.5
2026-06;Лазарева;Боул з Лососем;01890;Б_Каппи_Боул;10;3577.5
2026-06;Лазарева;"Боул з креветками та полуницею
";03323;Б_Сезонные блюда;9;3271.1
2026-06;Лазарева;Боул з креветками та полуницею КЦ;03333;Б_Каппи_Акции;1;366.7
2026-06;Лазарева;Боул з креветкою;03168;Б_Каппи_Боул;10;3698.5
2026-06;Лазарева;Боул з тунцем;03250;Б_Каппи_Боул;4;1503.8
2026-06;Лазарева;Боул мікс;03251;Б_Каппи_Боул;35;13003.8
2026-06;Лазарева;Вершкова креветка;00775;Б_Каппи_Роллы;74;27557.8
2026-06;Лазарева;Веселка;00509;Б_Каппи_Роллы;68;26386.1
2026-06;Лазарева;Весняний Сет;01844;Б_Каппи_Сет;23;22457.9
2026-06;Лазарева;Вулкан Карі;03144;Б_Каппи_Роллы;6;2250.4
2026-06;Лазарева;Вулкан з креветкою;02799;Б_Каппи_Роллы;37;12586
2026-06;Лазарева;Д Імбир Cappi 30 гр.;01049;Б_Каппи_Добавки;115;1894
2026-06;Лазарева;Д Васабі Cappi 7,5 гр.;01050;Б_Каппи_Добавки;120;1633.3
2026-06;Лазарева;Д Набір №1 (Соев.-1шт.,Імб.-1шт.,Вас.-1шт.);01916;Б_Каппи_Добавки;300;0
2026-06;Лазарева;Д Набір №2 (Соев.-2шт.,Імб.-1шт.,Вас.-1шт.);01917;Б_Каппи_Добавки;275;0
2026-06;Лазарева;Д Набір №3 (Соев.-3шт.,Імб.-2шт.,Вас.-1шт.);01918;Б_Каппи_Добавки;397;0
2026-06;Лазарева;Д Набір №4 (Соев.-4шт.,Імб.-2шт.,Вас.-2шт.);01919;Б_Каппи_Добавки;578;0
2026-06;Лазарева;Д Соус Барбекю;00501;Б_Каппи_Добавки;5;153.2
2026-06;Лазарева;Д Соус Часниковий;01323;Б_Каппи_Добавки;27;752.8
2026-06;Лазарева;Д Соус горіховий 20 гр.;00729;Б_Каппи_Добавки;11;303.7
2026-06;Лазарева;Д Соус соєвий Cappi 50 гр.;00695;Б_Каппи_Добавки;59;946.9
2026-06;Лазарева;Д Соус унагі 20 гр.;00728;Б_Каппи_Добавки;6;175.7
2026-06;Лазарева;Д Спайсі соус 10 гр.;02929;Б_Каппи_Добавки;5;85
2026-06;Лазарева;Д_соус Теріякі  10 г;03191;Б_Каппи_Добавки;6;93.1
2026-06;Лазарева;Дабл Тартар;02780;Б_Каппи_Роллы;29;11295.9
2026-06;Лазарева;Джаз;01109;Б_Каппи_Роллы;32;4947
2026-06;Лазарева;Дзен сет;01128;Б_Каппи_Сет;38;36795.8
2026-06;Лазарева;Доставка (зелена);00829;Б_Прочие позиции;9;441
2026-06;Лазарева;Доставка (помаранчева);01235;Б_Прочие позиции;10;628.5
2026-06;Лазарева;Доставка (рожева);03017;Б_Прочие позиции;6;1007.9
2026-06;Лазарева;Доставка (синя);01051;Б_Прочие позиции;11;767
2026-06;Лазарева;Доставка (фіолетова);03016;Б_Прочие позиции;20;2366.4
2026-06;Лазарева;Ебі Грін;01790;Б_Каппи_Роллы;10;3051.6
2026-06;Лазарева;Ебі сет;02710;Б_Каппи_Сет;89;109835.5
2026-06;Лазарева;Ебі темпура;02986;Б_Каппи_Закуски;60;15797.4
2026-06;Лазарева;Ейфорія;03242;Б_Каппи_Роллы;10;3975.8
2026-06;Лазарева;Замовлення з додатку;03198;;16;0
2026-06;Лазарева;Заміна інгрідієнта;02139;Б_Прочие позиции;1;30
2026-06;Лазарева;Зелений Дракон;00156;Б_Каппи_Роллы;3;1455.5
2026-06;Лазарева;Каліфорнія ;00774;Б_Каппи_Роллы;42;13437.6
2026-06;Лазарева;Каліфорнія Мікс;00653;Б_Каппи_Роллы;16;6555
2026-06;Лазарева;Каліфорнія з креветкою;00654;Б_Каппи_Роллы;26;9937.9
2026-06;Лазарева;Камамбер фрі;03093;Б_Каппи_Закуски;20;5509.2
2026-06;Лазарева;Камертон;00960;Б_Каппи_Роллы;14;5905.6
2026-06;Лазарева;Карпатська джерельна 0,5 л. б/г;03277;Б_Общее_Напитки;1;45
2026-06;Лазарева;Карпатська джерельна 0,5 л. сл/г;03278;Б_Общее_Напитки;1;22.5
2026-06;Лазарева;Класика вдвох;02988;Б_Каппи_Акции;4;2319.5
2026-06;Лазарева;Комбо #1;02178;Б_Каппи_Акции;2;2828
2026-06;Лазарева;Комбо #3;02180;Б_Каппи_Акции;2;2008
2026-06;Лазарева;Комбо боул дуо;03260;Б_Каппи_Акции;6;4302.3
2026-06;Лазарева;Комбуча  WILD каркаде 0,33 л.;03185;Б_Общее_Напитки;7;615.4
2026-06;Лазарева;Комбуча  WILD класична 0,33 л.;03186;Б_Общее_Напитки;5;409.4
2026-06;Лазарева;Комбуча WILD Цитрус 0,33 л;03300;Б_Общее_Напитки;10;971.6
2026-06;Лазарева;Комбуча WILD зелений чай 0,33 л.;03184;Б_Общее_Напитки;9;830.7
2026-06;Лазарева;Комбуча WILD каркаде 0,330 мл;03177;Б_Общее_Напитки;1;99
2026-06;Лазарева;Компенсація за негоду;02771;;63;1166.3
2026-06;Лазарева;Креветка в кунжуті;00511;Б_Каппи_Роллы;28;8985.6
2026-06;Лазарева;Креветка в темпурі;00533;Б_Каппи_Темпура ролл;78;25642.3
2026-06;Лазарева;Креветка з полуницею та мигдалем;03329;Б_Сезонные блюда;13;4589.3
2026-06;Лазарева;Курка в Кисло-солодкому;01825;Б_Каппи_WOK;16;4014.2
2026-06;Лазарева;Курортний;02169;Б_Каппи_Роллы;10;2677.4
2026-06;Лазарева;Кімурай;03012;Б_Каппи_Роллы;24;9984.2
2026-06;Лазарева;Лимонад 0,5 л.;02057;Б_Общее_Напитки;57;4864.5
2026-06;Лазарева;Листівка до ДН;02061;Б_Прочие позиции;22;0
2026-06;Лазарева;Логістичний збір;02770;;1183;39109.3
2026-06;Лазарева;Лосось Пад Тай;02116;Б_Каппи_Роллы;28;10079.2
2026-06;Лазарева;Лосось в темпурі;00534;Б_Каппи_Темпура ролл;37;10117
2026-06;Лазарева;Лосось сет;00517;Б_Каппи_Сет;34;34429.4
2026-06;Лазарева;М Авокадо 20 г;02133;Б_Каппи_Модификаторы;2;82
2026-06;Лазарева;М Ананас 30 г;03290;Б_Каппи_Модификаторы;4;71.3
2026-06;Лазарева;М Балик 100 г;01204;Б_Каппи_Модификаторы;7;431.9
2026-06;Лазарева;М Бекон 30 г;03294;Б_Каппи_Модификаторы;5;116
2026-06;Лазарева;М Вершковий сир 20 г;02126;Б_Каппи_Модификаторы;1;27
2026-06;Лазарева;М Вугор 20 г;02125;Б_Каппи_Модификаторы;2;134
2026-06;Лазарева;М Горіховий соус 20 г;01651;Б_Каппи_Модификаторы;7;207.1
2026-06;Лазарева;М Гриби 50 г;01194;Б_Каппи_Модификаторы;8;199.9
2026-06;Лазарева;М Груша 30 г;03296;Б_Каппи_Модификаторы;1;19
2026-06;Лазарева;М Кальмар 20 г;02136;Б_Каппи_Модификаторы;6;219.8
2026-06;Лазарева;М Креветка 2 шт.;02123;Б_Каппи_Модификаторы;11;559.9
2026-06;Лазарева;М Креветка 2 шт.;02135;Б_Каппи_Модификаторы;9;435.9
2026-06;Лазарева;М Кукурудза с/м 30 г;03292;Б_Каппи_Модификаторы;3;53
2026-06;Лазарева;М Курка 20 г;02131;Б_Каппи_Модификаторы;6;330.1
2026-06;Лазарева;М Куряче філе 60 г;01195;Б_Каппи_Модификаторы;12;644.1
2026-06;Лазарева;М Лосось 20 г;02122;Б_Каппи_Модификаторы;2;102
2026-06;Лазарева;М Маслини 20 г;01196;Б_Каппи_Модификаторы;6;206.3
2026-06;Лазарева;М Мисливські ковбаски 30 г;03293;Б_Каппи_Модификаторы;3;66
2026-06;Лазарева;М Моцарела 100 г;01201;Б_Каппи_Модификаторы;3;166.5
2026-06;Лазарева;М Мідії 20 г;02137;Б_Каппи_Модификаторы;8;293.6
2026-06;Лазарева;М Пармезан 20 г;01193;Б_Каппи_Модификаторы;5;171.8
2026-06;Лазарева;М Пепероні 50 г;01200;Б_Каппи_Модификаторы;1;51.1
2026-06;Лазарева;М Перець болгарський 40 г;01197;Б_Каппи_Модификаторы;2;61.1
2026-06;Лазарева;М Перець чилі 5 г;03291;Б_Каппи_Модификаторы;2;38
2026-06;Лазарева;М Помідори 40 г;01199;Б_Каппи_Модификаторы;4;113.1
2026-06;Лазарева;М Соус Барбекю 1 шт.;01202;Б_Каппи_Модификаторы;2;62
2026-06;Лазарева;М Соус Пад Тай 10 г;02127;Б_Каппи_Модификаторы;4;59.5
2026-06;Лазарева;М Соус Соєвий порц.;02728;Б_Каппи_Модификаторы;17;277.1
2026-06;Лазарева;М Соус Теріякі 10 г;02130;Б_Каппи_Модификаторы;9;147.5
2026-06;Лазарева;М Соус Унагі 20 г;01650;Б_Каппи_Модификаторы;11;320
2026-06;Лазарева;М Соус Часниковий 1 шт.;01648;Б_Каппи_Модификаторы;8;248
2026-06;Лазарева;М Соус Шірачі 5 г;02129;Б_Каппи_Модификаторы;6;59.4
2026-06;Лазарева;М Спайсі соус 10 г;02128;Б_Каппи_Модификаторы;10;163.2
2026-06;Лазарева;М Тунець 20 г;02124;Б_Каппи_Модификаторы;2;112.8
2026-06;Лазарева;М Халапеньйо 15 г;01198;Б_Каппи_Модификаторы;4;72
2026-06;Лазарева;Макі Вугор;00161;Б_Каппи_Роллы;23;5415.5
2026-06;Лазарева;Макі Лосось;00159;Б_Каппи_Роллы;58;11013.5
2026-06;Лазарева;Макі Огірок ;00506;Б_Каппи_Роллы;29;3034.6
2026-06;Лазарева;Макі Сирний;00504;Б_Каппи_Роллы;32;3236.9
2026-06;Лазарева;Макі Чука ;00507;Б_Каппи_Роллы;14;1620.7
2026-06;Лазарева;Монако;00636;Б_Каппи_Роллы;12;5810.5
2026-06;Лазарева;Морс Ягідний 0,5 л.;02697;Б_Общее_Напитки;42;3591.2
2026-06;Лазарева;Моршинська без газу 0,5 л.;00585;Б_Общее_Напитки;41;1960
2026-06;Лазарева;Моршинська слаб.газ. 0,5 л.;00584;Б_Общее_Напитки;4;196
2026-06;Лазарева;Мочі Полуниця;02618;Т_Десерты;14;1980
2026-06;Лазарева;Мочі малина;02026;Т_Десерты;11;1565
2026-06;Лазарева;Мочі смородина ;03161;Т_Десерты;12;1664
2026-06;Лазарева;Мочі фісташка-халва;03162;Т_Десерты;10;1377.5
2026-06;Лазарева;Мідорі;03021;Б_Каппи_Премиум ролл;4;2258.1
2026-06;Лазарева;Місо з тофу;00708;Б_Каппи_Супы;7;1351.2
2026-06;Лазарева;Навчальні палички;01021;Б_Прочие позиции;121;0
2026-06;Лазарева;Нагетси;03207;Б_Каппи_Закуски;20;3496.5
2026-06;Лазарева;Нью-Йорк ;02915;Б_Каппи_Роллы;33;15688.7
2026-06;Лазарева;Одеський сет;02170;Б_Каппи_Сет;82;53587.8
2026-06;Лазарева;Ойши сет;02819;Б_Каппи_Сет;6;6814
2026-06;Лазарева;Окінава;03235;Б_Каппи_Роллы;5;1756.4
2026-06;Лазарева;Онігірі з крабом;03222;Онігірі;25;3251
2026-06;Лазарева;Онігірі з креветкою;03225;Онігірі;21;3352
2026-06;Лазарева;Онігірі з лососем;03223;Онігірі;20;3553.7
2026-06;Лазарева;Онігірі з тунцем;03224;Онігірі;7;1317.2
2026-06;Лазарева;Опен-фуд;02927;;1208;1207.9
2026-06;Лазарева;Осака;00589;Б_Каппи_Роллы;49;17153.8
2026-06;Лазарева;Париж;00657;Б_Каппи_Роллы;21;9810.6
2026-06;Лазарева;Пересип +;03045;;70;0
2026-06;Лазарева;Полуничний сет;03341;Б_Сезонные блюда;5;5141.8
2026-06;Лазарева;Преміум Креветка;00652;Б_Каппи_Роллы;11;5194.7
2026-06;Лазарева;Преміум сет;00658;Б_Каппи_Сет;22;37667.2
2026-06;Лазарева;Пікантний краб;00531;Б_Каппи_Темпура ролл;24;6763.2
2026-06;Лазарева;Пікантний лосось ;00532;Б_Каппи_Темпура ролл;27;7639.1
2026-06;Лазарева;Піца 4 сезони;02101;Б_Каппи_Пицца;9;3591.9
2026-06;Лазарева;Піца 4 сири;02118;Б_Каппи_Пицца;63;21907.1
2026-06;Лазарева;Піца Амерікано;02111;Б_Каппи_Пицца;10;3172.3
2026-06;Лазарева;Піца Гавайська;02104;Б_Каппи_Пицца;42;11371
2026-06;Лазарева;Піца Груша Дор Блю;02175;Б_Каппи_Пицца;17;5679
2026-06;Лазарева;Піца Кампаро;03131;Б_Каппи_Пицца;4;1072.9
2026-06;Лазарева;Піца Курка та гриби;02177;Б_Каппи_Пицца;39;13830
2026-06;Лазарева;Піца М'ясна;02102;Б_Каппи_Пицца;52;18830.1
2026-06;Лазарева;Піца Маргарита;02174;Б_Каппи_Пицца;20;5459.7
2026-06;Лазарева;Піца Мексиканська ;03130;Б_Каппи_Пицца;17;5210.3
2026-06;Лазарева;Піца Мисливська;02176;Б_Каппи_Пицца;27;7668
2026-06;Лазарева;Піца Морська ;03264;Б_Каппи_Пицца;28;11324.3
2026-06;Лазарева;Піца Океанія;02099;Б_Каппи_Пицца;12;5315.4
2026-06;Лазарева;Піца Пепероні;02172;Б_Каппи_Пицца;38;11771.5
2026-06;Лазарева;Піца Пепероні Блу Чіз;02119;Б_Каппи_Пицца;18;6665.2
2026-06;Лазарева;Піца Селянська;03258;Б_Каппи_Пицца;20;6345.8
2026-06;Лазарева;Піца Том Ям;02978;Б_Каппи_Пицца;14;5586.6
2026-06;Лазарева;Піца Чізбургер;02977;Б_Каппи_Пицца;17;5700
2026-06;Лазарева;Піца з креветками та ананасом ;03256;Б_Каппи_Пицца;11;4593.7
2026-06;Лазарева;Піца з креветками та брі;02911;Б_Каппи_Пицца;18;7788.2
2026-06;Лазарева;Піца з прошуто та трюфелем ;03257;Б_Каппи_Пицца;27;7256.8
2026-06;Лазарева;Піца з прошутто;03133;Б_Каппи_Пицца;9;3325.4
2026-06;Лазарева;Піца з прошутто та грушою ;03132;Б_Каппи_Пицца;13;4790.8
2026-06;Лазарева;Рамен Том Ям;02606;Б_Каппи_Супы;15;5532.1
2026-06;Лазарева;Рамен Традиційний;02601;Б_Каппи_Супы;7;1266.8
2026-06;Лазарева;Рамен з куркою;03201;Б_Каппи_Супы;19;4078.1
2026-06;Лазарева;Рамен з морепродуктами ;03200;Б_Каппи_Супы;9;2473
2026-06;Лазарева;Рибна юшка з сьомгою;03302;Б_Каппи_Супы;7;1895.1
2026-06;Лазарева;Рис з куркою Гострий;00855;Б_Каппи_WOK;13;3206.2
2026-06;Лазарева;Рис з морепродуктами;03263;Б_Каппи_WOK;10;3223.9
2026-06;Лазарева;Рол Курортний (акц);02767;Б_Каппи_Акции;8;1471.2
2026-06;Лазарева;Рол Пасаж;02168;Б_Каппи_Роллы;9;3172.8
2026-06;Лазарева;Рол-Дог з Креветкою;01787;Б_Каппи_Темпура ролл;12;3424.6
2026-06;Лазарева;Рол-Дог з Лососем;01788;Б_Каппи_Темпура ролл;11;3593
2026-06;Лазарева;Садочок сік Нектар Яблуко та Виноград (білий)  0.2 л.;03276;Б_Общее_Напитки;3;103.8
2026-06;Лазарева;Сакайо;03128;Б_Каппи_Роллы;9;4274.1
2026-06;Лазарева;Салат Чука-Вакаме;00602;Б_Каппи_Салати;21;4445.2
2026-06;Лазарева;Салат з вугрем ;03252;Б_Каппи_Салати;6;2205
2026-06;Лазарева;Салат з прошуто;03253;Б_Каппи_Салати;1;367
2026-06;Лазарева;Салмон в боніто ;00538;Б_Каппи_Роллы;21;5560.4
2026-06;Лазарева;Санрайз;03236;Б_Каппи_Роллы;8;3915
2026-06;Лазарева;Сенкай;03022;Б_Каппи_Премиум ролл;24;13203.5
2026-06;Лазарева;Сервісний збір_Glovo;01934;Б_Каппи_Glovo;61;1720.9
2026-06;Лазарева;Сет «Конституція»;03344;Б_Каппи_Сет;17;22514.6
2026-06;Лазарева;Спайсі Вулкан;02113;Б_Каппи_Роллы;16;6461.9
2026-06;Лазарева;Супер Комбо;02181;Б_Каппи_Акции;2;1935.9
2026-06;Лазарева;Суші бургер з Креветкой;02943;Б_Каппи_Бургер;79;28102.7
2026-06;Лазарева;Суші бургер з Лососем;02944;Б_Каппи_Бургер;69;25750.3
2026-06;Лазарева;"Суші-трайфл ""Манго з лососем""";03324;Б_Суші_трайфл;18;6197.4
2026-06;Лазарева;Суші-трайфл з креветкою та мигдалем;03326;Б_Суші_трайфл;27;9236.5
2026-06;Лазарева;Суші-трайфл з тунцем;03325;Б_Суші_трайфл;6;2004.5
2026-06;Лазарева;Сушіріто з креветкою ;03018;Б_Каппи_Суширито;18;3734.4
2026-06;Лазарева;Сушіріто з куркою;03019;Б_Каппи_Суширито;15;2783.2
2026-06;Лазарева;Сушіріто з лососем;03020;Б_Каппи_Суширито;33;9167.3
2026-06;Лазарева;Сушіріто з полуницею та лососем;03342;Б_Сезонные блюда;12;2571.2
2026-06;Лазарева;ТОП сет;00362;Б_Каппи_Сет;17;25024.3
2026-06;Лазарева;Тайський суп з сьомгою та креветками;03303;Б_Каппи_Супы;15;5651.4
2026-06;Лазарева;Тайфун;03024;Б_Каппи_Темпура ролл;16;7473
2026-06;Лазарева;Темпура вулкан з креветкою;03167;Б_Каппи_Темпура ролл;16;6099.4
2026-06;Лазарева;Темпура вулкан з лососем;03166;Б_Каппи_Темпура ролл;27;8931.9
2026-06;Лазарева;Темпура сет;00559;Б_Каппи_Сет;67;58002.7
2026-06;Лазарева;Темпура-суширіто з крабом;03193;Б_Каппи_Суширито;24;6484.8
2026-06;Лазарева;Темпура-суширіто мікс;03194;Б_Каппи_Суширито;40;12358.2
2026-06;Лазарева;Теплий сет;02712;Б_Каппи_Сет;127;79183.7
2026-06;Лазарева;Том Ям;02597;Б_Каппи_Супы;53;19443.5
2026-06;Лазарева;Тропік ;01862;Б_Каппи_Роллы;10;3510.1
2026-06;Лазарева;Тропікана;03014;Б_Каппи_Роллы;13;5321.9
2026-06;Лазарева;Тропічний Вулкан;02112;Б_Каппи_Роллы;11;4499.9
2026-06;Лазарева;Тропічний лосось з полуницею;03328;Б_Сезонные блюда;7;2772.7
2026-06;Лазарева;Трюфель мікс;03231;Б_Каппи_Роллы;7;2728
2026-06;Лазарева;Тунець з полуничним тартаром;03330;Б_Сезонные блюда;5;1710.4
2026-06;Лазарева;Удон з креветками;01813;Б_Каппи_WOK;19;6694.7
2026-06;Лазарева;Удон з куркою Теріякі;00856;Б_Каппи_WOK;18;4894.2
2026-06;Лазарева;Умі;03243;Б_Каппи_Роллы;16;7322.5
2026-06;Лазарева;Унагамі;03011;Б_Каппи_Роллы;5;2320
2026-06;Лазарева;Ф'южн;03155;Б_Каппи_Роллы;9;3020.4
2026-06;Лазарева;Фудзі темпура;00911;Б_Каппи_Темпура ролл;38;12829
2026-06;Лазарева;Фунчоза з куркою;03164;Б_Каппи_WOK;16;4888.7
2026-06;Лазарева;Фунчоза з морепродуктами;03165;Б_Каппи_WOK;24;7917.5
2026-06;Лазарева;Філа Ланч;02706;Б_Каппи_Акции;19;8858.4
2026-06;Лазарева;Філадельфія;00168;Б_Каппи_Роллы;108;39720
2026-06;Лазарева;Філадельфія Класік;00459;Б_Каппи_Роллы;86;24269.5
2026-06;Лазарева;Філадельфія Преміум;00611;Б_Каппи_Роллы;85;27817.8
2026-06;Лазарева;Філадельфія з креветкою;02798;Б_Каппи_Роллы;45;18860.1
2026-06;Лазарева;Філадельфія з манго;00612;Б_Каппи_Роллы;20;6576
2026-06;Лазарева;Філадельфія з полуницею;03327;Б_Сезонные блюда;19;6490.4
2026-06;Лазарева;Філадельфія з тунцем;00516;Б_Каппи_Роллы;17;6707.6
2026-06;Лазарева;Хікарі сет;03232;Б_Каппи_Сет;12;12995.8
2026-06;Лазарева;Цезар з куркою;02803;Б_Каппи_Салати;15;4371.2
2026-06;Лазарева;Цезар з лососем;02992;Б_Каппи_Салати;2;684
2026-06;Лазарева;Чорний Дракон;00170;Б_Каппи_Роллы;32;14120.6
2026-06;Лазарева;Чізі Креветка;01113;Б_Каппи_Роллы;30;8151
2026-06;Лазарева;Чікен Чіз;03229;Б_Каппи_Роллы;11;3141.2
2026-06;Лазарева;Юме сет;02818;Б_Каппи_Сет;10;11090.1
2026-06;Лазарева;Які Ебі Манго;02946;Б_Каппи_Запеч_Роллы;19;6808.7
2026-06;Лазарева;Які Салмон;02950;Б_Каппи_Запеч_Роллы;21;8244.4
2026-06;Лазарева;Які Спайсі Краб;02949;Б_Каппи_Запеч_Роллы;48;13960.6
2026-06;Лазарева;Які Туна ;02942;Б_Каппи_Запеч_Роллы;25;9687.1
2026-06;Лазарева;Які Унагі;02945;Б_Каппи_Запеч_Роллы;25;9091.2
2026-06;Лазарева;Яєчна з куркою та креветками;01815;Б_Каппи_WOK;22;7746.2
2026-06;Лазарева;Яєчна з морепродуктами;00859;Б_Каппи_WOK;15;5100.2
2026-06;Лазарева;від Насті;03266;Б_Каппи_Роллы;7;2856.7
2026-06;Лазарева;від Роми;03267;Б_Каппи_Роллы;6;2361.8
2026-06;Левітана;.Гарного дня!;00944;Б_Прочие позиции;2001;0
2026-06;Левітана;7-up 0,33 л.;03282;Б_Общее_Напитки;3;187
2026-06;Левітана;7-up 0,5 л.;03281;Б_Общее_Напитки;6;330.6
2026-06;Левітана;Affinity сет;03015;Б_Каппи_Сет;13;14844.5
2026-06;Левітана;Cappiroll;00583;Б_Каппи_Роллы;67;28278.7
2026-06;Левітана;Cappizza;02173;Б_Каппи_Пицца;30;10143.6
2026-06;Левітана;G Доставка;00984;Б_Каппи_Glovo;291;13931.7
2026-06;Левітана;GC_Доставка 0 грн;02503;Б_Глово_Модификаторы;6;0
2026-06;Левітана;L`amour Сет;01729;Б_Каппи_Сет;12;14394
2026-06;Левітана;Lipton Зелений чай 0,5 л.;03287;Б_Общее_Напитки;9;519.4
2026-06;Левітана;Lipton Чорний чай Лимон 0,5 л.;03288;Б_Общее_Напитки;5;243.5
2026-06;Левітана;MOVA світле пиво безалкогольне 0.33 л.;03046;Б_Общее_Напитки;17;1625.2
2026-06;Левітана;MOVA темне пиво безалкогольне 0,33 л.;03047;Б_Общее_Напитки;9;848.1
2026-06;Левітана;Mirinda Free 0,5 л.;03283;Б_Общее_Напитки;2;130
2026-06;Левітана;One Love;03237;Б_Каппи_Сет;5;6052.5
2026-06;Левітана;Pepsi Black 0,33 л.;03286;Б_Общее_Напитки;11;517.6
2026-06;Левітана;Pepsi Black 0,5 л.;03280;Б_Общее_Напитки;43;2603.6
2026-06;Левітана;Pepsi Cola 0,33 л.;03285;Б_Общее_Напитки;7;389
2026-06;Левітана;Pepsi Cola 0,5 л.;03279;Б_Общее_Напитки;23;1466
2026-06;Левітана;Sandora Сицилійський червоний апельсин 0,95 л.;03271;Б_Общее_Напитки;6;592.8
2026-06;Левітана;Sandora Сік Томат-Сіль 0.95л ;03272;Б_Общее_Напитки;3;338.9
2026-06;Левітана;Sandora Сік Яблуко 0.95 л.;03274;Б_Общее_Напитки;2;254.5
2026-06;Левітана;Sandora сік  Мультивітамін 0,95 л.;03273;Б_Общее_Напитки;10;1200.2
2026-06;Левітана;Імператор;00892;Б_Каппи_Роллы;24;11297.4
2026-06;Левітана;Акаї;03023;Б_Каппи_Премиум ролл;17;9421.1
2026-06;Левітана;Акіра;03217;Б_Каппи_Премиум ролл;8;4435
2026-06;Левітана;Амаі;03218;Б_Каппи_Премиум ролл;12;6848
2026-06;Левітана;Аморе;02781;Б_Каппи_Роллы;42;16637
2026-06;Левітана;Антикризовий сет;00578;Б_Каппи_Сет;99;62948.6
2026-06;Левітана;Аурум ;03157;Б_Каппи_Роллы;4;1169.4
2026-06;Левітана;Банзай ;00528;Б_Каппи_Темпура ролл;137;51856
2026-06;Левітана;Бао бургер з крабом;02966;Б_Каппи_БАО;9;2612.2
2026-06;Левітана;Бао бургер з креветкою;02967;Б_Каппи_БАО;9;3290.9
2026-06;Левітана;Бао бургер з лососем;02968;Б_Каппи_БАО;5;1930.5
2026-06;Левітана;Без приборів!;01593;Б_Прочие позиции;83;0
2026-06;Левітана;Боніто з лососем;00154;Б_Каппи_Роллы;21;5690
2026-06;Левітана;Боул Дабл Фіш;01886;Б_Каппи_Боул;17;5992.2
2026-06;Левітана;Боул Філадельфія;01887;Б_Каппи_Боул;15;5110.1
2026-06;Левітана;Боул з Лососем;01890;Б_Каппи_Боул;12;4247.3
2026-06;Левітана;"Боул з креветками та полуницею
";03323;Б_Сезонные блюда;9;3088
2026-06;Левітана;Боул з креветкою;03168;Б_Каппи_Боул;21;7805
2026-06;Левітана;Боул з тунцем;03250;Б_Каппи_Боул;9;3136.3
2026-06;Левітана;Боул мікс;03251;Б_Каппи_Боул;29;10883.5
2026-06;Левітана;Васаби порц 7,5 г.;01036;Т Соуса порционные;1;10.4
2026-06;Левітана;Вершкова креветка;00775;Б_Каппи_Роллы;77;27297
2026-06;Левітана;Веселка;00509;Б_Каппи_Роллы;89;33963.7
2026-06;Левітана;Весняний Сет;01844;Б_Каппи_Сет;28;27652.1
2026-06;Левітана;Вулкан Карі;03144;Б_Каппи_Роллы;8;3981.6
2026-06;Левітана;Вулкан з креветкою;02799;Б_Каппи_Роллы;36;12431
2026-06;Левітана;Вулкан сет;03211;Б_Каппи_Сет;1;979
2026-06;Левітана;Д Імбир Cappi 30 гр.;01049;Б_Каппи_Добавки;169;2760.9
2026-06;Левітана;Д Васабі Cappi 7,5 гр.;01050;Б_Каппи_Добавки;167;2240.7
2026-06;Левітана;Д Набір Cappi (додатковий);01038;Б_Каппи_Добавки;2;73.3
2026-06;Левітана;Д Набір №1 (Соев.-1шт.,Імб.-1шт.,Вас.-1шт.);01916;Б_Каппи_Добавки;357;0
2026-06;Левітана;Д Набір №2 (Соев.-2шт.,Імб.-1шт.,Вас.-1шт.);01917;Б_Каппи_Добавки;315;0
2026-06;Левітана;Д Набір №3 (Соев.-3шт.,Імб.-2шт.,Вас.-1шт.);01918;Б_Каппи_Добавки;505;0
2026-06;Левітана;Д Набір №4 (Соев.-4шт.,Імб.-2шт.,Вас.-2шт.);01919;Б_Каппи_Добавки;568;0
2026-06;Левітана;Д Соус Барбекю;00501;Б_Каппи_Добавки;8;248
2026-06;Левітана;Д Соус Часниковий;01323;Б_Каппи_Добавки;9;265.4
2026-06;Левітана;Д Соус горіховий 20 гр.;00729;Б_Каппи_Добавки;13;378.4
2026-06;Левітана;Д Соус соєвий Cappi 50 гр.;00695;Б_Каппи_Добавки;54;909.7
2026-06;Левітана;Д Соус унагі 20 гр.;00728;Б_Каппи_Добавки;13;375.4
2026-06;Левітана;Д Спайсі соус 10 гр.;02929;Б_Каппи_Добавки;24;378.1
2026-06;Левітана;Д_Вершковий сир 20 г;03096;Б_Каппи_Добавки;5;67.4
2026-06;Левітана;Д_соус Теріякі  10 г;03191;Б_Каппи_Добавки;3;49.2
2026-06;Левітана;Дабл Тартар;02780;Б_Каппи_Роллы;46;18494.5
2026-06;Левітана;Джаз;01109;Б_Каппи_Роллы;33;6114.2
2026-06;Левітана;Дзен сет;01128;Б_Каппи_Сет;55;55418.4
2026-06;Левітана;Доставка (зелена);00829;Б_Прочие позиции;24;1179.4
2026-06;Левітана;Доставка (помаранчева);01235;Б_Прочие позиции;8;476.5
2026-06;Левітана;Доставка (синя);01051;Б_Прочие позиции;2;114.4
2026-06;Левітана;Доставка (фіолетова);03016;Б_Прочие позиции;1;120
2026-06;Левітана;Ебі Грін;01790;Б_Каппи_Роллы;16;4890.8
2026-06;Левітана;Ебі сет;02710;Б_Каппи_Сет;89;111310.6
2026-06;Левітана;Ебі темпура;02986;Б_Каппи_Закуски;56;14979.3
2026-06;Левітана;Ейфорія;03242;Б_Каппи_Роллы;15;6256.3
2026-06;Левітана;Замовлення з додатку;03198;;19;0
2026-06;Левітана;Заміна інгрідієнта;02139;Б_Прочие позиции;4;96.3
2026-06;Левітана;Зелений Дракон;00156;Б_Каппи_Роллы;9;3918.2
2026-06;Левітана;Каліфорнія ;00774;Б_Каппи_Роллы;36;11434.7
2026-06;Левітана;Каліфорнія Мікс;00653;Б_Каппи_Роллы;21;9067.9
2026-06;Левітана;Каліфорнія з креветкою;00654;Б_Каппи_Роллы;34;12549.7
2026-06;Левітана;Камамбер фрі;03093;Б_Каппи_Закуски;17;5125.5
2026-06;Левітана;Камертон;00960;Б_Каппи_Роллы;23;9474.5
2026-06;Левітана;Класика вдвох;02988;Б_Каппи_Акции;5;2859.6
2026-06;Левітана;Комбо #2;02179;Б_Каппи_Акции;2;2277.6
2026-06;Левітана;Комбо #3;02180;Б_Каппи_Акции;5;4950.6
2026-06;Левітана;Комбо боул дуо;03260;Б_Каппи_Акции;1;729
2026-06;Левітана;Комбуча  WILD каркаде 0,33 л.;03185;Б_Общее_Напитки;11;1028.9
2026-06;Левітана;Комбуча  WILD класична 0,33 л.;03186;Б_Общее_Напитки;6;572.5
2026-06;Левітана;Комбуча WILD Цитрус 0,33 л;03300;Б_Общее_Напитки;9;842.8
2026-06;Левітана;Комбуча WILD зелений чай 0,33 л.;03184;Б_Общее_Напитки;7;654.8
2026-06;Левітана;Комбуча WILD каркаде 0,330 мл;03177;Б_Общее_Напитки;1;99
2026-06;Левітана;Компенсація за негоду;02771;;63;1183.6
2026-06;Левітана;Креветка в кунжуті;00511;Б_Каппи_Роллы;56;17607.2
2026-06;Левітана;Креветка в темпурі;00533;Б_Каппи_Темпура ролл;78;26703.8
2026-06;Левітана;Креветка з полуницею та мигдалем;03329;Б_Сезонные блюда;6;1939.7
2026-06;Левітана;Курка в Кисло-солодкому;01825;Б_Каппи_WOK;18;4337.9
2026-06;Левітана;Курортний;02169;Б_Каппи_Роллы;14;3407.1
2026-06;Левітана;Кімурай;03012;Б_Каппи_Роллы;37;15198.9
2026-06;Левітана;Лимонад 0,5 л.;02057;Б_Общее_Напитки;27;2149
2026-06;Левітана;Листівка до ДН;02061;Б_Прочие позиции;11;0
2026-06;Левітана;Логістичний збір;02770;;1301;43133.4
2026-06;Левітана;Лосось Пад Тай;02116;Б_Каппи_Роллы;36;12662.1
2026-06;Левітана;Лосось в темпурі;00534;Б_Каппи_Темпура ролл;40;11022.5
2026-06;Левітана;Лосось сет;00517;Б_Каппи_Сет;30;32303
2026-06;Левітана;М Авокадо 20 г;02133;Б_Каппи_Модификаторы;1;41
2026-06;Левітана;М Ананас 30 г;03290;Б_Каппи_Модификаторы;6;140.3
2026-06;Левітана;М Балик 100 г;01204;Б_Каппи_Модификаторы;10;670
2026-06;Левітана;М Бекон 30 г;03294;Б_Каппи_Модификаторы;5;142.1
2026-06;Левітана;М Вершковий сир 20 г;02126;Б_Каппи_Модификаторы;12;266.4
2026-06;Левітана;М Вугор 20 г;02125;Б_Каппи_Модификаторы;4;248.1
2026-06;Левітана;М Горіховий соус 20 г;01651;Б_Каппи_Модификаторы;9;274.5
2026-06;Левітана;М Гриби 50 г;01194;Б_Каппи_Модификаторы;9;234.8
2026-06;Левітана;М Кальмар 20 г;02136;Б_Каппи_Модификаторы;7;254.4
2026-06;Левітана;М Краб 30 г;03297;Б_Каппи_Модификаторы;1;29
2026-06;Левітана;М Креветка 2 шт.;02123;Б_Каппи_Модификаторы;2;71.5
2026-06;Левітана;М Креветка 2 шт.;02135;Б_Каппи_Модификаторы;9;450.5
2026-06;Левітана;М Кукурудза с/м 30 г;03292;Б_Каппи_Модификаторы;4;76
2026-06;Левітана;М Курка 20 г;02131;Б_Каппи_Модификаторы;5;297.5
2026-06;Левітана;М Куряче філе 60 г;01195;Б_Каппи_Модификаторы;7;421.5
2026-06;Левітана;М Маслини 20 г;01196;Б_Каппи_Модификаторы;9;323.7
2026-06;Левітана;М Мисливські ковбаски 30 г;03293;Б_Каппи_Модификаторы;7;154
2026-06;Левітана;М Моцарела 100 г;01201;Б_Каппи_Модификаторы;21;1127.7
2026-06;Левітана;М Мідії 20 г;02137;Б_Каппи_Модификаторы;1;37
2026-06;Левітана;М Огірок 20 г;02132;Б_Каппи_Модификаторы;1;23.8
2026-06;Левітана;М Пармезан 20 г;01193;Б_Каппи_Модификаторы;5;235
2026-06;Левітана;М Пепероні 50 г;01200;Б_Каппи_Модификаторы;6;480.3
2026-06;Левітана;М Перець болгарський 40 г;01197;Б_Каппи_Модификаторы;2;54.6
2026-06;Левітана;М Перець чилі 5 г;03291;Б_Каппи_Модификаторы;2;33.4
2026-06;Левітана;М Помідори 40 г;01199;Б_Каппи_Модификаторы;10;311.2
2026-06;Левітана;М Сир тостовий 30 г;03295;Б_Каппи_Модификаторы;4;101.5
2026-06;Левітана;М Соус Барбекю 1 шт.;01202;Б_Каппи_Модификаторы;2;60.3
2026-06;Левітана;М Соус Пад Тай 10 г;02127;Б_Каппи_Модификаторы;9;134.4
2026-06;Левітана;М Соус Соєвий порц.;02728;Б_Каппи_Модификаторы;28;454.5
2026-06;Левітана;М Соус Теріякі 10 г;02130;Б_Каппи_Модификаторы;15;244.1
2026-06;Левітана;М Соус Унагі 20 г;01650;Б_Каппи_Модификаторы;18;515.6
2026-06;Левітана;М Соус Часниковий 1 шт.;01648;Б_Каппи_Модификаторы;3;91.3
2026-06;Левітана;М Соус Шірачі 5 г;02129;Б_Каппи_Модификаторы;3;29.6
2026-06;Левітана;М Спайсі соус 10 г;02128;Б_Каппи_Модификаторы;25;419.1
2026-06;Левітана;М Тофу 20 г;02138;Б_Каппи_Модификаторы;3;117.1
2026-06;Левітана;М Тунець 20 г;02124;Б_Каппи_Модификаторы;3;158.3
2026-06;Левітана;М Халапеньйо 15 г;01198;Б_Каппи_Модификаторы;7;105.1
2026-06;Левітана;Макі Вугор;00161;Б_Каппи_Роллы;10;1995
2026-06;Левітана;Макі Лосось;00159;Б_Каппи_Роллы;42;8130
2026-06;Левітана;Макі Огірок ;00506;Б_Каппи_Роллы;36;3817.6
2026-06;Левітана;Макі Сирний;00504;Б_Каппи_Роллы;27;2832.6
2026-06;Левітана;Макі Чука ;00507;Б_Каппи_Роллы;25;2932
2026-06;Левітана;Монако;00636;Б_Каппи_Роллы;13;6222.5
2026-06;Левітана;Морс Ягідний 0,5 л.;02697;Б_Общее_Напитки;31;2574.1
2026-06;Левітана;Моршинська без газу 0,5 л.;00585;Б_Общее_Напитки;14;611.8
2026-06;Левітана;Моршинська слаб.газ. 0,5 л.;00584;Б_Общее_Напитки;9;367
2026-06;Левітана;Мочі Полуниця;02618;Т_Десерты;20;2770.7
2026-06;Левітана;Мочі малина;02026;Т_Десерты;20;2743.4
2026-06;Левітана;Мочі смородина ;03161;Т_Десерты;13;1836
2026-06;Левітана;Мочі фісташка-халва;03162;Т_Десерты;8;1134.9
2026-06;Левітана;Мідорі;03021;Б_Каппи_Премиум ролл;4;2316
2026-06;Левітана;Місо з тофу;00708;Б_Каппи_Супы;3;602.8
2026-06;Левітана;Навчальні палички;01021;Б_Прочие позиции;126;0
2026-06;Левітана;Нагетси;03207;Б_Каппи_Закуски;23;4067.7
2026-06;Левітана;Нью-Йорк ;02915;Б_Каппи_Роллы;46;21562.8
2026-06;Левітана;Одеський сет;02170;Б_Каппи_Сет;85;55789.8
2026-06;Левітана;Ойши сет;02819;Б_Каппи_Сет;7;7869.6
2026-06;Левітана;Окінава;03235;Б_Каппи_Роллы;5;1698.3
2026-06;Левітана;Онігірі з крабом;03222;Онігірі;20;2811.5
2026-06;Левітана;Онігірі з креветкою;03225;Онігірі;30;5108.1
2026-06;Левітана;Онігірі з лососем;03223;Онігірі;12;2215.9
2026-06;Левітана;Онігірі з тунцем;03224;Онігірі;5;953.8
2026-06;Левітана;Опен-фуд;02927;;1362;1222.8
2026-06;Левітана;Осака;00589;Б_Каппи_Роллы;63;20584.9
2026-06;Левітана;Париж;00657;Б_Каппи_Роллы;27;12201.7
2026-06;Левітана;Полуничний сет;03341;Б_Сезонные блюда;4;4300
2026-06;Левітана;Преміум Креветка;00652;Б_Каппи_Роллы;12;5500.4
2026-06;Левітана;Преміум сет;00658;Б_Каппи_Сет;12;20807.3
2026-06;Левітана;Пікантний краб;00531;Б_Каппи_Темпура ролл;20;5440.7
2026-06;Левітана;Пікантний лосось ;00532;Б_Каппи_Темпура ролл;20;5499.7
2026-06;Левітана;Піца 4 сезони;02101;Б_Каппи_Пицца;10;3799.4
2026-06;Левітана;Піца 4 сири;02118;Б_Каппи_Пицца;64;22084.2
2026-06;Левітана;Піца Амерікано;02111;Б_Каппи_Пицца;13;4161.8
2026-06;Левітана;Піца Гавайська;02104;Б_Каппи_Пицца;64;17584.2
2026-06;Левітана;Піца Груша Дор Блю;02175;Б_Каппи_Пицца;20;6626.1
2026-06;Левітана;Піца Кампаро;03131;Б_Каппи_Пицца;8;2339.5
2026-06;Левітана;Піца Курка та гриби;02177;Б_Каппи_Пицца;39;13961.5
2026-06;Левітана;Піца М'ясна;02102;Б_Каппи_Пицца;87;30663.9
2026-06;Левітана;Піца Маргарита;02174;Б_Каппи_Пицца;21;5354.3
2026-06;Левітана;Піца Мексиканська ;03130;Б_Каппи_Пицца;9;2849
2026-06;Левітана;Піца Мисливська;02176;Б_Каппи_Пицца;53;16016.1
2026-06;Левітана;Піца Морська ;03264;Б_Каппи_Пицца;27;11040
2026-06;Левітана;Піца Океанія;02099;Б_Каппи_Пицца;11;4835.7
2026-06;Левітана;Піца Пепероні;02172;Б_Каппи_Пицца;66;19156.7
2026-06;Левітана;Піца Пепероні Блу Чіз;02119;Б_Каппи_Пицца;21;7393.6
2026-06;Левітана;Піца Селянська;03258;Б_Каппи_Пицца;24;7446.1
2026-06;Левітана;Піца Том Ям;02978;Б_Каппи_Пицца;9;3849
2026-06;Левітана;Піца Чізбургер;02977;Б_Каппи_Пицца;28;9128.6
2026-06;Левітана;Піца з креветками та ананасом ;03256;Б_Каппи_Пицца;8;3647.6
2026-06;Левітана;Піца з креветками та брі;02911;Б_Каппи_Пицца;19;7975.7
2026-06;Левітана;Піца з прошуто та трюфелем ;03257;Б_Каппи_Пицца;15;5065.2
2026-06;Левітана;Піца з прошутто;03133;Б_Каппи_Пицца;11;4120.9
2026-06;Левітана;Піца з прошутто та грушою ;03132;Б_Каппи_Пицца;10;4033.6
2026-06;Левітана;Рамен Том Ям;02606;Б_Каппи_Супы;17;6359.6
2026-06;Левітана;Рамен Традиційний;02601;Б_Каппи_Супы;10;1784.5
2026-06;Левітана;Рамен з куркою;03201;Б_Каппи_Супы;11;2294.6
2026-06;Левітана;Рамен з морепродуктами ;03200;Б_Каппи_Супы;17;4565.3
2026-06;Левітана;Рибна юшка з сьомгою;03302;Б_Каппи_Супы;11;2992.2
2026-06;Левітана;Рис з куркою Гострий;00855;Б_Каппи_WOK;22;5332.2
2026-06;Левітана;Рис з морепродуктами;03263;Б_Каппи_WOK;14;4975.1
2026-06;Левітана;Рол Курортний (акц);02767;Б_Каппи_Акции;5;937.5
2026-06;Левітана;Рол Пасаж;02168;Б_Каппи_Роллы;12;4151.2
2026-06;Левітана;Рол Філадельфія з полуницею КЦ;03337;Б_Каппи_Акции;1;354
2026-06;Левітана;Рол-Дог з Креветкою;01787;Б_Каппи_Темпура ролл;15;5105.7
2026-06;Левітана;Рол-Дог з Лососем;01788;Б_Каппи_Темпура ролл;4;1354.3
2026-06;Левітана;Сакайо;03128;Б_Каппи_Роллы;6;2636.6
2026-06;Левітана;Салат Чука-Вакаме;00602;Б_Каппи_Салати;25;5330.4
2026-06;Левітана;Салат з вугрем ;03252;Б_Каппи_Салати;11;4119.5
2026-06;Левітана;Салат з прошуто;03253;Б_Каппи_Салати;7;2513.3
2026-06;Левітана;Салмон в боніто ;00538;Б_Каппи_Роллы;14;2768.2
2026-06;Левітана;Санрайз;03236;Б_Каппи_Роллы;9;4347.4
2026-06;Левітана;Сенкай;03022;Б_Каппи_Премиум ролл;12;6632.5
2026-06;Левітана;Сервісний збір_Glovo;01934;Б_Каппи_Glovo;71;2222.9
2026-06;Левітана;Сет «Конституція»;03344;Б_Каппи_Сет;15;20026.7
2026-06;Левітана;Спайсі Вулкан;02113;Б_Каппи_Роллы;11;4075.7
2026-06;Левітана;Супер Комбо;02181;Б_Каппи_Акции;3;2874.6
2026-06;Левітана;Суші бургер з Креветкой;02943;Б_Каппи_Бургер;75;26877.3
2026-06;Левітана;Суші бургер з Лососем;02944;Б_Каппи_Бургер;100;36543.1
2026-06;Левітана;"Суші-трайфл ""Манго з лососем""";03324;Б_Суші_трайфл;11;3616.4
2026-06;Левітана;"Суші-трайфл ""Полуниця з лососем"" КЦ";03334;Б_Каппи_Акции;1;344.6
2026-06;Левітана;Суші-трайфл з креветкою та мигдалем;03326;Б_Суші_трайфл;10;3016.7
2026-06;Левітана;Суші-трайфл з тунцем;03325;Б_Суші_трайфл;8;2821.6
2026-06;Левітана;Сушіріто з креветкою ;03018;Б_Каппи_Суширито;33;6932.1
2026-06;Левітана;Сушіріто з куркою;03019;Б_Каппи_Суширито;11;2295
2026-06;Левітана;Сушіріто з лососем;03020;Б_Каппи_Суширито;34;9084.9
2026-06;Левітана;Сушіріто з полуницею та лососем;03342;Б_Сезонные блюда;11;2299.4
2026-06;Левітана;ТОП сет;00362;Б_Каппи_Сет;32;47340.6
2026-06;Левітана;Тайський суп з сьомгою та креветками;03303;Б_Каппи_Супы;15;5418.9
2026-06;Левітана;Тайфун;03024;Б_Каппи_Темпура ролл;22;9920.8
2026-06;Левітана;Темпура вулкан з креветкою;03167;Б_Каппи_Темпура ролл;13;4503.8
2026-06;Левітана;Темпура вулкан з лососем;03166;Б_Каппи_Темпура ролл;36;11087.3
2026-06;Левітана;Темпура сет;00559;Б_Каппи_Сет;67;57284.3
2026-06;Левітана;Темпура-суширіто з крабом;03193;Б_Каппи_Суширито;27;7096.5
2026-06;Левітана;Темпура-суширіто мікс;03194;Б_Каппи_Суширито;26;8602.2
2026-06;Левітана;Теплий сет;02712;Б_Каппи_Сет;156;98024.2
2026-06;Левітана;Том Ям;02597;Б_Каппи_Супы;55;20744.3
2026-06;Левітана;Тропік ;01862;Б_Каппи_Роллы;18;5851.5
2026-06;Левітана;Тропікана;03014;Б_Каппи_Роллы;8;3322.3
2026-06;Левітана;Тропічний Вулкан;02112;Б_Каппи_Роллы;13;4999.4
2026-06;Левітана;Тропічний лосось з полуницею;03328;Б_Сезонные блюда;7;2969.3
2026-06;Левітана;Трюфель мікс;03231;Б_Каппи_Роллы;2;728.5
2026-06;Левітана;Тунець з полуничним тартаром;03330;Б_Сезонные блюда;5;1802.1
2026-06;Левітана;Удон з креветками;01813;Б_Каппи_WOK;19;6573.7
2026-06;Левітана;Удон з куркою Теріякі;00856;Б_Каппи_WOK;30;8360.4
2026-06;Левітана;Умі;03243;Б_Каппи_Роллы;19;8888.6
2026-06;Левітана;Унагамі;03011;Б_Каппи_Роллы;7;3130.6
2026-06;Левітана;Ф'южн;03155;Б_Каппи_Роллы;8;2839.8
2026-06;Левітана;Фудзі темпура;00911;Б_Каппи_Темпура ролл;30;10453.1
2026-06;Левітана;Фунчоза з куркою;03164;Б_Каппи_WOK;21;6473
2026-06;Левітана;Фунчоза з морепродуктами;03165;Б_Каппи_WOK;29;9956
2026-06;Левітана;Філа Ланч;02706;Б_Каппи_Акции;8;3957.3
2026-06;Левітана;Філадельфія;00168;Б_Каппи_Роллы;161;59531.1
2026-06;Левітана;Філадельфія Класік;00459;Б_Каппи_Роллы;93;26592.3
2026-06;Левітана;Філадельфія Преміум;00611;Б_Каппи_Роллы;119;35859.6
2026-06;Левітана;Філадельфія з креветкою;02798;Б_Каппи_Роллы;51;20658.1
2026-06;Левітана;Філадельфія з манго;00612;Б_Каппи_Роллы;18;5673.2
2026-06;Левітана;Філадельфія з полуницею;03327;Б_Сезонные блюда;27;9024.5
2026-06;Левітана;Філадельфія з тунцем;00516;Б_Каппи_Роллы;17;7128.9
2026-06;Левітана;Хікарі сет;03232;Б_Каппи_Сет;11;11436.2
2026-06;Левітана;Цезар з куркою;02803;Б_Каппи_Салати;15;4315.3
2026-06;Левітана;Цезар з лососем;02992;Б_Каппи_Салати;4;1302.3
2026-06;Левітана;Чорний Дракон;00170;Б_Каппи_Роллы;25;10398.1
2026-06;Левітана;Чізі Креветка;01113;Б_Каппи_Роллы;24;6587.4
2026-06;Левітана;Чікен Чіз;03229;Б_Каппи_Роллы;7;2044.2
2026-06;Левітана;Юме сет;02818;Б_Каппи_Сет;9;9864.7
2026-06;Левітана;Які Ебі Манго;02946;Б_Каппи_Запеч_Роллы;35;12113.2
2026-06;Левітана;Які Салмон;02950;Б_Каппи_Запеч_Роллы;26;10229.1
2026-06;Левітана;Які Спайсі Краб;02949;Б_Каппи_Запеч_Роллы;46;13814.5
2026-06;Левітана;Які Туна ;02942;Б_Каппи_Запеч_Роллы;12;4469.4
2026-06;Левітана;Які Унагі;02945;Б_Каппи_Запеч_Роллы;29;10551.3
2026-06;Левітана;Яєчна з куркою та креветками;01815;Б_Каппи_WOK;15;4836.4
2026-06;Левітана;Яєчна з морепродуктами;00859;Б_Каппи_WOK;20;7011.2
2026-06;Левітана;від Насті;03266;Б_Каппи_Роллы;2;669.4
2026-06;Левітана;від Роми;03267;Б_Каппи_Роллы;10;4328.3
2026-07;Лазарева;.Гарного дня!;00944;Б_Прочие позиции;1856;0
2026-07;Лазарева;7-up 0,33 л.;03282;Б_Общее_Напитки;2;106.3
2026-07;Лазарева;7-up 0,5 л.;03281;Б_Общее_Напитки;7;373.5
2026-07;Лазарева;Affinity сет;03015;Б_Каппи_Сет;15;17491.4
2026-07;Лазарева;Cappiroll;00583;Б_Каппи_Роллы;51;21508.9
2026-07;Лазарева;Cappizza;02173;Б_Каппи_Пицца;37;12423.2
2026-07;Лазарева;G Доставка;00984;Б_Каппи_Glovo;280;13956
2026-07;Лазарева;GC_Доставка 0 грн;02503;Б_Глово_Модификаторы;25;0
2026-07;Лазарева;Glovo <800 ;03025;;13;1300
2026-07;Лазарева;L`amour Сет;01729;Б_Каппи_Сет;13;14662.6
2026-07;Лазарева;Lipton Зелений чай 0,5 л.;03287;Б_Общее_Напитки;5;296
2026-07;Лазарева;Lipton Чорний чай Лимон 0,5 л.;03288;Б_Общее_Напитки;3;148
2026-07;Лазарева;MOVA світле пиво безалкогольне 0.33 л.;03046;Б_Общее_Напитки;8;743.9
2026-07;Лазарева;MOVA темне пиво безалкогольне 0,33 л.;03047;Б_Общее_Напитки;4;359.8
2026-07;Лазарева;Mirinda Free 0,5 л.;03283;Б_Общее_Напитки;3;165.6
2026-07;Лазарева;One Love;03237;Б_Каппи_Сет;2;2448
2026-07;Лазарева;Pepsi Black 0,33 л.;03286;Б_Общее_Напитки;3;90
2026-07;Лазарева;Pepsi Black 0,5 л.;03280;Б_Общее_Напитки;30;1823.1
2026-07;Лазарева;Pepsi Cola 0,33 л.;03285;Б_Общее_Напитки;5;239.2
2026-07;Лазарева;Pepsi Cola 0,5 л.;03279;Б_Общее_Напитки;46;2713.2
2026-07;Лазарева;Sandora Сицилійський червоний апельсин 0,95 л.;03271;Б_Общее_Напитки;60;4225
2026-07;Лазарева;Sandora Сік Томат-Сіль 0.95л ;03272;Б_Общее_Напитки;2;233.8
2026-07;Лазарева;Sandora Сік Яблуко 0.95 л.;03274;Б_Общее_Напитки;16;1333.7
2026-07;Лазарева;Sandora сік  Мультивітамін 0,95 л.;03273;Б_Общее_Напитки;36;2977.3
2026-07;Лазарева;Імператор;00892;Б_Каппи_Роллы;29;13124.2
2026-07;Лазарева;Акаї;03023;Б_Каппи_Премиум ролл;18;9968.9
2026-07;Лазарева;Акіра;03217;Б_Каппи_Премиум ролл;14;7322.1
2026-07;Лазарева;Амаі;03218;Б_Каппи_Премиум ролл;2;1131.5
2026-07;Лазарева;Аморе;02781;Б_Каппи_Роллы;39;15513.5
2026-07;Лазарева;Антикризовий сет;00578;Б_Каппи_Сет;35;23851.5
2026-07;Лазарева;Аурум ;03157;Б_Каппи_Роллы;7;2106
2026-07;Лазарева;Банзай ;00528;Б_Каппи_Темпура ролл;130;52472
2026-07;Лазарева;Бао бургер з крабом;02966;Б_Каппи_БАО;13;4048.4
2026-07;Лазарева;Бао бургер з креветкою;02967;Б_Каппи_БАО;5;1891.6
2026-07;Лазарева;Бао бургер з лососем;02968;Б_Каппи_БАО;5;1951.9
2026-07;Лазарева;Без приборів!;01593;Б_Прочие позиции;73;0
2026-07;Лазарева;Боніто з лососем;00154;Б_Каппи_Роллы;21;6157.3
2026-07;Лазарева;Боул Дабл Фіш;01886;Б_Каппи_Боул;14;5236.4
2026-07;Лазарева;Боул Філадельфія;01887;Б_Каппи_Боул;18;6422.8
2026-07;Лазарева;Боул з Лососем;01890;Б_Каппи_Боул;6;2241.9
2026-07;Лазарева;"Боул з креветками та полуницею
";03323;Б_Сезонные блюда;5;1803.9
2026-07;Лазарева;Боул з креветками та полуницею КЦ;03333;Б_Каппи_Акции;1;385
2026-07;Лазарева;Боул з креветкою;03168;Б_Каппи_Боул;21;7381.5
2026-07;Лазарева;Боул з тунцем;03250;Б_Каппи_Боул;11;4277.7
2026-07;Лазарева;Боул мікс;03251;Б_Каппи_Боул;24;8748.5
2026-07;Лазарева;Вершкова креветка;00775;Б_Каппи_Роллы;138;34523.6
2026-07;Лазарева;Веселка;00509;Б_Каппи_Роллы;51;21039.7
2026-07;Лазарева;Весняний Сет;01844;Б_Каппи_Сет;20;19556.5
2026-07;Лазарева;Вулкан Карі;03144;Б_Каппи_Роллы;7;3521.2
2026-07;Лазарева;Вулкан з креветкою;02799;Б_Каппи_Роллы;54;18273.9
2026-07;Лазарева;Д Імбир Cappi 30 гр.;01049;Б_Каппи_Добавки;132;2165.9
2026-07;Лазарева;Д Васабі Cappi 7,5 гр.;01050;Б_Каппи_Добавки;164;2262.7
2026-07;Лазарева;Д Набір Cappi (додатковий);01038;Б_Каппи_Добавки;1;35.5
2026-07;Лазарева;Д Набір №1 (Соев.-1шт.,Імб.-1шт.,Вас.-1шт.);01916;Б_Каппи_Добавки;337;0
2026-07;Лазарева;Д Набір №2 (Соев.-2шт.,Імб.-1шт.,Вас.-1шт.);01917;Б_Каппи_Добавки;300;0
2026-07;Лазарева;Д Набір №3 (Соев.-3шт.,Імб.-2шт.,Вас.-1шт.);01918;Б_Каппи_Добавки;375;0
2026-07;Лазарева;Д Набір №4 (Соев.-4шт.,Імб.-2шт.,Вас.-2шт.);01919;Б_Каппи_Добавки;566;0
2026-07;Лазарева;Д Соус Барбекю;00501;Б_Каппи_Добавки;9;281
2026-07;Лазарева;Д Соус Часниковий;01323;Б_Каппи_Добавки;20;576.1
2026-07;Лазарева;Д Соус горіховий 20 гр.;00729;Б_Каппи_Добавки;8;226.8
2026-07;Лазарева;Д Соус соєвий Cappi 50 гр.;00695;Б_Каппи_Добавки;72;1163.5
2026-07;Лазарева;Д Соус унагі 20 гр.;00728;Б_Каппи_Добавки;14;356.6
2026-07;Лазарева;Д Спайсі соус 10 гр.;02929;Б_Каппи_Добавки;11;170.1
2026-07;Лазарева;Д_Вершковий сир 20 г;03096;Б_Каппи_Добавки;1;28
2026-07;Лазарева;Д_Креветка 2 шт;03098;Б_Каппи_Добавки;1;25.5
2026-07;Лазарева;Д_соус Теріякі  10 г;03191;Б_Каппи_Добавки;2;30.7
2026-07;Лазарева;Дабл Тартар;02780;Б_Каппи_Роллы;38;15854.4
2026-07;Лазарева;Джаз;01109;Б_Каппи_Роллы;30;6530
2026-07;Лазарева;Дзен сет;01128;Б_Каппи_Сет;22;23685.3
2026-07;Лазарева;Доставка (зелена);00829;Б_Прочие позиции;13;669.5
2026-07;Лазарева;Доставка (помаранчева);01235;Б_Прочие позиции;9;561
2026-07;Лазарева;Доставка (рожева);03017;Б_Прочие позиции;4;656.1
2026-07;Лазарева;Доставка (синя);01051;Б_Прочие позиции;6;448
2026-07;Лазарева;Доставка (фіолетова);03016;Б_Прочие позиции;25;2909.6
2026-07;Лазарева;Ебі Грін;01790;Б_Каппи_Роллы;10;2830.6
2026-07;Лазарева;Ебі сет;02710;Б_Каппи_Сет;64;80947.5
2026-07;Лазарева;Ебі темпура;02986;Б_Каппи_Закуски;72;19228.9
2026-07;Лазарева;Ейфорія;03242;Б_Каппи_Роллы;7;2750.4
2026-07;Лазарева;Заміна інгрідієнта;02139;Б_Прочие позиции;5;146.2
2026-07;Лазарева;Зелений Дракон;00156;Б_Каппи_Роллы;6;3017.3
2026-07;Лазарева;Каліфорнія ;00774;Б_Каппи_Роллы;29;9739.9
2026-07;Лазарева;Каліфорнія Мікс;00653;Б_Каппи_Роллы;23;9965.9
2026-07;Лазарева;Каліфорнія з креветкою;00654;Б_Каппи_Роллы;17;6403.8
2026-07;Лазарева;Камамбер фрі;03093;Б_Каппи_Закуски;25;7584.2
2026-07;Лазарева;Камертон;00960;Б_Каппи_Роллы;20;8242.7
2026-07;Лазарева;Карпатська джерельна 0,5 л. б/г;03277;Б_Общее_Напитки;2;90
2026-07;Лазарева;Карпатська джерельна 0,5 л. сл/г;03278;Б_Общее_Напитки;2;67.5
2026-07;Лазарева;Класика вдвох;02988;Б_Каппи_Акции;9;4767.4
2026-07;Лазарева;Комбо #1;02178;Б_Каппи_Акции;2;2846
2026-07;Лазарева;Комбо #2;02179;Б_Каппи_Акции;4;4881
2026-07;Лазарева;Комбо #3;02180;Б_Каппи_Акции;7;6836.8
2026-07;Лазарева;Комбо боул Тріо;03261;Б_Каппи_Акции;1;993.5
2026-07;Лазарева;Комбо боул дуо;03260;Б_Каппи_Акции;5;3436.7
2026-07;Лазарева;Комбуча  WILD каркаде 0,33 л.;03185;Б_Общее_Напитки;1;99
2026-07;Лазарева;Комбуча  WILD класична 0,33 л.;03186;Б_Общее_Напитки;1;99
2026-07;Лазарева;Комбуча WILD Цитрус 0,33 л;03300;Б_Общее_Напитки;5;446.9
2026-07;Лазарева;Комбуча WILD зелений чай 0,33 л.;03184;Б_Общее_Напитки;2;198
2026-07;Лазарева;Комбуча WILD каркаде 0,330 мл;03177;Б_Общее_Напитки;1;93.7
2026-07;Лазарева;Компенсація за негоду;02771;;41;768.8
2026-07;Лазарева;Креветка в кунжуті;00511;Б_Каппи_Роллы;37;11756.7
2026-07;Лазарева;Креветка в темпурі;00533;Б_Каппи_Темпура ролл;82;28445.2
2026-07;Лазарева;Креветка з полуницею та мигдалем;03329;Б_Сезонные блюда;11;3841.9
2026-07;Лазарева;Курка в Кисло-солодкому;01825;Б_Каппи_WOK;17;4345.9
2026-07;Лазарева;Курортний;02169;Б_Каппи_Роллы;15;3948.1
2026-07;Лазарева;Кімурай;03012;Б_Каппи_Роллы;20;8351.3
2026-07;Лазарева;Лимонад 0,5 л.;02057;Б_Общее_Напитки;54;4351.1
2026-07;Лазарева;Листівка до ДН;02061;Б_Прочие позиции;21;0
2026-07;Лазарева;Логістичний збір;02770;;1202;39896
2026-07;Лазарева;Лосось Пад Тай;02116;Б_Каппи_Роллы;22;8113.2
2026-07;Лазарева;Лосось в темпурі;00534;Б_Каппи_Темпура ролл;39;10889.7
2026-07;Лазарева;Лосось сет;00517;Б_Каппи_Сет;28;29458.4
2026-07;Лазарева;М Авокадо 20 г;02133;Б_Каппи_Модификаторы;1;41
2026-07;Лазарева;М Ананас 30 г;03290;Б_Каппи_Модификаторы;4;84
2026-07;Лазарева;М Балик 100 г;01204;Б_Каппи_Модификаторы;6;354.8
2026-07;Лазарева;М Бекон 30 г;03294;Б_Каппи_Модификаторы;4;116
2026-07;Лазарева;М Вершковий сир 20 г;02126;Б_Каппи_Модификаторы;12;255.4
2026-07;Лазарева;М Горіховий соус 20 г;01651;Б_Каппи_Модификаторы;19;577.2
2026-07;Лазарева;М Гриби 50 г;01194;Б_Каппи_Модификаторы;12;303.5
2026-07;Лазарева;М Груша 30 г;03296;Б_Каппи_Модификаторы;3;57
2026-07;Лазарева;М Кальмар 20 г;02136;Б_Каппи_Модификаторы;2;74
2026-07;Лазарева;М Краб 30 г;03297;Б_Каппи_Модификаторы;3;87
2026-07;Лазарева;М Креветка 2 шт.;02123;Б_Каппи_Модификаторы;1;48.6
2026-07;Лазарева;М Креветка 2 шт.;02135;Б_Каппи_Модификаторы;13;654.4
2026-07;Лазарева;М Кукурудза с/м 30 г;03292;Б_Каппи_Модификаторы;4;75.3
2026-07;Лазарева;М Курка 20 г;02131;Б_Каппи_Модификаторы;5;305
2026-07;Лазарева;М Куряче філе 60 г;01195;Б_Каппи_Модификаторы;10;569.8
2026-07;Лазарева;М Маслини 20 г;01196;Б_Каппи_Модификаторы;8;273.9
2026-07;Лазарева;М Мисливські ковбаски 30 г;03293;Б_Каппи_Модификаторы;7;147.7
2026-07;Лазарева;М Моцарела 100 г;01201;Б_Каппи_Модификаторы;4;219.1
2026-07;Лазарева;М Мідії 20 г;02137;Б_Каппи_Модификаторы;4;143.5
2026-07;Лазарева;М Огірок 20 г;02132;Б_Каппи_Модификаторы;2;54
2026-07;Лазарева;М Пармезан 20 г;01193;Б_Каппи_Модификаторы;5;235
2026-07;Лазарева;М Пепероні 50 г;01200;Б_Каппи_Модификаторы;2;170
2026-07;Лазарева;М Перець болгарський 40 г;01197;Б_Каппи_Модификаторы;1;21.2
2026-07;Лазарева;М Перець чилі 5 г;03291;Б_Каппи_Модификаторы;2;38
2026-07;Лазарева;М Помідори 40 г;01199;Б_Каппи_Модификаторы;5;135.5
2026-07;Лазарева;М Сир тостовий 30 г;03295;Б_Каппи_Модификаторы;3;87
2026-07;Лазарева;М Соус Барбекю 1 шт.;01202;Б_Каппи_Модификаторы;3;88.9
2026-07;Лазарева;М Соус Пад Тай 10 г;02127;Б_Каппи_Модификаторы;5;75
2026-07;Лазарева;М Соус Соєвий порц.;02728;Б_Каппи_Модификаторы;25;425
2026-07;Лазарева;М Соус Теріякі 10 г;02130;Б_Каппи_Модификаторы;16;269.4
2026-07;Лазарева;М Соус Унагі 20 г;01650;Б_Каппи_Модификаторы;15;462.4
2026-07;Лазарева;М Соус Часниковий 1 шт.;01648;Б_Каппи_Модификаторы;12;366.4
2026-07;Лазарева;М Соус Шірачі 5 г;02129;Б_Каппи_Модификаторы;4;39.3
2026-07;Лазарева;М Спайсі соус 10 г;02128;Б_Каппи_Модификаторы;24;397.2
2026-07;Лазарева;М Халапеньйо 15 г;01198;Б_Каппи_Модификаторы;6;119.4
2026-07;Лазарева;Макі Вугор;00161;Б_Каппи_Роллы;21;4861.6
2026-07;Лазарева;Макі Лосось;00159;Б_Каппи_Роллы;47;8891.5
2026-07;Лазарева;Макі Огірок ;00506;Б_Каппи_Роллы;35;3876.5
2026-07;Лазарева;Макі Сирний;00504;Б_Каппи_Роллы;13;1330.9
2026-07;Лазарева;Макі Чука ;00507;Б_Каппи_Роллы;19;2239.3
2026-07;Лазарева;Монако;00636;Б_Каппи_Роллы;20;9419.8
2026-07;Лазарева;Морс Ягідний 0,5 л.;02697;Б_Общее_Напитки;48;3996.4
2026-07;Лазарева;Моршинська слаб.газ. 0,5 л.;00584;Б_Общее_Напитки;1;24.5
2026-07;Лазарева;Мочі Полуниця;02618;Т_Десерты;16;2102.8
2026-07;Лазарева;Мочі малина;02026;Т_Десерты;19;2461.8
2026-07;Лазарева;Мочі смородина ;03161;Т_Десерты;6;802.6
2026-07;Лазарева;Мочі фісташка-халва;03162;Т_Десерты;7;898.3
2026-07;Лазарева;Мідорі;03021;Б_Каппи_Премиум ролл;3;1656.3
2026-07;Лазарева;Місо з тофу;00708;Б_Каппи_Супы;7;1387.8
2026-07;Лазарева;Навчальні палички;01021;Б_Прочие позиции;162;0
2026-07;Лазарева;Нагетси;03207;Б_Каппи_Закуски;17;3017.4
2026-07;Лазарева;Нью-Йорк ;02915;Б_Каппи_Роллы;41;19638.5
2026-07;Лазарева;Одеський сет;02170;Б_Каппи_Сет;72;52654.8
2026-07;Лазарева;Ойши сет;02819;Б_Каппи_Сет;9;9829.6
2026-07;Лазарева;Окрошка з креветкою;03357;;1;289
2026-07;Лазарева;Окінава;03235;Б_Каппи_Роллы;5;1870.9
2026-07;Лазарева;Онігірі з крабом;03222;Онігірі;23;3160
2026-07;Лазарева;Онігірі з креветкою;03225;Онігірі;14;2357.9
2026-07;Лазарева;Онігірі з лососем;03223;Онігірі;11;1945.5
2026-07;Лазарева;Онігірі з тунцем;03224;Онігірі;6;1305
2026-07;Лазарева;Опен-фуд;02927;;2263.6;1960.7
2026-07;Лазарева;Осака;00589;Б_Каппи_Роллы;43;14484.5
2026-07;Лазарева;Париж;00657;Б_Каппи_Роллы;22;9749.4
2026-07;Лазарева;Пересип +;03045;;101;0
2026-07;Лазарева;Полуничний сет;03341;Б_Сезонные блюда;2;1894.6
2026-07;Лазарева;Преміум Креветка;00652;Б_Каппи_Роллы;11;5054.8
2026-07;Лазарева;Преміум сет;00658;Б_Каппи_Сет;22;38887.1
2026-07;Лазарева;Пікантний краб;00531;Б_Каппи_Темпура ролл;24;6837.1
2026-07;Лазарева;Пікантний лосось ;00532;Б_Каппи_Темпура ролл;20;5981
2026-07;Лазарева;Піца 4 сезони;02101;Б_Каппи_Пицца;10;3916.2
2026-07;Лазарева;Піца 4 сири;02118;Б_Каппи_Пицца;69;23831.1
2026-07;Лазарева;Піца Амерікано;02111;Б_Каппи_Пицца;20;6216.2
2026-07;Лазарева;Піца Гавайська;02104;Б_Каппи_Пицца;47;12367.2
2026-07;Лазарева;Піца Груша Дор Блю;02175;Б_Каппи_Пицца;25;8181.4
2026-07;Лазарева;Піца Кампаро;03131;Б_Каппи_Пицца;6;1750.1
2026-07;Лазарева;Піца Курка та гриби;02177;Б_Каппи_Пицца;42;14720.2
2026-07;Лазарева;Піца М'ясна;02102;Б_Каппи_Пицца;58;21976.6
2026-07;Лазарева;Піца Маргарита;02174;Б_Каппи_Пицца;26;7159.8
2026-07;Лазарева;Піца Мексиканська ;03130;Б_Каппи_Пицца;17;5219
2026-07;Лазарева;Піца Мисливська;02176;Б_Каппи_Пицца;49;14391.3
2026-07;Лазарева;Піца Морська ;03264;Б_Каппи_Пицца;36;14069.8
2026-07;Лазарева;Піца Океанія;02099;Б_Каппи_Пицца;16;6848
2026-07;Лазарева;Піца Пепероні;02172;Б_Каппи_Пицца;31;9283
2026-07;Лазарева;Піца Пепероні Блу Чіз;02119;Б_Каппи_Пицца;21;7290.2
2026-07;Лазарева;Піца Селянська;03258;Б_Каппи_Пицца;26;7225.8
2026-07;Лазарева;Піца Том Ям;02978;Б_Каппи_Пицца;12;5302.1
2026-07;Лазарева;Піца Чізбургер;02977;Б_Каппи_Пицца;29;9659.1
2026-07;Лазарева;Піца з креветками та ананасом ;03256;Б_Каппи_Пицца;16;7344.9
2026-07;Лазарева;Піца з креветками та брі;02911;Б_Каппи_Пицца;14;6152.4
2026-07;Лазарева;Піца з прошуто та трюфелем ;03257;Б_Каппи_Пицца;28;8537.2
2026-07;Лазарева;Піца з прошутто;03133;Б_Каппи_Пицца;15;5624.9
2026-07;Лазарева;Піца з прошутто та грушою ;03132;Б_Каппи_Пицца;7;2832.7
2026-07;Лазарева;Рамен Том Ям;02606;Б_Каппи_Супы;19;7371.4
2026-07;Лазарева;Рамен Традиційний;02601;Б_Каппи_Супы;14;2512.7
2026-07;Лазарева;Рамен з куркою;03201;Б_Каппи_Супы;16;3637.9
2026-07;Лазарева;Рамен з морепродуктами ;03200;Б_Каппи_Супы;7;1929.3
2026-07;Лазарева;Рибна юшка з сьомгою;03302;Б_Каппи_Супы;9;2507.8
2026-07;Лазарева;Рис з куркою Гострий;00855;Б_Каппи_WOK;7;1593.6
2026-07;Лазарева;Рис з морепродуктами;03263;Б_Каппи_WOK;9;3135.5
2026-07;Лазарева;Рол Пасаж;02168;Б_Каппи_Роллы;12;4127.4
2026-07;Лазарева;Рол-Дог з Креветкою;01787;Б_Каппи_Темпура ролл;22;7690.4
2026-07;Лазарева;Рол-Дог з Лососем;01788;Б_Каппи_Темпура ролл;7;2164
2026-07;Лазарева;Садочок Сік Мультивітамін 0.2 л.;03275;Б_Общее_Напитки;2;67.5
2026-07;Лазарева;Садочок сік Нектар Яблуко та Виноград (білий)  0.2 л.;03276;Б_Общее_Напитки;4;157.5
2026-07;Лазарева;Сакайо;03128;Б_Каппи_Роллы;6;2873.8
2026-07;Лазарева;Салат Чука-Вакаме;00602;Б_Каппи_Салати;19;4226.5
2026-07;Лазарева;Салат з вугрем ;03252;Б_Каппи_Салати;5;1890.5
2026-07;Лазарева;Салат з прошуто;03253;Б_Каппи_Салати;1;358.8
2026-07;Лазарева;Салмон в боніто ;00538;Б_Каппи_Роллы;10;2569.5
2026-07;Лазарева;Санрайз;03236;Б_Каппи_Роллы;3;1482.6
2026-07;Лазарева;Сенкай;03022;Б_Каппи_Премиум ролл;11;5788.5
2026-07;Лазарева;Сервісний збір_Glovo;01934;Б_Каппи_Glovo;78;2128.1
2026-07;Лазарева;Сет 2х2;01175;Б_Каппи_Сет;1;1055
2026-07;Лазарева;Сет «Конституція»;03344;Б_Каппи_Сет;12;16080.5
2026-07;Лазарева;Сет Липень;03346;Б_Каппи_Сет;64;76275.6
2026-07;Лазарева;Спайсі Вулкан;02113;Б_Каппи_Роллы;17;6737.5
2026-07;Лазарева;Спрінг рол з крабом;03353;Б_Каппі_Спрінг рол;14;2309.5
2026-07;Лазарева;Спрінг рол з креветкою;03352;Б_Каппі_Спрінг рол;25;4457.2
2026-07;Лазарева;Спрінг рол з куркою;03355;Б_Каппі_Спрінг рол;3;471.5
2026-07;Лазарева;Спрінг рол з лососем;03351;Б_Каппі_Спрінг рол;31;5488.3
2026-07;Лазарева;Спрінг рол з тунцем;03354;Б_Каппі_Спрінг рол;17;3219.2
2026-07;Лазарева;Супер Комбо;02181;Б_Каппи_Акции;3;2897.1
2026-07;Лазарева;Суші бургер з Креветкой;02943;Б_Каппи_Бургер;78;28688.6
2026-07;Лазарева;Суші бургер з Лососем;02944;Б_Каппи_Бургер;78;28413.7
2026-07;Лазарева;"Суші-трайфл ""Манго з лососем""";03324;Б_Суші_трайфл;8;2787.8
2026-07;Лазарева;Суші-трайфл з креветкою та мигдалем;03326;Б_Суші_трайфл;14;4657.5
2026-07;Лазарева;Суші-трайфл з тунцем;03325;Б_Суші_трайфл;6;2109.2
2026-07;Лазарева;Сушіріто з креветкою ;03018;Б_Каппи_Суширито;22;4824.4
2026-07;Лазарева;Сушіріто з куркою;03019;Б_Каппи_Суширито;24;4695.9
2026-07;Лазарева;Сушіріто з лососем;03020;Б_Каппи_Суширито;44;12098.8
2026-07;Лазарева;Сушіріто з полуницею та лососем;03342;Б_Сезонные блюда;10;2306.3
2026-07;Лазарева;ТОП сет;00362;Б_Каппи_Сет;24;35526.8
2026-07;Лазарева;Тайський суп з сьомгою та креветками;03303;Б_Каппи_Супы;10;3886.7
2026-07;Лазарева;Тайфун;03024;Б_Каппи_Темпура ролл;16;7238.8
2026-07;Лазарева;Темпура вулкан з креветкою;03167;Б_Каппи_Темпура ролл;15;5576.7
2026-07;Лазарева;Темпура вулкан з лососем;03166;Б_Каппи_Темпура ролл;30;10188.3
2026-07;Лазарева;Темпура сет;00559;Б_Каппи_Сет;35;37826
2026-07;Лазарева;Темпура-суширіто з крабом;03193;Б_Каппи_Суширито;24;6791.9
2026-07;Лазарева;Темпура-суширіто мікс;03194;Б_Каппи_Суширито;30;10223.8
2026-07;Лазарева;Теплий сет;02712;Б_Каппи_Сет;103;80056.2
2026-07;Лазарева;Том Ям;02597;Б_Каппи_Супы;74;27702.1
2026-07;Лазарева;Тропік ;01862;Б_Каппи_Роллы;20;6674.9
2026-07;Лазарева;Тропікана;03014;Б_Каппи_Роллы;9;3527.6
2026-07;Лазарева;Тропічний Вулкан;02112;Б_Каппи_Роллы;10;4113.1
2026-07;Лазарева;Тропічний лосось з полуницею;03328;Б_Сезонные блюда;3;1262
2026-07;Лазарева;Трюфель мікс;03231;Б_Каппи_Роллы;9;3494.3
2026-07;Лазарева;Тунець з полуничним тартаром;03330;Б_Сезонные блюда;2;675.8
2026-07;Лазарева;Удон з креветками;01813;Б_Каппи_WOK;17;5923.5
2026-07;Лазарева;Удон з куркою Теріякі;00856;Б_Каппи_WOK;22;5943.7
2026-07;Лазарева;Умі;03243;Б_Каппи_Роллы;18;8484.3
2026-07;Лазарева;Унагамі;03011;Б_Каппи_Роллы;3;1396
2026-07;Лазарева;Ф'южн;03155;Б_Каппи_Роллы;18;6305.6
2026-07;Лазарева;Фудзі темпура;00911;Б_Каппи_Темпура ролл;36;12735.1
2026-07;Лазарева;Фунчоза з куркою;03164;Б_Каппи_WOK;16;4666.1
2026-07;Лазарева;Фунчоза з морепродуктами;03165;Б_Каппи_WOK;18;6284.8
2026-07;Лазарева;Філа Ланч;02706;Б_Каппи_Акции;12;5952.3
2026-07;Лазарева;Філа Фест сет;03347;Б_Сезонные блюда;25;34282.5
2026-07;Лазарева;Філадельфія;00168;Б_Каппи_Роллы;200;71662.2
2026-07;Лазарева;Філадельфія Класік;00459;Б_Каппи_Роллы;85;24754.5
2026-07;Лазарева;Філадельфія Преміум;00611;Б_Каппи_Роллы;74;31647.4
2026-07;Лазарева;Філадельфія з креветкою;02798;Б_Каппи_Роллы;42;17300.6
2026-07;Лазарева;Філадельфія з манго;00612;Б_Каппи_Роллы;24;7224.8
2026-07;Лазарева;Філадельфія з полуницею;03327;Б_Сезонные блюда;9;2807.6
2026-07;Лазарева;Філадельфія з тунцем;00516;Б_Каппи_Роллы;21;8154.6
2026-07;Лазарева;Хікарі сет;03232;Б_Каппи_Сет;10;10906.4
2026-07;Лазарева;Цезар з куркою;02803;Б_Каппи_Салати;7;2057.8
2026-07;Лазарева;Цезар з лососем;02992;Б_Каппи_Салати;4;1316
2026-07;Лазарева;Чорний Дракон;00170;Б_Каппи_Роллы;28;12107.1
2026-07;Лазарева;Чізі Креветка;01113;Б_Каппи_Роллы;29;7637.9
2026-07;Лазарева;Чікен Чіз;03229;Б_Каппи_Роллы;14;3855.8
2026-07;Лазарева;Юме сет;02818;Б_Каппи_Сет;5;5421.7
2026-07;Лазарева;Які Ебі Манго;02946;Б_Каппи_Запеч_Роллы;31;11063
2026-07;Лазарева;Які Салмон;02950;Б_Каппи_Запеч_Роллы;28;10774.8
2026-07;Лазарева;Які Спайсі Краб;02949;Б_Каппи_Запеч_Роллы;54;16488
2026-07;Лазарева;Які Туна ;02942;Б_Каппи_Запеч_Роллы;20;7831
2026-07;Лазарева;Які Унагі;02945;Б_Каппи_Запеч_Роллы;22;8296
2026-07;Лазарева;Яєчна з куркою та креветками;01815;Б_Каппи_WOK;22;7918
2026-07;Лазарева;Яєчна з морепродуктами;00859;Б_Каппи_WOK;24;8265.5
2026-07;Левітана;.Гарного дня!;00944;Б_Прочие позиции;2162;0
2026-07;Левітана;7-up 0,33 л.;03282;Б_Общее_Напитки;1;32
2026-07;Левітана;7-up 0,5 л.;03281;Б_Общее_Напитки;8;446.7
2026-07;Левітана;Affinity сет;03015;Б_Каппи_Сет;12;14231.2
2026-07;Левітана;Cappiroll;00583;Б_Каппи_Роллы;71;29879.9
2026-07;Левітана;Cappizza;02173;Б_Каппи_Пицца;46;15649.9
2026-07;Левітана;G Доставка;00984;Б_Каппи_Glovo;350;17456.2
2026-07;Левітана;GC_Доставка 0 грн;02503;Б_Глово_Модификаторы;47;0
2026-07;Левітана;L`amour Сет;01729;Б_Каппи_Сет;12;14291.4
2026-07;Левітана;Lipton Зелений чай 0,5 л.;03287;Б_Общее_Напитки;7;333
2026-07;Левітана;Lipton Чорний чай Лимон 0,5 л.;03288;Б_Общее_Напитки;7;411.6
2026-07;Левітана;Lipton Чорний чай Лимон 0,5 л.БОРЩИК;03308;Б_Каппи_Glovo;1;37
2026-07;Левітана;MOVA світле пиво безалкогольне 0.33 л.;03046;Б_Общее_Напитки;15;1343.3
2026-07;Левітана;MOVA темне пиво безалкогольне 0,33 л.;03047;Б_Общее_Напитки;6;575.7
2026-07;Левітана;Mirinda Free 0,33 л.;03284;Б_Общее_Напитки;1;32
2026-07;Левітана;Mirinda Free 0,5 л.;03283;Б_Общее_Напитки;5;302.3
2026-07;Левітана;One Love;03237;Б_Каппи_Сет;5;6140
2026-07;Левітана;Pepsi Black 0,33 л.;03286;Б_Общее_Напитки;8;347.5
2026-07;Левітана;Pepsi Black 0,5 л.;03280;Б_Общее_Напитки;43;2739.2
2026-07;Левітана;Pepsi Cola 0,33 л.;03285;Б_Общее_Напитки;9;388.1
2026-07;Левітана;Pepsi Cola 0,5 л.;03279;Б_Общее_Напитки;43;2495.5
2026-07;Левітана;Sandora Сицилійський червоний апельсин 0,95 л.;03271;Б_Общее_Напитки;10;1011.4
2026-07;Левітана;Sandora Сицилійський червоний апельсин 0,95 л.БОРЩИК;03315;Б_Каппи_Glovo;1;65
2026-07;Левітана;Sandora Сік Томат-Сіль 0.95л ;03272;Б_Общее_Напитки;3;390
2026-07;Левітана;Sandora сік  Мультивітамін 0,95 л.;03273;Б_Общее_Напитки;8;906.9
2026-07;Левітана;Імператор;00892;Б_Каппи_Роллы;23;10562.9
2026-07;Левітана;Акаї;03023;Б_Каппи_Премиум ролл;11;6030.1
2026-07;Левітана;Акіра;03217;Б_Каппи_Премиум ролл;12;6230.1
2026-07;Левітана;Амаі;03218;Б_Каппи_Премиум ролл;10;5568.3
2026-07;Левітана;Аморе;02781;Б_Каппи_Роллы;31;12485.5
2026-07;Левітана;Антикризовий сет;00578;Б_Каппи_Сет;59;40596.3
2026-07;Левітана;Аурум ;03157;Б_Каппи_Роллы;5;1481.6
2026-07;Левітана;Банзай ;00528;Б_Каппи_Темпура ролл;116;47374.8
2026-07;Левітана;Бао бургер з крабом;02966;Б_Каппи_БАО;8;2459.6
2026-07;Левітана;Бао бургер з креветкою;02967;Б_Каппи_БАО;9;3465.3
2026-07;Левітана;Бао бургер з лососем;02968;Б_Каппи_БАО;5;1955.2
2026-07;Левітана;Без приборів!;01593;Б_Прочие позиции;91;0
2026-07;Левітана;Боніто з лососем;00154;Б_Каппи_Роллы;44;13225.8
2026-07;Левітана;Боул Дабл Фіш;01886;Б_Каппи_Боул;11;3997.6
2026-07;Левітана;Боул Філадельфія;01887;Б_Каппи_Боул;15;5085.9
2026-07;Левітана;Боул з Лососем;01890;Б_Каппи_Боул;15;5612.7
2026-07;Левітана;"Боул з креветками та полуницею
";03323;Б_Сезонные блюда;15;5337.1
2026-07;Левітана;Боул з креветкою;03168;Б_Каппи_Боул;20;7515.3
2026-07;Левітана;Боул з тунцем;03250;Б_Каппи_Боул;7;2593.5
2026-07;Левітана;Боул мікс;03251;Б_Каппи_Боул;26;9095.6
2026-07;Левітана;Вершкова креветка;00775;Б_Каппи_Роллы;175;40653.5
2026-07;Левітана;Веселка;00509;Б_Каппи_Роллы;69;28944.5
2026-07;Левітана;Весняний Сет;01844;Б_Каппи_Сет;21;21028.6
2026-07;Левітана;Вулкан Карі;03144;Б_Каппи_Роллы;6;3008.7
2026-07;Левітана;Вулкан з креветкою;02799;Б_Каппи_Роллы;30;10156.3
2026-07;Левітана;Д Імбир Cappi 30 гр.;01049;Б_Каппи_Добавки;114;1886.4
2026-07;Левітана;Д Васабі Cappi 7,5 гр.;01050;Б_Каппи_Добавки;134;1824.8
2026-07;Левітана;Д Моцарела 100гКЦ;02920;Б_Каппи_Добавки;1;29.5
2026-07;Левітана;Д Набір №1 (Соев.-1шт.,Імб.-1шт.,Вас.-1шт.);01916;Б_Каппи_Добавки;423;0
2026-07;Левітана;Д Набір №2 (Соев.-2шт.,Імб.-1шт.,Вас.-1шт.);01917;Б_Каппи_Добавки;378;0
2026-07;Левітана;Д Набір №3 (Соев.-3шт.,Імб.-2шт.,Вас.-1шт.);01918;Б_Каппи_Добавки;491;0
2026-07;Левітана;Д Набір №4 (Соев.-4шт.,Імб.-2шт.,Вас.-2шт.);01919;Б_Каппи_Добавки;588;0
2026-07;Левітана;Д Перчик Халапеньо 15 гр.;00616;Б_Каппи_Добавки;1;11
2026-07;Левітана;Д Соус Барбекю;00501;Б_Каппи_Добавки;13;388.6
2026-07;Левітана;Д Соус Часниковий;01323;Б_Каппи_Добавки;16;488.4
2026-07;Левітана;Д Соус горіховий 20 гр.;00729;Б_Каппи_Добавки;7;214.3
2026-07;Левітана;Д Соус соєвий Cappi 50 гр.;00695;Б_Каппи_Добавки;51;827.5
2026-07;Левітана;Д Соус унагі 20 гр.;00728;Б_Каппи_Добавки;6;180.3
2026-07;Левітана;Д Спайсі соус 10 гр.;02929;Б_Каппи_Добавки;6;100.6
2026-07;Левітана;Д_Балик 100 гр;03103;Б_Каппи_Добавки;1;33.5
2026-07;Левітана;Д_Вершковий сир 20 г;03096;Б_Каппи_Добавки;8;120.5
2026-07;Левітана;Д_Креветка 2 шт;03098;Б_Каппи_Добавки;1;25.5
2026-07;Левітана;Д_соус Теріякі  10 г;03191;Б_Каппи_Добавки;2;33.1
2026-07;Левітана;Дабл Тартар;02780;Б_Каппи_Роллы;55;22791.7
2026-07;Левітана;Джаз;01109;Б_Каппи_Роллы;34;8327.6
2026-07;Левітана;Дзен сет;01128;Б_Каппи_Сет;35;37085.3
2026-07;Левітана;Доставка (зелена);00829;Б_Прочие позиции;23;1180.6
2026-07;Левітана;Доставка (помаранчева);01235;Б_Прочие позиции;6;375.4
2026-07;Левітана;Ебі Грін;01790;Б_Каппи_Роллы;15;4776.5
2026-07;Левітана;Ебі сет;02710;Б_Каппи_Сет;73;94115.5
2026-07;Левітана;Ебі темпура;02986;Б_Каппи_Закуски;75;19789.6
2026-07;Левітана;Ейфорія;03242;Б_Каппи_Роллы;6;2501
2026-07;Левітана;Заміна інгрідієнта;02139;Б_Прочие позиции;1;30
2026-07;Левітана;Зелений Дракон;00156;Б_Каппи_Роллы;13;6273.8
2026-07;Левітана;Каліфорнія ;00774;Б_Каппи_Роллы;45;15497.5
2026-07;Левітана;Каліфорнія Мікс;00653;Б_Каппи_Роллы;34;14603.2
2026-07;Левітана;Каліфорнія з креветкою;00654;Б_Каппи_Роллы;51;19307.2
2026-07;Левітана;Камамбер фрі;03093;Б_Каппи_Закуски;23;6617.8
2026-07;Левітана;Камертон;00960;Б_Каппи_Роллы;33;13711.7
2026-07;Левітана;Карпатська джерельна 0,5 л. б/г;03277;Б_Общее_Напитки;4;180
2026-07;Левітана;Класика вдвох;02988;Б_Каппи_Акции;2;944.2
2026-07;Левітана;Комбо #2;02179;Б_Каппи_Акции;2;2354.4
2026-07;Левітана;Комбо #3;02180;Б_Каппи_Акции;1;1009
2026-07;Левітана;Комбо боул Тріо;03261;Б_Каппи_Акции;1;1049
2026-07;Левітана;Комбуча  WILD каркаде 0,33 л.;03185;Б_Общее_Напитки;9;883.1
2026-07;Левітана;Комбуча  WILD класична 0,33 л.;03186;Б_Общее_Напитки;5;495
2026-07;Левітана;Комбуча WILD Цитрус 0,33 л;03300;Б_Общее_Напитки;3;277.2
2026-07;Левітана;Комбуча WILD зелений чай 0,33 л.;03184;Б_Общее_Напитки;2;160.3
2026-07;Левітана;Комбуча WILD зелений чай 0,330 мл;03176;Б_Общее_Напитки;1;99
2026-07;Левітана;Комбуча WILD каркаде 0,330 мл;03177;Б_Общее_Напитки;2;198
2026-07;Левітана;Комбуча WILD класична 0,33 л.;03175;Б_Общее_Напитки;1;99
2026-07;Левітана;Компенсація за негоду;02771;;53;1000.2
2026-07;Левітана;Креветка в кунжуті;00511;Б_Каппи_Роллы;56;18466.1
2026-07;Левітана;Креветка в темпурі;00533;Б_Каппи_Темпура ролл;86;29450.7
2026-07;Левітана;Креветка з полуницею та мигдалем;03329;Б_Сезонные блюда;4;1429.2
2026-07;Левітана;Курка в Кисло-солодкому;01825;Б_Каппи_WOK;17;4296.8
2026-07;Левітана;Курортний;02169;Б_Каппи_Роллы;15;3633.9
2026-07;Левітана;Кімурай;03012;Б_Каппи_Роллы;28;11142.9
2026-07;Левітана;Лимонад 0,5 л.;02057;Б_Общее_Напитки;31;2562.3
2026-07;Левітана;Листівка до ДН;02061;Б_Прочие позиции;13;0
2026-07;Левітана;Логістичний збір;02770;;1331;44350.1
2026-07;Левітана;Лосось Пад Тай;02116;Б_Каппи_Роллы;36;12939.1
2026-07;Левітана;Лосось в темпурі;00534;Б_Каппи_Темпура ролл;39;11340.1
2026-07;Левітана;Лосось сет;00517;Б_Каппи_Сет;37;39819.3
2026-07;Левітана;М Авокадо 20 г;02133;Б_Каппи_Модификаторы;1;41
2026-07;Левітана;М Ананас 30 г;03290;Б_Каппи_Модификаторы;6;144
2026-07;Левітана;М Балик 100 г;01204;Б_Каппи_Модификаторы;5;328.3
2026-07;Левітана;М Бекон 30 г;03294;Б_Каппи_Модификаторы;2;58
2026-07;Левітана;М Вершковий сир 20 г;02126;Б_Каппи_Модификаторы;16;347.6
2026-07;Левітана;М Вугор 20 г;02125;Б_Каппи_Модификаторы;5;335
2026-07;Левітана;М Горіховий соус 20 г;01651;Б_Каппи_Модификаторы;7;217
2026-07;Левітана;М Горіховий соус 20 г;03123;Б_Каппи_Модификаторы;1;31
2026-07;Левітана;М Гриби 50 г;01194;Б_Каппи_Модификаторы;7;175.8
2026-07;Левітана;М Груша 30 г;03296;Б_Каппи_Модификаторы;1;19
2026-07;Левітана;М Кальмар 20 г;02136;Б_Каппи_Модификаторы;6;203.6
2026-07;Левітана;М Краб 30 г;03297;Б_Каппи_Модификаторы;7;203
2026-07;Левітана;М Креветка 2 шт.;02123;Б_Каппи_Модификаторы;4;203.8
2026-07;Левітана;М Креветка 2 шт.;02135;Б_Каппи_Модификаторы;12;585
2026-07;Левітана;М Кукурудза с/м 30 г;03292;Б_Каппи_Модификаторы;4;76
2026-07;Левітана;М Курка 20 г;02131;Б_Каппи_Модификаторы;6;353
2026-07;Левітана;М Куряче філе 60 г;01195;Б_Каппи_Модификаторы;8;476.7
2026-07;Левітана;М Лосось 20 г;02122;Б_Каппи_Модификаторы;7;357
2026-07;Левітана;М Маслини 20 г;01196;Б_Каппи_Модификаторы;7;248
2026-07;Левітана;М Мисливські ковбаски 30 г;03293;Б_Каппи_Модификаторы;5;110
2026-07;Левітана;М Моцарела 100 г;01201;Б_Каппи_Модификаторы;10;503.9
2026-07;Левітана;М Мідії 20 г;02137;Б_Каппи_Модификаторы;4;141.6
2026-07;Левітана;М Пармезан 20 г;01193;Б_Каппи_Модификаторы;9;414.4
2026-07;Левітана;М Пепероні 50 г;01200;Б_Каппи_Модификаторы;6;510
2026-07;Левітана;М Перець чилі 5 г;03291;Б_Каппи_Модификаторы;5;95
2026-07;Левітана;М Помідори 40 г;01199;Б_Каппи_Модификаторы;3;89.1
2026-07;Левітана;М Сир тостовий 30 г;03295;Б_Каппи_Модификаторы;4;116
2026-07;Левітана;М Соус Барбекю 1 шт.;01202;Б_Каппи_Модификаторы;2;62
2026-07;Левітана;М Соус Пад Тай 10 г;02127;Б_Каппи_Модификаторы;9;135
2026-07;Левітана;М Соус Соєвий порц.;02728;Б_Каппи_Модификаторы;20;340
2026-07;Левітана;М Соус Теріякі 10 г;02130;Б_Каппи_Модификаторы;21;352.6
2026-07;Левітана;М Соус Унагі 20 г;01650;Б_Каппи_Модификаторы;16;494.7
2026-07;Левітана;М Соус Часниковий 1 шт.;01648;Б_Каппи_Модификаторы;15;460.7
2026-07;Левітана;М Соус Шірачі 5 г;02129;Б_Каппи_Модификаторы;5;50
2026-07;Левітана;М Спайсі соус 10 г;02128;Б_Каппи_Модификаторы;35;587.3
2026-07;Левітана;М Тофу 20 г;02138;Б_Каппи_Модификаторы;1;41
2026-07;Левітана;М Тунець 20 г;02124;Б_Каппи_Модификаторы;2;114
2026-07;Левітана;М Халапеньйо 15 г;01198;Б_Каппи_Модификаторы;8;140
2026-07;Левітана;Макі Вугор;00161;Б_Каппи_Роллы;15;3599.4
2026-07;Левітана;Макі Лосось;00159;Б_Каппи_Роллы;67;13045.7
2026-07;Левітана;Макі Огірок ;00506;Б_Каппи_Роллы;45;4875.8
2026-07;Левітана;Макі Сирний;00504;Б_Каппи_Роллы;32;3353.4
2026-07;Левітана;Макі Чука ;00507;Б_Каппи_Роллы;29;3376.1
2026-07;Левітана;Монако;00636;Б_Каппи_Роллы;21;10047.1
2026-07;Левітана;Морс Ягідний 0,5 л.;02697;Б_Общее_Напитки;41;3416.5
2026-07;Левітана;Моршинська слаб.газ. 0,5 л.;00584;Б_Общее_Напитки;4;146.3
2026-07;Левітана;Мочі Полуниця;02618;Т_Десерты;13;1838.6
2026-07;Левітана;Мочі малина;02026;Т_Десерты;13;1790.8
2026-07;Левітана;Мочі смородина ;03161;Т_Десерты;6;804.5
2026-07;Левітана;Мочі фісташка-халва;03162;Т_Десерты;6;851.7
2026-07;Левітана;Мідорі;03021;Б_Каппи_Премиум ролл;6;3404
2026-07;Левітана;Місо з тофу;00708;Б_Каппи_Супы;12;2282.3
2026-07;Левітана;Навчальні палички;01021;Б_Прочие позиции;125;0
2026-07;Левітана;Нагетси;03207;Б_Каппи_Закуски;24;4292.6
2026-07;Левітана;Нью-Йорк ;02915;Б_Каппи_Роллы;52;24917.2
2026-07;Левітана;Одеський сет;02170;Б_Каппи_Сет;89;65558.5
2026-07;Левітана;Ойши сет;02819;Б_Каппи_Сет;8;8958.1
2026-07;Левітана;Окрошка з креветкою;03357;;3;867
2026-07;Левітана;Окрошка з куркою;03356;;5;1158.4
2026-07;Левітана;Окінава;03235;Б_Каппи_Роллы;10;3546.5
2026-07;Левітана;Онігірі з крабом;03222;Онігірі;15;2131.9
2026-07;Левітана;Онігірі з креветкою;03225;Онігірі;15;2609.3
2026-07;Левітана;Онігірі з лососем;03223;Онігірі;7;1323
2026-07;Левітана;Онігірі з тунцем;03224;Онігірі;6;1234.1
2026-07;Левітана;Опен-фуд;02927;;2408;2373.2
2026-07;Левітана;Осака;00589;Б_Каппи_Роллы;68;23804.4
2026-07;Левітана;Париж;00657;Б_Каппи_Роллы;27;12610
2026-07;Левітана;Полуничний сет;03341;Б_Сезонные блюда;3;3011
2026-07;Левітана;Преміум Креветка;00652;Б_Каппи_Роллы;20;9184.1
2026-07;Левітана;Преміум сет;00658;Б_Каппи_Сет;14;24401.2
2026-07;Левітана;Пікантний краб;00531;Б_Каппи_Темпура ролл;19;5514.3
2026-07;Левітана;Пікантний лосось ;00532;Б_Каппи_Темпура ролл;35;10091.9
2026-07;Левітана;Піца 4 сезони;02101;Б_Каппи_Пицца;15;6026
2026-07;Левітана;Піца 4 сири;02118;Б_Каппи_Пицца;62;22514.1
2026-07;Левітана;Піца Амерікано;02111;Б_Каппи_Пицца;15;5001.2
2026-07;Левітана;Піца Гавайська;02104;Б_Каппи_Пицца;67;19059.4
2026-07;Левітана;Піца Груша Дор Блю;02175;Б_Каппи_Пицца;23;7769.4
2026-07;Левітана;Піца Кампаро;03131;Б_Каппи_Пицца;5;1447.4
2026-07;Левітана;Піца Курка та гриби;02177;Б_Каппи_Пицца;33;11989
2026-07;Левітана;Піца М'ясна;02102;Б_Каппи_Пицца;89;32665.9
2026-07;Левітана;Піца Маргарита;02174;Б_Каппи_Пицца;29;8042.7
2026-07;Левітана;Піца Мексиканська ;03130;Б_Каппи_Пицца;15;4918.1
2026-07;Левітана;Піца Мисливська;02176;Б_Каппи_Пицца;37;10907.4
2026-07;Левітана;Піца Морська ;03264;Б_Каппи_Пицца;42;17016.3
2026-07;Левітана;Піца Океанія;02099;Б_Каппи_Пицца;14;6269.5
2026-07;Левітана;Піца Пепероні;02172;Б_Каппи_Пицца;78;24167.5
2026-07;Левітана;Піца Пепероні Блу Чіз;02119;Б_Каппи_Пицца;30;10977.4
2026-07;Левітана;Піца Селянська;03258;Б_Каппи_Пицца;21;6820.7
2026-07;Левітана;Піца Том Ям;02978;Б_Каппи_Пицца;15;6666.6
2026-07;Левітана;Піца Чізбургер;02977;Б_Каппи_Пицца;33;11229.4
2026-07;Левітана;Піца з креветками та ананасом ;03256;Б_Каппи_Пицца;20;9192.4
2026-07;Левітана;Піца з креветками та брі;02911;Б_Каппи_Пицца;17;7757.9
2026-07;Левітана;Піца з прошуто та трюфелем ;03257;Б_Каппи_Пицца;21;6935.5
2026-07;Левітана;Піца з прошутто;03133;Б_Каппи_Пицца;5;1962.5
2026-07;Левітана;Піца з прошутто та грушою ;03132;Б_Каппи_Пицца;13;5178.1
2026-07;Левітана;Рамен Том Ям;02606;Б_Каппи_Супы;23;8367
2026-07;Левітана;Рамен Традиційний;02601;Б_Каппи_Супы;12;2270.7
2026-07;Левітана;Рамен з куркою;03201;Б_Каппи_Супы;30;6739.1
2026-07;Левітана;Рамен з морепродуктами ;03200;Б_Каппи_Супы;13;3571.3
2026-07;Левітана;Рибна юшка з сьомгою;03302;Б_Каппи_Супы;10;2804.7
2026-07;Левітана;Рис з куркою Гострий;00855;Б_Каппи_WOK;24;5976.4
2026-07;Левітана;Рис з морепродуктами;03263;Б_Каппи_WOK;22;7772.5
2026-07;Левітана;Рол Пасаж;02168;Б_Каппи_Роллы;16;5443.1
2026-07;Левітана;Рол з креветкою, полуницею та мигдалем КЦ;03339;Б_Каппи_Акции;1;375
2026-07;Левітана;Рол-Дог з Креветкою;01787;Б_Каппи_Темпура ролл;31;11024.4
2026-07;Левітана;Рол-Дог з Лососем;01788;Б_Каппи_Темпура ролл;13;4163.2
2026-07;Левітана;Садочок Сік Мультивітамін 0.2 л.;03275;Б_Общее_Напитки;1;45
2026-07;Левітана;Садочок сік Нектар Яблуко та Виноград (білий)  0.2 л.;03276;Б_Общее_Напитки;7;282.9
2026-07;Левітана;Сакайо;03128;Б_Каппи_Роллы;18;8701.8
2026-07;Левітана;Салат Чука-Вакаме;00602;Б_Каппи_Салати;31;6919.3
2026-07;Левітана;Салат з вугрем ;03252;Б_Каппи_Салати;10;3885.9
2026-07;Левітана;Салат з прошуто;03253;Б_Каппи_Салати;2;701.2
2026-07;Левітана;Салмон в боніто ;00538;Б_Каппи_Роллы;7;1529.1
2026-07;Левітана;Санрайз;03236;Б_Каппи_Роллы;17;8530.4
2026-07;Левітана;Сенкай;03022;Б_Каппи_Премиум ролл;13;7397.5
2026-07;Левітана;Сервісний збір_Glovo;01934;Б_Каппи_Glovo;89;2587.6
2026-07;Левітана;Сет «Конституція»;03344;Б_Каппи_Сет;7;9535.3
2026-07;Левітана;Сет Липень;03346;Б_Каппи_Сет;61;73376.5
2026-07;Левітана;Спайсі Вулкан;02113;Б_Каппи_Роллы;11;4510.6
2026-07;Левітана;Спрінг рол з крабом;03353;Б_Каппі_Спрінг рол;6;976
2026-07;Левітана;Спрінг рол з креветкою;03352;Б_Каппі_Спрінг рол;17;3018.6
2026-07;Левітана;Спрінг рол з лососем;03351;Б_Каппі_Спрінг рол;19;3394.3
2026-07;Левітана;Спрінг рол з тунцем;03354;Б_Каппі_Спрінг рол;8;1456
2026-07;Левітана;Супер Комбо;02181;Б_Каппи_Акции;2;1898.1
2026-07;Левітана;Суші бургер з Креветкой;02943;Б_Каппи_Бургер;92;33114.9
2026-07;Левітана;Суші бургер з Лососем;02944;Б_Каппи_Бургер;94;35588.1
2026-07;Левітана;"Суші-трайфл ""Манго з лососем""";03324;Б_Суші_трайфл;13;4402.2
2026-07;Левітана;Суші-трайфл з креветкою та мигдалем;03326;Б_Суші_трайфл;8;2726.4
2026-07;Левітана;Суші-трайфл з креветкою та мигдалем КЦ;03336;Б_Каппи_Акции;1;365
2026-07;Левітана;Суші-трайфл з тунцем;03325;Б_Суші_трайфл;8;2710.7
2026-07;Левітана;Сушіріто з креветкою ;03018;Б_Каппи_Суширито;22;4980.5
2026-07;Левітана;Сушіріто з куркою;03019;Б_Каппи_Суширито;12;2633.1
2026-07;Левітана;Сушіріто з лососем;03020;Б_Каппи_Суширито;34;9145.6
2026-07;Левітана;Сушіріто з полуницею та лососем;03342;Б_Сезонные блюда;9;2165.7
2026-07;Левітана;ТОП сет;00362;Б_Каппи_Сет;35;52215
2026-07;Левітана;Тайський суп з сьомгою та креветками;03303;Б_Каппи_Супы;21;7737.6
2026-07;Левітана;Тайфун;03024;Б_Каппи_Темпура ролл;22;10461.8
2026-07;Левітана;Темпура вулкан з креветкою;03167;Б_Каппи_Темпура ролл;19;7222.2
2026-07;Левітана;Темпура вулкан з лососем;03166;Б_Каппи_Темпура ролл;34;11655.6
2026-07;Левітана;Темпура сет;00559;Б_Каппи_Сет;47;53156.6
2026-07;Левітана;Темпура-суширіто з крабом;03193;Б_Каппи_Суширито;27;7227.6
2026-07;Левітана;Темпура-суширіто мікс;03194;Б_Каппи_Суширито;37;12457.1
2026-07;Левітана;Теплий сет;02712;Б_Каппи_Сет;80;62740
2026-07;Левітана;Том Ям;02597;Б_Каппи_Супы;49;18518.3
2026-07;Левітана;Тропік ;01862;Б_Каппи_Роллы;24;7565.6
2026-07;Левітана;Тропікана;03014;Б_Каппи_Роллы;13;5419.3
2026-07;Левітана;Тропічний Вулкан;02112;Б_Каппи_Роллы;13;4861.4
2026-07;Левітана;Тропічний лосось з полуницею;03328;Б_Сезонные блюда;7;2611
2026-07;Левітана;Трюфель мікс;03231;Б_Каппи_Роллы;5;1998.8
2026-07;Левітана;Тунець з полуничним тартаром;03330;Б_Сезонные блюда;1;347
2026-07;Левітана;Удон з креветками;01813;Б_Каппи_WOK;24;7594.3
2026-07;Левітана;Удон з куркою Теріякі;00856;Б_Каппи_WOK;38;10458.8
2026-07;Левітана;Умі;03243;Б_Каппи_Роллы;15;7194.6
2026-07;Левітана;Унагамі;03011;Б_Каппи_Роллы;5;2297.8
2026-07;Левітана;Ф'южн;03155;Б_Каппи_Роллы;14;5032
2026-07;Левітана;Фудзі темпура;00911;Б_Каппи_Темпура ролл;37;12934.1
2026-07;Левітана;Фунчоза з куркою;03164;Б_Каппи_WOK;8;2481
2026-07;Левітана;Фунчоза з морепродуктами;03165;Б_Каппи_WOK;25;8630.3
2026-07;Левітана;Філа Ланч;02706;Б_Каппи_Акции;19;9080.6
2026-07;Левітана;Філа Фест сет;03347;Б_Сезонные блюда;24;32956.2
2026-07;Левітана;Філадельфія;00168;Б_Каппи_Роллы;234;84182
2026-07;Левітана;Філадельфія Класік;00459;Б_Каппи_Роллы;128;38404.9
2026-07;Левітана;Філадельфія Преміум;00611;Б_Каппи_Роллы;106;44147.7
2026-07;Левітана;Філадельфія з креветкою;02798;Б_Каппи_Роллы;60;25227
2026-07;Левітана;Філадельфія з манго;00612;Б_Каппи_Роллы;24;7511
2026-07;Левітана;Філадельфія з полуницею;03327;Б_Сезонные блюда;16;5717.2
2026-07;Левітана;Філадельфія з тунцем;00516;Б_Каппи_Роллы;19;7367.3
2026-07;Левітана;Хікарі сет;03232;Б_Каппи_Сет;13;14181
2026-07;Левітана;Цезар з куркою;02803;Б_Каппи_Салати;18;4768.1
2026-07;Левітана;Цезар з лососем;02992;Б_Каппи_Салати;3;1010.8
2026-07;Левітана;Чорний Дракон;00170;Б_Каппи_Роллы;19;8215.7
2026-07;Левітана;Чізі Креветка;01113;Б_Каппи_Роллы;49;13866.9
2026-07;Левітана;Чікен Чіз;03229;Б_Каппи_Роллы;14;4206.7
2026-07;Левітана;Юме сет;02818;Б_Каппи_Сет;12;13135.4
2026-07;Левітана;Які Ебі Манго;02946;Б_Каппи_Запеч_Роллы;32;11097.2
2026-07;Левітана;Які Салмон;02950;Б_Каппи_Запеч_Роллы;20;7613.7
2026-07;Левітана;Які Спайсі Краб;02949;Б_Каппи_Запеч_Роллы;41;12801
2026-07;Левітана;Які Туна ;02942;Б_Каппи_Запеч_Роллы;27;9953.5
2026-07;Левітана;Які Унагі;02945;Б_Каппи_Запеч_Роллы;43;16123.5
2026-07;Левітана;Яєчна з куркою та креветками;01815;Б_Каппи_WOK;16;5543.7
2026-07;Левітана;Яєчна з морепродуктами;00859;Б_Каппи_WOK;30;9784
2026-08;Лазарева;.Гарного дня!;00944;Б_Прочие позиции;1795;0
2026-08;Лазарева;7-up 0,33 л.;03282;Б_Общее_Напитки;4;180.5
2026-08;Лазарева;7-up 0,5 л.;03281;Б_Общее_Напитки;4;175
2026-08;Лазарева;Affinity сет;03015;Б_Каппи_Сет;12;14438.7
2026-08;Лазарева;Cappiroll;00583;Б_Каппи_Роллы;53;23088.8
2026-08;Лазарева;Cappizza;02173;Б_Каппи_Пицца;26;8980.6
2026-08;Лазарева;Flame лосось з креветкою;03368;Б_Каппи_Роллы;2;998
2026-08;Лазарева;G Доставка;00984;Б_Каппи_Glovo;239;11950
2026-08;Лазарева;GC_Доставка 0 грн;02503;Б_Глово_Модификаторы;17;0
2026-08;Лазарева;Glovo <800 ;03025;;13;1300
2026-08;Лазарева;L`amour Сет;01729;Б_Каппи_Сет;7;8190.7
2026-08;Лазарева;Lipton Зелений чай 0,5 л.;03287;Б_Общее_Напитки;6;370
2026-08;Лазарева;Lipton Чорний чай Лимон 0,5 л.;03288;Б_Общее_Напитки;1;74
2026-08;Лазарева;MOVA світле пиво безалкогольне 0.33 л.;03046;Б_Общее_Напитки;7;639.1
2026-08;Лазарева;MOVA темне пиво безалкогольне 0,33 л.;03047;Б_Общее_Напитки;2;198
2026-08;Лазарева;Mirinda Free 0,33 л.;03284;Б_Общее_Напитки;2;96
2026-08;Лазарева;Mirinda Free 0,5 л.;03283;Б_Общее_Напитки;7;350
2026-08;Лазарева;One Love;03237;Б_Каппи_Сет;6;7345.4
2026-08;Лазарева;Pepsi Black 0,33 л.;03286;Б_Общее_Напитки;9;400.1
2026-08;Лазарева;Pepsi Black 0,5 л.;03280;Б_Общее_Напитки;37;1729.5
2026-08;Лазарева;Pepsi Cola 0,33 л.;03285;Б_Общее_Напитки;3;115
2026-08;Лазарева;Pepsi Cola 0,5 л.;03279;Б_Общее_Напитки;51;2569.5
2026-08;Лазарева;Rich 1 л Яблуко;03079;Б_Каппи_Glovo;2;124.3
2026-08;Лазарева;Sandora Сицилійський червоний апельсин 0,95 л.;03271;Б_Общее_Напитки;26;1755
2026-08;Лазарева;Sandora Сік Томат-Сіль 0.95л ;03272;Б_Общее_Напитки;7;845
2026-08;Лазарева;Sandora Сік Яблуко 0.95 л.;03274;Б_Общее_Напитки;22;1738
2026-08;Лазарева;Sandora сік  Мультивітамін 0,95 л.;03273;Б_Общее_Напитки;29;2208.2
2026-08;Лазарева;Імператор;00892;Б_Каппи_Роллы;23;10715.9
2026-08;Лазарева;Акаї;03023;Б_Каппи_Премиум ролл;24;13207.5
2026-08;Лазарева;Акіра;03217;Б_Каппи_Премиум ролл;13;7058.1
2026-08;Лазарева;Амаі;03218;Б_Каппи_Премиум ролл;5;2764.4
2026-08;Лазарева;Аморе;02781;Б_Каппи_Роллы;30;12367.6
2026-08;Лазарева;Антикризовий сет;00578;Б_Каппи_Сет;65;44971
2026-08;Лазарева;Аурум ;03157;Б_Каппи_Роллы;7;2130.4
2026-08;Лазарева;Банзай ;00528;Б_Каппи_Темпура ролл;141;54034.6
2026-08;Лазарева;Бао бургер з крабом;02966;Б_Каппи_БАО;12;3043.2
2026-08;Лазарева;Бао бургер з креветкою;02967;Б_Каппи_БАО;10;3345.1
2026-08;Лазарева;Бао бургер з лососем;02968;Б_Каппи_БАО;10;3367.1
2026-08;Лазарева;Без приборів!;01593;Б_Прочие позиции;71;0
2026-08;Лазарева;Боніто з лососем;00154;Б_Каппи_Роллы;15;4496.2
2026-08;Лазарева;Боул Дабл Фіш;01886;Б_Каппи_Боул;18;6833
2026-08;Лазарева;Боул Філадельфія;01887;Б_Каппи_Боул;17;6255.2
2026-08;Лазарева;Боул з Лососем;01890;Б_Каппи_Боул;11;4044.1
2026-08;Лазарева;Боул з креветкою;03168;Б_Каппи_Боул;15;5326.1
2026-08;Лазарева;Боул з тунцем;03250;Б_Каппи_Боул;7;2793
2026-08;Лазарева;Боул мікс;03251;Б_Каппи_Боул;12;3778.3
2026-08;Лазарева;Вершкова креветка;00775;Б_Каппи_Роллы;105;24649.1
2026-08;Лазарева;Веселка;00509;Б_Каппи_Роллы;56;24043.5
2026-08;Лазарева;Весняний Сет;01844;Б_Каппи_Сет;24;23253.2
2026-08;Лазарева;Вулкан Карі;03144;Б_Каппи_Роллы;10;4966.1
2026-08;Лазарева;Вулкан з креветкою;02799;Б_Каппи_Роллы;29;9765.8
2026-08;Лазарева;Д Імбир Cappi 30 гр.;01049;Б_Каппи_Добавки;160;2817
2026-08;Лазарева;Д Васабі Cappi 7,5 гр.;01050;Б_Каппи_Добавки;175;2534.2
2026-08;Лазарева;Д Набір №1 (Соев.-1шт.,Імб.-1шт.,Вас.-1шт.);01916;Б_Каппи_Добавки;355;0
2026-08;Лазарева;Д Набір №2 (Соев.-2шт.,Імб.-1шт.,Вас.-1шт.);01917;Б_Каппи_Добавки;317;0
2026-08;Лазарева;Д Набір №3 (Соев.-3шт.,Імб.-2шт.,Вас.-1шт.);01918;Б_Каппи_Добавки;328;0
2026-08;Лазарева;Д Набір №4 (Соев.-4шт.,Імб.-2шт.,Вас.-2шт.);01919;Б_Каппи_Добавки;496;0
2026-08;Лазарева;Д Соус Часниковий;01323;Б_Каппи_Добавки;11;337.6
2026-08;Лазарева;Д Соус Ширачи 10г;02596;Б_Каппи_Добавки;2;42
2026-08;Лазарева;Д Соус соєвий Cappi 50 гр.;00695;Б_Каппи_Добавки;70;1243.4
2026-08;Лазарева;Д Соус унагі 20 гр.;00728;Б_Каппи_Добавки;6;169.7
2026-08;Лазарева;Д Спайсі соус 10 гр.;02929;Б_Каппи_Добавки;4;62
2026-08;Лазарева;Д_Огірок 20 гр;03100;Б_Каппи_Добавки;1;19.8
2026-08;Лазарева;ДОВОЗ;03363;;1;0
2026-08;Лазарева;Дабл Тартар;02780;Б_Каппи_Роллы;40;16291.5
2026-08;Лазарева;Десерт Кокос;03375;Т_Десерты;3;690.6
2026-08;Лазарева;Десерт Смородина;03371;Т_Десерты;5;1401.9
2026-08;Лазарева;Десерт манго;03373;Т_Десерты;5;1391.8
2026-08;Лазарева;Джаз;01109;Б_Каппи_Роллы;16;4112.5
2026-08;Лазарева;Дзен сет;01128;Б_Каппи_Сет;28;29720
2026-08;Лазарева;Доставка (зелена);00829;Б_Прочие позиции;14;739.8
2026-08;Лазарева;Доставка (помаранчева);01235;Б_Прочие позиции;15;796.1
2026-08;Лазарева;Доставка (рожева);03017;Б_Прочие позиции;1;169.7
2026-08;Лазарева;Доставка (синя);01051;Б_Прочие позиции;3;187.6
2026-08;Лазарева;Доставка (фіолетова);03016;Б_Прочие позиции;19;2150.2
2026-08;Лазарева;Ебі Грін;01790;Б_Каппи_Роллы;9;2866
2026-08;Лазарева;Ебі сет;02710;Б_Каппи_Сет;62;80639.8
2026-08;Лазарева;Ебі темпура;02986;Б_Каппи_Закуски;45;12412.1
2026-08;Лазарева;Ейфорія;03242;Б_Каппи_Роллы;7;2759.6
2026-08;Лазарева;Замовлення з додатку;03198;;1;0
2026-08;Лазарева;Заміна інгрідієнта;02139;Б_Прочие позиции;1;27.9
2026-08;Лазарева;Зелений Дракон;00156;Б_Каппи_Роллы;12;6071.1
2026-08;Лазарева;Каліфорнія ;00774;Б_Каппи_Роллы;31;11111.4
2026-08;Лазарева;Каліфорнія Мікс;00653;Б_Каппи_Роллы;27;11239.1
2026-08;Лазарева;Каліфорнія з креветкою;00654;Б_Каппи_Роллы;19;7514.4
2026-08;Лазарева;Камамбер фрі;03093;Б_Каппи_Закуски;14;4270.7
2026-08;Лазарева;Камертон;00960;Б_Каппи_Роллы;21;8823.9
2026-08;Лазарева;Карпатська джерельна 0,5 л. б/г;03277;Б_Общее_Напитки;2;67.5
2026-08;Лазарева;Карпатська джерельна 0,5 л. сл/г;03278;Б_Общее_Напитки;3;67.4
2026-08;Лазарева;Класика вдвох;02988;Б_Каппи_Акции;11;6180.3
2026-08;Лазарева;Комбо #2;02179;Б_Каппи_Акции;3;3672
2026-08;Лазарева;Комбо #3;02180;Б_Каппи_Акции;4;3988.3
2026-08;Лазарева;Комбо боул Тріо;03261;Б_Каппи_Акции;1;1047.2
2026-08;Лазарева;Комбо боул дуо;03260;Б_Каппи_Акции;6;4175
2026-08;Лазарева;Комбуча  WILD каркаде 0,33 л.;03185;Б_Общее_Напитки;4;392.1
2026-08;Лазарева;Комбуча  WILD класична 0,33 л.;03186;Б_Общее_Напитки;11;1017.8
2026-08;Лазарева;Комбуча WILD Цитрус 0,33 л;03300;Б_Общее_Напитки;8;742.5
2026-08;Лазарева;Комбуча WILD класична 0,33 л.;03175;Б_Общее_Напитки;1;75.1
2026-08;Лазарева;Компенсація за негоду;02771;;18;339.9
2026-08;Лазарева;Крамія Екзотік;03374;Т_Десерты;5;1434.2
2026-08;Лазарева;Креветка в кунжуті;00511;Б_Каппи_Роллы;35;11236.4
2026-08;Лазарева;Креветка в темпурі;00533;Б_Каппи_Темпура ролл;88;30003
2026-08;Лазарева;Курка в Кисло-солодкому;01825;Б_Каппи_WOK;6;1662.8
2026-08;Лазарева;Курортний;02169;Б_Каппи_Роллы;5;1422.1
2026-08;Лазарева;Кімурай;03012;Б_Каппи_Роллы;30;12338.4
2026-08;Лазарева;Лимонад 0,5 л.;02057;Б_Общее_Напитки;46;3186.3
2026-08;Лазарева;Листівка до ДН;02061;Б_Прочие позиции;6;0
2026-08;Лазарева;Логістичний збір;02770;;1166;38613.9
2026-08;Лазарева;Лосось Пад Тай;02116;Б_Каппи_Роллы;37;13349.4
2026-08;Лазарева;Лосось в темпурі;00534;Б_Каппи_Темпура ролл;19;5584
2026-08;Лазарева;Лосось сет;00517;Б_Каппи_Сет;42;45605.4
2026-08;Лазарева;М Авокадо 20 г;02133;Б_Каппи_Модификаторы;1;41
2026-08;Лазарева;М Ананас 30 г;03290;Б_Каппи_Модификаторы;12;180
2026-08;Лазарева;М Балик 100 г;01204;Б_Каппи_Модификаторы;13;692.3
2026-08;Лазарева;М Бекон 30 г;03294;Б_Каппи_Модификаторы;1;29
2026-08;Лазарева;М Вершковий сир 20 г;02126;Б_Каппи_Модификаторы;7;114.8
2026-08;Лазарева;М Горіховий соус 20 г;01651;Б_Каппи_Модификаторы;13;396.1
2026-08;Лазарева;М Гриби 50 г;01194;Б_Каппи_Модификаторы;15;335.7
2026-08;Лазарева;М Кальмар 20 г;02136;Б_Каппи_Модификаторы;14;512.4
2026-08;Лазарева;М Краб 30 г;03297;Б_Каппи_Модификаторы;5;137.1
2026-08;Лазарева;М Креветка 2 шт.;02123;Б_Каппи_Модификаторы;11;432.6
2026-08;Лазарева;М Креветка 2 шт.;02135;Б_Каппи_Модификаторы;11;553.3
2026-08;Лазарева;М Кукурудза с/м 30 г;03292;Б_Каппи_Модификаторы;3;55.8
2026-08;Лазарева;М Курка 20 г;02131;Б_Каппи_Модификаторы;8;481.2
2026-08;Лазарева;М Куряче філе 60 г;01195;Б_Каппи_Модификаторы;16;675.1
2026-08;Лазарева;М Лосось 20 г;02122;Б_Каппи_Модификаторы;2;102
2026-08;Лазарева;М Маслини 20 г;01196;Б_Каппи_Модификаторы;9;322.6
2026-08;Лазарева;М Мисливські ковбаски 30 г;03293;Б_Каппи_Модификаторы;9;191
2026-08;Лазарева;М Моцарела 100 г;01201;Б_Каппи_Модификаторы;12;686.8
2026-08;Лазарева;М Мідії 20 г;02137;Б_Каппи_Модификаторы;8;296
2026-08;Лазарева;М Пармезан 20 г;01193;Б_Каппи_Модификаторы;11;475.3
2026-08;Лазарева;М Пепероні 50 г;01200;Б_Каппи_Модификаторы;4;268
2026-08;Лазарева;М Перець болгарський 40 г;01197;Б_Каппи_Модификаторы;1;31
2026-08;Лазарева;М Помідори 40 г;01199;Б_Каппи_Модификаторы;11;339.5
2026-08;Лазарева;М Сир тостовий 30 г;03295;Б_Каппи_Модификаторы;1;29
2026-08;Лазарева;М Соус Барбекю 1 шт.;01202;Б_Каппи_Модификаторы;8;239.6
2026-08;Лазарева;М Соус Пад Тай 10 г;02127;Б_Каппи_Модификаторы;8;113.2
2026-08;Лазарева;М Соус Пад Тай 10 г;03122;Б_Каппи_Модификаторы;1;15
2026-08;Лазарева;М Соус Соєвий порц.;02728;Б_Каппи_Модификаторы;17;286.2
2026-08;Лазарева;М Соус Теріякі 10 г;02130;Б_Каппи_Модификаторы;11;181.7
2026-08;Лазарева;М Соус Унагі 20 г;01650;Б_Каппи_Модификаторы;25;752.6
2026-08;Лазарева;М Соус Часниковий 1 шт.;01648;Б_Каппи_Модификаторы;14;428.9
2026-08;Лазарева;М Соус Шірачі 5 г;02129;Б_Каппи_Модификаторы;13;120.9
2026-08;Лазарева;М Спайсі соус 10 г;02128;Б_Каппи_Модификаторы;39;633.5
2026-08;Лазарева;М Спайсі соус 10 г;03119;Б_Каппи_Модификаторы;1;17
2026-08;Лазарева;М Тунець 20 г;02124;Б_Каппи_Модификаторы;1;57
2026-08;Лазарева;М Халапеньйо 15 г;01198;Б_Каппи_Модификаторы;7;122.2
2026-08;Лазарева;Макі Вугор;00161;Б_Каппи_Роллы;24;5661.1
2026-08;Лазарева;Макі Лосось;00159;Б_Каппи_Роллы;40;7888.8
2026-08;Лазарева;Макі Огірок ;00506;Б_Каппи_Роллы;34;3859.2
2026-08;Лазарева;Макі Сирний;00504;Б_Каппи_Роллы;21;2319.1
2026-08;Лазарева;Макі Чука ;00507;Б_Каппи_Роллы;28;3351.4
2026-08;Лазарева;Монако;00636;Б_Каппи_Роллы;17;7924.8
2026-08;Лазарева;Морс Ягідний 0,5 л.;02697;Б_Общее_Напитки;71;5134.2
2026-08;Лазарева;Моршинська слаб.газ. 0,5 л.;00584;Б_Общее_Напитки;1;24.5
2026-08;Лазарева;Мочі Полуниця;02618;Т_Десерты;9;1166.5
2026-08;Лазарева;Мочі малина;02026;Т_Десерты;9;1265.6
2026-08;Лазарева;Мочі смородина ;03161;Т_Десерты;11;1595
2026-08;Лазарева;Мочі фісташка-халва;03162;Т_Десерты;9;1196.3
2026-08;Лазарева;Мідорі;03021;Б_Каппи_Премиум ролл;4;2212.1
2026-08;Лазарева;Місо з тофу;00708;Б_Каппи_Супы;5;893
2026-08;Лазарева;Навчальні палички;01021;Б_Прочие позиции;137;0
2026-08;Лазарева;Нагетси;03207;Б_Каппи_Закуски;20;3547.4
2026-08;Лазарева;Нью-Йорк ;02915;Б_Каппи_Роллы;50;24016.3
2026-08;Лазарева;Одеський сет;02170;Б_Каппи_Сет;63;46997.2
2026-08;Лазарева;Ойши сет;02819;Б_Каппи_Сет;8;8766.6
2026-08;Лазарева;Окрошка з креветкою;03357;;9;2571.7
2026-08;Лазарева;Окрошка з куркою;03356;;7;1899.5
2026-08;Лазарева;Оксамитове зерно;03372;Т_Десерты;4;1122
2026-08;Лазарева;Окінава;03235;Б_Каппи_Роллы;4;1322.7
2026-08;Лазарева;Онігірі з крабом;03222;Онігірі;14;2036.8
2026-08;Лазарева;Онігірі з креветкою;03225;Онігірі;16;2805.2
2026-08;Лазарева;Онігірі з лососем;03223;Онігірі;6;1122.3
2026-08;Лазарева;Онігірі з тунцем;03224;Онігірі;4;874.2
2026-08;Лазарева;Опен-фуд;02927;;2192;2178.1
2026-08;Лазарева;Осака;00589;Б_Каппи_Роллы;41;15060.7
2026-08;Лазарева;Париж;00657;Б_Каппи_Роллы;22;9884.2
2026-08;Лазарева;Пересип +;03045;;77;0
2026-08;Лазарева;Преміум Креветка;00652;Б_Каппи_Роллы;16;7605.5
2026-08;Лазарева;Преміум сет;00658;Б_Каппи_Сет;19;33139.7
2026-08;Лазарева;Пікантний краб;00531;Б_Каппи_Темпура ролл;17;4915.6
2026-08;Лазарева;Пікантний лосось ;00532;Б_Каппи_Темпура ролл;22;6392.4
2026-08;Лазарева;Піца 4 сезони;02101;Б_Каппи_Пицца;3;1242
2026-08;Лазарева;Піца 4 сири;02118;Б_Каппи_Пицца;66;21523.2
2026-08;Лазарева;Піца Амерікано;02111;Б_Каппи_Пицца;15;4232.3
2026-08;Лазарева;Піца Гавайська;02104;Б_Каппи_Пицца;33;8976.3
2026-08;Лазарева;Піца Груша Дор Блю;02175;Б_Каппи_Пицца;24;7622.7
2026-08;Лазарева;Піца Кампаро;03131;Б_Каппи_Пицца;14;4098.3
2026-08;Лазарева;Піца Курка та гриби;02177;Б_Каппи_Пицца;45;16144
2026-08;Лазарева;Піца М'ясна;02102;Б_Каппи_Пицца;65;24320.9
2026-08;Лазарева;Піца Маргарита;02174;Б_Каппи_Пицца;21;5510
2026-08;Лазарева;Піца Мексиканська ;03130;Б_Каппи_Пицца;11;3041.5
2026-08;Лазарева;Піца Мисливська;02176;Б_Каппи_Пицца;42;11880.9
2026-08;Лазарева;Піца Морська ;03264;Б_Каппи_Пицца;27;11403.4
2026-08;Лазарева;Піца Океанія;02099;Б_Каппи_Пицца;6;2608.3
2026-08;Лазарева;Піца Пепероні;02172;Б_Каппи_Пицца;26;7646.6
2026-08;Лазарева;Піца Пепероні Блу Чіз;02119;Б_Каппи_Пицца;12;4157.9
2026-08;Лазарева;Піца Селянська;03258;Б_Каппи_Пицца;24;5793.2
2026-08;Лазарева;Піца Том Ям;02978;Б_Каппи_Пицца;9;3926.6
2026-08;Лазарева;Піца Чізбургер;02977;Б_Каппи_Пицца;21;7190.6
2026-08;Лазарева;Піца з креветками та ананасом ;03256;Б_Каппи_Пицца;14;6159.1
2026-08;Лазарева;Піца з креветками та брі;02911;Б_Каппи_Пицца;16;7147.5
2026-08;Лазарева;Піца з лососем та фетою;03367;Б_Каппи_Пицца;5;2160.6
2026-08;Лазарева;Піца з прошуто та трюфелем ;03257;Б_Каппи_Пицца;30;8892.6
2026-08;Лазарева;Піца з прошутто;03133;Б_Каппи_Пицца;7;2668.4
2026-08;Лазарева;Піца з прошутто та грушою ;03132;Б_Каппи_Пицца;8;3292
2026-08;Лазарева;Рамен Том Ям;02606;Б_Каппи_Супы;20;7555.1
2026-08;Лазарева;Рамен Традиційний;02601;Б_Каппи_Супы;7;1217.6
2026-08;Лазарева;Рамен з куркою;03201;Б_Каппи_Супы;15;3466.6
2026-08;Лазарева;Рамен з морепродуктами ;03200;Б_Каппи_Супы;7;1860.4
2026-08;Лазарева;Рибна юшка з сьомгою;03302;Б_Каппи_Супы;37;10183.6
2026-08;Лазарева;Рис з куркою Гострий;00855;Б_Каппи_WOK;14;3606.3
2026-08;Лазарева;Рис з морепродуктами;03263;Б_Каппи_WOK;15;4912.7
2026-08;Лазарева;Рол Пасаж;02168;Б_Каппи_Роллы;13;4633.4
2026-08;Лазарева;Рол-Дог з Креветкою;01787;Б_Каппи_Темпура ролл;10;3248.7
2026-08;Лазарева;Рол-Дог з Лососем;01788;Б_Каппи_Темпура ролл;7;2355.7
2026-08;Лазарева;Садочок Сік Мультивітамін 0.2 л.;03275;Б_Общее_Напитки;2;67.5
2026-08;Лазарева;Садочок сік Нектар Яблуко та Виноград (білий)  0.2 л.;03276;Б_Общее_Напитки;1;22.5
2026-08;Лазарева;Сакайо;03128;Б_Каппи_Роллы;7;3337.4
2026-08;Лазарева;Салат Чука-Вакаме;00602;Б_Каппи_Салати;14;3249.8
2026-08;Лазарева;Салат з вугрем ;03252;Б_Каппи_Салати;4;1483.7
2026-08;Лазарева;Салат з прошуто;03253;Б_Каппи_Салати;2;727.5
2026-08;Лазарева;Салмон в боніто ;00538;Б_Каппи_Роллы;2;384
2026-08;Лазарева;Санрайз;03236;Б_Каппи_Роллы;8;3797.3
2026-08;Лазарева;Сенкай;03022;Б_Каппи_Премиум ролл;14;7568.5
2026-08;Лазарева;Сервісний збір_Glovo;01934;Б_Каппи_Glovo;63;2572.8
2026-08;Лазарева;"Сет ""Незалежність""";03370;Б_Каппи_Сет;11;18860.2
2026-08;Лазарева;Сет Серпень;03362;Б_Каппи_Сет;55;82902.7
2026-08;Лазарева;Спайсі Вулкан;02113;Б_Каппи_Роллы;15;6211.6
2026-08;Лазарева;Спрінг рол з крабом;03353;Б_Каппі_Спрінг рол;29;4950.5
2026-08;Лазарева;Спрінг рол з креветкою;03352;Б_Каппі_Спрінг рол;60;10679
2026-08;Лазарева;Спрінг рол з куркою;03355;Б_Каппі_Спрінг рол;15;2219.4
2026-08;Лазарева;Спрінг рол з лососем;03351;Б_Каппі_Спрінг рол;73;12975.1
2026-08;Лазарева;Спрінг рол з тунцем;03354;Б_Каппі_Спрінг рол;22;4186.7
2026-08;Лазарева;Спрінг рол сет;03361;;21;17217.1
2026-08;Лазарева;Супер Комбо;02181;Б_Каппи_Акции;2;1998
2026-08;Лазарева;Суші бургер з Креветкой;02943;Б_Каппи_Бургер;63;23401.5
2026-08;Лазарева;Суші бургер з Лососем;02944;Б_Каппи_Бургер;64;23606
2026-08;Лазарева;"Суші-трайфл ""Манго з лососем""";03324;Б_Суші_трайфл;18;6322.3
2026-08;Лазарева;Суші-трайфл з креветкою та мигдалем;03326;Б_Суші_трайфл;12;4322.3
2026-08;Лазарева;Суші-трайфл з тунцем;03325;Б_Суші_трайфл;2;713.1
2026-08;Лазарева;Сушіріто з креветкою ;03018;Б_Каппи_Суширито;23;4697.6
2026-08;Лазарева;Сушіріто з куркою;03019;Б_Каппи_Суширито;6;1219.4
2026-08;Лазарева;Сушіріто з лососем;03020;Б_Каппи_Суширито;31;8376.3
2026-08;Лазарева;ТОП сет;00362;Б_Каппи_Сет;27;40650.6
2026-08;Лазарева;Тайський суп з сьомгою та креветками;03303;Б_Каппи_Супы;9;3466.9
2026-08;Лазарева;Тайфун;03024;Б_Каппи_Темпура ролл;15;7073
2026-08;Лазарева;Темпура вулкан з креветкою;03167;Б_Каппи_Темпура ролл;9;3468.1
2026-08;Лазарева;Темпура вулкан з лососем;03166;Б_Каппи_Темпура ролл;22;7310.1
2026-08;Лазарева;Темпура сет;00559;Б_Каппи_Сет;27;30780.9
2026-08;Лазарева;Темпура-суширіто з крабом;03193;Б_Каппи_Суширито;20;5439.8
2026-08;Лазарева;Темпура-суширіто мікс;03194;Б_Каппи_Суширито;40;12712.9
2026-08;Лазарева;Теплий сет;02712;Б_Каппи_Сет;75;59165.7
2026-08;Лазарева;Том Ям;02597;Б_Каппи_Супы;52;19638.4
2026-08;Лазарева;Тропік ;01862;Б_Каппи_Роллы;8;2729.9
2026-08;Лазарева;Тропікана;03014;Б_Каппи_Роллы;17;7013.8
2026-08;Лазарева;Тропічний Вулкан;02112;Б_Каппи_Роллы;10;3992.5
2026-08;Лазарева;Трюфель мікс;03231;Б_Каппи_Роллы;5;1823.9
2026-08;Лазарева;Удон з креветками;01813;Б_Каппи_WOK;14;5075.9
2026-08;Лазарева;Удон з куркою Теріякі;00856;Б_Каппи_WOK;20;5173.2
2026-08;Лазарева;Умі;03243;Б_Каппи_Роллы;10;4568.3
2026-08;Лазарева;Унагамі;03011;Б_Каппи_Роллы;1;473
2026-08;Лазарева;Ф'южн;03155;Б_Каппи_Роллы;13;4755
2026-08;Лазарева;Фудзі темпура;00911;Б_Каппи_Темпура ролл;29;10296.6
2026-08;Лазарева;Фунчоза з куркою;03164;Б_Каппи_WOK;25;7855.9
2026-08;Лазарева;Фунчоза з морепродуктами;03165;Б_Каппи_WOK;32;11021.5
2026-08;Лазарева;Філа Ланч;02706;Б_Каппи_Акции;16;7370.8
2026-08;Лазарева;Філа Фест сет;03347;Б_Сезонные блюда;8;9955.3
2026-08;Лазарева;Філадельфія;00168;Б_Каппи_Роллы;162;58651
2026-08;Лазарева;Філадельфія Класік;00459;Б_Каппи_Роллы;63;19129.2
2026-08;Лазарева;Філадельфія Преміум;00611;Б_Каппи_Роллы;69;29387.1
2026-08;Лазарева;Філадельфія з креветкою;02798;Б_Каппи_Роллы;35;14970.8
2026-08;Лазарева;Філадельфія з манго;00612;Б_Каппи_Роллы;25;8069.2
2026-08;Лазарева;Філадельфія з тунцем;00516;Б_Каппи_Роллы;15;5874.1
2026-08;Лазарева;Хікарі сет;03232;Б_Каппи_Сет;6;6538.9
2026-08;Лазарева;Цезар з куркою;02803;Б_Каппи_Салати;11;3159
2026-08;Лазарева;Цезар з лососем;02992;Б_Каппи_Салати;1;347
2026-08;Лазарева;Чорний Дракон;00170;Б_Каппи_Роллы;19;8592.5
2026-08;Лазарева;Чізі Креветка;01113;Б_Каппи_Роллы;22;6274
2026-08;Лазарева;Чікен Чіз;03229;Б_Каппи_Роллы;13;3816.2
2026-08;Лазарева;Юме сет;02818;Б_Каппи_Сет;6;6506.6
2026-08;Лазарева;Які Ебі Манго;02946;Б_Каппи_Запеч_Роллы;26;9417.8
2026-08;Лазарева;Які Салмон;02950;Б_Каппи_Запеч_Роллы;13;5123.3
2026-08;Лазарева;Які Спайсі Краб;02949;Б_Каппи_Запеч_Роллы;31;9649.1
2026-08;Лазарева;Які Туна ;02942;Б_Каппи_Запеч_Роллы;19;7147.9
2026-08;Лазарева;Які Унагі;02945;Б_Каппи_Запеч_Роллы;15;5220
2026-08;Лазарева;Яєчна з куркою та креветками;01815;Б_Каппи_WOK;18;6462.1
2026-08;Лазарева;Яєчна з морепродуктами;00859;Б_Каппи_WOK;14;5041.5
2026-08;Левітана;.Гарного дня!;00944;Б_Прочие позиции;2162;0
2026-08;Левітана;7-up 0,33 л.;03282;Б_Общее_Напитки;2;96
2026-08;Левітана;7-up 0,5 л.;03281;Б_Общее_Напитки;15;768.5
2026-08;Левітана;Affinity сет;03015;Б_Каппи_Сет;14;16907.3
2026-08;Левітана;Cappiroll;00583;Б_Каппи_Роллы;79;34196
2026-08;Левітана;Cappizza;02173;Б_Каппи_Пицца;26;8999.5
2026-08;Левітана;Flame лосось з креветкою;03368;Б_Каппи_Роллы;3;1497
2026-08;Левітана;G Доставка;00984;Б_Каппи_Glovo;261;13028.3
2026-08;Левітана;GC_Доставка 0 грн;02503;Б_Глово_Модификаторы;38;0
2026-08;Левітана;L`amour Сет;01729;Б_Каппи_Сет;10;11565.9
2026-08;Левітана;Lipton Зелений чай 0,5 л.;03287;Б_Общее_Напитки;28;1283.9
2026-08;Левітана;Lipton Чорний чай Лимон 0,5 л.;03288;Б_Общее_Напитки;20;880.3
2026-08;Левітана;MOVA світле пиво безалкогольне 0.33 л.;03046;Б_Общее_Напитки;7;627.1
2026-08;Левітана;MOVA темне пиво безалкогольне 0,33 л.;03047;Б_Общее_Напитки;5;468.9
2026-08;Левітана;Mirinda Free 0,33 л.;03284;Б_Общее_Напитки;3;128
2026-08;Левітана;Mirinda Free 0,5 л.;03283;Б_Общее_Напитки;8;455
2026-08;Левітана;One Love;03237;Б_Каппи_Сет;3;3712
2026-08;Левітана;Pepsi Black 0,33 л.;03286;Б_Общее_Напитки;7;210
2026-08;Левітана;Pepsi Black 0,5 л.;03280;Б_Общее_Напитки;32;1900.2
2026-08;Левітана;Pepsi Cola 0,33 л.;03285;Б_Общее_Напитки;4;166.3
2026-08;Левітана;Pepsi Cola 0,5 л.;03279;Б_Общее_Напитки;42;2393.1
2026-08;Левітана;Sandora Сицилійський червоний апельсин 0,95 л.;03271;Б_Общее_Напитки;8;772.6
2026-08;Левітана;Sandora Сицилійський червоний апельсин 0,95 л.БОРЩИК;03315;Б_Каппи_Glovo;1;65
2026-08;Левітана;Sandora Сік Томат-Сіль 0.95л ;03272;Б_Общее_Напитки;4;516.3
2026-08;Левітана;Sandora Сік Яблуко 0.95 л.;03274;Б_Общее_Напитки;8;954.2
2026-08;Левітана;Sandora сік  Мультивітамін 0,95 л.;03273;Б_Общее_Напитки;12;1403.8
2026-08;Левітана;Імператор;00892;Б_Каппи_Роллы;34;16117.1
2026-08;Левітана;Акаї;03023;Б_Каппи_Премиум ролл;20;10439.4
2026-08;Левітана;Акіра;03217;Б_Каппи_Премиум ролл;11;5869.4
2026-08;Левітана;Амаі;03218;Б_Каппи_Премиум ролл;6;3418.3
2026-08;Левітана;Аморе;02781;Б_Каппи_Роллы;45;18438.5
2026-08;Левітана;Антикризовий сет;00578;Б_Каппи_Сет;42;29287.7
2026-08;Левітана;Аурум ;03157;Б_Каппи_Роллы;11;3182.1
2026-08;Левітана;Банзай ;00528;Б_Каппи_Темпура ролл;177;68257.1
2026-08;Левітана;Бао бургер з крабом;02966;Б_Каппи_БАО;13;3468.2
2026-08;Левітана;Бао бургер з креветкою;02967;Б_Каппи_БАО;12;3953.1
2026-08;Левітана;Бао бургер з лососем;02968;Б_Каппи_БАО;17;5613.7
2026-08;Левітана;Без приборів!;01593;Б_Прочие позиции;82;0
2026-08;Левітана;Боніто з лососем;00154;Б_Каппи_Роллы;35;10952.1
2026-08;Левітана;Боул Дабл Фіш;01886;Б_Каппи_Боул;12;4138.4
2026-08;Левітана;Боул Філадельфія;01887;Б_Каппи_Боул;23;8621.1
2026-08;Левітана;Боул з Лососем;01890;Б_Каппи_Боул;14;5004.9
2026-08;Левітана;Боул з креветкою;03168;Б_Каппи_Боул;14;5424.1
2026-08;Левітана;Боул з тунцем;03250;Б_Каппи_Боул;7;2648
2026-08;Левітана;Боул мікс;03251;Б_Каппи_Боул;17;6509.3
2026-08;Левітана;Вершкова креветка;00775;Б_Каппи_Роллы;137;37968.3
2026-08;Левітана;Веселка;00509;Б_Каппи_Роллы;75;31138.6
2026-08;Левітана;Весняний Сет;01844;Б_Каппи_Сет;18;18117.1
2026-08;Левітана;Вулкан Карі;03144;Б_Каппи_Роллы;13;6350.4
2026-08;Левітана;Вулкан з креветкою;02799;Б_Каппи_Роллы;37;13314.1
2026-08;Левітана;Д Імбир Cappi 30 гр.;01049;Б_Каппи_Добавки;140;2438.6
2026-08;Левітана;Д Васабі Cappi 7,5 гр.;01050;Б_Каппи_Добавки;166;2359.4
2026-08;Левітана;Д Набір №1 (Соев.-1шт.,Імб.-1шт.,Вас.-1шт.);01916;Б_Каппи_Добавки;389;0
2026-08;Левітана;Д Набір №2 (Соев.-2шт.,Імб.-1шт.,Вас.-1шт.);01917;Б_Каппи_Добавки;364;0
2026-08;Левітана;Д Набір №3 (Соев.-3шт.,Імб.-2шт.,Вас.-1шт.);01918;Б_Каппи_Добавки;451;0
2026-08;Левітана;Д Набір №4 (Соев.-4шт.,Імб.-2шт.,Вас.-2шт.);01919;Б_Каппи_Добавки;618;0
2026-08;Левітана;Д Соус Барбекю;00501;Б_Каппи_Добавки;3;96
2026-08;Левітана;Д Соус Часниковий;01323;Б_Каппи_Добавки;13;394.8
2026-08;Левітана;Д Соус горіховий 20 гр.;00729;Б_Каппи_Добавки;4;116.5
2026-08;Левітана;Д Соус соєвий Cappi 50 гр.;00695;Б_Каппи_Добавки;56;994.3
2026-08;Левітана;Д Соус унагі 20 гр.;00728;Б_Каппи_Добавки;3;80
2026-08;Левітана;Д Спайсі соус 10 гр.;02929;Б_Каппи_Добавки;1;8.5
2026-08;Левітана;Д_Вершковий сир 20 г;03096;Б_Каппи_Добавки;1;14.1
2026-08;Левітана;Д_Креветка 2 шт;03098;Б_Каппи_Добавки;1;25.5
2026-08;Левітана;Д_Огірок 20 гр;03100;Б_Каппи_Добавки;1;27
2026-08;Левітана;ДОВОЗ;03363;;1;0
2026-08;Левітана;Дабл Тартар;02780;Б_Каппи_Роллы;44;18070.5
2026-08;Левітана;Десерт Кокос;03375;Т_Десерты;6;1690.9
2026-08;Левітана;Десерт Смородина;03371;Т_Десерты;4;1071.9
2026-08;Левітана;Десерт манго;03373;Т_Десерты;5;1423.2
2026-08;Левітана;Джаз;01109;Б_Каппи_Роллы;36;9135.1
2026-08;Левітана;Дзен сет;01128;Б_Каппи_Сет;32;33457.1
2026-08;Левітана;Доставка (зелена);00829;Б_Прочие позиции;20;1059.8
2026-08;Левітана;Доставка (помаранчева);01235;Б_Прочие позиции;8;509.1
2026-08;Левітана;Доставка (синя);01051;Б_Прочие позиции;1;71.1
2026-08;Левітана;Ебі Грін;01790;Б_Каппи_Роллы;11;3645.4
2026-08;Левітана;Ебі сет;02710;Б_Каппи_Сет;76;97406
2026-08;Левітана;Ебі темпура;02986;Б_Каппи_Закуски;45;12139.6
2026-08;Левітана;Ейфорія;03242;Б_Каппи_Роллы;9;3817.5
2026-08;Левітана;Замовлення з додатку;03198;;3;0
2026-08;Левітана;Заміна інгрідієнта;02139;Б_Прочие позиции;2;58.5
2026-08;Левітана;Зелений Дракон;00156;Б_Каппи_Роллы;13;6237.6
2026-08;Левітана;Имбирь порц 30 г.;01037;Т Соуса порционные;1;15
2026-08;Левітана;Каліфорнія ;00774;Б_Каппи_Роллы;46;16091
2026-08;Левітана;Каліфорнія Мікс;00653;Б_Каппи_Роллы;33;14060.7
2026-08;Левітана;Каліфорнія з креветкою;00654;Б_Каппи_Роллы;49;18509.2
2026-08;Левітана;Камамбер фрі;03093;Б_Каппи_Закуски;20;6232.8
2026-08;Левітана;Камертон;00960;Б_Каппи_Роллы;40;16676.2
2026-08;Левітана;Карпатська джерельна 0,5 л. б/г;03277;Б_Общее_Напитки;5;178.9
2026-08;Левітана;Карпатська джерельна 0,5 л. сл/г;03278;Б_Общее_Напитки;8;173.1
2026-08;Левітана;Класика вдвох;02988;Б_Каппи_Акции;3;1726.9
2026-08;Левітана;Кока-кола 0,5 л.;03246;Б_Общее_Напитки;2;126.9
2026-08;Левітана;Комбо #2;02179;Б_Каппи_Акции;3;2937.6
2026-08;Левітана;Комбо #3;02180;Б_Каппи_Акции;1;1014
2026-08;Левітана;Комбо боул Тріо;03261;Б_Каппи_Акции;2;2098
2026-08;Левітана;Комбо боул дуо;03260;Б_Каппи_Акции;4;2787.6
2026-08;Левітана;Комбуча  WILD каркаде 0,33 л.;03185;Б_Общее_Напитки;11;1074.9
2026-08;Левітана;Комбуча  WILD класична 0,33 л.;03186;Б_Общее_Напитки;12;1098.2
2026-08;Левітана;Комбуча WILD Цитрус 0,33 л;03300;Б_Общее_Напитки;12;1161.9
2026-08;Левітана;Комбуча WILD зелений чай 0,330 мл;03176;Б_Общее_Напитки;3;297
2026-08;Левітана;Компенсація за негоду;02771;;29;554.2
2026-08;Левітана;Крамія Екзотік;03374;Т_Десерты;5;1265.6
2026-08;Левітана;Креветка в кунжуті;00511;Б_Каппи_Роллы;57;18700.1
2026-08;Левітана;Креветка в темпурі;00533;Б_Каппи_Темпура ролл;98;34391.5
2026-08;Левітана;Курка в Кисло-солодкому;01825;Б_Каппи_WOK;20;4339.8
2026-08;Левітана;Курортний;02169;Б_Каппи_Роллы;6;1399
2026-08;Левітана;Кімурай;03012;Б_Каппи_Роллы;34;13842.1
2026-08;Левітана;Лимонад 0,5 л.;02057;Б_Общее_Напитки;38;3197.9
2026-08;Левітана;Листівка до ДН;02061;Б_Прочие позиции;10;0
2026-08;Левітана;Логістичний збір;02770;;1372;45747.1
2026-08;Левітана;Лосось Пад Тай;02116;Б_Каппи_Роллы;37;12989.1
2026-08;Левітана;Лосось в темпурі;00534;Б_Каппи_Темпура ролл;34;10006.2
2026-08;Левітана;Лосось сет;00517;Б_Каппи_Сет;38;40132.1
2026-08;Левітана;М Ананас 30 г;03290;Б_Каппи_Модификаторы;6;144
2026-08;Левітана;М Балик 100 г;01204;Б_Каппи_Модификаторы;4;262
2026-08;Левітана;М Бекон 30 г;03294;Б_Каппи_Модификаторы;4;116
2026-08;Левітана;М Вершковий сир 20 г;02126;Б_Каппи_Модификаторы;6;156.9
2026-08;Левітана;М Горіховий соус 20 г;01651;Б_Каппи_Модификаторы;17;502.7
2026-08;Левітана;М Гриби 50 г;01194;Б_Каппи_Модификаторы;10;255.2
2026-08;Левітана;М Груша 30 г;03296;Б_Каппи_Модификаторы;1;19
2026-08;Левітана;М Кальмар 20 г;02136;Б_Каппи_Модификаторы;12;419.5
2026-08;Левітана;М Краб 30 г;03297;Б_Каппи_Модификаторы;1;29
2026-08;Левітана;М Креветка 2 шт.;02123;Б_Каппи_Модификаторы;5;245.7
2026-08;Левітана;М Креветка 2 шт.;02135;Б_Каппи_Модификаторы;13;587.9
2026-08;Левітана;М Кукурудза с/м 30 г;03292;Б_Каппи_Модификаторы;4;69.2
2026-08;Левітана;М Курка 20 г;02131;Б_Каппи_Модификаторы;8;475.4
2026-08;Левітана;М Куряче філе 60 г;01195;Б_Каппи_Модификаторы;10;572.9
2026-08;Левітана;М Лосось 20 г;02122;Б_Каппи_Модификаторы;1;51
2026-08;Левітана;М Маслини 20 г;01196;Б_Каппи_Модификаторы;6;199.2
2026-08;Левітана;М Мисливські ковбаски 30 г;03293;Б_Каппи_Модификаторы;6;109.9
2026-08;Левітана;М Моцарела 100 г;01201;Б_Каппи_Модификаторы;9;381
2026-08;Левітана;М Пепероні 50 г;01200;Б_Каппи_Модификаторы;8;637.5
2026-08;Левітана;М Перець чилі 5 г;03291;Б_Каппи_Модификаторы;3;57
2026-08;Левітана;М Помідори 40 г;01199;Б_Каппи_Модификаторы;3;96
2026-08;Левітана;М Соус Барбекю 1 шт.;01202;Б_Каппи_Модификаторы;3;90.4
2026-08;Левітана;М Соус Пад Тай 10 г;02127;Б_Каппи_Модификаторы;7;105
2026-08;Левітана;М Соус Соєвий порц.;02728;Б_Каппи_Модификаторы;28;476
2026-08;Левітана;М Соус Теріякі 10 г;02130;Б_Каппи_Модификаторы;18;305.7
2026-08;Левітана;М Соус Теріякі 10 г;03121;Б_Каппи_Модификаторы;1;17
2026-08;Левітана;М Соус Унагі 20 г;01650;Б_Каппи_Модификаторы;26;798
2026-08;Левітана;М Соус Унагі 20 г;03120;Б_Каппи_Модификаторы;1;31
2026-08;Левітана;М Соус Часниковий 1 шт.;01648;Б_Каппи_Модификаторы;12;357.9
2026-08;Левітана;М Соус Шірачі 5 г;02129;Б_Каппи_Модификаторы;4;40
2026-08;Левітана;М Спайсі соус 10 г;02128;Б_Каппи_Модификаторы;33;554
2026-08;Левітана;М Тофу 20 г;02138;Б_Каппи_Модификаторы;1;33.5
2026-08;Левітана;М Тунець 20 г;02124;Б_Каппи_Модификаторы;2;100.8
2026-08;Левітана;М Халапеньйо 15 г;01198;Б_Каппи_Модификаторы;7;119.7
2026-08;Левітана;Макі Вугор;00161;Б_Каппи_Роллы;13;2942.9
2026-08;Левітана;Макі Лосось;00159;Б_Каппи_Роллы;83;16765.5
2026-08;Левітана;Макі Огірок ;00506;Б_Каппи_Роллы;45;5153.3
2026-08;Левітана;Макі Сирний;00504;Б_Каппи_Роллы;39;4187.5
2026-08;Левітана;Макі Чука ;00507;Б_Каппи_Роллы;30;3642.5
2026-08;Левітана;Монако;00636;Б_Каппи_Роллы;23;11054.1
2026-08;Левітана;Морс Ягідний 0,5 л.;02697;Б_Общее_Напитки;34;2981.6
2026-08;Левітана;Мочі Полуниця;02618;Т_Десерты;11;1519.6
2026-08;Левітана;Мочі малина;02026;Т_Десерты;10;1420.7
2026-08;Левітана;Мочі смородина ;03161;Т_Десерты;6;848.6
2026-08;Левітана;Мочі фісташка-халва;03162;Т_Десерты;6;868.7
2026-08;Левітана;Мідорі;03021;Б_Каппи_Премиум ролл;10;5715.1
2026-08;Левітана;Місо з тофу;00708;Б_Каппи_Супы;7;1355
2026-08;Левітана;Навчальні палички;01021;Б_Прочие позиции;126;0
2026-08;Левітана;Нагетси;03207;Б_Каппи_Закуски;18;3306.7
2026-08;Левітана;Нью-Йорк ;02915;Б_Каппи_Роллы;65;31405.5
2026-08;Левітана;Одеський сет;02170;Б_Каппи_Сет;78;58508.6
2026-08;Левітана;Ойши сет;02819;Б_Каппи_Сет;21;23308.1
2026-08;Левітана;Окрошка з креветкою;03357;;7;1859.4
2026-08;Левітана;Окрошка з куркою;03356;;7;1913.7
2026-08;Левітана;Оксамитове зерно;03372;Т_Десерты;3;858.4
2026-08;Левітана;Окінава;03235;Б_Каппи_Роллы;6;2251.4
2026-08;Левітана;Онігірі з крабом;03222;Онігірі;18;2497.5
2026-08;Левітана;Онігірі з креветкою;03225;Онігірі;21;3615.9
2026-08;Левітана;Онігірі з лососем;03223;Онігірі;12;2209.3
2026-08;Левітана;Онігірі з тунцем;03224;Онігірі;3;671.3
2026-08;Левітана;Опен-фуд;02927;;2517;2414.5
2026-08;Левітана;Осака;00589;Б_Каппи_Роллы;70;25284.2
2026-08;Левітана;Париж;00657;Б_Каппи_Роллы;28;12143.6
2026-08;Левітана;Преміум Креветка;00652;Б_Каппи_Роллы;27;12233.1
2026-08;Левітана;Преміум сет;00658;Б_Каппи_Сет;17;29958.7
2026-08;Левітана;Пікантний краб;00531;Б_Каппи_Темпура ролл;22;6440.5
2026-08;Левітана;Пікантний лосось ;00532;Б_Каппи_Темпура ролл;23;6876.1
2026-08;Левітана;Піца 4 сезони;02101;Б_Каппи_Пицца;13;5155.3
2026-08;Левітана;Піца 4 сири;02118;Б_Каппи_Пицца;71;23426.1
2026-08;Левітана;Піца Амерікано;02111;Б_Каппи_Пицца;14;4827.4
2026-08;Левітана;Піца Гавайська;02104;Б_Каппи_Пицца;52;12652.8
2026-08;Левітана;Піца Груша Дор Блю;02175;Б_Каппи_Пицца;25;8080
2026-08;Левітана;Піца Кампаро;03131;Б_Каппи_Пицца;2;597.3
2026-08;Левітана;Піца Курка та гриби;02177;Б_Каппи_Пицца;47;16880.9
2026-08;Левітана;Піца М'ясна;02102;Б_Каппи_Пицца;76;28472.6
2026-08;Левітана;Піца Маргарита;02174;Б_Каппи_Пицца;27;7176.2
2026-08;Левітана;Піца Мексиканська ;03130;Б_Каппи_Пицца;14;4507.4
2026-08;Левітана;Піца Мисливська;02176;Б_Каппи_Пицца;53;14962.4
2026-08;Левітана;Піца Морська ;03264;Б_Каппи_Пицца;30;12546.7
2026-08;Левітана;Піца Океанія;02099;Б_Каппи_Пицца;20;8668.2
2026-08;Левітана;Піца Пепероні;02172;Б_Каппи_Пицца;66;18925.6
2026-08;Левітана;Піца Пепероні Блу Чіз;02119;Б_Каппи_Пицца;26;9678
2026-08;Левітана;Піца Селянська;03258;Б_Каппи_Пицца;22;7061.7
2026-08;Левітана;Піца Том Ям;02978;Б_Каппи_Пицца;9;3556
2026-08;Левітана;Піца Чізбургер;02977;Б_Каппи_Пицца;26;8623.1
2026-08;Левітана;Піца з креветками та ананасом ;03256;Б_Каппи_Пицца;17;7438.7
2026-08;Левітана;Піца з креветками та брі;02911;Б_Каппи_Пицца;14;6318.2
2026-08;Левітана;Піца з лососем та фетою;03367;Б_Каппи_Пицца;8;3309.4
2026-08;Левітана;Піца з прошуто та трюфелем ;03257;Б_Каппи_Пицца;16;5253.9
2026-08;Левітана;Піца з прошутто;03133;Б_Каппи_Пицца;11;4160.3
2026-08;Левітана;Піца з прошутто та грушою ;03132;Б_Каппи_Пицца;8;3326.9
2026-08;Левітана;Рамен Том Ям;02606;Б_Каппи_Супы;13;4612.6
2026-08;Левітана;Рамен Традиційний;02601;Б_Каппи_Супы;7;1288.8
2026-08;Левітана;Рамен з куркою;03201;Б_Каппи_Супы;22;5008.7
2026-08;Левітана;Рамен з морепродуктами ;03200;Б_Каппи_Супы;12;3372.3
2026-08;Левітана;Рибна юшка з сьомгою;03302;Б_Каппи_Супы;24;6745.4
2026-08;Левітана;Рис з куркою Гострий;00855;Б_Каппи_WOK;23;5771.5
2026-08;Левітана;Рис з морепродуктами;03263;Б_Каппи_WOK;12;4180.9
2026-08;Левітана;Рол Пасаж;02168;Б_Каппи_Роллы;21;7370.7
2026-08;Левітана;Рол-Дог з Креветкою;01787;Б_Каппи_Темпура ролл;14;5050.3
2026-08;Левітана;Рол-Дог з Лососем;01788;Б_Каппи_Темпура ролл;11;3655.6
2026-08;Левітана;Садочок Сік Мультивітамін 0.2 л.;03275;Б_Общее_Напитки;7;207.9
2026-08;Левітана;Садочок сік Нектар Яблуко та Виноград (білий)  0.2 л.;03276;Б_Общее_Напитки;8;262.1
2026-08;Левітана;Сакайо;03128;Б_Каппи_Роллы;9;4320.2
2026-08;Левітана;Салат Чука-Вакаме;00602;Б_Каппи_Салати;33;7421
2026-08;Левітана;Салат з вугрем ;03252;Б_Каппи_Салати;3;1197
2026-08;Левітана;Салат з прошуто;03253;Б_Каппи_Салати;5;1840.7
2026-08;Левітана;Салмон в боніто ;00538;Б_Каппи_Роллы;1;0
2026-08;Левітана;Санрайз;03236;Б_Каппи_Роллы;13;6595.7
2026-08;Левітана;Сенкай;03022;Б_Каппи_Премиум ролл;10;5454.3
2026-08;Левітана;Сервісний збір_Glovo;01934;Б_Каппи_Glovo;94;4616.2
2026-08;Левітана;"Сет ""Незалежність""";03370;Б_Каппи_Сет;9;14489.4
2026-08;Левітана;Сет Липень;03346;Б_Каппи_Сет;1;1249
2026-08;Левітана;Сет Серпень;03362;Б_Каппи_Сет;61;92265.9
2026-08;Левітана;Соевый соус порц 50 г.;00593;Т Соуса порционные;2;30
2026-08;Левітана;Спайсі Вулкан;02113;Б_Каппи_Роллы;15;6104.6
2026-08;Левітана;Спрінг рол з крабом;03353;Б_Каппі_Спрінг рол;27;4659.3
2026-08;Левітана;Спрінг рол з креветкою;03352;Б_Каппі_Спрінг рол;65;11543.8
2026-08;Левітана;Спрінг рол з куркою;03355;Б_Каппі_Спрінг рол;11;1725.3
2026-08;Левітана;Спрінг рол з лососем;03351;Б_Каппі_Спрінг рол;81;14590.5
2026-08;Левітана;Спрінг рол з тунцем;03354;Б_Каппі_Спрінг рол;26;4901.8
2026-08;Левітана;Спрінг рол сет;03361;;33;27468.1
2026-08;Левітана;Супер Комбо;02181;Б_Каппи_Акции;6;5361.7
2026-08;Левітана;Суші бургер з Креветкой;02943;Б_Каппи_Бургер;105;38543.1
2026-08;Левітана;Суші бургер з Лососем;02944;Б_Каппи_Бургер;100;38339.3
2026-08;Левітана;"Суші-трайфл ""Манго з лососем""";03324;Б_Суші_трайфл;15;5363
2026-08;Левітана;Суші-трайфл з креветкою та мигдалем;03326;Б_Суші_трайфл;8;2832.2
2026-08;Левітана;Суші-трайфл з тунцем;03325;Б_Суші_трайфл;2;642.5
2026-08;Левітана;Сушіріто з креветкою ;03018;Б_Каппи_Суширито;18;4113.9
2026-08;Левітана;Сушіріто з куркою;03019;Б_Каппи_Суширито;6;1273.7
2026-08;Левітана;Сушіріто з лососем;03020;Б_Каппи_Суширито;31;7954
2026-08;Левітана;ТОП сет;00362;Б_Каппи_Сет;37;55398
2026-08;Левітана;Тайський суп з сьомгою та креветками;03303;Б_Каппи_Супы;15;5466.5
2026-08;Левітана;Тайфун;03024;Б_Каппи_Темпура ролл;28;13021.6
2026-08;Левітана;Темпура вулкан з креветкою;03167;Б_Каппи_Темпура ролл;24;9151.6
2026-08;Левітана;Темпура вулкан з лососем;03166;Б_Каппи_Темпура ролл;34;11804.7
2026-08;Левітана;Темпура сет;00559;Б_Каппи_Сет;32;35943
2026-08;Левітана;Темпура-суширіто з крабом;03193;Б_Каппи_Суширито;26;7023.6
2026-08;Левітана;Темпура-суширіто мікс;03194;Б_Каппи_Суширито;34;11232.7
2026-08;Левітана;Теплий сет;02712;Б_Каппи_Сет;78;62225.5
2026-08;Левітана;Том Ям;02597;Б_Каппи_Супы;41;15835.5
2026-08;Левітана;Тропік ;01862;Б_Каппи_Роллы;16;5841.5
2026-08;Левітана;Тропікана;03014;Б_Каппи_Роллы;13;5439.5
2026-08;Левітана;Тропічний Вулкан;02112;Б_Каппи_Роллы;14;5687.1
2026-08;Левітана;Трюфель мікс;03231;Б_Каппи_Роллы;9;3237.6
2026-08;Левітана;Удон з креветками;01813;Б_Каппи_WOK;27;9251.9
2026-08;Левітана;Удон з куркою Теріякі;00856;Б_Каппи_WOK;24;6732.1
2026-08;Левітана;Умі;03243;Б_Каппи_Роллы;24;11156
2026-08;Левітана;Унагамі;03011;Б_Каппи_Роллы;5;2283.2
2026-08;Левітана;Ф'южн;03155;Б_Каппи_Роллы;17;6110.5
2026-08;Левітана;Фудзі темпура;00911;Б_Каппи_Темпура ролл;41;15266.8
2026-08;Левітана;Фунчоза з куркою;03164;Б_Каппи_WOK;23;7241.6
2026-08;Левітана;Фунчоза з морепродуктами;03165;Б_Каппи_WOK;36;12499.6
2026-08;Левітана;Філа Ланч;02706;Б_Каппи_Акции;11;5067.1
2026-08;Левітана;Філа Фест сет;03347;Б_Сезонные блюда;11;14911.1
2026-08;Левітана;Філадельфія;00168;Б_Каппи_Роллы;277;101129
2026-08;Левітана;Філадельфія Класік;00459;Б_Каппи_Роллы;85;25661.1
2026-08;Левітана;Філадельфія Преміум;00611;Б_Каппи_Роллы;89;37839.4
2026-08;Левітана;Філадельфія з креветкою;02798;Б_Каппи_Роллы;76;31500.6
2026-08;Левітана;Філадельфія з манго;00612;Б_Каппи_Роллы;28;9195.1
2026-08;Левітана;Філадельфія з тунцем;00516;Б_Каппи_Роллы;25;10275.4
2026-08;Левітана;Хікарі сет;03232;Б_Каппи_Сет;7;7597
2026-08;Левітана;Цезар з куркою;02803;Б_Каппи_Салати;10;2965.5
2026-08;Левітана;Цезар з лососем;02992;Б_Каппи_Салати;7;2356.4
2026-08;Левітана;Чорний Дракон;00170;Б_Каппи_Роллы;23;10351.1
2026-08;Левітана;Чізі Креветка;01113;Б_Каппи_Роллы;26;7311.2
2026-08;Левітана;Чікен Чіз;03229;Б_Каппи_Роллы;6;1500
2026-08;Левітана;Юме сет;02818;Б_Каппи_Сет;9;9614.6
2026-08;Левітана;Які Ебі Манго;02946;Б_Каппи_Запеч_Роллы;43;15842.2
2026-08;Левітана;Які Салмон;02950;Б_Каппи_Запеч_Роллы;22;8609.2
2026-08;Левітана;Які Спайсі Краб;02949;Б_Каппи_Запеч_Роллы;44;13865.9
2026-08;Левітана;Які Туна ;02942;Б_Каппи_Запеч_Роллы;22;8711.7
2026-08;Левітана;Які Унагі;02945;Б_Каппи_Запеч_Роллы;43;15165.4
2026-08;Левітана;Яєчна з куркою та креветками;01815;Б_Каппи_WOK;8;2541.3
2026-08;Левітана;Яєчна з морепродуктами;00859;Б_Каппи_WOK;18;6025.1
2026-09;Лазарева;.Гарного дня!;00944;Б_Прочие позиции;543;0
2026-09;Лазарева;7-up 0,33 л.;03282;Б_Общее_Напитки;1;32
2026-09;Лазарева;7-up 0,5 л.;03281;Б_Общее_Напитки;2;105
2026-09;Лазарева;Affinity сет;03015;Б_Каппи_Сет;6;6982.2
2026-09;Лазарева;Cappiroll;00583;Б_Каппи_Роллы;20;8985.9
2026-09;Лазарева;Cappizza;02173;Б_Каппи_Пицца;9;3031.2
2026-09;Лазарева;Flame лосось з креветкою;03368;Б_Каппи_Роллы;11;5370
2026-09;Лазарева;G Доставка;00984;Б_Каппи_Glovo;62;3010.8
2026-09;Лазарева;GC_Доставка 0 грн;02503;Б_Глово_Модификаторы;2;0
2026-09;Лазарева;Glovo <800 ;03025;;6;513
2026-09;Лазарева;L`amour Сет;01729;Б_Каппи_Сет;4;4721.5
2026-09;Лазарева;Lipton Зелений чай 0,5 л.;03287;Б_Общее_Напитки;1;37
2026-09;Лазарева;Lipton Чорний чай Лимон 0,5 л.;03288;Б_Общее_Напитки;5;222
2026-09;Лазарева;MOVA світле пиво безалкогольне 0.33 л.;03046;Б_Общее_Напитки;1;99
2026-09;Лазарева;Mirinda Free 0,5 л.;03283;Б_Общее_Напитки;1;70
2026-09;Лазарева;One Love;03237;Б_Каппи_Сет;1;1244
2026-09;Лазарева;Pepsi Black 0,33 л.;03286;Б_Общее_Напитки;1;60
2026-09;Лазарева;Pepsi Black 0,5 л.;03280;Б_Общее_Напитки;5;175
2026-09;Лазарева;Pepsi Cola 0,33 л.;03285;Б_Общее_Напитки;2;90
2026-09;Лазарева;Pepsi Cola 0,5 л.;03279;Б_Общее_Напитки;26;1291.6
2026-09;Лазарева;Rich 1 л Яблуко;03079;Б_Каппи_Glovo;1;63
2026-09;Лазарева;Sandora Сицилійський червоний апельсин 0,95 л.;03271;Б_Общее_Напитки;14;1036.9
2026-09;Лазарева;Sandora Сік Яблуко 0.95 л.;03274;Б_Общее_Напитки;6;585
2026-09;Лазарева;Sandora сік  Мультивітамін 0,95 л.;03273;Б_Общее_Напитки;9;845
2026-09;Лазарева;Імператор;00892;Б_Каппи_Роллы;11;5228.9
2026-09;Лазарева;Акаї;03023;Б_Каппи_Премиум ролл;1;549.9
2026-09;Лазарева;Акіра;03217;Б_Каппи_Премиум ролл;2;1089.3
2026-09;Лазарева;Амаі;03218;Б_Каппи_Премиум ролл;3;1639.2
2026-09;Лазарева;Аморе;02781;Б_Каппи_Роллы;10;4130.9
2026-09;Лазарева;Антикризовий сет;00578;Б_Каппи_Сет;13;9256.6
2026-09;Лазарева;Аурум ;03157;Б_Каппи_Роллы;1;314
2026-09;Лазарева;Банзай ;00528;Б_Каппи_Темпура ролл;37;14875.9
2026-09;Лазарева;Бао бургер з крабом;02966;Б_Каппи_БАО;2;544.8
2026-09;Лазарева;Бао бургер з креветкою;02967;Б_Каппи_БАО;4;1356
2026-09;Лазарева;Бао бургер з лососем;02968;Б_Каппи_БАО;3;931.2
2026-09;Лазарева;Без приборів!;01593;Б_Прочие позиции;25;0
2026-09;Лазарева;Боніто з лососем;00154;Б_Каппи_Роллы;2;491.5
2026-09;Лазарева;Боул Дабл Фіш;01886;Б_Каппи_Боул;3;1106.5
2026-09;Лазарева;Боул Філадельфія;01887;Б_Каппи_Боул;4;1317.7
2026-09;Лазарева;Боул з Лососем;01890;Б_Каппи_Боул;2;706.5
2026-09;Лазарева;Боул з креветкою;03168;Б_Каппи_Боул;2;778
2026-09;Лазарева;Боул з тунцем;03250;Б_Каппи_Боул;2;798
2026-09;Лазарева;Боул мікс;03251;Б_Каппи_Боул;5;1995
2026-09;Лазарева;Вершкова креветка;00775;Б_Каппи_Роллы;31;8265
2026-09;Лазарева;Веселка;00509;Б_Каппи_Роллы;12;5154.1
2026-09;Лазарева;Весняний Сет;01844;Б_Каппи_Сет;6;5854.4
2026-09;Лазарева;Вулкан Карі;03144;Б_Каппи_Роллы;1;514
2026-09;Лазарева;Вулкан з креветкою;02799;Б_Каппи_Роллы;13;4753.2
2026-09;Лазарева;Д Імбир Cappi 30 гр.;01049;Б_Каппи_Добавки;37;652.3
2026-09;Лазарева;Д Васабі Cappi 7,5 гр.;01050;Б_Каппи_Добавки;52;754.5
2026-09;Лазарева;Д Набір №1 (Соев.-1шт.,Імб.-1шт.,Вас.-1шт.);01916;Б_Каппи_Добавки;86;0
2026-09;Лазарева;Д Набір №2 (Соев.-2шт.,Імб.-1шт.,Вас.-1шт.);01917;Б_Каппи_Добавки;85;0
2026-09;Лазарева;Д Набір №3 (Соев.-3шт.,Імб.-2шт.,Вас.-1шт.);01918;Б_Каппи_Добавки;95;0
2026-09;Лазарева;Д Набір №4 (Соев.-4шт.,Імб.-2шт.,Вас.-2шт.);01919;Б_Каппи_Добавки;145;0
2026-09;Лазарева;Д Соус Часниковий;01323;Б_Каппи_Добавки;7;224
2026-09;Лазарева;Д Соус соєвий Cappi 50 гр.;00695;Б_Каппи_Добавки;22;388.9
2026-09;Лазарева;Д Соус унагі 20 гр.;00728;Б_Каппи_Добавки;4;128
2026-09;Лазарева;Д_соус Теріякі  10 г;03191;Б_Каппи_Добавки;2;36
2026-09;Лазарева;Дабл Тартар;02780;Б_Каппи_Роллы;7;2804.6
2026-09;Лазарева;Десерт Кокос;03375;Т_Десерты;3;809.1
2026-09;Лазарева;Десерт Смородина;03371;Т_Десерты;1;289
2026-09;Лазарева;Десерт манго;03373;Т_Десерты;2;564.3
2026-09;Лазарева;Джаз;01109;Б_Каппи_Роллы;6;1596.6
2026-09;Лазарева;Дзен сет;01128;Б_Каппи_Сет;10;10613
2026-09;Лазарева;Доставка (зелена);00829;Б_Прочие позиции;6;320.9
2026-09;Лазарева;Доставка (помаранчева);01235;Б_Прочие позиции;8;460.8
2026-09;Лазарева;Доставка (рожева);03017;Б_Прочие позиции;3;492.7
2026-09;Лазарева;Доставка (синя);01051;Б_Прочие позиции;3;225
2026-09;Лазарева;Доставка (фіолетова);03016;Б_Прочие позиции;2;240
2026-09;Лазарева;Ебі Боніто;03369;Б_Каппи_Роллы;1;425
2026-09;Лазарева;Ебі Чилі;03379;Б_Каппи_Запеч_Роллы;4;1437.3
2026-09;Лазарева;Ебі сет;02710;Б_Каппи_Сет;24;31090.3
2026-09;Лазарева;Ебі темпура;02986;Б_Каппи_Закуски;10;2723.8
2026-09;Лазарева;Ейфорія;03242;Б_Каппи_Роллы;1;444
2026-09;Лазарева;Замовлення з додатку;03198;;82;0
2026-09;Лазарева;Зелений Дракон;00156;Б_Каппи_Роллы;1;484.5
2026-09;Лазарева;Каліфорнія ;00774;Б_Каппи_Роллы;9;3323.1
2026-09;Лазарева;Каліфорнія Мікс;00653;Б_Каппи_Роллы;8;3467.2
2026-09;Лазарева;Каліфорнія з креветкою;00654;Б_Каппи_Роллы;8;3053.7
2026-09;Лазарева;Камамбер фрі;03093;Б_Каппи_Закуски;1;303.9
2026-09;Лазарева;Камертон;00960;Б_Каппи_Роллы;4;1748.9
2026-09;Лазарева;Карпатська джерельна 0,5 л. б/г;03277;Б_Общее_Напитки;1;23
2026-09;Лазарева;Карпатська джерельна 0,5 л. сл/г;03278;Б_Общее_Напитки;2;90
2026-09;Лазарева;Класика вдвох;02988;Б_Каппи_Акции;3;1808.4
2026-09;Лазарева;"Комбо  ""Мікс""";03392;Б_Каппи_Акции;2;3078
2026-09;Лазарева;Комбо #1;02178;Б_Каппи_Акции;3;4254.4
2026-09;Лазарева;Комбо Вересень;03389;Б_Каппи_Акции;2;1838
2026-09;Лазарева;Комбо боул Тріо;03261;Б_Каппи_Акции;1;1049
2026-09;Лазарева;Комбуча  WILD каркаде 0,33 л.;03185;Б_Общее_Напитки;4;396
2026-09;Лазарева;Комбуча  WILD класична 0,33 л.;03186;Б_Общее_Напитки;1;99
2026-09;Лазарева;Комбуча WILD Цитрус 0,33 л;03300;Б_Общее_Напитки;3;297
2026-09;Лазарева;Крамія Екзотік;03374;Т_Десерты;1;289
2026-09;Лазарева;Креветка в кунжуті;00511;Б_Каппи_Роллы;15;5139.4
2026-09;Лазарева;Креветка в темпурі;00533;Б_Каппи_Темпура ролл;25;8592.7
2026-09;Лазарева;Курка в Кисло-солодкому;01825;Б_Каппи_WOK;4;946.3
2026-09;Лазарева;Курортний;02169;Б_Каппи_Роллы;4;1143.1
2026-09;Лазарева;Кімурай;03012;Б_Каппи_Роллы;12;4916.4
2026-09;Лазарева;Лимонад 0,5 л.;02057;Б_Общее_Напитки;7;579.3
2026-09;Лазарева;Листівка до ДН;02061;Б_Прочие позиции;2;0
2026-09;Лазарева;Логістичний збір;02770;;353;11851.5
2026-09;Лазарева;Лосось Пад Тай;02116;Б_Каппи_Роллы;10;3727.5
2026-09;Лазарева;Лосось в темпурі;00534;Б_Каппи_Темпура ролл;17;5279.2
2026-09;Лазарева;Лосось сет;00517;Б_Каппи_Сет;16;17283.2
2026-09;Лазарева;М Ананас 30 г;03290;Б_Каппи_Модификаторы;1;24
2026-09;Лазарева;М Бекон 30 г;03294;Б_Каппи_Модификаторы;1;26.8
2026-09;Лазарева;М Горіховий соус 20 г;01651;Б_Каппи_Модификаторы;6;180.2
2026-09;Лазарева;М Гриби 50 г;01194;Б_Каппи_Модификаторы;7;186.7
2026-09;Лазарева;М Кальмар 20 г;02136;Б_Каппи_Модификаторы;1;26.3
2026-09;Лазарева;М Креветка 2 шт.;02135;Б_Каппи_Модификаторы;3;133.2
2026-09;Лазарева;М Куряче філе 60 г;01195;Б_Каппи_Модификаторы;1;35.5
2026-09;Лазарева;М Маслини 20 г;01196;Б_Каппи_Модификаторы;4;148
2026-09;Лазарева;М Мисливські ковбаски 30 г;03293;Б_Каппи_Модификаторы;5;108.3
2026-09;Лазарева;М Моцарела 100 г;01201;Б_Каппи_Модификаторы;2;118
2026-09;Лазарева;М Мідії 20 г;02137;Б_Каппи_Модификаторы;1;34.2
2026-09;Лазарева;М Пармезан 20 г;01193;Б_Каппи_Модификаторы;1;47
2026-09;Лазарева;М Помідори 40 г;01199;Б_Каппи_Модификаторы;7;221.3
2026-09;Лазарева;М Соус Пад Тай 10 г;02127;Б_Каппи_Модификаторы;4;60
2026-09;Лазарева;М Соус Соєвий порц.;02728;Б_Каппи_Модификаторы;4;68
2026-09;Лазарева;М Соус Теріякі 10 г;02130;Б_Каппи_Модификаторы;4;62.8
2026-09;Лазарева;М Соус Унагі 20 г;01650;Б_Каппи_Модификаторы;10;281.8
2026-09;Лазарева;М Соус Часниковий 1 шт.;01648;Б_Каппи_Модификаторы;11;331.2
2026-09;Лазарева;М Соус Шірачі 5 г;02129;Б_Каппи_Модификаторы;1;9.8
2026-09;Лазарева;М Спайсі соус 10 г;02128;Б_Каппи_Модификаторы;13;206.6
2026-09;Лазарева;М Тофу 20 г;02138;Б_Каппи_Модификаторы;1;40.5
2026-09;Лазарева;М Тунець 20 г;02124;Б_Каппи_Модификаторы;1;57
2026-09;Лазарева;М Халапеньйо 15 г;01198;Б_Каппи_Модификаторы;1;20
2026-09;Лазарева;Макі Вугор;00161;Б_Каппи_Роллы;2;481.5
2026-09;Лазарева;Макі Лосось;00159;Б_Каппи_Роллы;11;2314.6
2026-09;Лазарева;Макі Огірок ;00506;Б_Каппи_Роллы;4;433
2026-09;Лазарева;Макі Сирний;00504;Б_Каппи_Роллы;2;236
2026-09;Лазарева;Макі Чука ;00507;Б_Каппи_Роллы;4;528
2026-09;Лазарева;Монако;00636;Б_Каппи_Роллы;3;1391.5
2026-09;Лазарева;Морс Ягідний 0,5 л.;02697;Б_Общее_Напитки;10;774.7
2026-09;Лазарева;Моршинська без газу 0,5 л.;00585;Б_Общее_Напитки;20;980
2026-09;Лазарева;Моршинська слаб.газ. 0,5 л.;00584;Б_Общее_Напитки;1;24.5
2026-09;Лазарева;Мочі Полуниця;02618;Т_Десерты;4;550.7
2026-09;Лазарева;Мочі малина;02026;Т_Десерты;6;863.1
2026-09;Лазарева;Мочі смородина ;03161;Т_Десерты;5;695.6
2026-09;Лазарева;Мочі фісташка-халва;03162;Т_Десерты;2;285.8
2026-09;Лазарева;Навчальні палички;01021;Б_Прочие позиции;49;0
2026-09;Лазарева;Нагетси;03207;Б_Каппи_Закуски;5;927.3
2026-09;Лазарева;Нью-Йорк ;02915;Б_Каппи_Роллы;13;6433.7
2026-09;Лазарева;Одеський сет;02170;Б_Каппи_Сет;25;18940.4
2026-09;Лазарева;Ойши сет;02819;Б_Каппи_Сет;1;1159
2026-09;Лазарева;Окрошка з куркою;03356;;1;279
2026-09;Лазарева;Оксамитове зерно;03372;Т_Десерты;5;1379.6
2026-09;Лазарева;Окінава;03235;Б_Каппи_Роллы;2;774
2026-09;Лазарева;Онігірі з крабом;03222;Онігірі;2;286.3
2026-09;Лазарева;Онігірі з креветкою;03225;Онігірі;3;542.3
2026-09;Лазарева;Онігірі з лососем;03223;Онігірі;2;388
2026-09;Лазарева;Опен-фуд;02927;;1414;1377.6
2026-09;Лазарева;Осака;00589;Б_Каппи_Роллы;11;3988.4
2026-09;Лазарева;Париж;00657;Б_Каппи_Роллы;4;1896.4
2026-09;Лазарева;Пересип +;03045;;23;0
2026-09;Лазарева;Преміум Креветка;00652;Б_Каппи_Роллы;4;1860.8
2026-09;Лазарева;Преміум сет;00658;Б_Каппи_Сет;7;12019.1
2026-09;Лазарева;Пікантний краб;00531;Б_Каппи_Темпура ролл;10;2989.4
2026-09;Лазарева;Пікантний лосось ;00532;Б_Каппи_Темпура ролл;4;1256
2026-09;Лазарева;Піца 4 сири;02118;Б_Каппи_Пицца;11;3842.4
2026-09;Лазарева;Піца Амерікано;02111;Б_Каппи_Пицца;1;349
2026-09;Лазарева;Піца Гавайська;02104;Б_Каппи_Пицца;20;5180.5
2026-09;Лазарева;Піца Груша Дор Блю;02175;Б_Каппи_Пицца;8;2587.8
2026-09;Лазарева;Піца Кампаро;03131;Б_Каппи_Пицца;3;913
2026-09;Лазарева;Піца Курка та гриби;02177;Б_Каппи_Пицца;9;3221.5
2026-09;Лазарева;Піца М'ясна;02102;Б_Каппи_Пицца;18;7249
2026-09;Лазарева;Піца Маргарита;02174;Б_Каппи_Пицца;2;588
2026-09;Лазарева;Піца Мексиканська ;03130;Б_Каппи_Пицца;5;1552.3
2026-09;Лазарева;Піца Мисливська;02176;Б_Каппи_Пицца;5;1602.5
2026-09;Лазарева;Піца Морська ;03264;Б_Каппи_Пицца;7;2992
2026-09;Лазарева;Піца Океанія;02099;Б_Каппи_Пицца;1;454
2026-09;Лазарева;Піца Пепероні;02172;Б_Каппи_Пицца;12;3658.6
2026-09;Лазарева;Піца Пепероні Блу Чіз;02119;Б_Каппи_Пицца;3;1167
2026-09;Лазарева;Піца Селянська;03258;Б_Каппи_Пицца;11;3295.6
2026-09;Лазарева;Піца Том Ям;02978;Б_Каппи_Пицца;5;2179.2
2026-09;Лазарева;Піца Чізбургер;02977;Б_Каппи_Пицца;6;1888
2026-09;Лазарева;Піца з креветками та ананасом ;03256;Б_Каппи_Пицца;5;2336.7
2026-09;Лазарева;Піца з креветками та брі;02911;Б_Каппи_Пицца;4;1840.6
2026-09;Лазарева;Піца з лососем та фетою;03367;Б_Каппи_Пицца;10;4177.8
2026-09;Лазарева;Піца з прошуто та трюфелем ;03257;Б_Каппи_Пицца;4;1379.2
2026-09;Лазарева;Піца з прошутто;03133;Б_Каппи_Пицца;2;787
2026-09;Лазарева;Піца з прошутто та грушою ;03132;Б_Каппи_Пицца;3;1252.5
2026-09;Лазарева;Рамен Том Ям;02606;Б_Каппи_Супы;5;1935.9
2026-09;Лазарева;Рамен Традиційний;02601;Б_Каппи_Супы;2;390.3
2026-09;Лазарева;Рамен з куркою;03201;Б_Каппи_Супы;7;1586.8
2026-09;Лазарева;Рамен з морепродуктами ;03200;Б_Каппи_Супы;1;274.6
2026-09;Лазарева;Рибна юшка з сьомгою;03302;Б_Каппи_Супы;14;3844.6
2026-09;Лазарева;Рис з куркою Гострий;00855;Б_Каппи_WOK;5;1252.4
2026-09;Лазарева;Рис з морепродуктами;03263;Б_Каппи_WOK;5;1837.9
2026-09;Лазарева;Рол-Дог з Лососем;01788;Б_Каппи_Темпура ролл;1;360.4
2026-09;Лазарева;Садочок Сік Мультивітамін 0.2 л.;03275;Б_Общее_Напитки;2;68
2026-09;Лазарева;Салат Чука-Вакаме;00602;Б_Каппи_Салати;7;1657.6
2026-09;Лазарева;Салат з вугрем ;03252;Б_Каппи_Салати;4;1469.1
2026-09;Лазарева;Салат з прошуто;03253;Б_Каппи_Салати;1;353.2
2026-09;Лазарева;Санрайз;03236;Б_Каппи_Роллы;2;1007.4
2026-09;Лазарева;Сенкай;03022;Б_Каппи_Премиум ролл;2;1168
2026-09;Лазарева;Сервісний збір_Glovo;01934;Б_Каппи_Glovo;19;789.6
2026-09;Лазарева;Спайсі Вулкан;02113;Б_Каппи_Роллы;6;2310.1
2026-09;Лазарева;Спрінг рол з крабом;03353;Б_Каппі_Спрінг рол;3;519
2026-09;Лазарева;Спрінг рол з креветкою;03352;Б_Каппі_Спрінг рол;21;3910.8
2026-09;Лазарева;Спрінг рол з куркою;03355;Б_Каппі_Спрінг рол;3;478.6
2026-09;Лазарева;Спрінг рол з лососем;03351;Б_Каппі_Спрінг рол;16;2963.3
2026-09;Лазарева;Спрінг рол з тунцем;03354;Б_Каппі_Спрінг рол;3;598.7
2026-09;Лазарева;Спрінг рол сет;03361;;1;949
2026-09;Лазарева;Суші бургер з Креветкой;02943;Б_Каппи_Бургер;33;12462.9
2026-09;Лазарева;Суші бургер з Лососем;02944;Б_Каппи_Бургер;20;7145.3
2026-09;Лазарева;"Суші-трайфл ""Манго з лососем""";03324;Б_Суші_трайфл;6;1995.6
2026-09;Лазарева;Суші-трайфл з креветкою та мигдалем;03326;Б_Суші_трайфл;1;374
2026-09;Лазарева;Сушіріто з креветкою ;03018;Б_Каппи_Суширито;14;3290.5
2026-09;Лазарева;Сушіріто з куркою;03019;Б_Каппи_Суширито;5;1139.4
2026-09;Лазарева;Сушіріто з лососем;03020;Б_Каппи_Суширито;11;3179.9
2026-09;Лазарева;ТОП сет;00362;Б_Каппи_Сет;7;10378.5
2026-09;Лазарева;Тайський суп з сьомгою та креветками;03303;Б_Каппи_Супы;8;3128.9
2026-09;Лазарева;Тайфун;03024;Б_Каппи_Темпура ролл;4;1960.2
2026-09;Лазарева;Темпура вулкан з креветкою;03167;Б_Каппи_Темпура ролл;4;1598.1
2026-09;Лазарева;Темпура вулкан з лососем;03166;Б_Каппи_Темпура ролл;6;2168
2026-09;Лазарева;Темпура сет;00559;Б_Каппи_Сет;9;10521
2026-09;Лазарева;Темпура-суширіто з крабом;03193;Б_Каппи_Суширито;4;1192.5
2026-09;Лазарева;Темпура-суширіто мікс;03194;Б_Каппи_Суширито;12;4132.2
2026-09;Лазарева;Теплий сет;02712;Б_Каппи_Сет;29;23218.1
2026-09;Лазарева;Том Ям;02597;Б_Каппи_Супы;14;4940.5
2026-09;Лазарева;Тропік ;01862;Б_Каппи_Роллы;4;1458.2
2026-09;Лазарева;Тропікана;03014;Б_Каппи_Роллы;3;1306
2026-09;Лазарева;Тропічний Вулкан;02112;Б_Каппи_Роллы;1;424
2026-09;Лазарева;Трюфель мікс;03231;Б_Каппи_Роллы;1;287.4
2026-09;Лазарева;Удон з креветками;01813;Б_Каппи_WOK;6;2055.3
2026-09;Лазарева;Удон з куркою Теріякі;00856;Б_Каппи_WOK;3;882
2026-09;Лазарева;Умі;03243;Б_Каппи_Роллы;5;2487.6
2026-09;Лазарева;Ф'южн;03155;Б_Каппи_Роллы;3;1099.7
2026-09;Лазарева;Фудзі темпура;00911;Б_Каппи_Темпура ролл;10;3759.4
2026-09;Лазарева;Фунчоза з куркою;03164;Б_Каппи_WOK;6;1622.9
2026-09;Лазарева;Фунчоза з морепродуктами;03165;Б_Каппи_WOK;3;1017.4
2026-09;Лазарева;Філадельфія;00168;Б_Каппи_Роллы;41;16227.7
2026-09;Лазарева;Філадельфія Класік;00459;Б_Каппи_Роллы;19;6069.3
2026-09;Лазарева;Філадельфія Преміум;00611;Б_Каппи_Роллы;21;9013.7
2026-09;Лазарева;Філадельфія з креветкою;02798;Б_Каппи_Роллы;11;4431.9
2026-09;Лазарева;Філадельфія з манго;00612;Б_Каппи_Роллы;6;1990
2026-09;Лазарева;Філадельфія з тунцем;00516;Б_Каппи_Роллы;2;888
2026-09;Лазарева;Хоккайдо з запеченим лососем;03378;Б_Каппи_Запеч_Роллы;2;758
2026-09;Лазарева;Хікарі сет;03232;Б_Каппи_Сет;1;1119
2026-09;Лазарева;Цезар з куркою;02803;Б_Каппи_Салати;3;877.7
2026-09;Лазарева;Чорний Дракон;00170;Б_Каппи_Роллы;5;2306.3
2026-09;Лазарева;Чізі Креветка;01113;Б_Каппи_Роллы;5;1477.2
2026-09;Лазарева;Чікен Чіз;03229;Б_Каппи_Роллы;2;654
2026-09;Лазарева;Юме сет;02818;Б_Каппи_Сет;2;2288
2026-09;Лазарева;Які Ебі Манго;02946;Б_Каппи_Запеч_Роллы;5;1845.4
2026-09;Лазарева;Які Салмон;02950;Б_Каппи_Запеч_Роллы;6;2415
2026-09;Лазарева;Які Спайсі Краб;02949;Б_Каппи_Запеч_Роллы;9;2856.2
2026-09;Лазарева;Які Туна ;02942;Б_Каппи_Запеч_Роллы;3;1227
2026-09;Лазарева;Які Унагі;02945;Б_Каппи_Запеч_Роллы;11;4219.4
2026-09;Лазарева;Яєчна з куркою та креветками;01815;Б_Каппи_WOK;2;734
2026-09;Лазарева;Яєчна з морепродуктами;00859;Б_Каппи_WOK;1;364
2026-09;Левітана;.Гарного дня!;00944;Б_Прочие позиции;636;0
2026-09;Левітана;7-up 0,5 л.;03281;Б_Общее_Напитки;6;245
2026-09;Левітана;Affinity сет;03015;Б_Каппи_Сет;8;9221.3
2026-09;Левітана;Cappiroll;00583;Б_Каппи_Роллы;29;12806.4
2026-09;Левітана;Cappizza;02173;Б_Каппи_Пицца;11;3873.1
2026-09;Левітана;Flame лосось з креветкою;03368;Б_Каппи_Роллы;29;13948.1
2026-09;Левітана;G Доставка;00984;Б_Каппи_Glovo;85;4174.8
2026-09;Левітана;GC_Доставка 0 грн;02503;Б_Глово_Модификаторы;14;0
2026-09;Левітана;L`amour Сет;01729;Б_Каппи_Сет;5;6145
2026-09;Левітана;Lipton Зелений чай 0,5 л.;03287;Б_Общее_Напитки;2;111
2026-09;Левітана;Lipton Чорний чай Лимон 0,5 л.;03288;Б_Общее_Напитки;3;111
2026-09;Левітана;MOVA світле пиво безалкогольне 0.33 л.;03046;Б_Общее_Напитки;4;396
2026-09;Левітана;MOVA темне пиво безалкогольне 0,33 л.;03047;Б_Общее_Напитки;2;198
2026-09;Левітана;Mirinda Free 0,5 л.;03283;Б_Общее_Напитки;5;265.8
2026-09;Левітана;One Love;03237;Б_Каппи_Сет;1;339.5
2026-09;Левітана;Pepsi Black 0,33 л.;03286;Б_Общее_Напитки;7;284.2
2026-09;Левітана;Pepsi Black 0,5 л.;03280;Б_Общее_Напитки;20;1333.5
2026-09;Левітана;Pepsi Cola 0,5 л.;03279;Б_Общее_Напитки;14;815.2
2026-09;Левітана;Sandora Сицилійський червоний апельсин 0,95 л.;03271;Б_Общее_Напитки;2;255
2026-09;Левітана;Sandora Сік Томат-Сіль 0.95л ;03272;Б_Общее_Напитки;2;255
2026-09;Левітана;Sandora сік  Мультивітамін 0,95 л.;03273;Б_Общее_Напитки;6;704.4
2026-09;Левітана;Імператор;00892;Б_Каппи_Роллы;9;4272.9
2026-09;Левітана;Акаї;03023;Б_Каппи_Премиум ролл;4;2244.8
2026-09;Левітана;Акіра;03217;Б_Каппи_Премиум ролл;3;1472.8
2026-09;Левітана;Амаі;03218;Б_Каппи_Премиум ролл;2;1152.3
2026-09;Левітана;Аморе;02781;Б_Каппи_Роллы;17;6912.6
2026-09;Левітана;Антикризовий сет;00578;Б_Каппи_Сет;22;15832
2026-09;Левітана;Аурум ;03157;Б_Каппи_Роллы;2;602.4
2026-09;Левітана;Банзай ;00528;Б_Каппи_Темпура ролл;33;13943
2026-09;Левітана;Бао бургер з крабом;02966;Б_Каппи_БАО;7;1786.1
2026-09;Левітана;Бао бургер з креветкою;02967;Б_Каппи_БАО;2;652.8
2026-09;Левітана;Бао бургер з лососем;02968;Б_Каппи_БАО;4;1343.6
2026-09;Левітана;Без приборів!;01593;Б_Прочие позиции;17;0
2026-09;Левітана;Боніто з лососем;00154;Б_Каппи_Роллы;11;3261
2026-09;Левітана;Боул Дабл Фіш;01886;Б_Каппи_Боул;2;756
2026-09;Левітана;Боул Філадельфія;01887;Б_Каппи_Боул;7;2447.8
2026-09;Левітана;Боул з Лососем;01890;Б_Каппи_Боул;3;1195.2
2026-09;Левітана;Боул з креветкою;03168;Б_Каппи_Боул;6;2323.6
2026-09;Левітана;Боул з тунцем;03250;Б_Каппи_Боул;4;1596
2026-09;Левітана;Боул мікс;03251;Б_Каппи_Боул;5;1795.5
2026-09;Левітана;Вершкова креветка;00775;Б_Каппи_Роллы;23;4977.9
2026-09;Левітана;Веселка;00509;Б_Каппи_Роллы;26;10954.8
2026-09;Левітана;Весняний Сет;01844;Б_Каппи_Сет;7;7203
2026-09;Левітана;Вулкан Карі;03144;Б_Каппи_Роллы;6;2948
2026-09;Левітана;Вулкан з креветкою;02799;Б_Каппи_Роллы;12;4226.8
2026-09;Левітана;Д Імбир Cappi 30 гр.;01049;Б_Каппи_Добавки;55;959.4
2026-09;Левітана;Д Васабі Cappi 7,5 гр.;01050;Б_Каппи_Добавки;51;743.3
2026-09;Левітана;Д Набір №1 (Соев.-1шт.,Імб.-1шт.,Вас.-1шт.);01916;Б_Каппи_Добавки;102;0
2026-09;Левітана;Д Набір №2 (Соев.-2шт.,Імб.-1шт.,Вас.-1шт.);01917;Б_Каппи_Добавки;124;0
2026-09;Левітана;Д Набір №3 (Соев.-3шт.,Імб.-2шт.,Вас.-1шт.);01918;Б_Каппи_Добавки;137;0
2026-09;Левітана;Д Набір №4 (Соев.-4шт.,Імб.-2шт.,Вас.-2шт.);01919;Б_Каппи_Добавки;183;0
2026-09;Левітана;Д Соус соєвий Cappi 50 гр.;00695;Б_Каппи_Добавки;38;680.3
2026-09;Левітана;Д Соус унагі 20 гр.;00728;Б_Каппи_Добавки;1;30.2
2026-09;Левітана;Д Спайсі соус 10 гр.;02929;Б_Каппи_Добавки;1;17
2026-09;Левітана;Д_Курка 60 гр;03105;Б_Каппи_Добавки;1;30.5
2026-09;Левітана;ДОВОЗ;03363;;4;0
2026-09;Левітана;Дабл Тартар;02780;Б_Каппи_Роллы;9;3737.2
2026-09;Левітана;Десерт Кокос;03375;Т_Десерты;5;1357.8
2026-09;Левітана;Десерт Смородина;03371;Т_Десерты;2;578
2026-09;Левітана;Десерт манго;03373;Т_Десерты;3;850
2026-09;Левітана;Джаз;01109;Б_Каппи_Роллы;15;3948.3
2026-09;Левітана;Дзен сет;01128;Б_Каппи_Сет;11;11873.5
2026-09;Левітана;Доставка (зелена);00829;Б_Прочие позиции;2;105.2
2026-09;Левітана;Доставка (помаранчева);01235;Б_Прочие позиции;6;377.8
2026-09;Левітана;Ебі Боніто;03369;Б_Каппи_Роллы;4;1671.8
2026-09;Левітана;Ебі Грін;01790;Б_Каппи_Роллы;1;294.4
2026-09;Левітана;Ебі Чилі;03379;Б_Каппи_Запеч_Роллы;6;2110.3
2026-09;Левітана;Ебі сет;02710;Б_Каппи_Сет;20;25601.3
2026-09;Левітана;Ебі темпура;02986;Б_Каппи_Закуски;23;6265.6
2026-09;Левітана;Замовлення з додатку;03198;;113;0
2026-09;Левітана;Зелений Дракон;00156;Б_Каппи_Роллы;3;1463.2
2026-09;Левітана;Каліфорнія ;00774;Б_Каппи_Роллы;18;6541.6
2026-09;Левітана;Каліфорнія Мікс;00653;Б_Каппи_Роллы;5;2166.8
2026-09;Левітана;Каліфорнія з креветкою;00654;Б_Каппи_Роллы;6;2289
2026-09;Левітана;Камамбер фрі;03093;Б_Каппи_Закуски;5;1558.5
2026-09;Левітана;Камертон;00960;Б_Каппи_Роллы;9;3897.9
2026-09;Левітана;Карпатська джерельна 0,5 л. б/г;03277;Б_Общее_Напитки;3;95.9
2026-09;Левітана;Комбо Вересень;03389;Б_Каппи_Акции;2;2838
2026-09;Левітана;Комбо боул дуо;03260;Б_Каппи_Акции;3;1967.7
2026-09;Левітана;Комбуча  WILD каркаде 0,33 л.;03185;Б_Общее_Напитки;4;393.3
2026-09;Левітана;Комбуча WILD Цитрус 0,33 л;03300;Б_Общее_Напитки;2;193.2
2026-09;Левітана;Креветка в кунжуті;00511;Б_Каппи_Роллы;19;6637.9
2026-09;Левітана;Креветка в темпурі;00533;Б_Каппи_Темпура ролл;28;10060.6
2026-09;Левітана;Курка в Кисло-солодкому;01825;Б_Каппи_WOK;3;816.2
2026-09;Левітана;Курортний;02169;Б_Каппи_Роллы;6;1707.1
2026-09;Левітана;Кімурай;03012;Б_Каппи_Роллы;11;4738.7
2026-09;Левітана;Лимонад 0,5 л.;02057;Б_Общее_Напитки;13;1148.5
2026-09;Левітана;Листівка до ДН;02061;Б_Прочие позиции;5;0
2026-09;Левітана;Логістичний збір;02770;;399;13394.5
2026-09;Левітана;Лосось Пад Тай;02116;Б_Каппи_Роллы;10;3733.7
2026-09;Левітана;Лосось в темпурі;00534;Б_Каппи_Темпура ролл;11;3297
2026-09;Левітана;Лосось сет;00517;Б_Каппи_Сет;12;13067.4
2026-09;Левітана;М Ананас 30 г;03290;Б_Каппи_Модификаторы;3;57
2026-09;Левітана;М Бекон 30 г;03294;Б_Каппи_Модификаторы;1;14.5
2026-09;Левітана;М Горіховий соус 20 г;01651;Б_Каппи_Модификаторы;3;89.3
2026-09;Левітана;М Горіховий соус 20 г;03123;Б_Каппи_Модификаторы;1;28.9
2026-09;Левітана;М Гриби 50 г;01194;Б_Каппи_Модификаторы;1;27
2026-09;Левітана;М Кальмар 20 г;02136;Б_Каппи_Модификаторы;5;183.7
2026-09;Левітана;М Креветка 2 шт.;02123;Б_Каппи_Модификаторы;2;97.1
2026-09;Левітана;М Креветка 2 шт.;02135;Б_Каппи_Модификаторы;9;446.9
2026-09;Левітана;М Куряче філе 60 г;01195;Б_Каппи_Модификаторы;1;61
2026-09;Левітана;М Лосось 20 г;02122;Б_Каппи_Модификаторы;1;51
2026-09;Левітана;М Маслини 20 г;01196;Б_Каппи_Модификаторы;1;37
2026-09;Левітана;М Мідії 20 г;02137;Б_Каппи_Модификаторы;2;74
2026-09;Левітана;М Пепероні 50 г;01200;Б_Каппи_Модификаторы;1;71.5
2026-09;Левітана;М Помідори 40 г;01199;Б_Каппи_Модификаторы;2;64
2026-09;Левітана;М Соус Барбекю 1 шт.;01202;Б_Каппи_Модификаторы;1;25.2
2026-09;Левітана;М Соус Пад Тай 10 г;02127;Б_Каппи_Модификаторы;3;45
2026-09;Левітана;М Соус Соєвий порц.;02728;Б_Каппи_Модификаторы;4;58.2
2026-09;Левітана;М Соус Теріякі 10 г;02130;Б_Каппи_Модификаторы;6;97.4
2026-09;Левітана;М Соус Унагі 20 г;01650;Б_Каппи_Модификаторы;8;236.5
2026-09;Левітана;М Соус Часниковий 1 шт.;01648;Б_Каппи_Модификаторы;5;149.2
2026-09;Левітана;М Соус Шірачі 5 г;02129;Б_Каппи_Модификаторы;4;37.6
2026-09;Левітана;М Спайсі соус 10 г;02128;Б_Каппи_Модификаторы;21;351.6
2026-09;Левітана;М Халапеньйо 15 г;01198;Б_Каппи_Модификаторы;2;20.3
2026-09;Левітана;М_Соус Ширачи 10 г;03319;;1;0
2026-09;Левітана;Макі Вугор;00161;Б_Каппи_Роллы;9;2166.6
2026-09;Левітана;Макі Лосось;00159;Б_Каппи_Роллы;24;4918.3
2026-09;Левітана;Макі Огірок ;00506;Б_Каппи_Роллы;5;583.2
2026-09;Левітана;Макі Сирний;00504;Б_Каппи_Роллы;5;575.2
2026-09;Левітана;Макі Чука ;00507;Б_Каппи_Роллы;9;1137.2
2026-09;Левітана;Монако;00636;Б_Каппи_Роллы;5;2291.5
2026-09;Левітана;Морс Ягідний 0,5 л.;02697;Б_Общее_Напитки;16;1412.9
2026-09;Левітана;Мочі Полуниця;02618;Т_Десерты;4;507.5
2026-09;Левітана;Мочі малина;02026;Т_Десерты;1;128.7
2026-09;Левітана;Мочі смородина ;03161;Т_Десерты;4;560.1
2026-09;Левітана;Мочі фісташка-халва;03162;Т_Десерты;1;145
2026-09;Левітана;Мідорі;03021;Б_Каппи_Премиум ролл;1;560.7
2026-09;Левітана;Місо з тофу;00708;Б_Каппи_Супы;1;209
2026-09;Левітана;Навчальні палички;01021;Б_Прочие позиции;50;0
2026-09;Левітана;Нагетси;03207;Б_Каппи_Закуски;6;1129.3
2026-09;Левітана;Нью-Йорк ;02915;Б_Каппи_Роллы;17;8025.3
2026-09;Левітана;Одеський сет;02170;Б_Каппи_Сет;30;23047.3
2026-09;Левітана;Ойши сет;02819;Б_Каппи_Сет;5;5717.8
2026-09;Левітана;Окрошка з куркою;03356;;3;837
2026-09;Левітана;Оксамитове зерно;03372;Т_Десерты;1;281.8
2026-09;Левітана;Окінава;03235;Б_Каппи_Роллы;3;1161
2026-09;Левітана;Онігірі з крабом;03222;Онігірі;6;876.3
2026-09;Левітана;Онігірі з креветкою;03225;Онігірі;9;1625.4
2026-09;Левітана;Онігірі з лососем;03223;Онігірі;4;761.6
2026-09;Левітана;Онігірі з тунцем;03224;Онігірі;2;432.6
2026-09;Левітана;Опен-фуд;02927;;235;233.8
2026-09;Левітана;Осака;00589;Б_Каппи_Роллы;18;6530.4
2026-09;Левітана;Париж;00657;Б_Каппи_Роллы;11;4933.1
2026-09;Левітана;Преміум Креветка;00652;Б_Каппи_Роллы;9;4073.4
2026-09;Левітана;Преміум сет;00658;Б_Каппи_Сет;8;13759.4
2026-09;Левітана;Пікантний краб;00531;Б_Каппи_Темпура ролл;7;2072.8
2026-09;Левітана;Пікантний лосось ;00532;Б_Каппи_Темпура ролл;7;2179.5
2026-09;Левітана;Піца 4 сири;02118;Б_Каппи_Пицца;24;8507.2
2026-09;Левітана;Піца Амерікано;02111;Б_Каппи_Пицца;4;1378.5
2026-09;Левітана;Піца Гавайська;02104;Б_Каппи_Пицца;18;4733.1
2026-09;Левітана;Піца Груша Дор Блю;02175;Б_Каппи_Пицца;3;1044
2026-09;Левітана;Піца Кампаро;03131;Б_Каппи_Пицца;2;598.7
2026-09;Левітана;Піца Курка та гриби;02177;Б_Каппи_Пицца;17;6113.2
2026-09;Левітана;Піца М'ясна;02102;Б_Каппи_Пицца;21;7266.4
2026-09;Левітана;Піца Маргарита;02174;Б_Каппи_Пицца;2;588
2026-09;Левітана;Піца Мексиканська ;03130;Б_Каппи_Пицца;2;661.5
2026-09;Левітана;Піца Мисливська;02176;Б_Каппи_Пицца;12;3765.5
2026-09;Левітана;Піца Морська ;03264;Б_Каппи_Пицца;7;2727.7
2026-09;Левітана;Піца Океанія;02099;Б_Каппи_Пицца;4;1745.5
2026-09;Левітана;Піца Пепероні;02172;Б_Каппи_Пицца;14;4172.4
2026-09;Левітана;Піца Пепероні Блу Чіз;02119;Б_Каппи_Пицца;12;4465.2
2026-09;Левітана;Піца Селянська;03258;Б_Каппи_Пицца;1;334
2026-09;Левітана;Піца Том Ям;02978;Б_Каппи_Пицца;5;1859.4
2026-09;Левітана;Піца Чізбургер;02977;Б_Каппи_Пицца;9;3055.3
2026-09;Левітана;Піца з креветками та ананасом ;03256;Б_Каппи_Пицца;3;1422
2026-09;Левітана;Піца з креветками та брі;02911;Б_Каппи_Пицца;3;1332.4
2026-09;Левітана;Піца з лососем та фетою;03367;Б_Каппи_Пицца;11;4669.6
2026-09;Левітана;Піца з прошуто та трюфелем ;03257;Б_Каппи_Пицца;2;710
2026-09;Левітана;Піца з прошутто;03133;Б_Каппи_Пицца;6;2420
2026-09;Левітана;Піца з прошутто та грушою ;03132;Б_Каппи_Пицца;3;1225.3
2026-09;Левітана;Рамен Том Ям;02606;Б_Каппи_Супы;5;1972.2
2026-09;Левітана;Рамен Традиційний;02601;Б_Каппи_Супы;1;199
2026-09;Левітана;Рамен з куркою;03201;Б_Каппи_Супы;8;1839
2026-09;Левітана;Рамен з морепродуктами ;03200;Б_Каппи_Супы;2;588
2026-09;Левітана;Рибна юшка з сьомгою;03302;Б_Каппи_Супы;9;2355.7
2026-09;Левітана;Рис з куркою Гострий;00855;Б_Каппи_WOK;6;1529.7
2026-09;Левітана;Рис з морепродуктами;03263;Б_Каппи_WOK;3;1048.3
2026-09;Левітана;Рол Пасаж;02168;Б_Каппи_Роллы;5;1752.3
2026-09;Левітана;Рол-Дог з Креветкою;01787;Б_Каппи_Темпура ролл;4;1277.5
2026-09;Левітана;Рол-Дог з Лососем;01788;Б_Каппи_Темпура ролл;6;1782.8
2026-09;Левітана;Сакайо;03128;Б_Каппи_Роллы;6;2863.7
2026-09;Левітана;Салат Чука-Вакаме;00602;Б_Каппи_Салати;7;1663.5
2026-09;Левітана;Салат з вугрем ;03252;Б_Каппи_Салати;1;399
2026-09;Левітана;Салат з прошуто;03253;Б_Каппи_Салати;1;374
2026-09;Левітана;Салмон в боніто ;00538;Б_Каппи_Роллы;2;387
2026-09;Левітана;Сенкай;03022;Б_Каппи_Премиум ролл;4;2320.3
2026-09;Левітана;Сервісний збір_Glovo;01934;Б_Каппи_Glovo;30;1682.6
2026-09;Левітана;Сет «Конституція»;03344;Б_Каппи_Сет;1;993.9
2026-09;Левітана;Спайсі Вулкан;02113;Б_Каппи_Роллы;5;2021.7
2026-09;Левітана;Спрінг рол з крабом;03353;Б_Каппі_Спрінг рол;8;1445
2026-09;Левітана;Спрінг рол з креветкою;03352;Б_Каппі_Спрінг рол;16;3078.4
2026-09;Левітана;Спрінг рол з куркою;03355;Б_Каппі_Спрінг рол;3;507
2026-09;Левітана;Спрінг рол з лососем;03351;Б_Каппі_Спрінг рол;24;4474.2
2026-09;Левітана;Спрінг рол з тунцем;03354;Б_Каппі_Спрінг рол;3;595.6
2026-09;Левітана;Спрінг рол сет;03361;;1;949
2026-09;Левітана;Суші бургер з Креветкой;02943;Б_Каппи_Бургер;29;10596.3
2026-09;Левітана;Суші бургер з Лососем;02944;Б_Каппи_Бургер;36;13758.3
2026-09;Левітана;"Суші-трайфл ""Манго з лососем""";03324;Б_Суші_трайфл;3;1122
2026-09;Левітана;Суші-трайфл з креветкою та мигдалем;03326;Б_Суші_трайфл;4;1496
2026-09;Левітана;Суші-трайфл з тунцем;03325;Б_Суші_трайфл;1;374
2026-09;Левітана;Сушіріто з креветкою ;03018;Б_Каппи_Суширито;6;1409.1
2026-09;Левітана;Сушіріто з куркою;03019;Б_Каппи_Суширито;3;597.5
2026-09;Левітана;Сушіріто з лососем;03020;Б_Каппи_Суширито;8;1701.7
2026-09;Левітана;ТОП сет;00362;Б_Каппи_Сет;9;12900.6
2026-09;Левітана;Тайський суп з сьомгою та креветками;03303;Б_Каппи_Супы;3;1197
2026-09;Левітана;Тайфун;03024;Б_Каппи_Темпура ролл;13;5930.2
2026-09;Левітана;Темпура вулкан з креветкою;03167;Б_Каппи_Темпура ролл;3;1212
2026-09;Левітана;Темпура вулкан з лососем;03166;Б_Каппи_Темпура ролл;9;3150.8
2026-09;Левітана;Темпура сет;00559;Б_Каппи_Сет;22;24759.6
2026-09;Левітана;Темпура-суширіто з крабом;03193;Б_Каппи_Суширито;4;1152.5
2026-09;Левітана;Темпура-суширіто мікс;03194;Б_Каппи_Суширито;16;5512.3
2026-09;Левітана;Теплий сет;02712;Б_Каппи_Сет;33;25664.7
2026-09;Левітана;Том Ям;02597;Б_Каппи_Супы;21;8013.7
2026-09;Левітана;Тропік ;01862;Б_Каппи_Роллы;4;1477.3
2026-09;Левітана;Тропікана;03014;Б_Каппи_Роллы;1;437
2026-09;Левітана;Тропічний Вулкан;02112;Б_Каппи_Роллы;4;1597.7
2026-09;Левітана;Трюфель мікс;03231;Б_Каппи_Роллы;3;1242
2026-09;Левітана;Удон з креветками;01813;Б_Каппи_WOK;7;2540.2
2026-09;Левітана;Удон з куркою Теріякі;00856;Б_Каппи_WOK;10;2771.8
2026-09;Левітана;Умі;03243;Б_Каппи_Роллы;8;3828.6
2026-09;Левітана;Унагамі;03011;Б_Каппи_Роллы;2;888.6
2026-09;Левітана;Ф'южн;03155;Б_Каппи_Роллы;4;1483.5
2026-09;Левітана;Фудзі темпура;00911;Б_Каппи_Темпура ролл;12;4372.7
2026-09;Левітана;Фунчоза з куркою;03164;Б_Каппи_WOK;14;4468.5
2026-09;Левітана;Фунчоза з морепродуктами;03165;Б_Каппи_WOK;4;1312.4
2026-09;Левітана;Філа Ланч;02706;Б_Каппи_Акции;2;952.9
2026-09;Левітана;Філадельфія;00168;Б_Каппи_Роллы;61;24421.7
2026-09;Левітана;Філадельфія Класік;00459;Б_Каппи_Роллы;27;8709.1
2026-09;Левітана;Філадельфія Преміум;00611;Б_Каппи_Роллы;20;8552.5
2026-09;Левітана;Філадельфія з креветкою;02798;Б_Каппи_Роллы;15;6127.2
2026-09;Левітана;Філадельфія з манго;00612;Б_Каппи_Роллы;4;1313.4
2026-09;Левітана;Філадельфія з тунцем;00516;Б_Каппи_Роллы;4;1724.1
2026-09;Левітана;Хоккайдо з запеченим лососем;03378;Б_Каппи_Запеч_Роллы;2;720.7
2026-09;Левітана;Хікарі сет;03232;Б_Каппи_Сет;5;5595
2026-09;Левітана;Цезар з куркою;02803;Б_Каппи_Салати;3;868.7
2026-09;Левітана;Цезар з лососем;02992;Б_Каппи_Салати;1;347
2026-09;Левітана;Чорний Дракон;00170;Б_Каппи_Роллы;13;5708.2
2026-09;Левітана;Чізі Креветка;01113;Б_Каппи_Роллы;14;4184.9
2026-09;Левітана;Чікен Чіз;03229;Б_Каппи_Роллы;5;1546.7
2026-09;Левітана;Які Ебі Манго;02946;Б_Каппи_Запеч_Роллы;14;4739.9
2026-09;Левітана;Які Салмон;02950;Б_Каппи_Запеч_Роллы;6;2355.9
2026-09;Левітана;Які Спайсі Краб;02949;Б_Каппи_Запеч_Роллы;19;6188.8
2026-09;Левітана;Які Туна ;02942;Б_Каппи_Запеч_Роллы;7;2726.6
2026-09;Левітана;Які Унагі;02945;Б_Каппи_Запеч_Роллы;20;7939.4
2026-09;Левітана;Яєчна з куркою та креветками;01815;Б_Каппи_WOK;3;1038.6
2026-09;Левітана;Яєчна з морепродуктами;00859;Б_Каппи_WOK;2;666.1
